Customer_ID,Age,Gender,Annual_Income,Customer_Tenure,Purchase_Frequency,Total_Spending,Average_Order_Value,Days_Since_Last_Purchase,Website_Visits
CUST00001,21,Female,180000.0,83,8,22970.0,2871.25,83,25
CUST00002,57,Male,594766.98,28,7,14240.0,2034.29,45,26
CUST00003,33,Female,416581.18,101,1,5000.0,5000.0,278,26
CUST00004,45,Male,416404.09,50,2,3250.0,1625.0,552,29
CUST00005,33,Female,267703.32,51,12,34700.0,2891.67,31,33
CUST00006,21,Male,1004817.06,119,1,3620.0,3620.0,69,28
CUST00007,62,Female,1026448.97,108,11,16610.0,1510.0,119,27
CUST00008,43,Female,235982.35,1,12,28870.0,2405.83,0,29
CUST00009,45,Male,449717.45,34,8,17530.0,2191.25,35,21
CUST00010,49,Female,759085.78,35,9,15800.0,1755.56,56,19
CUST00011,62,Female,425501.03,90,11,8710.0,791.82,54,28
CUST00012,19,Female,380637.29,61,8,34400.0,4300.0,33,24
CUST00013,48,Female,369673.29,30,7,12290.0,1755.71,92,29
CUST00014,20,Male,575549.53,76,4,12910.0,3227.5,112,24
CUST00015,25,Female,1622194.6,78,11,14770.0,1342.73,17,21
CUST00016,41,Other,725719.49,103,1,1300.0,1300.0,684,33
CUST00017,32,Female,303614.02,68,11,33290.0,3026.36,7,20
CUST00018,60,Female,376760.89,76,20,26060.0,1303.0,16,19
CUST00019,48,Male,443243.25,88,17,35100.0,2064.71,26,28
CUST00020,26,Female,339672.85,40,14,21630.0,1545.0,10,31
CUST00021,56,Female,312326.83,95,9,10550.0,1172.22,42,24
CUST00022,62,Male,700697.68,65,21,22620.0,1077.14,3,27
CUST00023,19,Female,398731.14,37,15,30970.0,2064.67,180,26
CUST00024,25,Female,591064.27,64,8,14690.0,1836.25,1,24
CUST00025,24,Male,1115101.85,1,13,30600.0,2353.85,0,24
CUST00026,61,Male,394909.76,15,6,18270.0,3045.0,43,28
CUST00027,68,Female,565771.22,13,6,12660.0,2110.0,175,29
CUST00028,56,Male,315442.96,29,22,54940.0,2497.27,6,25
CUST00029,59,Male,602801.33,55,14,23960.0,1711.43,4,33
CUST00030,33,Male,897513.43,45,9,7320.0,813.33,101,20
CUST00031,52,Male,876914.34,4,6,8070.0,1345.0,24,18
CUST00032,47,Female,509610.04,64,26,35090.0,1349.62,17,24
CUST00033,27,Male,395865.34,15,24,35660.0,1485.83,5,25
CUST00034,55,Female,556223.32,108,3,6800.0,2266.67,43,21
CUST00035,35,Female,511633.36,104,7,13370.0,1910.0,54,23
CUST00036,67,Female,615306.41,48,1,2600.0,2600.0,213,23
CUST00037,22,Male,375813.19,76,2,11770.0,5885.0,118,20
CUST00038,70,Female,417603.6,56,11,24490.0,2226.36,14,30
CUST00039,46,Male,453217.1,89,14,28930.0,2066.43,11,30
CUST00040,56,Male,674867.93,91,6,17340.0,2890.0,269,22
CUST00041,51,Female,716400.14,70,14,48120.0,3437.14,111,27
CUST00042,60,Female,411745.32,87,4,9590.0,2397.5,93,21
CUST00043,62,Female,297872.4,15,18,39900.0,2216.67,60,32
CUST00044,40,Other,588629.16,39,0,0.0,0.0,9999,20
CUST00045,22,Female,695040.28,69,5,6000.0,1200.0,281,29
CUST00046,47,Female,470709.05,87,6,14660.0,2443.33,12,20
CUST00047,23,Female,362666.62,79,11,22410.0,2037.27,141,22
CUST00048,63,Male,403235.88,89,4,17780.0,4445.0,97,24
CUST00049,61,Male,1045563.06,60,10,21920.0,2192.0,174,28
CUST00050,21,Female,552463.15,94,6,10530.0,1755.0,12,25
CUST00051,46,Female,788895.77,44,25,32460.0,1298.4,36,22
CUST00052,40,Male,348353.03,43,17,36800.0,2164.71,112,28
CUST00053,23,Male,861968.37,4,7,20350.0,2907.14,4,30
CUST00054,49,Male,747860.82,77,22,98730.0,4487.73,19,36
CUST00055,59,Female,477479.57,50,6,8410.0,1401.67,89,21
CUST00056,35,Female,657622.49,104,13,20440.0,1572.31,44,29
CUST00057,32,Female,895049.06,39,4,11050.0,2762.5,56,31
CUST00058,57,Female,303687.28,54,6,6290.0,1048.33,80,22
CUST00059,49,Female,394661.31,23,7,14420.0,2060.0,20,23
CUST00060,26,Male,632970.22,60,15,38630.0,2575.33,244,26
CUST00061,54,Male,504576.68,80,11,54000.0,4909.09,6,12
CUST00062,27,Male,601657.38,35,6,5990.0,998.33,129,28
CUST00063,37,Female,681487.42,54,4,6820.0,1705.0,34,25
CUST00064,23,Male,625773.28,58,10,23540.0,2354.0,21,21
CUST00065,65,Female,446228.9,62,16,33500.0,2093.75,26,20
CUST00066,20,Female,460277.29,80,3,5040.0,1680.0,127,17
CUST00067,59,Male,1006777.8,48,7,24970.0,3567.14,21,25
CUST00068,28,Female,519776.63,7,22,47700.0,2168.18,3,17
CUST00069,60,Female,920117.24,119,9,11130.0,1236.67,54,26
CUST00070,34,Male,949351.58,45,13,25410.0,1954.62,166,21
CUST00071,49,Male,351841.62,13,11,11630.0,1057.27,55,22
CUST00072,21,Female,696165.6,53,6,6730.0,1121.67,77,18
CUST00073,21,Male,307511.59,115,18,30440.0,1691.11,56,28
CUST00074,34,Male,1035182.6,114,25,38540.0,1541.6,52,26
CUST00075,58,Female,544277.68,93,3,4520.0,1506.67,21,23
CUST00076,36,Female,532517.47,39,8,14360.0,1795.0,20,25
CUST00077,22,Female,338763.47,84,19,29080.0,1530.53,40,20
CUST00078,49,Female,380525.13,114,2,5040.0,2520.0,255,24
CUST00079,39,Female,553572.96,93,22,16790.0,763.18,7,21
CUST00080,23,Male,520898.15,120,3,8800.0,2933.33,89,32
CUST00081,52,Female,420441.59,18,5,10330.0,2066.0,48,15
CUST00082,39,Male,742379.57,22,3,3630.0,1210.0,212,20
CUST00083,18,Male,499446.54,36,5,7660.0,1532.0,49,28
CUST00084,37,Female,317287.86,105,5,9900.0,1980.0,184,29
CUST00085,39,Female,691442.29,53,4,8540.0,2135.0,16,25
CUST00086,65,Male,296762.99,112,18,42620.0,2367.78,27,27
CUST00087,28,Female,210410.7,100,5,13600.0,2720.0,194,27
CUST00088,30,Female,522110.19,72,6,6570.0,1095.0,422,33
CUST00089,59,Female,314441.83,3,1,1450.0,1450.0,38,24
CUST00090,20,Male,541725.02,62,18,43520.0,2417.78,41,23
CUST00091,26,Female,721959.65,29,18,25790.0,1432.78,20,20
CUST00092,29,Male,778706.97,73,5,12660.0,2532.0,91,26
CUST00093,40,Male,625499.03,8,10,11670.0,1167.0,2,22
CUST00094,31,Female,275305.02,94,6,8140.0,1356.67,105,25
CUST00095,50,Female,361600.38,76,20,28870.0,1443.5,10,30
CUST00096,35,Female,501219.96,46,8,13570.0,1696.25,2,21
CUST00097,66,Female,503404.46,92,2,2240.0,1120.0,155,28
CUST00098,58,Male,327257.99,56,8,27650.0,3456.25,219,26
CUST00099,26,Female,406065.04,106,9,44960.0,4995.56,5,30
CUST00100,40,Male,720012.99,117,23,43000.0,1869.57,91,24
CUST00101,27,Female,627217.14,49,15,36410.0,2427.33,19,30
CUST00102,36,Male,435199.25,43,6,8410.0,1401.67,38,20
CUST00103,64,Other,794689.67,10,2,3510.0,1755.0,74,24
CUST00104,22,Female,275249.74,13,12,15590.0,1299.17,6,23
CUST00105,64,Female,723860.84,57,6,30950.0,5158.33,209,31
CUST00106,69,Female,680396.21,2,16,36170.0,2260.62,2,23
CUST00107,40,Female,699677.6,65,13,30900.0,2376.92,155,32
CUST00108,47,Male,571357.92,86,5,9520.0,1904.0,112,27
CUST00109,42,Male,372652.47,97,4,5550.0,1387.5,151,20
CUST00110,45,Female,652626.13,80,5,7100.0,1420.0,37,27
CUST00111,51,Male,414709.62,42,8,17040.0,2130.0,232,23
CUST00112,62,Female,548378.24,58,19,50770.0,2672.11,56,19
CUST00113,65,Male,360341.92,93,6,11310.0,1885.0,6,27
CUST00114,64,Male,428121.47,10,24,52340.0,2180.83,21,25
CUST00115,42,Female,468785.84,63,9,13190.0,1465.56,24,20
CUST00116,27,Other,598534.31,103,9,8050.0,894.44,40,30
CUST00117,31,Female,645383.93,71,11,19540.0,1776.36,35,20
CUST00118,59,Female,1072419.76,61,11,22140.0,2012.73,74,23
CUST00119,63,Female,534464.34,1,2,4860.0,2430.0,5,24
CUST00120,47,Male,326402.01,26,0,0.0,0.0,9999,28
CUST00121,58,Male,716653.62,109,7,30550.0,4364.29,24,23
CUST00122,42,Female,582042.53,5,14,27940.0,1995.71,0,28
CUST00123,31,Female,458949.85,35,9,27980.0,3108.89,28,22
CUST00124,52,Female,417545.89,13,5,12240.0,2448.0,4,26
CUST00125,69,Other,378570.27,27,7,11850.0,1692.86,66,16
CUST00126,65,Male,372953.07,12,6,5610.0,935.0,10,18
CUST00127,51,Male,288703.01,94,15,34290.0,2286.0,5,21
CUST00128,27,Female,772079.53,50,11,22080.0,2007.27,46,22
CUST00129,52,Male,608056.56,96,2,4290.0,2145.0,290,22
CUST00130,28,Male,521382.51,59,6,10460.0,1743.33,160,22
CUST00131,28,Male,378142.41,31,8,16100.0,2012.5,56,25
CUST00132,38,Male,816334.23,69,7,9060.0,1294.29,100,24
CUST00133,38,Female,263834.48,37,7,18580.0,2654.29,186,20
CUST00134,39,Female,471378.46,2,2,5010.0,2505.0,10,27
CUST00135,62,Female,777881.32,102,13,36140.0,2780.0,73,26
CUST00136,24,Female,203960.29,71,6,30840.0,5140.0,178,35
CUST00137,34,Male,541222.55,65,2,2640.0,1320.0,554,22
CUST00138,19,Female,371495.75,3,22,53530.0,2433.18,5,19
CUST00139,29,Male,528018.11,20,4,10890.0,2722.5,63,30
CUST00140,59,Male,422464.46,2,4,14960.0,3740.0,9,33
CUST00141,35,Male,653125.42,42,3,5860.0,1953.33,92,26
CUST00142,28,Female,870661.09,43,0,0.0,0.0,9999,24
CUST00143,33,Female,1549372.0,21,18,26550.0,1475.0,53,24
CUST00144,66,Female,475125.11,45,6,16520.0,2753.33,25,29
CUST00145,68,Female,696937.57,96,3,5840.0,1946.67,70,34
CUST00146,35,Male,583227.55,112,4,7390.0,1847.5,362,33
CUST00147,52,Female,602956.34,20,13,53420.0,4109.23,32,27
CUST00148,70,Female,971380.32,43,0,0.0,0.0,9999,22
CUST00149,43,Male,367499.17,50,15,37550.0,2503.33,17,28
CUST00150,33,Male,425548.89,95,10,13930.0,1393.0,39,28
CUST00151,23,Female,462036.99,43,6,17750.0,2958.33,234,24
CUST00152,61,Female,320995.21,97,8,17470.0,2183.75,5,31
CUST00153,60,Female,499668.25,24,22,59170.0,2689.55,13,27
CUST00154,64,Female,672293.21,82,21,42350.0,2016.67,62,29
CUST00155,64,Other,725870.03,84,15,31910.0,2127.33,22,28
CUST00156,65,Male,460303.72,60,1,1620.0,1620.0,164,20
CUST00157,59,Male,835912.77,32,4,4850.0,1212.5,143,22
CUST00158,29,Male,196646.16,5,5,7110.0,1422.0,57,18
CUST00159,30,Male,1423722.25,2,6,9630.0,1605.0,2,30
CUST00160,21,Female,645402.13,26,16,17880.0,1117.5,62,28
CUST00161,56,Female,411954.16,25,19,28910.0,1521.58,0,23
CUST00162,19,Female,615573.19,50,2,5950.0,2975.0,220,30
CUST00163,43,Male,466778.08,86,8,48910.0,6113.75,33,24
CUST00164,44,Female,195285.0,39,9,19700.0,2188.89,54,23
CUST00165,44,Male,510665.95,86,18,66760.0,3708.89,4,30
CUST00166,32,Male,753543.11,75,3,18110.0,6036.67,338,18
CUST00167,25,Female,771482.98,11,18,22760.0,1264.44,1,29
CUST00168,24,Female,559963.78,63,2,2640.0,1320.0,293,29
CUST00169,64,Male,769395.65,109,3,5100.0,1700.0,193,15
CUST00170,63,Male,608231.8,68,11,19270.0,1751.82,9,22
CUST00171,57,Female,552673.42,97,3,5160.0,1720.0,174,23
CUST00172,29,Male,366706.31,18,10,24860.0,2486.0,90,30
CUST00173,30,Male,427674.89,95,16,45130.0,2820.62,98,17
CUST00174,60,Female,445521.43,108,7,18630.0,2661.43,383,31
CUST00175,34,Male,568540.99,28,1,1390.0,1390.0,400,24
CUST00176,34,Male,717682.33,42,3,10530.0,3510.0,8,21
CUST00177,53,Female,379219.76,60,3,6070.0,2023.33,404,20
CUST00178,38,Other,267285.06,22,3,6850.0,2283.33,93,21
CUST00179,25,Other,955753.92,40,5,3620.0,724.0,60,27
CUST00180,22,Male,323347.86,62,9,25970.0,2885.56,131,17
CUST00181,43,Male,623376.61,3,7,24780.0,3540.0,1,23
CUST00182,33,Male,560338.29,71,1,1030.0,1030.0,541,25
CUST00183,53,Male,428228.62,63,8,13070.0,1633.75,6,23
CUST00184,45,Female,657184.04,20,3,5660.0,1886.67,37,24
CUST00185,46,Female,290375.44,107,13,26550.0,2042.31,12,23
CUST00186,64,Female,1041519.98,71,21,53060.0,2526.67,64,30
CUST00187,29,Male,1636480.39,71,3,5700.0,1900.0,152,29
CUST00188,54,Male,870023.22,93,15,33290.0,2219.33,6,29
CUST00189,47,Female,347257.71,26,2,7130.0,3565.0,117,26
CUST00190,40,Male,180000.0,41,11,21850.0,1986.36,81,34
CUST00191,33,Female,619815.49,3,11,21050.0,1913.64,2,28
CUST00192,31,Female,279384.93,43,12,19550.0,1629.17,45,19
CUST00193,27,Female,415169.32,17,8,25010.0,3126.25,87,24
CUST00194,24,Male,992153.64,104,10,36840.0,3684.0,40,23
CUST00195,62,Female,1038222.08,84,8,26060.0,3257.5,122,13
CUST00196,69,Male,1089917.92,98,24,33620.0,1400.83,20,31
CUST00197,54,Male,522640.91,53,7,19930.0,2847.14,71,21
CUST00198,46,Female,748505.07,52,2,1950.0,975.0,364,22
CUST00199,20,Male,204069.14,33,8,14750.0,1843.75,52,14
CUST00200,32,Female,254675.09,80,11,15710.0,1428.18,46,23
CUST00201,53,Female,439184.71,60,16,40640.0,2540.0,38,27
CUST00202,64,Female,730107.41,87,1,4160.0,4160.0,529,20
CUST00203,63,Female,412700.68,68,19,41930.0,2206.84,47,34
CUST00204,69,Male,717522.55,56,5,10210.0,2042.0,23,25
CUST00205,36,Other,297528.03,105,8,21670.0,2708.75,23,25
CUST00206,30,Female,523492.26,64,3,4580.0,1526.67,0,24
CUST00207,59,Female,640375.78,104,20,40910.0,2045.5,32,25
CUST00208,38,Male,703058.53,97,6,12690.0,2115.0,1,34
CUST00209,54,Female,408056.56,8,16,18530.0,1158.12,10,20
CUST00210,44,Male,506490.83,69,14,27820.0,1987.14,10,24
CUST00211,69,Female,249953.43,33,6,7470.0,1245.0,53,23
CUST00212,46,Male,476906.31,25,18,47750.0,2652.78,36,19
CUST00213,37,Female,813514.49,71,9,12830.0,1425.56,92,26
CUST00214,42,Male,444214.37,111,2,5010.0,2505.0,119,26
CUST00215,23,Male,357108.07,7,8,9640.0,1205.0,32,28
CUST00216,53,Male,710700.04,59,19,75730.0,3985.79,33,23
CUST00217,19,Male,1398215.39,33,15,29350.0,1956.67,9,18
CUST00218,39,Male,1329528.69,41,8,12420.0,1552.5,216,16
CUST00219,49,Female,562419.65,33,6,13320.0,2220.0,10,21
CUST00220,33,Female,707214.84,29,9,22690.0,2521.11,58,21
CUST00221,35,Female,1045229.13,108,9,9450.0,1050.0,101,29
CUST00222,22,Female,557349.0,39,8,11700.0,1462.5,8,27
CUST00223,53,Male,615355.25,57,9,14360.0,1595.56,17,32
CUST00224,47,Male,432366.11,105,0,0.0,0.0,9999,25
CUST00225,62,Male,1451273.54,96,12,12640.0,1053.33,70,25
CUST00226,36,Female,690936.03,101,6,6040.0,1006.67,89,27
CUST00227,40,Female,443339.72,108,10,18540.0,1854.0,11,29
CUST00228,51,Male,385950.02,93,16,67310.0,4206.88,0,16
CUST00229,30,Male,216775.89,64,16,51680.0,3230.0,109,25
CUST00230,60,Female,245518.85,86,17,28350.0,1667.65,36,27
CUST00231,46,Female,360625.79,66,4,19750.0,4937.5,4,18
CUST00232,53,Female,759268.43,114,8,22460.0,2807.5,153,25
CUST00233,39,Female,579032.76,9,17,89760.0,5280.0,7,22
CUST00234,69,Female,284276.33,29,3,7000.0,2333.33,119,20
CUST00235,69,Male,329532.56,97,5,16150.0,3230.0,24,31
CUST00236,64,Male,567550.35,74,9,25140.0,2793.33,164,24
CUST00237,53,Female,1061748.37,28,19,59190.0,3115.26,29,24
CUST00238,26,Female,304516.76,110,20,39800.0,1990.0,29,15
CUST00239,56,Female,614697.12,53,5,12320.0,2464.0,16,27
CUST00240,68,Male,409183.51,46,13,31020.0,2386.15,26,28
CUST00241,36,Male,414560.85,39,8,32800.0,4100.0,73,31
CUST00242,55,Male,294879.06,76,3,6360.0,2120.0,174,29
CUST00243,23,Male,662838.38,58,6,14740.0,2456.67,10,21
CUST00244,69,Male,401728.96,86,7,5790.0,827.14,157,27
CUST00245,64,Female,426844.53,54,1,2570.0,2570.0,8,18
CUST00246,32,Female,778645.46,6,6,8410.0,1401.67,32,35
CUST00247,37,Male,797143.83,45,8,27890.0,3486.25,85,25
CUST00248,26,Female,360030.86,40,1,2290.0,2290.0,101,29
CUST00249,49,Male,571480.8,23,8,16150.0,2018.75,126,28
CUST00250,21,Female,751768.21,117,10,20920.0,2092.0,65,19
CUST00251,67,Male,460381.16,98,5,10970.0,2194.0,64,24
CUST00252,35,Male,676065.72,42,14,10660.0,761.43,29,25
CUST00253,22,Female,433223.97,38,5,24700.0,4940.0,186,25
CUST00254,37,Male,427876.38,16,3,2490.0,830.0,100,37
CUST00255,40,Male,328693.7,74,13,52740.0,4056.92,33,24
CUST00256,28,Male,1080312.45,47,7,18970.0,2710.0,48,26
CUST00257,54,Male,402078.05,21,7,8960.0,1280.0,77,30
CUST00258,39,Male,348650.2,116,5,7330.0,1466.0,0,26
CUST00259,21,Female,312369.77,74,1,1590.0,1590.0,679,37
CUST00260,46,Female,519382.32,75,5,9840.0,1968.0,49,23
CUST00261,61,Female,316391.5,21,7,14420.0,2060.0,47,36
CUST00262,51,Male,362839.5,25,11,17000.0,1545.45,50,32
CUST00263,30,Male,716328.37,61,17,52420.0,3083.53,10,25
CUST00264,59,Male,611876.51,98,2,1450.0,725.0,265,30
CUST00265,26,Male,272930.1,54,13,30320.0,2332.31,43,25
CUST00266,59,Female,692826.01,95,6,21840.0,3640.0,38,24
CUST00267,48,Male,507432.03,91,15,63640.0,4242.67,47,22
CUST00268,24,Female,834081.11,89,12,36650.0,3054.17,13,22
CUST00269,21,Male,946436.01,60,6,21160.0,3526.67,70,22
CUST00270,36,Male,242428.0,42,10,14130.0,1413.0,17,24
CUST00271,59,Male,705348.33,61,2,1240.0,620.0,18,31
CUST00272,47,Male,1043435.03,32,11,20260.0,1841.82,55,21
CUST00273,48,Male,549467.79,53,4,13130.0,3282.5,83,22
CUST00274,52,Male,681506.49,44,6,7080.0,1180.0,19,23
CUST00275,38,Male,553269.11,11,2,1180.0,590.0,67,26
CUST00276,48,Female,776929.21,118,9,26660.0,2962.22,46,25
CUST00277,36,Female,594177.82,47,13,16620.0,1278.46,177,27
CUST00278,48,Male,201248.51,90,1,750.0,750.0,130,30
CUST00279,70,Male,473459.88,60,14,28530.0,2037.86,51,19
CUST00280,49,Female,459892.42,36,0,0.0,0.0,9999,27
CUST00281,19,Other,689392.68,101,9,16850.0,1872.22,38,27
CUST00282,69,Female,849110.18,120,5,5870.0,1174.0,74,20
CUST00283,27,Male,451310.93,60,18,39840.0,2213.33,102,30
CUST00284,19,Female,288130.59,33,6,8110.0,1351.67,73,26
CUST00285,19,Female,573871.3,97,4,8340.0,2085.0,554,24
CUST00286,41,Male,352634.26,42,14,21330.0,1523.57,50,27
CUST00287,34,Female,380650.12,100,2,3220.0,1610.0,16,34
CUST00288,49,Male,1460522.38,13,12,20480.0,1706.67,43,24
CUST00289,33,Other,368570.36,14,14,28170.0,2012.14,2,28
CUST00290,33,Female,247253.58,58,8,15050.0,1881.25,3,25
CUST00291,63,Female,656036.21,115,2,4000.0,2000.0,361,28
CUST00292,56,Female,687306.73,101,16,56660.0,3541.25,109,21
CUST00293,70,Male,742462.58,107,19,25520.0,1343.16,31,24
CUST00294,48,Female,729632.7,40,8,14000.0,1750.0,80,24
CUST00295,60,Female,533858.58,65,9,22480.0,2497.78,138,22
CUST00296,41,Female,536388.03,5,7,10570.0,1510.0,18,28
CUST00297,18,Female,763115.99,30,3,3450.0,1150.0,133,22
CUST00298,28,Female,1031197.09,117,20,76000.0,3800.0,24,16
CUST00299,38,Other,283519.58,82,0,0.0,0.0,9999,30
CUST00300,21,Female,380268.16,45,5,11810.0,2362.0,119,29
CUST00301,24,Female,663267.04,101,3,4040.0,1346.67,32,24
CUST00302,43,Male,560767.83,120,2,3970.0,1985.0,450,37
CUST00303,64,Female,223375.12,58,1,900.0,900.0,707,20
CUST00304,67,Male,386309.05,39,15,39860.0,2657.33,1,27
CUST00305,29,Male,572960.04,12,4,9340.0,2335.0,71,25
CUST00306,48,Male,502842.02,34,3,4320.0,1440.0,8,24
CUST00307,34,Female,425423.11,109,19,45390.0,2388.95,0,17
CUST00308,50,Female,1435744.37,14,16,46260.0,2891.25,15,35
CUST00309,28,Female,494430.69,38,9,19520.0,2168.89,41,27
CUST00310,45,Male,554784.72,16,15,21520.0,1434.67,26,23
CUST00311,49,Female,530830.26,106,5,13320.0,2664.0,181,20
CUST00312,18,Female,549966.92,61,3,3180.0,1060.0,213,23
CUST00313,64,Male,508560.92,59,4,6670.0,1667.5,9,20
CUST00314,45,Male,195888.08,75,5,10170.0,2034.0,25,24
CUST00315,70,Male,320222.45,97,1,1160.0,1160.0,373,23
CUST00316,59,Female,433946.96,79,9,46960.0,5217.78,94,25
CUST00317,24,Female,720778.55,112,7,19210.0,2744.29,146,26
CUST00318,19,Male,437001.13,106,7,26290.0,3755.71,83,22
CUST00319,59,Other,343947.42,74,2,3340.0,1670.0,388,26
CUST00320,41,Male,764753.41,67,8,13360.0,1670.0,4,23
CUST00321,21,Male,918369.73,11,22,53400.0,2427.27,7,30
CUST00322,61,Male,250856.46,11,10,14370.0,1437.0,16,27
CUST00323,36,Male,522291.15,16,5,17810.0,3562.0,43,27
CUST00324,43,Male,180000.0,38,1,680.0,680.0,100,31
CUST00325,28,Male,434618.69,30,20,80780.0,4039.0,19,32
CUST00326,57,Female,1167480.75,41,9,13570.0,1507.78,36,28
CUST00327,67,Male,521121.9,1,8,16550.0,2068.75,4,35
CUST00328,60,Female,268573.04,38,11,22550.0,2050.0,149,18
CUST00329,28,Female,271565.79,114,7,6250.0,892.86,111,25
CUST00330,62,Male,328626.51,109,15,29340.0,1956.0,4,22
CUST00331,20,Female,369575.03,98,10,23180.0,2318.0,17,20
CUST00332,29,Male,213333.56,60,14,27190.0,1942.14,70,22
CUST00333,20,Female,579853.65,19,5,17360.0,3472.0,15,28
CUST00334,59,Female,638645.73,98,19,59820.0,3148.42,41,25
CUST00335,44,Male,427098.45,59,1,1180.0,1180.0,163,27
CUST00336,66,Female,1255365.93,100,3,7000.0,2333.33,54,21
CUST00337,19,Female,412132.45,68,4,11230.0,2807.5,285,27
CUST00338,66,Female,859084.6,10,7,10920.0,1560.0,87,22
CUST00339,33,Female,267773.7,17,8,15200.0,1900.0,44,31
CUST00340,19,Male,572254.32,120,5,6140.0,1228.0,215,28
CUST00341,47,Female,612243.99,80,4,15560.0,3890.0,126,23
CUST00342,37,Male,363158.84,85,5,16030.0,3206.0,3,39
CUST00343,55,Male,539076.84,92,6,8240.0,1373.33,42,23
CUST00344,45,Male,361500.81,72,12,15530.0,1294.17,46,25
CUST00345,42,Male,434521.85,29,15,30030.0,2002.0,19,25
CUST00346,49,Female,440230.95,6,3,5190.0,1730.0,46,32
CUST00347,27,Female,265646.86,94,2,3720.0,1860.0,97,26
CUST00348,59,Female,632644.36,66,12,26590.0,2215.83,47,25
CUST00349,57,Male,652623.58,119,14,28790.0,2056.43,60,15
CUST00350,50,Female,422672.66,111,16,43810.0,2738.12,15,15
CUST00351,30,Female,557534.46,63,4,5240.0,1310.0,91,24
CUST00352,58,Male,330535.44,31,7,20710.0,2958.57,164,27
CUST00353,59,Male,284594.04,25,4,4950.0,1237.5,49,21
CUST00354,64,Female,417647.27,87,2,5420.0,2710.0,59,24
CUST00355,54,Female,682366.78,107,7,8020.0,1145.71,12,36
CUST00356,33,Female,483313.31,21,27,37670.0,1395.19,28,29
CUST00357,62,Female,410463.43,16,10,16450.0,1645.0,166,30
CUST00358,39,Female,581524.36,4,9,14320.0,1591.11,0,30
CUST00359,37,Male,331115.95,107,12,33270.0,2772.5,27,23
CUST00360,67,Female,287951.25,46,15,31050.0,2070.0,27,15
CUST00361,60,Male,426615.48,8,8,17890.0,2236.25,108,24
CUST00362,44,Female,341069.14,6,19,27880.0,1467.37,5,27
CUST00363,58,Female,292747.76,53,5,13770.0,2754.0,405,28
CUST00364,33,Female,750983.27,119,5,16110.0,3222.0,11,37
CUST00365,51,Other,1347438.96,64,14,24910.0,1779.29,131,21
CUST00366,49,Male,248398.06,91,7,20210.0,2887.14,11,35
CUST00367,43,Female,414658.76,51,16,40300.0,2518.75,10,24
CUST00368,42,Female,540835.8,100,6,18860.0,3143.33,117,34
CUST00369,19,Other,230519.58,100,9,18270.0,2030.0,9,20
CUST00370,29,Female,452309.36,63,4,15140.0,3785.0,75,25
CUST00371,57,Male,467341.42,88,15,19260.0,1284.0,42,25
CUST00372,26,Female,620540.27,6,4,8040.0,2010.0,20,24
CUST00373,29,Female,353145.08,62,2,5060.0,2530.0,0,23
CUST00374,43,Male,387833.33,107,15,32360.0,2157.33,1,28
CUST00375,26,Female,774153.33,33,0,0.0,0.0,9999,23
CUST00376,27,Female,603863.83,2,17,18080.0,1063.53,3,28
CUST00377,49,Female,693808.67,41,20,35260.0,1763.0,19,27
CUST00378,51,Male,227073.27,16,8,15720.0,1965.0,133,25
CUST00379,65,Female,370132.25,102,4,5270.0,1317.5,20,20
CUST00380,37,Female,989230.35,119,2,3520.0,1760.0,249,27
CUST00381,56,Female,481465.67,59,17,29620.0,1742.35,18,33
CUST00382,19,Male,472497.17,9,23,82970.0,3607.39,1,27
CUST00383,18,Male,481831.36,115,20,57880.0,2894.0,40,23
CUST00384,68,Female,1013439.79,69,8,18990.0,2373.75,122,21
CUST00385,53,Female,357384.64,117,14,25100.0,1792.86,17,24
CUST00386,41,Male,676387.55,10,4,14400.0,3600.0,45,27
CUST00387,44,Male,563056.64,94,7,14880.0,2125.71,6,20
CUST00388,19,Male,270376.08,7,4,6390.0,1597.5,116,21
CUST00389,48,Female,437130.61,93,3,3780.0,1260.0,92,19
CUST00390,31,Male,343573.86,66,21,38980.0,1856.19,44,21
CUST00391,19,Male,281926.62,20,7,16820.0,2402.86,20,29
CUST00392,46,Male,856619.67,63,16,24620.0,1538.75,2,23
CUST00393,32,Female,288769.67,4,22,49220.0,2237.27,7,26
CUST00394,29,Male,700500.44,28,16,52360.0,3272.5,42,29
CUST00395,54,Male,339298.91,72,0,0.0,0.0,9999,23
CUST00396,45,Female,920985.43,35,28,80760.0,2884.29,43,26
CUST00397,37,Male,413928.1,2,22,24540.0,1115.45,3,23
CUST00398,56,Male,581525.03,41,7,10090.0,1441.43,5,27
CUST00399,41,Female,387525.54,28,15,31420.0,2094.67,47,32
CUST00400,38,Male,188565.87,75,14,20880.0,1491.43,17,24
CUST00401,27,Female,236090.36,100,15,24750.0,1650.0,55,28
CUST00402,63,Male,212827.21,73,11,15540.0,1412.73,38,19
CUST00403,31,Female,560499.92,102,11,23160.0,2105.45,57,34
CUST00404,54,Male,493592.38,1,6,18380.0,3063.33,1,22
CUST00405,35,Female,653416.0,27,4,7330.0,1832.5,100,21
CUST00406,41,Male,368327.86,67,3,3460.0,1153.33,223,22
CUST00407,31,Male,188203.59,39,4,6600.0,1650.0,135,15
CUST00408,51,Female,898271.03,73,3,6530.0,2176.67,277,25
CUST00409,29,Other,780621.64,40,8,20910.0,2613.75,8,30
CUST00410,39,Male,591621.27,28,2,1140.0,570.0,235,23
CUST00411,23,Female,824272.91,85,5,17660.0,3532.0,81,23
CUST00412,53,Male,477656.61,92,20,30580.0,1529.0,2,23
CUST00413,62,Female,563370.63,109,7,16070.0,2295.71,99,29
CUST00414,53,Male,364298.15,24,4,7470.0,1867.5,238,23
CUST00415,39,Female,308830.9,82,0,0.0,0.0,9999,25
CUST00416,31,Male,245943.42,51,6,12830.0,2138.33,55,18
CUST00417,33,Male,356332.97,56,18,26170.0,1453.89,23,26
CUST00418,53,Male,1656554.59,73,8,35810.0,4476.25,6,21
CUST00419,42,Male,252266.25,26,7,13660.0,1951.43,48,27
CUST00420,49,Female,327884.31,88,3,5680.0,1893.33,24,25
CUST00421,50,Other,526097.21,52,5,13300.0,2660.0,66,27
CUST00422,62,Female,1470655.01,6,9,16610.0,1845.56,16,27
CUST00423,53,Male,311764.59,59,6,6400.0,1066.67,158,24
CUST00424,37,Male,376803.8,117,2,8600.0,4300.0,195,28
CUST00425,35,Female,676400.48,12,12,19300.0,1608.33,34,22
CUST00426,55,Other,659400.56,63,1,1210.0,1210.0,288,26
CUST00427,20,Male,365795.12,36,15,59530.0,3968.67,66,35
CUST00428,40,Female,343544.42,9,19,31020.0,1632.63,9,32
CUST00429,49,Other,611651.91,74,14,38960.0,2782.86,33,19
CUST00430,62,Female,436108.66,67,3,8400.0,2800.0,110,25
CUST00431,33,Male,569056.46,113,3,12630.0,4210.0,17,20
CUST00432,22,Male,463313.46,29,5,19290.0,3858.0,192,21
CUST00433,21,Female,585640.93,71,6,9490.0,1581.67,26,22
CUST00434,38,Female,613558.11,90,10,21110.0,2111.0,36,24
CUST00435,57,Male,208118.85,8,14,22520.0,1608.57,23,19
CUST00436,68,Male,405958.15,43,13,30980.0,2383.08,8,20
CUST00437,31,Female,581012.34,77,8,17400.0,2175.0,94,28
CUST00438,56,Male,720084.46,35,10,11280.0,1128.0,67,23
CUST00439,48,Male,430616.08,83,9,17670.0,1963.33,251,15
CUST00440,31,Female,218014.28,110,17,31970.0,1880.59,75,22
CUST00441,23,Female,877178.25,22,19,40640.0,2138.95,13,22
CUST00442,29,Female,734838.88,80,23,38890.0,1690.87,11,15
CUST00443,33,Male,524301.9,79,1,3500.0,3500.0,283,33
CUST00444,34,Female,405685.15,66,16,34770.0,2173.12,116,27
CUST00445,62,Female,655074.72,102,7,9090.0,1298.57,167,28
CUST00446,40,Male,407434.4,21,2,2720.0,1360.0,60,24
CUST00447,31,Female,741601.9,94,5,10270.0,2054.0,95,25
CUST00448,24,Male,1122314.26,71,0,0.0,0.0,9999,23
CUST00449,63,Male,401486.81,95,1,4700.0,4700.0,116,28
CUST00450,49,Male,710384.82,41,3,12030.0,4010.0,158,11
CUST00451,32,Male,372334.41,41,5,9670.0,1934.0,102,21
CUST00452,61,Male,793868.97,49,15,29180.0,1945.33,92,18
CUST00453,34,Female,447497.75,119,6,11280.0,1880.0,22,33
CUST00454,58,Male,959230.4,99,16,32300.0,2018.75,21,27
CUST00455,64,Other,441270.48,4,1,3500.0,3500.0,72,22
CUST00456,61,Female,333831.31,98,14,37500.0,2678.57,103,26
CUST00457,51,Male,430157.52,65,12,48600.0,4050.0,3,23
CUST00458,22,Male,452247.89,10,13,23590.0,1814.62,86,23
CUST00459,62,Female,556108.89,94,2,3450.0,1725.0,222,31
CUST00460,44,Female,431219.02,96,10,39420.0,3942.0,27,25
CUST00461,69,Male,558400.84,67,2,2340.0,1170.0,256,33
CUST00462,40,Male,562849.76,10,19,44430.0,2338.42,38,20
CUST00463,57,Female,412510.23,73,11,18990.0,1726.36,11,26
CUST00464,31,Male,579630.0,17,7,13140.0,1877.14,90,22
CUST00465,32,Female,384060.28,111,3,4790.0,1596.67,243,19
CUST00466,60,Female,1229698.66,67,20,46070.0,2303.5,18,30
CUST00467,50,Male,572042.69,91,4,5680.0,1420.0,271,28
CUST00468,70,Male,658624.98,53,7,21030.0,3004.29,131,34
CUST00469,48,Male,457924.07,35,0,0.0,0.0,9999,23
CUST00470,52,Female,361528.11,4,2,3560.0,1780.0,29,22
CUST00471,34,Male,728369.35,68,20,28820.0,1441.0,84,21
CUST00472,45,Male,580016.73,113,2,2270.0,1135.0,461,28
CUST00473,36,Female,180000.0,96,16,44190.0,2761.88,44,22
CUST00474,63,Male,1189335.47,102,7,17970.0,2567.14,151,24
CUST00475,40,Female,696891.27,11,4,7460.0,1865.0,81,27
CUST00476,49,Female,421209.33,44,16,21450.0,1340.62,65,22
CUST00477,57,Male,656644.44,119,17,23350.0,1373.53,29,15
CUST00478,30,Female,604467.47,60,5,15180.0,3036.0,160,34
CUST00479,37,Female,624833.88,103,24,15930.0,663.75,5,22
CUST00480,52,Male,337940.29,109,9,24070.0,2674.44,85,32
CUST00481,22,Male,516269.09,70,23,70470.0,3063.91,0,20
CUST00482,26,Male,572802.45,119,4,4260.0,1065.0,127,23
CUST00483,46,Female,870412.62,62,6,22890.0,3815.0,210,21
CUST00484,23,Male,523627.62,99,5,5370.0,1074.0,45,18
CUST00485,42,Other,607070.62,117,4,10870.0,2717.5,24,27
CUST00486,48,Female,331950.19,110,14,36870.0,2633.57,35,23
CUST00487,39,Male,515369.95,32,7,10410.0,1487.14,118,18
CUST00488,19,Female,738624.97,46,14,55880.0,3991.43,1,37
CUST00489,62,Male,367501.1,23,16,25610.0,1600.62,38,22
CUST00490,22,Female,419878.89,106,3,4140.0,1380.0,75,18
CUST00491,44,Female,324033.08,37,5,13570.0,2714.0,388,22
CUST00492,42,Male,271692.44,90,17,27260.0,1603.53,26,19
CUST00493,25,Male,339431.38,98,11,40780.0,3707.27,31,22
CUST00494,18,Female,643970.59,102,4,13250.0,3312.5,222,24
CUST00495,37,Female,447581.56,119,17,52800.0,3105.88,58,19
CUST00496,61,Female,339938.53,75,8,11170.0,1396.25,45,25
CUST00497,40,Male,1333016.14,114,0,0.0,0.0,9999,23
CUST00498,49,Male,364602.91,58,16,32020.0,2001.25,34,28
CUST00499,28,Male,662265.56,120,3,6720.0,2240.0,480,28
CUST00500,56,Female,580822.79,85,3,6580.0,2193.33,153,23
CUST00501,64,Male,559077.94,43,2,3150.0,1575.0,461,26
CUST00502,41,Male,219359.81,88,1,680.0,680.0,97,34
CUST00503,28,Female,885521.31,15,11,31240.0,2840.0,8,32
CUST00504,46,Female,577306.92,67,4,4760.0,1190.0,8,27
CUST00505,43,Male,756076.28,2,3,4220.0,1406.67,4,18
CUST00506,33,Male,834650.76,71,13,35410.0,2723.85,30,20
CUST00507,52,Female,1081127.44,5,10,25640.0,2564.0,17,24
CUST00508,37,Male,319050.7,53,3,2390.0,796.67,94,27
CUST00509,63,Male,361825.6,45,6,13300.0,2216.67,44,17
CUST00510,20,Male,384790.09,104,21,49030.0,2334.76,88,21
CUST00511,18,Female,338586.4,93,1,3680.0,3680.0,173,22
CUST00512,70,Female,906293.71,41,6,20430.0,3405.0,129,27
CUST00513,64,Male,318355.53,63,5,11130.0,2226.0,129,29
CUST00514,18,Male,421552.44,96,20,53090.0,2654.5,4,35
CUST00515,34,Female,239950.94,94,11,17500.0,1590.91,299,27
CUST00516,19,Other,695078.17,72,9,13540.0,1504.44,169,25
CUST00517,46,Female,472090.76,32,5,6710.0,1342.0,415,25
CUST00518,37,Other,744042.39,106,3,14480.0,4826.67,167,28
CUST00519,23,Female,685438.42,2,15,25390.0,1692.67,20,27
CUST00520,25,Female,238879.53,10,13,28760.0,2212.31,5,23
CUST00521,46,Male,543388.47,43,10,30890.0,3089.0,53,15
CUST00522,65,Male,306061.37,119,13,15450.0,1188.46,14,28
CUST00523,68,Male,532783.88,43,17,55110.0,3241.76,13,29
CUST00524,50,Female,384088.26,101,8,8690.0,1086.25,300,25
CUST00525,20,Female,1141081.75,110,14,15840.0,1131.43,0,29
CUST00526,52,Female,1657640.39,119,16,19170.0,1198.12,14,31
CUST00527,22,Male,447849.25,67,14,14680.0,1048.57,5,27
CUST00528,44,Male,522768.89,116,6,8950.0,1491.67,275,26
CUST00529,61,Male,180000.0,23,2,2850.0,1425.0,149,16
CUST00530,29,Male,238573.4,98,4,6320.0,1580.0,284,28
CUST00531,37,Female,594903.19,82,12,42040.0,3503.33,5,25
CUST00532,62,Female,492770.46,97,11,16180.0,1470.91,70,18
CUST00533,37,Male,604370.95,97,6,13750.0,2291.67,127,29
CUST00534,26,Male,349148.07,60,3,9050.0,3016.67,171,20
CUST00535,56,Female,572954.83,81,8,16870.0,2108.75,1,19
CUST00536,21,Male,180000.0,6,8,15130.0,1891.25,1,20
CUST00537,68,Female,380109.64,13,5,6260.0,1252.0,2,33
CUST00538,36,Male,616809.69,21,2,4730.0,2365.0,291,25
CUST00539,55,Male,1072838.83,95,4,13090.0,3272.5,85,28
CUST00540,44,Male,474361.07,58,12,18650.0,1554.17,54,29
CUST00541,62,Male,651990.92,120,3,3330.0,1110.0,253,25
CUST00542,60,Female,369959.45,85,7,25300.0,3614.29,36,21
CUST00543,30,Male,610465.63,97,4,7140.0,1785.0,3,27
CUST00544,30,Male,400353.51,28,8,9750.0,1218.75,5,36
CUST00545,39,Male,1204986.41,120,14,24870.0,1776.43,10,33
CUST00546,45,Male,431219.58,70,9,13850.0,1538.89,31,30
CUST00547,69,Male,463208.01,8,3,6440.0,2146.67,5,25
CUST00548,64,Female,708377.92,77,17,32030.0,1884.12,36,27
CUST00549,70,Female,626850.81,98,1,1240.0,1240.0,678,26
CUST00550,62,Female,424182.06,58,5,23400.0,4680.0,6,25
CUST00551,39,Male,601261.23,40,5,11340.0,2268.0,254,25
CUST00552,60,Male,311051.32,86,0,0.0,0.0,9999,35
CUST00553,36,Male,553606.0,1,0,0.0,0.0,9999,29
CUST00554,25,Male,640200.79,77,6,14690.0,2448.33,204,16
CUST00555,69,Female,413395.67,65,20,25350.0,1267.5,27,23
CUST00556,25,Female,423326.48,10,0,0.0,0.0,9999,26
CUST00557,59,Female,376654.27,60,11,10570.0,960.91,88,16
CUST00558,43,Male,262030.94,69,6,14640.0,2440.0,140,21
CUST00559,65,Male,602719.84,119,11,20530.0,1866.36,4,23
CUST00560,68,Female,403739.25,20,7,22120.0,3160.0,10,17
CUST00561,43,Male,642267.77,62,0,0.0,0.0,9999,22
CUST00562,40,Female,460594.96,13,17,14710.0,865.29,10,27
CUST00563,60,Female,659357.69,58,20,45030.0,2251.5,33,30
CUST00564,30,Female,231249.34,37,12,43030.0,3585.83,3,27
CUST00565,45,Female,298535.96,10,5,8170.0,1634.0,48,23
CUST00566,26,Male,342321.92,3,16,26260.0,1641.25,0,30
CUST00567,37,Male,856866.78,34,2,8170.0,4085.0,233,34
CUST00568,36,Male,599448.34,34,9,11050.0,1227.78,178,26
CUST00569,65,Female,444090.33,30,10,34040.0,3404.0,116,23
CUST00570,56,Male,403303.98,37,6,13000.0,2166.67,79,25
CUST00571,68,Female,653834.28,68,8,18190.0,2273.75,363,24
CUST00572,29,Female,383559.61,34,3,5600.0,1866.67,56,24
CUST00573,32,Female,696194.11,32,11,29740.0,2703.64,39,26
CUST00574,48,Male,454023.89,85,12,12270.0,1022.5,0,22
CUST00575,31,Male,894682.54,58,4,7110.0,1777.5,67,26
CUST00576,28,Female,326857.49,105,1,1850.0,1850.0,235,28
CUST00577,43,Female,472019.18,24,4,11130.0,2782.5,48,29
CUST00578,59,Female,330658.3,9,10,19370.0,1937.0,2,20
CUST00579,44,Male,1040336.06,41,2,2700.0,1350.0,128,19
CUST00580,28,Female,504715.12,24,23,63830.0,2775.22,21,27
CUST00581,55,Female,317761.71,25,11,26160.0,2378.18,156,28
CUST00582,51,Male,333172.48,36,18,67760.0,3764.44,10,20
CUST00583,60,Female,630132.78,8,1,1760.0,1760.0,199,26
CUST00584,36,Female,220584.37,114,15,31060.0,2070.67,36,23
CUST00585,23,Male,461466.25,105,9,29470.0,3274.44,24,27
CUST00586,63,Male,340704.33,93,1,1700.0,1700.0,247,23
CUST00587,69,Female,465339.87,89,4,7490.0,1872.5,137,20
CUST00588,55,Male,523307.29,59,5,9820.0,1964.0,96,20
CUST00589,66,Female,478332.63,35,10,27900.0,2790.0,94,16
CUST00590,59,Female,443563.06,38,12,15170.0,1264.17,46,25
CUST00591,45,Female,538679.22,92,1,2270.0,2270.0,618,24
CUST00592,18,Female,1098899.92,119,1,2010.0,2010.0,486,28
CUST00593,52,Male,887010.49,83,2,9780.0,4890.0,369,33
CUST00594,57,Male,429505.9,32,1,1580.0,1580.0,327,18
CUST00595,25,Female,692885.94,101,9,19880.0,2208.89,16,30
CUST00596,69,Male,677773.62,113,8,9770.0,1221.25,130,28
CUST00597,64,Female,421587.24,51,1,2280.0,2280.0,226,16
CUST00598,24,Female,492902.95,28,15,27960.0,1864.0,24,22
CUST00599,28,Male,636822.1,56,19,42090.0,2215.26,11,27
CUST00600,56,Male,359946.19,99,1,5360.0,5360.0,654,31
CUST00601,21,Female,448693.35,8,21,79580.0,3789.52,8,29
CUST00602,42,Female,457442.81,41,1,2150.0,2150.0,317,21
CUST00603,29,Male,442859.3,118,15,44310.0,2954.0,111,26
CUST00604,43,Female,435085.6,23,14,44980.0,3212.86,113,24
CUST00605,55,Female,610080.39,54,3,2050.0,683.33,43,19
CUST00606,63,Other,505995.86,104,0,0.0,0.0,9999,24
CUST00607,29,Male,666679.6,110,4,8510.0,2127.5,320,23
CUST00608,60,Male,1554121.2,23,4,8230.0,2057.5,49,24
CUST00609,68,Female,393014.17,32,14,22690.0,1620.71,50,19
CUST00610,70,Female,551459.19,10,6,14210.0,2368.33,42,30
CUST00611,54,Male,628583.93,81,14,32790.0,2342.14,12,25
CUST00612,63,Female,817278.17,35,20,40330.0,2016.5,82,18
CUST00613,70,Female,607962.31,99,17,81000.0,4764.71,0,30
CUST00614,41,Male,305767.57,63,6,12370.0,2061.67,169,28
CUST00615,33,Female,371118.0,67,14,31070.0,2219.29,11,24
CUST00616,30,Female,534062.72,36,10,20680.0,2068.0,45,26
CUST00617,42,Male,366398.54,93,16,25890.0,1618.12,11,21
CUST00618,69,Male,257292.9,49,16,44240.0,2765.0,25,26
CUST00619,21,Female,347837.36,46,2,3870.0,1935.0,234,25
CUST00620,28,Male,348687.03,27,5,7950.0,1590.0,35,29
CUST00621,49,Male,317472.55,31,9,15300.0,1700.0,10,33
CUST00622,66,Female,1558760.96,34,6,7440.0,1240.0,18,27
CUST00623,24,Female,576220.87,76,10,14560.0,1456.0,124,20
CUST00624,63,Female,526691.03,101,6,13220.0,2203.33,46,22
CUST00625,28,Female,756260.39,59,15,53230.0,3548.67,48,37
CUST00626,45,Male,1123089.04,54,7,10530.0,1504.29,27,27
CUST00627,58,Male,595028.98,89,6,14960.0,2493.33,64,18
CUST00628,40,Male,790374.1,66,5,9950.0,1990.0,31,23
CUST00629,62,Male,398895.44,30,2,2480.0,1240.0,425,25
CUST00630,40,Female,332543.09,108,4,9710.0,2427.5,50,29
CUST00631,67,Female,752755.52,73,1,1100.0,1100.0,45,32
CUST00632,45,Female,746295.13,23,23,85200.0,3704.35,15,15
CUST00633,60,Male,715441.67,9,13,17180.0,1321.54,0,17
CUST00634,64,Male,529070.27,84,11,23070.0,2097.27,31,24
CUST00635,43,Female,352064.69,55,10,15760.0,1576.0,27,30
CUST00636,42,Male,402766.56,1,6,12720.0,2120.0,7,23
CUST00637,46,Male,840830.72,56,2,3120.0,1560.0,318,26
CUST00638,36,Female,383262.39,39,7,9860.0,1408.57,66,25
CUST00639,50,Male,543713.15,87,8,14630.0,1828.75,104,22
CUST00640,53,Male,353437.01,18,2,1690.0,845.0,138,30
CUST00641,31,Female,458782.89,42,5,13960.0,2792.0,105,31
CUST00642,31,Male,307465.8,96,2,3940.0,1970.0,88,18
CUST00643,52,Female,483493.24,111,12,13250.0,1104.17,97,24
CUST00644,47,Male,403314.29,73,8,11630.0,1453.75,110,38
CUST00645,45,Male,231982.34,75,0,0.0,0.0,9999,28
CUST00646,34,Male,671343.7,120,11,18450.0,1677.27,8,23
CUST00647,20,Female,657733.45,65,8,25910.0,3238.75,106,26
CUST00648,33,Female,512790.31,75,18,77890.0,4327.22,12,20
CUST00649,63,Other,301489.31,33,14,23600.0,1685.71,32,28
CUST00650,47,Female,303370.86,30,9,26320.0,2924.44,245,29
CUST00651,69,Female,1427052.68,5,5,13880.0,2776.0,8,22
CUST00652,46,Male,180000.0,50,15,33610.0,2240.67,64,15
CUST00653,62,Male,306073.71,65,7,13030.0,1861.43,165,33
CUST00654,32,Male,1315436.05,10,1,4540.0,4540.0,220,23
CUST00655,63,Male,1514419.7,60,18,29930.0,1662.78,113,25
CUST00656,42,Male,1074080.05,77,4,2600.0,650.0,183,23
CUST00657,68,Male,635199.95,27,4,7930.0,1982.5,294,28
CUST00658,55,Male,375485.9,72,20,28990.0,1449.5,11,18
CUST00659,59,Male,234491.48,28,4,3670.0,917.5,233,28
CUST00660,64,Male,600267.61,45,5,10080.0,2016.0,5,23
CUST00661,70,Female,354686.78,52,6,11800.0,1966.67,136,33
CUST00662,69,Female,960869.02,66,2,1690.0,845.0,236,24
CUST00663,55,Male,217138.51,62,7,14500.0,2071.43,13,30
CUST00664,40,Male,547191.86,117,2,1690.0,845.0,431,21
CUST00665,42,Male,759410.98,76,15,15440.0,1029.33,2,31
CUST00666,59,Female,788636.58,91,9,18720.0,2080.0,77,25
CUST00667,24,Male,727592.7,77,6,13990.0,2331.67,49,29
CUST00668,39,Female,582783.44,60,1,940.0,940.0,270,27
CUST00669,34,Male,529578.96,86,10,21980.0,2198.0,10,27
CUST00670,35,Male,752346.48,40,15,32480.0,2165.33,15,24
CUST00671,66,Male,582823.41,15,6,11730.0,1955.0,56,25
CUST00672,58,Male,591334.99,95,3,6020.0,2006.67,525,25
CUST00673,27,Female,507794.84,7,16,51500.0,3218.75,9,24
CUST00674,27,Female,420444.0,39,12,33710.0,2809.17,1,29
CUST00675,24,Female,272362.96,113,13,19460.0,1496.92,25,35
CUST00676,65,Female,294350.21,51,11,21580.0,1961.82,76,27
CUST00677,67,Female,420803.78,99,4,7220.0,1805.0,437,13
CUST00678,55,Female,473608.85,7,16,70190.0,4386.88,6,29
CUST00679,44,Male,323483.42,12,1,1340.0,1340.0,267,25
CUST00680,69,Male,312788.45,14,16,22870.0,1429.38,54,16
CUST00681,50,Male,424339.73,34,5,14960.0,2992.0,131,13
CUST00682,18,Female,750345.91,39,17,36600.0,2152.94,26,29
CUST00683,61,Male,192587.98,112,16,31900.0,1993.75,5,23
CUST00684,70,Female,327785.67,73,1,2550.0,2550.0,107,15
CUST00685,51,Male,537713.55,64,2,9640.0,4820.0,403,39
CUST00686,21,Female,892136.75,97,3,3820.0,1273.33,336,26
CUST00687,34,Male,1322107.14,12,10,23690.0,2369.0,8,32
CUST00688,21,Male,428643.7,34,21,49610.0,2362.38,6,21
CUST00689,60,Female,425838.91,27,3,5300.0,1766.67,203,25
CUST00690,43,Male,469958.69,22,20,24980.0,1249.0,34,25
CUST00691,21,Other,553802.33,18,7,8100.0,1157.14,32,28
CUST00692,18,Male,489998.85,46,2,1500.0,750.0,454,30
CUST00693,24,Male,526924.87,44,19,73730.0,3880.53,50,27
CUST00694,47,Female,274032.71,18,23,56810.0,2470.0,22,28
CUST00695,67,Female,236680.67,37,6,13110.0,2185.0,271,29
CUST00696,26,Male,689866.22,7,14,46490.0,3320.71,10,27
CUST00697,52,Female,458452.38,68,4,4820.0,1205.0,42,21
CUST00698,25,Female,727553.63,109,23,91010.0,3956.96,23,30
CUST00699,41,Female,552971.96,80,8,13610.0,1701.25,44,14
CUST00700,36,Male,262365.28,86,3,4540.0,1513.33,400,22
CUST00701,53,Male,1005820.07,60,4,3570.0,892.5,185,32
CUST00702,67,Female,507105.45,48,5,8840.0,1768.0,169,23
CUST00703,69,Female,357218.14,51,3,7590.0,2530.0,314,23
CUST00704,60,Female,393160.42,100,6,10610.0,1768.33,221,36
CUST00705,44,Male,289890.04,84,2,1530.0,765.0,253,29
CUST00706,49,Male,580753.99,95,0,0.0,0.0,9999,29
CUST00707,31,Female,475598.88,52,4,12390.0,3097.5,133,34
CUST00708,35,Male,1240148.83,97,7,10080.0,1440.0,8,21
CUST00709,45,Male,631804.61,77,12,37130.0,3094.17,4,16
CUST00710,46,Male,1206796.89,52,17,26030.0,1531.18,35,25
CUST00711,33,Female,324420.9,84,3,7090.0,2363.33,313,20
CUST00712,52,Male,430843.38,54,8,22600.0,2825.0,4,32
CUST00713,64,Female,746323.48,41,18,36920.0,2051.11,85,24
CUST00714,48,Female,651721.52,42,0,0.0,0.0,9999,19
CUST00715,21,Female,496495.96,102,1,780.0,780.0,123,24
CUST00716,54,Male,308028.61,22,8,18230.0,2278.75,63,25
CUST00717,34,Male,187613.56,39,16,34530.0,2158.12,89,28
CUST00718,56,Female,452885.27,23,4,7750.0,1937.5,65,31
CUST00719,65,Female,461672.49,48,3,6990.0,2330.0,0,24
CUST00720,63,Female,529656.99,113,12,14530.0,1210.83,108,27
CUST00721,43,Female,260885.58,120,17,38290.0,2252.35,43,23
CUST00722,65,Female,336611.51,33,7,13070.0,1867.14,290,24
CUST00723,56,Female,596418.93,41,15,37770.0,2518.0,28,18
CUST00724,58,Male,650587.68,30,6,16870.0,2811.67,15,27
CUST00725,21,Male,547323.52,78,13,20520.0,1578.46,49,34
CUST00726,47,Female,427801.12,47,14,35600.0,2542.86,2,22
CUST00727,47,Male,293075.17,100,12,20040.0,1670.0,10,26
CUST00728,39,Female,768053.41,57,9,21030.0,2336.67,33,33
CUST00729,28,Male,693496.9,72,8,17450.0,2181.25,201,25
CUST00730,19,Female,386156.88,57,0,0.0,0.0,9999,26
CUST00731,61,Male,727457.94,111,5,5760.0,1152.0,188,27
CUST00732,29,Male,484696.51,62,13,28330.0,2179.23,57,29
CUST00733,47,Other,367808.69,86,7,8490.0,1212.86,14,25
CUST00734,53,Male,758721.73,57,9,30960.0,3440.0,78,18
CUST00735,35,Male,523053.3,68,6,8890.0,1481.67,0,25
CUST00736,43,Male,412386.22,115,7,15050.0,2150.0,24,29
CUST00737,70,Female,280779.01,99,1,340.0,340.0,439,30
CUST00738,24,Female,292725.87,72,10,29960.0,2996.0,96,33
CUST00739,18,Female,731986.14,98,14,23500.0,1678.57,12,20
CUST00740,43,Male,613033.27,86,5,9780.0,1956.0,68,26
CUST00741,40,Female,295381.77,25,1,3390.0,3390.0,268,24
CUST00742,43,Male,292870.73,89,7,14510.0,2072.86,47,31
CUST00743,62,Female,1287874.44,40,8,11590.0,1448.75,123,18
CUST00744,23,Female,616272.63,104,6,11100.0,1850.0,78,29
CUST00745,23,Female,861695.66,17,1,1270.0,1270.0,19,23
CUST00746,61,Female,978599.81,80,8,14540.0,1817.5,42,22
CUST00747,25,Female,329287.54,112,7,13010.0,1858.57,21,23
CUST00748,41,Female,1095372.34,48,8,15360.0,1920.0,33,21
CUST00749,39,Male,307842.98,39,19,49900.0,2626.32,23,22
CUST00750,36,Female,694191.81,15,12,30970.0,2580.83,79,28
CUST00751,54,Male,474573.74,17,7,13500.0,1928.57,27,31
CUST00752,35,Male,692410.75,35,8,16160.0,2020.0,31,23
CUST00753,48,Male,454768.99,33,8,13500.0,1687.5,23,24
CUST00754,54,Male,640128.08,104,3,7120.0,2373.33,90,31
CUST00755,47,Male,922847.0,103,20,61090.0,3054.5,27,21
CUST00756,59,Female,827534.96,18,13,26690.0,2053.08,45,33
CUST00757,50,Male,486263.71,30,12,37130.0,3094.17,2,18
CUST00758,27,Male,325545.12,87,5,23290.0,4658.0,63,27
CUST00759,54,Female,437339.28,37,3,8100.0,2700.0,151,30
CUST00760,29,Male,610626.1,111,4,3180.0,795.0,34,21
CUST00761,47,Female,670489.92,7,3,4870.0,1623.33,70,18
CUST00762,44,Female,809257.36,74,21,41040.0,1954.29,22,25
CUST00763,56,Female,359830.29,80,20,27800.0,1390.0,29,20
CUST00764,26,Female,328669.9,28,16,26140.0,1633.75,31,27
CUST00765,38,Male,315988.76,87,6,11220.0,1870.0,110,25
CUST00766,29,Male,457570.57,98,18,44650.0,2480.56,10,26
CUST00767,46,Male,550599.01,18,4,11130.0,2782.5,26,22
CUST00768,50,Female,590570.44,47,0,0.0,0.0,9999,21
CUST00769,60,Male,264578.61,23,16,33660.0,2103.75,23,30
CUST00770,70,Male,325575.48,115,9,25030.0,2781.11,268,23
CUST00771,32,Male,364475.15,20,7,11220.0,1602.86,85,25
CUST00772,19,Female,1102713.97,31,3,7050.0,2350.0,94,21
CUST00773,69,Male,421202.97,14,8,11080.0,1385.0,95,32
CUST00774,56,Other,257257.52,23,4,7280.0,1820.0,86,31
CUST00775,70,Male,593642.47,2,8,23760.0,2970.0,2,21
CUST00776,61,Male,476148.03,29,4,3690.0,922.5,318,31
CUST00777,35,Male,294682.63,50,6,9040.0,1506.67,11,26
CUST00778,20,Female,404020.88,73,17,51200.0,3011.76,60,26
CUST00779,24,Female,428798.26,59,10,38460.0,3846.0,150,26
CUST00780,60,Male,473049.08,33,6,10350.0,1725.0,73,23
CUST00781,35,Male,759830.24,48,12,17930.0,1494.17,103,21
CUST00782,61,Female,643449.97,44,8,9910.0,1238.75,9,16
CUST00783,55,Male,528938.88,12,3,12960.0,4320.0,107,27
CUST00784,54,Male,779269.56,83,3,4830.0,1610.0,87,27
CUST00785,50,Male,415796.16,42,7,8790.0,1255.71,81,23
CUST00786,61,Male,360791.16,84,13,25840.0,1987.69,153,29
CUST00787,48,Male,574523.28,101,22,54430.0,2474.09,17,18
CUST00788,28,Male,554907.38,95,7,10930.0,1561.43,127,22
CUST00789,21,Male,257353.29,35,9,32840.0,3648.89,43,15
CUST00790,35,Female,979031.25,41,11,23300.0,2118.18,4,22
CUST00791,21,Male,316135.71,85,8,17940.0,2242.5,8,27
CUST00792,66,Female,634521.07,55,2,5170.0,2585.0,247,37
CUST00793,51,Male,641206.05,111,4,8210.0,2052.5,86,35
CUST00794,46,Female,180000.0,110,5,10430.0,2086.0,32,33
CUST00795,41,Male,553829.35,107,8,20350.0,2543.75,14,26
CUST00796,39,Female,1044657.78,13,4,7100.0,1775.0,65,22
CUST00797,19,Male,363235.14,39,18,33860.0,1881.11,148,20
CUST00798,61,Female,212845.3,91,3,4460.0,1486.67,52,18
CUST00799,23,Male,474316.46,89,21,70640.0,3363.81,31,27
CUST00800,59,Male,616668.23,66,4,16200.0,4050.0,405,21
CUST00801,42,Female,480752.68,35,8,18020.0,2252.5,29,18
CUST00802,38,Female,326020.24,116,9,15870.0,1763.33,11,28
CUST00803,33,Male,314498.47,72,3,5870.0,1956.67,165,34
CUST00804,48,Female,240960.64,33,23,92840.0,4036.52,61,34
CUST00805,31,Male,215051.93,89,4,7840.0,1960.0,18,27
CUST00806,56,Male,428475.69,85,3,4030.0,1343.33,100,23
CUST00807,45,Other,605117.23,36,24,28960.0,1206.67,39,15
CUST00808,49,Male,537124.79,13,15,28420.0,1894.67,0,23
CUST00809,45,Female,559760.5,56,21,53840.0,2563.81,87,16
CUST00810,68,Male,664430.81,46,18,59670.0,3315.0,55,28
CUST00811,66,Female,900823.9,73,9,28800.0,3200.0,53,32
CUST00812,26,Female,506258.11,99,4,20990.0,5247.5,342,26
CUST00813,62,Other,583907.05,46,13,28100.0,2161.54,21,27
CUST00814,39,Female,585658.87,100,16,57710.0,3606.88,25,26
CUST00815,49,Male,534267.86,113,10,34220.0,3422.0,144,25
CUST00816,22,Female,504346.42,111,2,4000.0,2000.0,31,25
CUST00817,40,Male,523087.72,44,7,13500.0,1928.57,68,27
CUST00818,22,Female,1009583.03,46,6,6480.0,1080.0,38,21
CUST00819,59,Female,952617.56,115,5,6140.0,1228.0,84,36
CUST00820,70,Female,231922.93,74,4,8760.0,2190.0,80,27
CUST00821,49,Female,551689.82,69,8,18970.0,2371.25,40,25
CUST00822,27,Male,501576.57,31,3,5730.0,1910.0,281,25
CUST00823,56,Female,881553.46,24,6,4800.0,800.0,5,18
CUST00824,32,Male,492012.39,32,2,5780.0,2890.0,111,28
CUST00825,24,Female,559911.6,113,4,5880.0,1470.0,459,23
CUST00826,46,Male,373210.87,113,7,15950.0,2278.57,120,23
CUST00827,64,Female,721011.39,67,1,2240.0,2240.0,226,22
CUST00828,20,Male,285672.33,16,5,12840.0,2568.0,29,27
CUST00829,36,Female,435807.6,57,13,47300.0,3638.46,57,25
CUST00830,27,Male,311128.72,105,7,14540.0,2077.14,59,26
CUST00831,45,Female,436678.81,113,4,9280.0,2320.0,213,34
CUST00832,46,Male,390558.59,84,19,34080.0,1793.68,39,17
CUST00833,32,Female,728666.72,108,3,7440.0,2480.0,306,24
CUST00834,52,Male,453092.45,24,4,9840.0,2460.0,60,18
CUST00835,23,Female,978407.77,34,15,55660.0,3710.67,75,29
CUST00836,29,Male,448627.97,52,9,15170.0,1685.56,64,39
CUST00837,64,Female,307158.83,48,8,30510.0,3813.75,13,32
CUST00838,55,Male,448267.81,87,6,12200.0,2033.33,121,21
CUST00839,30,Female,619663.88,119,9,12090.0,1343.33,114,23
CUST00840,46,Male,1068013.43,53,7,16080.0,2297.14,16,30
CUST00841,36,Male,374065.81,55,12,59410.0,4950.83,146,30
CUST00842,20,Female,1054711.68,38,6,8340.0,1390.0,300,25
CUST00843,25,Male,459043.42,2,3,6030.0,2010.0,11,26
CUST00844,25,Male,409225.39,105,11,19360.0,1760.0,62,26
CUST00845,37,Female,708858.27,69,10,44230.0,4423.0,22,18
CUST00846,64,Other,948725.12,82,1,770.0,770.0,625,21
CUST00847,21,Female,642466.04,118,14,26220.0,1872.86,14,20
CUST00848,68,Male,264515.55,53,1,1180.0,1180.0,167,26
CUST00849,38,Male,580839.32,50,15,35950.0,2396.67,56,23
CUST00850,20,Female,1330362.7,29,5,9290.0,1858.0,11,34
CUST00851,62,Male,180000.0,74,7,9350.0,1335.71,49,28
CUST00852,25,Female,591491.08,106,16,60120.0,3757.5,58,24
CUST00853,40,Male,439902.86,55,5,6780.0,1356.0,82,25
CUST00854,33,Other,328153.21,106,18,24570.0,1365.0,35,26
CUST00855,30,Female,796026.02,61,24,43820.0,1825.83,17,28
CUST00856,20,Female,228743.44,50,11,26850.0,2440.91,182,23
CUST00857,65,Male,427098.32,16,1,3280.0,3280.0,299,28
CUST00858,26,Female,784554.07,87,6,8260.0,1376.67,28,23
CUST00859,31,Male,745212.72,94,2,3840.0,1920.0,143,27
CUST00860,30,Female,653939.34,70,7,17930.0,2561.43,2,28
CUST00861,70,Female,540426.2,44,10,16170.0,1617.0,20,25
CUST00862,24,Male,472865.03,100,8,32200.0,4025.0,166,28
CUST00863,32,Male,404648.01,84,10,6460.0,646.0,43,23
CUST00864,24,Female,322955.54,16,16,34940.0,2183.75,28,28
CUST00865,55,Male,720953.69,28,27,49750.0,1842.59,4,23
CUST00866,51,Female,549792.4,118,10,11650.0,1165.0,50,25
CUST00867,58,Male,730642.91,57,17,25420.0,1495.29,55,23
CUST00868,39,Male,351788.82,26,8,29410.0,3676.25,25,21
CUST00869,41,Female,348356.09,86,19,50570.0,2661.58,24,28
CUST00870,66,Female,625209.61,118,1,1490.0,1490.0,130,33
CUST00871,54,Male,180000.0,11,8,19950.0,2493.75,74,32
CUST00872,61,Female,180000.0,1,10,19470.0,1947.0,9,24
CUST00873,18,Female,788809.05,69,8,8690.0,1086.25,14,35
CUST00874,27,Female,363716.07,113,13,18030.0,1386.92,29,17
CUST00875,60,Male,545375.87,43,5,18940.0,3788.0,43,20
CUST00876,33,Male,593151.6,46,4,3430.0,857.5,9,17
CUST00877,63,Female,796651.24,105,15,23930.0,1595.33,26,22
CUST00878,25,Female,410191.32,106,18,33620.0,1867.78,52,27
CUST00879,66,Male,420405.63,36,18,42070.0,2337.22,94,23
CUST00880,42,Female,379053.01,66,18,33110.0,1839.44,0,14
CUST00881,67,Male,661231.31,57,16,32720.0,2045.0,32,40
CUST00882,29,Male,674573.48,6,12,24600.0,2050.0,5,24
CUST00883,42,Female,888748.87,62,6,14950.0,2491.67,111,25
CUST00884,34,Female,285340.27,27,7,12110.0,1730.0,77,29
CUST00885,43,Male,1366217.45,26,15,41150.0,2743.33,0,26
CUST00886,63,Female,434418.0,99,2,3080.0,1540.0,31,33
CUST00887,65,Female,489237.13,13,8,18450.0,2306.25,58,18
CUST00888,31,Female,538157.05,76,17,25970.0,1527.65,34,24
CUST00889,58,Female,331873.41,18,2,7170.0,3585.0,430,18
CUST00890,53,Male,415457.12,38,3,4960.0,1653.33,53,28
CUST00891,40,Male,964759.41,106,0,0.0,0.0,9999,19
CUST00892,60,Male,971550.96,6,9,10160.0,1128.89,5,20
CUST00893,23,Female,548346.63,92,3,15580.0,5193.33,69,26
CUST00894,64,Female,799760.47,28,15,46480.0,3098.67,62,22
CUST00895,22,Male,601537.41,89,1,4360.0,4360.0,78,32
CUST00896,60,Male,487305.06,5,20,39970.0,1998.5,27,27
CUST00897,42,Male,356172.99,59,2,5940.0,2970.0,356,20
CUST00898,35,Male,339323.28,79,2,8170.0,4085.0,24,32
CUST00899,30,Female,355543.66,111,10,30030.0,3003.0,107,28
CUST00900,60,Female,1034107.3,108,4,4420.0,1105.0,21,33
CUST00901,31,Male,740677.27,73,3,2430.0,810.0,422,23
CUST00902,45,Female,956277.97,45,3,2950.0,983.33,367,21
CUST00903,35,Female,598522.28,112,7,12540.0,1791.43,42,25
CUST00904,45,Female,336428.19,53,17,31780.0,1869.41,64,30
CUST00905,68,Male,655961.88,2,11,9470.0,860.91,2,24
CUST00906,44,Male,885357.65,49,3,10180.0,3393.33,272,21
CUST00907,49,Male,666804.07,73,0,0.0,0.0,9999,24
CUST00908,64,Female,276456.19,90,1,1170.0,1170.0,600,30
CUST00909,26,Female,257546.13,87,0,0.0,0.0,9999,17
CUST00910,57,Female,665797.74,115,2,4910.0,2455.0,45,29
CUST00911,49,Male,434403.66,63,7,16760.0,2394.29,7,22
CUST00912,37,Male,575467.71,92,22,90220.0,4100.91,5,28
CUST00913,45,Male,361056.95,70,10,18390.0,1839.0,78,28
CUST00914,50,Other,529345.28,58,4,5330.0,1332.5,70,37
CUST00915,21,Male,304746.54,4,8,9300.0,1162.5,0,18
CUST00916,63,Male,558812.04,30,5,9520.0,1904.0,219,31
CUST00917,51,Other,693924.39,57,12,23200.0,1933.33,59,31
CUST00918,65,Female,711441.55,47,21,27680.0,1318.1,78,24
CUST00919,20,Female,277716.07,18,15,37690.0,2512.67,13,17
CUST00920,43,Male,617473.71,94,8,15550.0,1943.75,57,27
CUST00921,25,Female,383827.67,91,3,4130.0,1376.67,307,20
CUST00922,23,Male,994016.92,108,6,8050.0,1341.67,426,14
CUST00923,33,Female,768813.34,95,9,34920.0,3880.0,2,34
CUST00924,41,Male,505851.59,44,18,62520.0,3473.33,28,22
CUST00925,65,Male,1334778.08,52,19,28140.0,1481.05,0,30
CUST00926,56,Female,360375.06,49,17,33750.0,1985.29,39,31
CUST00927,47,Female,487340.88,103,18,31500.0,1750.0,25,25
CUST00928,62,Female,637915.0,30,2,4650.0,2325.0,40,23
CUST00929,30,Male,1249035.92,52,16,33200.0,2075.0,178,21
CUST00930,22,Male,966066.6,37,23,33320.0,1448.7,30,17
CUST00931,42,Female,717226.13,63,1,1030.0,1030.0,208,31
CUST00932,37,Female,336893.1,12,8,14900.0,1862.5,13,31
CUST00933,35,Other,336671.73,17,17,30210.0,1777.06,28,27
CUST00934,64,Female,683708.61,34,13,25950.0,1996.15,74,23
CUST00935,35,Female,284574.74,28,10,24380.0,2438.0,54,24
CUST00936,19,Female,577537.02,4,7,10910.0,1558.57,2,22
CUST00937,27,Male,718029.43,98,12,22870.0,1905.83,167,30
CUST00938,62,Male,257144.45,46,24,35200.0,1466.67,3,18
CUST00939,67,Male,669241.26,14,1,2180.0,2180.0,411,18
CUST00940,64,Male,748263.45,13,4,8250.0,2062.5,72,16
CUST00941,29,Female,424593.23,113,2,3630.0,1815.0,4,23
CUST00942,64,Female,465964.61,58,9,19230.0,2136.67,172,21
CUST00943,30,Female,223670.1,49,5,10290.0,2058.0,169,11
CUST00944,67,Male,475926.16,118,7,20360.0,2908.57,116,26
CUST00945,64,Male,251659.03,50,1,1380.0,1380.0,155,23
CUST00946,28,Male,366547.59,67,8,13620.0,1702.5,23,27
CUST00947,36,Female,417213.05,21,16,39740.0,2483.75,40,30
CUST00948,52,Male,297221.21,80,4,4820.0,1205.0,250,27
CUST00949,56,Female,285277.98,51,8,13700.0,1712.5,127,17
CUST00950,70,Male,291652.34,38,2,3540.0,1770.0,139,17
CUST00951,43,Male,866037.81,119,13,26930.0,2071.54,12,30
CUST00952,63,Female,484485.14,26,14,19580.0,1398.57,6,15
CUST00953,31,Female,884002.72,6,0,0.0,0.0,9999,22
CUST00954,62,Male,416723.47,18,7,20390.0,2912.86,104,26
CUST00955,61,Female,420768.76,105,0,0.0,0.0,9999,26
CUST00956,41,Other,413232.63,114,23,31520.0,1370.43,14,22
CUST00957,58,Other,180000.0,6,15,55200.0,3680.0,14,26
CUST00958,18,Female,628009.53,41,5,20270.0,4054.0,225,22
CUST00959,68,Female,476510.94,57,2,580.0,290.0,163,21
CUST00960,60,Male,511700.72,50,10,16670.0,1667.0,142,37
CUST00961,39,Female,195121.4,25,5,9380.0,1876.0,43,18
CUST00962,40,Male,493599.48,48,13,22920.0,1763.08,93,21
CUST00963,36,Other,410452.33,24,11,23860.0,2169.09,11,33
CUST00964,35,Male,529079.2,30,7,9240.0,1320.0,106,33
CUST00965,29,Male,483204.67,87,15,44080.0,2938.67,16,18
CUST00966,45,Female,401890.89,45,17,35310.0,2077.06,202,23
CUST00967,45,Male,644199.97,43,3,9170.0,3056.67,531,16
CUST00968,50,Male,792919.32,72,4,3620.0,905.0,193,24
CUST00969,36,Female,416172.36,56,2,6760.0,3380.0,87,23
CUST00970,45,Female,260563.85,113,7,29160.0,4165.71,87,32
CUST00971,69,Female,268396.62,73,4,12810.0,3202.5,117,24
CUST00972,66,Male,604788.86,70,9,16720.0,1857.78,20,33
CUST00973,54,Female,895806.14,33,0,0.0,0.0,9999,27
CUST00974,43,Male,221072.07,97,14,34350.0,2453.57,20,25
CUST00975,52,Male,316261.62,45,13,7490.0,576.15,15,19
CUST00976,51,Female,430515.01,7,2,1660.0,830.0,47,22
CUST00977,52,Female,199637.82,106,4,15630.0,3907.5,15,27
CUST00978,57,Female,478717.11,18,17,24320.0,1430.59,1,26
CUST00979,33,Female,588756.37,70,15,18780.0,1252.0,13,29
CUST00980,55,Male,620494.87,45,7,13850.0,1978.57,314,22
CUST00981,30,Female,417675.42,37,2,2140.0,1070.0,174,24
CUST00982,40,Male,425897.37,21,5,7450.0,1490.0,70,27
CUST00983,39,Female,315777.46,90,12,18660.0,1555.0,37,26
CUST00984,33,Female,225323.15,79,5,7350.0,1470.0,36,18
CUST00985,45,Female,459541.49,44,8,15270.0,1908.75,17,22
CUST00986,65,Female,600860.73,118,8,13820.0,1727.5,63,19
CUST00987,52,Female,503617.18,30,7,19590.0,2798.57,44,29
CUST00988,62,Female,823588.94,11,3,7620.0,2540.0,33,30
CUST00989,63,Male,584076.71,8,2,3850.0,1925.0,109,39
CUST00990,25,Male,672757.72,5,7,13980.0,1997.14,1,25
CUST00991,61,Female,539193.56,8,3,5950.0,1983.33,35,30
CUST00992,39,Female,1154277.6,5,4,9000.0,2250.0,49,21
CUST00993,38,Male,401090.44,10,6,23770.0,3961.67,3,34
CUST00994,43,Male,678615.79,15,2,3570.0,1785.0,88,33
CUST00995,57,Male,558983.3,102,10,53280.0,5328.0,101,29
CUST00996,38,Female,696951.68,56,4,18140.0,4535.0,285,19
CUST00997,42,Male,580962.8,114,1,3050.0,3050.0,388,31
CUST00998,58,Male,490552.16,55,25,65500.0,2620.0,42,24
CUST00999,18,Female,592771.52,3,15,36510.0,2434.0,0,27
CUST01000,23,Female,627106.78,41,19,32940.0,1733.68,63,23
CUST01001,40,Male,664968.37,10,21,34580.0,1646.67,17,22
CUST01002,68,Male,965925.77,7,19,25260.0,1329.47,5,18
CUST01003,40,Female,545534.87,63,5,13900.0,2780.0,116,25
CUST01004,60,Male,305145.75,115,15,41410.0,2760.67,58,27
CUST01005,60,Other,538438.87,63,10,15490.0,1549.0,176,25
CUST01006,40,Female,409277.96,88,9,12200.0,1355.56,67,26
CUST01007,49,Male,404262.85,26,0,0.0,0.0,9999,27
CUST01008,47,Female,432667.32,34,2,1280.0,640.0,158,22
CUST01009,30,Male,333079.1,72,5,3320.0,664.0,295,17
CUST01010,60,Male,180000.0,39,16,32660.0,2041.25,21,24
CUST01011,35,Female,971119.35,60,3,14600.0,4866.67,9,31
CUST01012,40,Female,401324.88,69,11,28120.0,2556.36,58,26
CUST01013,32,Male,231157.39,100,8,29100.0,3637.5,228,22
CUST01014,50,Male,541894.47,107,4,18170.0,4542.5,96,24
CUST01015,38,Male,659608.46,26,7,15130.0,2161.43,210,27
CUST01016,56,Male,461498.68,62,10,25800.0,2580.0,166,24
CUST01017,40,Female,279984.09,10,6,14190.0,2365.0,74,17
CUST01018,44,Male,264431.38,97,1,1310.0,1310.0,15,38
CUST01019,62,Other,1395953.59,100,14,26070.0,1862.14,50,30
CUST01020,61,Male,265056.18,54,7,13500.0,1928.57,47,27
CUST01021,35,Female,240220.61,31,1,2220.0,2220.0,570,27
CUST01022,41,Female,435138.84,38,8,12690.0,1586.25,318,22
CUST01023,68,Female,723745.46,114,15,22290.0,1486.0,1,33
CUST01024,64,Male,1054615.9,25,10,11790.0,1179.0,148,23
CUST01025,57,Male,454239.14,109,4,4990.0,1247.5,244,29
CUST01026,68,Male,451425.88,77,4,5020.0,1255.0,74,21
CUST01027,59,Other,280570.04,65,3,3600.0,1200.0,427,23
CUST01028,24,Female,815924.04,100,16,24730.0,1545.62,120,29
CUST01029,67,Female,484556.23,100,1,1720.0,1720.0,35,25
CUST01030,65,Female,491732.96,50,13,21310.0,1639.23,20,23
CUST01031,37,Male,607684.39,24,1,11160.0,11160.0,430,32
CUST01032,44,Female,572741.39,27,8,13230.0,1653.75,15,22
CUST01033,23,Other,469412.28,82,1,2100.0,2100.0,568,27
CUST01034,44,Male,906008.7,50,1,1460.0,1460.0,722,22
CUST01035,26,Male,242972.65,111,4,8420.0,2105.0,60,28
CUST01036,70,Female,549874.64,50,4,3770.0,942.5,93,26
CUST01037,62,Male,600543.02,15,4,13970.0,3492.5,172,28
CUST01038,48,Male,415312.46,17,11,21840.0,1985.45,93,32
CUST01039,38,Female,659848.63,29,14,21430.0,1530.71,17,32
CUST01040,43,Female,673843.58,5,1,630.0,630.0,84,26
CUST01041,57,Male,823879.73,11,5,17680.0,3536.0,38,14
CUST01042,65,Male,475518.72,80,7,9460.0,1351.43,271,18
CUST01043,62,Female,453452.78,52,5,9650.0,1930.0,99,23
CUST01044,30,Female,637303.26,34,6,21640.0,3606.67,0,26
CUST01045,66,Male,457483.42,81,9,24280.0,2697.78,197,32
CUST01046,40,Female,252144.75,33,4,7910.0,1977.5,1,22
CUST01047,37,Female,737081.61,114,3,5040.0,1680.0,0,29
CUST01048,54,Female,219023.66,49,6,8510.0,1418.33,60,26
CUST01049,70,Male,599060.57,31,2,4790.0,2395.0,474,19
CUST01050,45,Male,1567018.67,18,15,21530.0,1435.33,44,31
CUST01051,34,Female,635590.66,115,4,8600.0,2150.0,59,21
CUST01052,45,Male,365863.52,89,13,33960.0,2612.31,12,21
CUST01053,58,Female,408092.65,5,4,12250.0,3062.5,1,15
CUST01054,19,Male,590747.56,30,12,23350.0,1945.83,8,22
CUST01055,42,Male,495214.4,45,12,43290.0,3607.5,0,29
CUST01056,67,Male,702694.15,120,2,8450.0,4225.0,43,26
CUST01057,58,Male,960203.98,87,4,6200.0,1550.0,79,20
CUST01058,23,Female,903335.06,38,5,3790.0,758.0,20,25
CUST01059,28,Male,297225.61,109,18,33440.0,1857.78,1,28
CUST01060,55,Female,503612.71,82,0,0.0,0.0,9999,27
CUST01061,23,Female,624136.34,96,17,25030.0,1472.35,31,23
CUST01062,62,Male,989532.43,94,19,69180.0,3641.05,45,25
CUST01063,28,Female,587711.75,29,4,7690.0,1922.5,103,29
CUST01064,31,Male,367580.73,36,7,26150.0,3735.71,95,24
CUST01065,19,Female,608123.1,9,2,2390.0,1195.0,0,26
CUST01066,57,Female,1133750.6,23,1,340.0,340.0,490,24
CUST01067,20,Male,446316.1,3,2,2240.0,1120.0,46,24
CUST01068,70,Male,364675.09,86,11,17080.0,1552.73,21,20
CUST01069,52,Female,492747.02,56,13,19720.0,1516.92,119,16
CUST01070,50,Female,373050.64,120,9,30260.0,3362.22,27,32
CUST01071,41,Male,725421.51,40,3,6270.0,2090.0,249,22
CUST01072,36,Female,374275.21,109,2,2410.0,1205.0,6,25
CUST01073,35,Male,894484.82,56,7,10030.0,1432.86,78,23
CUST01074,66,Female,624834.57,58,8,16260.0,2032.5,50,28
CUST01075,69,Male,684204.67,31,7,7390.0,1055.71,35,33
CUST01076,41,Female,681850.24,86,6,9020.0,1503.33,219,20
CUST01077,62,Male,733589.37,11,5,18800.0,3760.0,68,33
CUST01078,52,Female,435019.26,42,4,13040.0,3260.0,3,36
CUST01079,18,Female,321976.4,107,7,16740.0,2391.43,109,28
CUST01080,53,Female,403564.63,3,14,31480.0,2248.57,0,30
CUST01081,42,Female,758594.44,57,23,42270.0,1837.83,19,22
CUST01082,62,Female,225809.48,14,10,11460.0,1146.0,26,24
CUST01083,66,Female,203321.37,46,5,10050.0,2010.0,508,33
CUST01084,60,Female,553168.65,19,4,7940.0,1985.0,90,24
CUST01085,51,Female,731075.69,60,7,12210.0,1744.29,150,26
CUST01086,42,Female,777127.09,31,14,33350.0,2382.14,22,21
CUST01087,33,Female,325951.83,36,2,2010.0,1005.0,366,22
CUST01088,51,Male,294066.29,32,16,37340.0,2333.75,62,31
CUST01089,46,Female,367180.6,63,7,10850.0,1550.0,42,27
CUST01090,36,Male,418990.69,26,3,4190.0,1396.67,269,29
CUST01091,40,Female,429973.13,65,17,35890.0,2111.18,281,23
CUST01092,36,Female,528022.14,2,10,11030.0,1103.0,1,17
CUST01093,42,Other,941184.7,70,7,17860.0,2551.43,157,30
CUST01094,33,Male,486521.67,45,21,28490.0,1356.67,8,33
CUST01095,68,Male,762460.36,78,3,8770.0,2923.33,61,26
CUST01096,26,Female,671292.8,92,14,27490.0,1963.57,8,29
CUST01097,18,Male,363215.7,97,5,9820.0,1964.0,273,30
CUST01098,59,Male,667807.99,25,5,6120.0,1224.0,11,24
CUST01099,36,Female,647477.32,40,2,8040.0,4020.0,202,23
CUST01100,50,Female,499876.23,18,7,21240.0,3034.29,69,22
CUST01101,51,Male,540682.69,110,20,41180.0,2059.0,48,20
CUST01102,33,Female,487160.41,98,3,7540.0,2513.33,414,13
CUST01103,61,Male,305880.77,120,14,31890.0,2277.86,115,31
CUST01104,57,Female,1449772.85,12,24,26860.0,1119.17,1,9
CUST01105,35,Male,803987.69,91,7,31380.0,4482.86,193,32
CUST01106,51,Female,633875.28,24,9,22200.0,2466.67,55,24
CUST01107,42,Male,416649.86,97,11,40140.0,3649.09,377,29
CUST01108,62,Female,479767.11,117,5,13050.0,2610.0,267,18
CUST01109,23,Male,295130.51,79,4,6730.0,1682.5,10,21
CUST01110,38,Female,617747.99,43,17,35880.0,2110.59,62,20
CUST01111,23,Male,581662.82,32,7,16140.0,2305.71,38,27
CUST01112,49,Male,455619.25,114,4,17360.0,4340.0,106,21
CUST01113,58,Female,506776.48,81,17,17830.0,1048.82,4,15
CUST01114,65,Female,437148.43,99,13,14670.0,1128.46,46,19
CUST01115,60,Male,400313.44,47,18,35030.0,1946.11,18,26
CUST01116,56,Male,352564.57,45,11,27660.0,2514.55,63,27
CUST01117,48,Male,315841.42,35,5,9640.0,1928.0,0,20
CUST01118,59,Male,364581.96,77,9,19090.0,2121.11,44,27
CUST01119,27,Male,377397.94,9,4,7700.0,1925.0,41,14
CUST01120,47,Male,816272.17,10,16,59960.0,3747.5,39,34
CUST01121,69,Female,378501.19,65,10,9720.0,972.0,71,26
CUST01122,35,Female,200188.03,59,8,20290.0,2536.25,289,22
CUST01123,41,Male,570132.91,98,9,16190.0,1798.89,180,25
CUST01124,69,Other,661977.77,57,9,19520.0,2168.89,32,25
CUST01125,26,Female,773211.5,110,11,25670.0,2333.64,17,21
CUST01126,48,Male,538820.22,101,4,8440.0,2110.0,73,24
CUST01127,32,Male,299333.73,89,16,47930.0,2995.62,55,20
CUST01128,21,Female,349006.23,86,4,8540.0,2135.0,119,32
CUST01129,57,Male,655030.61,10,1,2740.0,2740.0,297,20
CUST01130,26,Male,964081.66,90,19,28350.0,1492.11,16,30
CUST01131,62,Female,298958.9,19,3,3050.0,1016.67,60,28
CUST01132,26,Female,550029.06,104,4,12230.0,3057.5,49,14
CUST01133,43,Male,389508.19,109,3,3880.0,1293.33,158,23
CUST01134,21,Female,345080.1,105,19,39890.0,2099.47,4,30
CUST01135,34,Female,507936.61,50,10,31370.0,3137.0,36,29
CUST01136,33,Female,470815.76,68,7,14620.0,2088.57,62,29
CUST01137,32,Female,201043.75,104,26,84060.0,3233.08,18,18
CUST01138,52,Male,547479.29,5,9,19510.0,2167.78,4,22
CUST01139,69,Female,579549.55,29,19,48590.0,2557.37,57,30
CUST01140,22,Male,699875.79,102,0,0.0,0.0,9999,24
CUST01141,22,Male,386406.78,116,0,0.0,0.0,9999,23
CUST01142,37,Male,244712.36,5,20,75070.0,3753.5,6,26
CUST01143,32,Male,413649.42,60,15,26140.0,1742.67,48,30
CUST01144,35,Male,686959.18,65,18,38580.0,2143.33,24,32
CUST01145,64,Male,483218.28,28,4,5990.0,1497.5,124,31
CUST01146,19,Male,732744.02,83,1,2780.0,2780.0,668,23
CUST01147,46,Female,278439.74,100,8,12450.0,1556.25,202,17
CUST01148,30,Male,720576.72,1,6,10810.0,1801.67,6,34
CUST01149,21,Female,559295.79,29,8,11970.0,1496.25,39,21
CUST01150,59,Male,426197.26,51,3,2690.0,896.67,233,22
CUST01151,62,Male,809378.74,36,7,11240.0,1605.71,9,19
CUST01152,27,Male,557029.93,32,8,27180.0,3397.5,25,20
CUST01153,48,Male,321087.95,64,11,39920.0,3629.09,9,29
CUST01154,58,Female,777785.99,14,3,6540.0,2180.0,63,21
CUST01155,25,Male,448467.74,32,12,21440.0,1786.67,13,19
CUST01156,20,Other,508382.44,110,7,17720.0,2531.43,90,23
CUST01157,65,Other,339042.68,9,18,34090.0,1893.89,14,28
CUST01158,63,Male,488506.68,83,10,13250.0,1325.0,32,30
CUST01159,26,Female,326647.07,11,8,13730.0,1716.25,33,19
CUST01160,47,Male,462719.43,48,6,9220.0,1536.67,11,27
CUST01161,70,Female,506950.8,51,14,43380.0,3098.57,48,23
CUST01162,28,Female,656686.31,4,5,7700.0,1540.0,33,28
CUST01163,52,Male,265505.1,41,2,6150.0,3075.0,335,19
CUST01164,54,Male,785214.89,25,19,47880.0,2520.0,87,28
CUST01165,59,Male,796354.24,17,21,33310.0,1586.19,1,24
CUST01166,30,Male,459235.45,47,8,16930.0,2116.25,23,33
CUST01167,53,Female,529897.12,8,5,25140.0,5028.0,40,22
CUST01168,30,Male,573950.94,58,1,1520.0,1520.0,583,20
CUST01169,29,Male,519114.41,109,3,9300.0,3100.0,122,26
CUST01170,54,Male,655993.79,1,3,9220.0,3073.33,2,20
CUST01171,27,Female,420040.16,2,10,16890.0,1689.0,3,18
CUST01172,26,Male,355153.58,10,4,14140.0,3535.0,172,19
CUST01173,69,Female,606244.71,91,2,4090.0,2045.0,248,29
CUST01174,24,Female,251634.97,117,15,19330.0,1288.67,14,28
CUST01175,19,Female,660619.57,27,11,23130.0,2102.73,43,24
CUST01176,40,Female,692127.71,13,11,15430.0,1402.73,6,24
CUST01177,56,Male,351628.93,63,2,4100.0,2050.0,97,34
CUST01178,57,Male,948182.61,11,14,42100.0,3007.14,3,22
CUST01179,56,Female,426915.73,14,24,33360.0,1390.0,23,19
CUST01180,38,Female,410694.55,96,20,59120.0,2956.0,40,25
CUST01181,40,Female,372606.74,80,14,45950.0,3282.14,41,25
CUST01182,46,Male,611707.98,93,1,2380.0,2380.0,433,24
CUST01183,31,Male,419261.78,102,14,23070.0,1647.86,63,25
CUST01184,43,Other,261883.0,98,4,10240.0,2560.0,252,32
CUST01185,68,Male,583087.13,26,9,15900.0,1766.67,0,18
CUST01186,22,Male,438573.2,69,24,55100.0,2295.83,60,22
CUST01187,48,Male,815070.69,83,3,8970.0,2990.0,79,23
CUST01188,42,Other,574530.61,39,19,42810.0,2253.16,17,25
CUST01189,48,Male,563618.59,92,7,18440.0,2634.29,80,27
CUST01190,67,Male,789291.94,28,2,7610.0,3805.0,274,25
CUST01191,37,Female,537331.42,17,3,6940.0,2313.33,405,20
CUST01192,61,Male,710946.69,37,7,10060.0,1437.14,137,17
CUST01193,34,Female,373223.3,108,6,16630.0,2771.67,140,32
CUST01194,62,Female,1048719.99,83,8,12530.0,1566.25,9,23
CUST01195,19,Male,565976.37,27,5,7070.0,1414.0,130,19
CUST01196,42,Female,291147.08,114,5,6670.0,1334.0,104,21
CUST01197,30,Female,532000.01,76,16,53460.0,3341.25,61,22
CUST01198,56,Male,543814.31,67,7,10420.0,1488.57,79,21
CUST01199,45,Male,528882.4,68,18,18710.0,1039.44,0,19
CUST01200,59,Female,180000.0,47,4,3240.0,810.0,443,29
CUST01201,23,Male,390711.93,111,20,47330.0,2366.5,12,36
CUST01202,20,Female,268358.9,75,14,31680.0,2262.86,47,18
CUST01203,52,Female,270114.97,34,1,2570.0,2570.0,288,24
CUST01204,35,Male,538882.01,18,8,12840.0,1605.0,62,20
CUST01205,28,Female,388475.46,35,11,38150.0,3468.18,18,28
CUST01206,37,Male,424505.83,18,7,9770.0,1395.71,3,26
CUST01207,22,Female,334248.96,110,7,12210.0,1744.29,42,15
CUST01208,36,Male,930105.92,70,10,31070.0,3107.0,242,38
CUST01209,39,Female,509054.25,34,9,16040.0,1782.22,25,30
CUST01210,36,Female,251935.03,33,10,22110.0,2211.0,138,26
CUST01211,64,Female,668094.61,72,5,7540.0,1508.0,184,19
CUST01212,33,Female,428578.05,106,3,10700.0,3566.67,184,36
CUST01213,41,Female,855558.67,84,2,7530.0,3765.0,222,22
CUST01214,58,Male,498177.86,114,12,21260.0,1771.67,17,21
CUST01215,21,Female,365567.92,84,8,31400.0,3925.0,159,28
CUST01216,32,Female,391774.8,43,4,15790.0,3947.5,166,26
CUST01217,42,Female,417187.52,82,9,21950.0,2438.89,99,21
CUST01218,61,Female,623281.59,27,2,8320.0,4160.0,54,14
CUST01219,52,Male,351184.88,48,6,15180.0,2530.0,93,25
CUST01220,31,Male,875035.45,69,18,14310.0,795.0,24,21
CUST01221,66,Male,590201.77,71,7,14350.0,2050.0,21,22
CUST01222,36,Female,553127.79,22,2,5470.0,2735.0,98,19
CUST01223,55,Male,516708.41,34,13,21500.0,1653.85,46,27
CUST01224,53,Female,495497.53,43,5,12240.0,2448.0,11,25
CUST01225,24,Male,282399.33,77,21,58880.0,2803.81,10,27
CUST01226,47,Male,570348.81,116,7,20790.0,2970.0,23,20
CUST01227,36,Male,1189381.62,96,21,42590.0,2028.1,24,28
CUST01228,66,Male,682612.76,88,3,3240.0,1080.0,404,25
CUST01229,42,Female,609057.84,16,6,13660.0,2276.67,55,27
CUST01230,33,Male,250603.82,14,11,17950.0,1631.82,9,37
CUST01231,64,Male,815147.23,39,9,28630.0,3181.11,95,22
CUST01232,57,Male,717472.09,71,8,12750.0,1593.75,15,31
CUST01233,68,Female,845518.96,108,2,4440.0,2220.0,608,34
CUST01234,25,Female,332910.13,12,5,5340.0,1068.0,17,30
CUST01235,35,Male,417660.01,84,14,23150.0,1653.57,147,20
CUST01236,45,Female,256213.7,97,11,18400.0,1672.73,63,32
CUST01237,33,Male,246677.42,55,3,5980.0,1993.33,261,25
CUST01238,69,Male,385674.94,6,4,12920.0,3230.0,89,20
CUST01239,36,Female,617144.08,40,3,5850.0,1950.0,33,22
CUST01240,59,Male,414560.7,91,4,19400.0,4850.0,153,30
CUST01241,34,Female,369995.88,13,7,35360.0,5051.43,158,28
CUST01242,62,Male,582514.67,69,12,13010.0,1084.17,6,24
CUST01243,30,Female,180000.0,24,1,2260.0,2260.0,21,31
CUST01244,24,Male,391710.09,74,12,16750.0,1395.83,132,26
CUST01245,44,Female,582216.67,59,6,7040.0,1173.33,97,25
CUST01246,27,Female,416991.46,46,6,19760.0,3293.33,116,13
CUST01247,51,Male,897174.34,120,10,15360.0,1536.0,34,37
CUST01248,53,Female,371305.78,96,18,31920.0,1773.33,3,30
CUST01249,42,Male,383039.75,73,6,13170.0,2195.0,395,21
CUST01250,23,Female,320822.06,113,17,15170.0,892.35,4,26
CUST01251,41,Male,355542.24,99,13,11820.0,909.23,96,31
CUST01252,35,Male,566378.82,44,16,66340.0,4146.25,76,36
CUST01253,40,Female,719283.75,76,11,13690.0,1244.55,1,23
CUST01254,23,Male,1318593.79,11,15,54180.0,3612.0,11,31
CUST01255,46,Female,648359.51,118,17,29680.0,1745.88,24,25
CUST01256,42,Male,294294.2,61,10,16550.0,1655.0,15,29
CUST01257,34,Male,874236.64,36,7,10590.0,1512.86,80,36
CUST01258,63,Female,622548.16,72,1,1210.0,1210.0,138,20
CUST01259,41,Female,506497.87,10,14,36560.0,2611.43,1,21
CUST01260,28,Male,808270.64,78,1,810.0,810.0,270,29
CUST01261,43,Male,1451260.0,94,18,36250.0,2013.89,20,17
CUST01262,68,Male,459234.99,1,9,15810.0,1756.67,3,20
CUST01263,51,Male,343701.07,63,0,0.0,0.0,9999,27
CUST01264,45,Male,908642.37,12,5,15410.0,3082.0,23,28
CUST01265,20,Male,1652341.43,5,5,8520.0,1704.0,87,22
CUST01266,28,Female,533685.22,78,13,31160.0,2396.92,123,21
CUST01267,55,Female,507003.82,36,3,8570.0,2856.67,242,22
CUST01268,31,Male,540265.62,17,7,7560.0,1080.0,63,25
CUST01269,68,Male,612045.49,58,19,23520.0,1237.89,81,22
CUST01270,43,Male,265282.59,22,8,15600.0,1950.0,10,19
CUST01271,65,Female,573789.26,31,7,14850.0,2121.43,360,20
CUST01272,38,Female,565473.49,26,0,0.0,0.0,9999,27
CUST01273,56,Female,551022.82,13,4,7720.0,1930.0,50,27
CUST01274,47,Female,539024.08,63,3,5840.0,1946.67,406,28
CUST01275,25,Female,522138.52,67,16,50680.0,3167.5,17,17
CUST01276,68,Male,194224.78,107,12,10550.0,879.17,0,19
CUST01277,37,Male,361455.27,63,15,33040.0,2202.67,20,25
CUST01278,65,Female,734907.3,11,7,6690.0,955.71,80,27
CUST01279,49,Male,816731.26,69,19,28620.0,1506.32,18,17
CUST01280,39,Female,413360.13,64,4,10780.0,2695.0,66,23
CUST01281,24,Female,325112.73,102,8,14250.0,1781.25,45,28
CUST01282,26,Female,690380.27,68,5,8400.0,1680.0,168,33
CUST01283,62,Male,565315.57,32,8,9820.0,1227.5,80,29
CUST01284,18,Female,473275.09,74,14,16970.0,1212.14,15,24
CUST01285,46,Female,736892.73,10,26,53200.0,2046.15,15,29
CUST01286,25,Female,294177.11,108,10,18590.0,1859.0,77,29
CUST01287,21,Female,843061.51,54,13,39600.0,3046.15,65,25
CUST01288,52,Other,254345.6,55,4,3850.0,962.5,119,33
CUST01289,20,Male,344899.84,82,13,22150.0,1703.85,10,18
CUST01290,62,Male,313000.51,62,24,36910.0,1537.92,7,26
CUST01291,57,Male,384714.94,111,18,27150.0,1508.33,89,34
CUST01292,24,Male,573836.17,55,1,1660.0,1660.0,607,20
CUST01293,44,Female,678509.75,87,20,48500.0,2425.0,21,17
CUST01294,18,Other,481985.12,82,13,16430.0,1263.85,9,32
CUST01295,44,Male,281373.42,35,2,4660.0,2330.0,516,21
CUST01296,33,Male,203239.93,67,23,71840.0,3123.48,43,22
CUST01297,55,Male,731776.81,65,22,58490.0,2658.64,31,18
CUST01298,24,Female,692128.24,17,7,12560.0,1794.29,21,24
CUST01299,61,Male,809568.42,42,5,9920.0,1984.0,33,19
CUST01300,40,Male,471069.65,59,7,7270.0,1038.57,34,21
CUST01301,58,Male,675381.63,70,9,11960.0,1328.89,186,29
CUST01302,28,Male,374957.43,11,4,8630.0,2157.5,73,29
CUST01303,59,Female,620716.74,78,16,22380.0,1398.75,7,17
CUST01304,70,Male,402926.04,113,11,21100.0,1918.18,59,31
CUST01305,50,Male,346608.01,28,15,19200.0,1280.0,13,37
CUST01306,67,Male,555021.5,39,6,12000.0,2000.0,23,32
CUST01307,53,Female,542129.38,54,2,3420.0,1710.0,74,26
CUST01308,54,Female,753578.55,100,7,18340.0,2620.0,34,18
CUST01309,58,Male,280494.4,11,6,10390.0,1731.67,102,24
CUST01310,34,Male,758854.36,115,3,2680.0,893.33,91,26
CUST01311,52,Female,530096.77,105,4,19080.0,4770.0,200,18
CUST01312,65,Male,808507.33,58,20,72240.0,3612.0,92,28
CUST01313,22,Female,804759.92,117,2,4590.0,2295.0,443,22
CUST01314,65,Male,180000.0,40,5,18730.0,3746.0,190,27
CUST01315,49,Male,801506.45,116,18,56640.0,3146.67,2,23
CUST01316,20,Female,817694.88,4,8,14410.0,1801.25,9,19
CUST01317,69,Female,283827.54,64,4,8560.0,2140.0,55,31
CUST01318,64,Female,247587.08,48,5,13460.0,2692.0,113,24
CUST01319,52,Male,708559.39,70,0,0.0,0.0,9999,34
CUST01320,69,Male,526227.25,102,11,28250.0,2568.18,68,24
CUST01321,31,Male,374472.95,83,14,31010.0,2215.0,145,32
CUST01322,65,Female,955333.45,31,5,13710.0,2742.0,45,19
CUST01323,48,Female,572922.99,2,4,4530.0,1132.5,0,29
CUST01324,48,Male,195574.97,43,18,50140.0,2785.56,5,27
CUST01325,34,Female,316301.06,89,8,16040.0,2005.0,155,28
CUST01326,41,Female,799239.04,114,2,5820.0,2910.0,68,28
CUST01327,69,Male,508120.21,41,7,13090.0,1870.0,65,26
CUST01328,40,Female,361668.49,60,7,25640.0,3662.86,229,25
CUST01329,35,Male,612915.11,112,16,18140.0,1133.75,25,34
CUST01330,67,Male,380369.15,75,9,24090.0,2676.67,24,25
CUST01331,31,Other,285263.69,46,10,18150.0,1815.0,2,27
CUST01332,67,Male,790075.21,40,12,17240.0,1436.67,3,25
CUST01333,32,Male,845558.32,59,11,49250.0,4477.27,43,28
CUST01334,32,Female,620868.23,45,13,15190.0,1168.46,87,26
CUST01335,23,Other,250644.81,42,13,30910.0,2377.69,44,29
CUST01336,44,Other,1149620.46,119,9,17460.0,1940.0,46,24
CUST01337,32,Female,1132094.96,108,5,9780.0,1956.0,279,16
CUST01338,67,Male,886675.25,21,13,31300.0,2407.69,6,28
CUST01339,53,Female,573235.51,3,1,990.0,990.0,87,29
CUST01340,25,Female,520917.44,66,14,21730.0,1552.14,17,27
CUST01341,32,Male,608737.15,11,12,39390.0,3282.5,31,16
CUST01342,20,Female,299133.44,24,1,1670.0,1670.0,17,25
CUST01343,64,Male,391256.86,50,7,21560.0,3080.0,100,23
CUST01344,30,Male,384057.89,88,4,6990.0,1747.5,5,27
CUST01345,58,Female,657098.63,21,7,9050.0,1292.86,10,34
CUST01346,51,Female,558797.87,25,11,20170.0,1833.64,118,32
CUST01347,41,Male,324854.98,4,1,2150.0,2150.0,10,27
CUST01348,57,Male,244187.99,104,2,9930.0,4965.0,235,25
CUST01349,49,Female,586772.94,43,5,3050.0,610.0,41,27
CUST01350,49,Male,309872.65,47,11,40660.0,3696.36,18,29
CUST01351,47,Male,284221.43,23,14,29560.0,2111.43,25,27
CUST01352,69,Female,1284368.44,60,3,5890.0,1963.33,526,23
CUST01353,66,Female,1413700.12,88,10,30030.0,3003.0,24,27
CUST01354,30,Female,408519.33,21,19,19680.0,1035.79,87,16
CUST01355,18,Female,220097.22,66,4,7670.0,1917.5,44,27
CUST01356,51,Female,862206.02,87,4,12800.0,3200.0,177,26
CUST01357,32,Female,581641.23,51,5,14340.0,2868.0,90,22
CUST01358,61,Male,707060.17,15,12,23290.0,1940.83,46,17
CUST01359,31,Female,375766.91,58,4,7600.0,1900.0,61,29
CUST01360,46,Male,313366.68,26,1,2740.0,2740.0,344,23
CUST01361,51,Male,448928.89,90,10,18400.0,1840.0,54,34
CUST01362,35,Male,540793.75,92,10,17730.0,1773.0,55,26
CUST01363,24,Female,359766.79,59,15,29650.0,1976.67,34,25
CUST01364,46,Male,896143.58,90,10,19320.0,1932.0,148,18
CUST01365,48,Male,228783.15,45,8,14020.0,1752.5,16,28
CUST01366,42,Female,601107.84,66,1,1390.0,1390.0,614,24
CUST01367,55,Female,529231.7,35,6,12120.0,2020.0,26,31
CUST01368,31,Female,865301.05,96,14,38790.0,2770.71,2,31
CUST01369,25,Male,324710.82,94,7,22150.0,3164.29,129,22
CUST01370,44,Male,686929.15,110,0,0.0,0.0,9999,36
CUST01371,19,Female,619743.52,64,9,15450.0,1716.67,89,23
CUST01372,34,Male,558062.52,84,14,18700.0,1335.71,26,19
CUST01373,54,Female,335510.44,77,5,14310.0,2862.0,192,25
CUST01374,31,Male,353084.26,27,10,15460.0,1546.0,212,31
CUST01375,42,Female,437583.57,87,9,24490.0,2721.11,39,30
CUST01376,47,Male,398780.67,80,8,24010.0,3001.25,291,24
CUST01377,46,Male,881529.74,31,3,7430.0,2476.67,69,25
CUST01378,37,Female,531449.99,12,14,19170.0,1369.29,34,27
CUST01379,38,Male,714976.82,97,3,6440.0,2146.67,130,30
CUST01380,70,Male,260234.47,102,4,2660.0,665.0,45,19
CUST01381,39,Female,218267.41,45,5,14600.0,2920.0,38,28
CUST01382,52,Male,461550.9,32,17,36830.0,2166.47,112,23
CUST01383,54,Male,281293.63,54,2,5480.0,2740.0,289,15
CUST01384,33,Male,509053.83,120,4,4890.0,1222.5,86,28
CUST01385,67,Male,342136.85,66,1,710.0,710.0,486,20
CUST01386,66,Male,573863.54,114,16,47480.0,2967.5,14,23
CUST01387,60,Female,351542.68,113,12,29010.0,2417.5,64,25
CUST01388,34,Female,643602.92,115,15,31300.0,2086.67,43,33
CUST01389,33,Male,336351.98,87,4,26820.0,6705.0,211,22
CUST01390,19,Male,216084.98,32,3,5000.0,1666.67,107,20
CUST01391,21,Female,733864.53,15,12,21440.0,1786.67,1,21
CUST01392,38,Other,353781.8,104,9,19840.0,2204.44,149,28
CUST01393,56,Male,927260.55,55,0,0.0,0.0,9999,28
CUST01394,51,Female,374627.09,41,12,59990.0,4999.17,12,29
CUST01395,47,Female,345299.3,40,14,35230.0,2516.43,4,18
CUST01396,23,Male,440009.57,72,2,3540.0,1770.0,305,20
CUST01397,34,Male,388554.93,107,3,5580.0,1860.0,614,28
CUST01398,56,Male,529209.17,114,6,15180.0,2530.0,8,32
CUST01399,42,Female,599307.31,49,22,75650.0,3438.64,92,25
CUST01400,22,Female,641644.2,86,13,16840.0,1295.38,64,21
CUST01401,22,Female,481078.73,119,3,3480.0,1160.0,279,17
CUST01402,37,Male,254490.99,38,15,65770.0,4384.67,63,27
CUST01403,33,Female,1085890.72,119,1,2040.0,2040.0,97,35
CUST01404,68,Female,423440.76,56,4,6030.0,1507.5,173,27
CUST01405,58,Female,413617.14,34,5,5690.0,1138.0,464,29
CUST01406,54,Male,480396.82,1,12,25030.0,2085.83,0,21
CUST01407,57,Female,444530.26,10,15,42470.0,2831.33,20,27
CUST01408,26,Male,227587.39,40,21,28900.0,1376.19,8,27
CUST01409,22,Female,647644.82,16,2,5060.0,2530.0,46,35
CUST01410,59,Female,345647.14,88,9,13950.0,1550.0,41,25
CUST01411,19,Male,432200.67,46,1,3510.0,3510.0,354,27
CUST01412,26,Female,1103575.77,24,5,16970.0,3394.0,40,21
CUST01413,60,Male,764810.06,112,5,12170.0,2434.0,193,24
CUST01414,53,Female,1032870.75,14,0,0.0,0.0,9999,21
CUST01415,39,Male,368688.6,90,10,14780.0,1478.0,189,21
CUST01416,39,Female,694452.87,39,10,22540.0,2254.0,40,25
CUST01417,39,Female,599488.16,18,3,3590.0,1196.67,37,26
CUST01418,51,Male,487859.57,84,4,6830.0,1707.5,320,26
CUST01419,46,Female,356680.17,41,2,14440.0,7220.0,26,31
CUST01420,55,Male,814586.04,56,3,3530.0,1176.67,322,21
CUST01421,63,Male,396730.51,36,14,12710.0,907.86,0,20
CUST01422,50,Female,531623.45,24,13,16250.0,1250.0,96,25
CUST01423,35,Female,754088.07,90,4,7600.0,1900.0,125,24
CUST01424,24,Female,322170.47,29,8,17880.0,2235.0,139,21
CUST01425,18,Female,306348.22,112,4,4770.0,1192.5,403,21
CUST01426,50,Female,1551310.82,22,16,27600.0,1725.0,26,32
CUST01427,18,Female,339536.19,11,16,34820.0,2176.25,88,27
CUST01428,41,Female,1034981.69,41,12,16290.0,1357.5,63,25
CUST01429,21,Female,488215.35,49,9,14010.0,1556.67,39,25
CUST01430,21,Male,412800.4,118,26,76840.0,2955.38,2,27
CUST01431,35,Male,431650.58,11,9,21410.0,2378.89,1,27
CUST01432,44,Female,486195.35,52,3,3560.0,1186.67,266,23
CUST01433,60,Female,912938.93,67,15,54030.0,3602.0,1,22
CUST01434,49,Female,702646.16,85,17,21090.0,1240.59,26,13
CUST01435,50,Male,454583.54,75,13,29070.0,2236.15,5,32
CUST01436,45,Other,215936.66,8,14,24780.0,1770.0,7,21
CUST01437,59,Male,504660.63,31,8,7930.0,991.25,41,23
CUST01438,58,Female,530799.45,74,9,25870.0,2874.44,124,32
CUST01439,53,Male,880896.98,6,17,30230.0,1778.24,8,24
CUST01440,23,Male,258023.66,81,4,7120.0,1780.0,348,29
CUST01441,33,Female,400425.19,102,10,14950.0,1495.0,62,22
CUST01442,51,Other,394779.31,71,4,4270.0,1067.5,167,33
CUST01443,40,Male,487584.04,96,6,14700.0,2450.0,53,17
CUST01444,67,Male,520910.31,13,2,3640.0,1820.0,35,26
CUST01445,59,Male,609045.1,6,19,23860.0,1255.79,0,27
CUST01446,41,Male,213134.08,67,4,16230.0,4057.5,1,29
CUST01447,66,Male,540474.86,27,7,12350.0,1764.29,2,18
CUST01448,30,Female,558441.94,45,9,21680.0,2408.89,69,33
CUST01449,35,Female,517198.19,106,7,21720.0,3102.86,26,26
CUST01450,30,Male,461591.73,26,4,8510.0,2127.5,58,31
CUST01451,66,Female,180000.0,4,14,20480.0,1462.86,18,26
CUST01452,54,Male,645660.07,37,17,32400.0,1905.88,111,20
CUST01453,60,Male,322681.51,21,3,9340.0,3113.33,84,24
CUST01454,56,Male,659035.78,115,4,11100.0,2775.0,55,29
CUST01455,59,Female,877584.52,28,15,22520.0,1501.33,131,21
CUST01456,34,Male,235182.47,82,5,6330.0,1266.0,52,29
CUST01457,32,Male,650066.57,120,21,52960.0,2521.9,7,24
CUST01458,35,Male,286747.37,32,16,30500.0,1906.25,29,16
CUST01459,40,Male,490551.01,103,2,1320.0,660.0,77,27
CUST01460,68,Male,472450.4,53,14,19850.0,1417.86,101,27
CUST01461,47,Female,702746.49,33,0,0.0,0.0,9999,25
CUST01462,51,Female,657321.09,26,17,39260.0,2309.41,73,21
CUST01463,21,Female,562595.24,17,6,35900.0,5983.33,7,20
CUST01464,20,Male,238673.64,56,6,13150.0,2191.67,275,24
CUST01465,24,Male,180000.0,116,8,17870.0,2233.75,8,35
CUST01466,35,Male,753806.08,93,20,51930.0,2596.5,9,26
CUST01467,59,Male,699607.06,84,15,22070.0,1471.33,0,23
CUST01468,24,Female,319175.77,30,3,10500.0,3500.0,81,24
CUST01469,57,Male,584591.71,114,15,67930.0,4528.67,144,21
CUST01470,23,Male,455062.96,5,7,9160.0,1308.57,37,37
CUST01471,39,Female,815278.16,118,4,7380.0,1845.0,95,27
CUST01472,18,Male,519164.78,6,10,24790.0,2479.0,30,20
CUST01473,21,Other,749782.9,106,3,5780.0,1926.67,79,23
CUST01474,63,Male,379366.81,62,9,22140.0,2460.0,180,25
CUST01475,66,Female,568424.6,115,7,13070.0,1867.14,84,33
CUST01476,69,Male,415259.27,10,8,18270.0,2283.75,49,25
CUST01477,67,Other,378532.6,70,7,12340.0,1762.86,27,40
CUST01478,60,Male,180000.0,10,1,1120.0,1120.0,269,22
CUST01479,46,Female,757614.18,106,4,16180.0,4045.0,4,27
CUST01480,38,Male,1098795.9,85,5,13830.0,2766.0,30,33
CUST01481,43,Female,267738.4,44,28,49760.0,1777.14,26,23
CUST01482,31,Male,683157.91,56,13,22640.0,1741.54,6,19
CUST01483,26,Male,670465.13,4,9,27660.0,3073.33,23,18
CUST01484,64,Female,396643.84,13,3,2890.0,963.33,188,24
CUST01485,29,Other,358790.91,74,7,10050.0,1435.71,6,21
CUST01486,59,Male,850509.14,80,9,23450.0,2605.56,35,20
CUST01487,68,Female,811113.48,19,10,14680.0,1468.0,2,31
CUST01488,68,Male,612640.66,70,0,0.0,0.0,9999,30
CUST01489,23,Female,395686.34,90,8,5310.0,663.75,40,32
CUST01490,37,Female,816366.2,62,14,49810.0,3557.86,80,21
CUST01491,41,Female,343142.17,9,15,45400.0,3026.67,10,30
CUST01492,44,Female,947564.31,46,13,52970.0,4074.62,2,23
CUST01493,55,Female,1042212.72,56,10,24350.0,2435.0,75,26
CUST01494,25,Male,850882.57,74,5,16340.0,3268.0,192,18
CUST01495,18,Female,583399.25,40,19,46710.0,2458.42,90,29
CUST01496,66,Male,180000.0,67,17,55890.0,3287.65,17,25
CUST01497,66,Female,460105.93,113,8,9260.0,1157.5,33,26
CUST01498,41,Female,1106330.67,83,5,12910.0,2582.0,14,21
CUST01499,64,Male,762256.8,62,7,16880.0,2411.43,125,23
CUST01500,24,Female,608197.35,99,0,0.0,0.0,9999,30
CUST01501,36,Female,368053.34,46,2,4000.0,2000.0,11,18
CUST01502,39,Female,792815.67,6,20,31030.0,1551.5,9,22
CUST01503,52,Male,246354.78,29,1,1570.0,1570.0,493,29
CUST01504,47,Male,463002.25,19,6,15070.0,2511.67,21,23
CUST01505,46,Female,1093953.96,114,6,16550.0,2758.33,53,23
CUST01506,39,Male,348152.81,108,15,43550.0,2903.33,132,15
CUST01507,28,Male,657696.32,15,5,6380.0,1276.0,36,15
CUST01508,37,Female,226762.29,57,8,16310.0,2038.75,129,23
CUST01509,46,Male,372827.92,38,11,25710.0,2337.27,50,22
CUST01510,68,Female,542054.4,21,6,9710.0,1618.33,43,22
CUST01511,58,Female,586244.6,108,9,12920.0,1435.56,22,34
CUST01512,59,Female,1267698.46,51,9,24170.0,2685.56,91,36
CUST01513,51,Male,398530.98,39,6,25610.0,4268.33,108,25
CUST01514,18,Male,653344.43,87,19,43170.0,2272.11,39,28
CUST01515,48,Male,645148.35,20,9,20150.0,2238.89,21,18
CUST01516,47,Female,383609.81,106,13,27230.0,2094.62,297,35
CUST01517,65,Male,768764.12,114,3,12580.0,4193.33,311,22
CUST01518,35,Other,675386.84,2,1,3150.0,3150.0,60,26
CUST01519,34,Female,442103.58,109,12,26590.0,2215.83,65,20
CUST01520,55,Female,545784.49,32,5,2300.0,460.0,38,37
CUST01521,31,Male,324667.19,111,11,29800.0,2709.09,75,23
CUST01522,40,Male,335658.35,92,18,57640.0,3202.22,27,19
CUST01523,42,Female,495173.12,120,10,33960.0,3396.0,26,23
CUST01524,32,Male,699923.82,4,10,28930.0,2893.0,5,31
CUST01525,63,Male,430319.81,7,5,16220.0,3244.0,34,16
CUST01526,39,Male,378873.45,3,9,9570.0,1063.33,6,24
CUST01527,20,Female,450691.65,25,6,13230.0,2205.0,87,35
CUST01528,36,Female,725953.31,112,5,8400.0,1680.0,370,29
CUST01529,61,Female,272130.65,9,0,0.0,0.0,9999,16
CUST01530,51,Female,736725.35,87,0,0.0,0.0,9999,33
CUST01531,52,Male,629544.74,87,9,13310.0,1478.89,15,21
CUST01532,67,Female,271550.81,113,18,18220.0,1012.22,1,21
CUST01533,18,Male,449769.88,26,9,33640.0,3737.78,136,22
CUST01534,69,Female,665700.82,104,6,4500.0,750.0,184,20
CUST01535,38,Male,211644.0,64,3,6080.0,2026.67,74,35
CUST01536,46,Male,313786.64,18,1,1430.0,1430.0,4,28
CUST01537,23,Female,251966.88,88,6,11630.0,1938.33,35,24
CUST01538,54,Male,385490.55,91,16,16520.0,1032.5,14,26
CUST01539,18,Female,797584.24,109,13,37130.0,2856.15,26,26
CUST01540,68,Male,716105.23,2,7,23200.0,3314.29,4,28
CUST01541,18,Male,398287.76,1,5,17300.0,3460.0,3,28
CUST01542,44,Male,794435.29,48,7,12220.0,1745.71,31,27
CUST01543,38,Female,673938.43,80,11,29710.0,2700.91,17,26
CUST01544,70,Male,887506.85,63,15,26100.0,1740.0,82,34
CUST01545,33,Female,480468.87,107,0,0.0,0.0,9999,29
CUST01546,61,Male,637269.6,88,10,32650.0,3265.0,74,31
CUST01547,57,Male,2279992.57,36,0,0.0,0.0,9999,25
CUST01548,43,Male,434980.0,63,5,8610.0,1722.0,276,25
CUST01549,33,Female,485590.74,75,27,71620.0,2652.59,36,35
CUST01550,45,Female,465495.37,26,9,15720.0,1746.67,58,27
CUST01551,18,Male,480045.79,6,4,5600.0,1400.0,12,18
CUST01552,53,Female,642749.05,26,0,0.0,0.0,9999,26
CUST01553,27,Female,513246.89,93,0,0.0,0.0,9999,22
CUST01554,60,Male,270541.58,43,15,26360.0,1757.33,72,30
CUST01555,34,Female,504077.53,1,8,17380.0,2172.5,9,34
CUST01556,40,Male,394559.05,9,9,9950.0,1105.56,28,34
CUST01557,24,Female,229700.12,27,7,25270.0,3610.0,15,23
CUST01558,61,Female,837040.62,71,12,20140.0,1678.33,37,16
CUST01559,70,Male,393573.95,117,3,15420.0,5140.0,97,22
CUST01560,24,Male,594144.77,118,6,19890.0,3315.0,5,25
CUST01561,61,Other,180000.0,3,3,4230.0,1410.0,7,29
CUST01562,32,Female,625857.69,61,4,10400.0,2600.0,198,21
CUST01563,51,Female,434228.94,73,6,12900.0,2150.0,75,21
CUST01564,63,Male,248371.71,2,4,8270.0,2067.5,10,24
CUST01565,62,Male,390038.1,74,19,77850.0,4097.37,11,22
CUST01566,21,Male,367146.63,81,13,27510.0,2116.15,41,19
CUST01567,31,Male,700932.8,31,3,8300.0,2766.67,173,23
CUST01568,31,Female,520765.67,65,4,12640.0,3160.0,117,26
CUST01569,33,Female,252014.83,18,5,4460.0,892.0,9,16
CUST01570,24,Female,609071.0,6,5,14320.0,2864.0,22,32
CUST01571,49,Male,196915.37,102,4,6660.0,1665.0,17,24
CUST01572,36,Female,301365.86,105,10,17500.0,1750.0,112,29
CUST01573,19,Female,503307.6,42,2,2770.0,1385.0,532,27
CUST01574,27,Female,377539.03,111,3,11520.0,3840.0,179,22
CUST01575,67,Female,854809.2,68,5,10010.0,2002.0,140,26
CUST01576,34,Other,539586.59,104,11,19680.0,1789.09,34,21
CUST01577,54,Female,662678.28,4,5,7320.0,1464.0,12,21
CUST01578,29,Male,674951.51,99,5,8250.0,1650.0,80,30
CUST01579,23,Male,409607.02,4,9,19910.0,2212.22,15,17
CUST01580,39,Other,309565.24,65,20,85200.0,4260.0,20,29
CUST01581,49,Female,488887.45,41,9,12210.0,1356.67,18,31
CUST01582,58,Male,738675.36,43,5,13130.0,2626.0,208,22
CUST01583,37,Male,450276.94,95,14,12220.0,872.86,14,16
CUST01584,18,Female,652321.36,117,10,39740.0,3974.0,59,24
CUST01585,64,Other,493907.51,55,0,0.0,0.0,9999,25
CUST01586,70,Male,248561.13,19,4,16840.0,4210.0,141,19
CUST01587,23,Female,258260.73,21,3,6840.0,2280.0,307,24
CUST01588,36,Female,1010015.72,58,4,7220.0,1805.0,242,33
CUST01589,35,Male,295663.44,30,6,16440.0,2740.0,180,23
CUST01590,23,Male,375287.17,116,1,3250.0,3250.0,478,22
CUST01591,62,Female,755607.66,7,10,28320.0,2832.0,18,32
CUST01592,50,Female,292353.32,69,3,4410.0,1470.0,169,32
CUST01593,40,Female,367611.76,64,15,38590.0,2572.67,53,21
CUST01594,40,Female,454576.87,2,10,20410.0,2041.0,0,24
CUST01595,43,Male,428621.22,115,17,22150.0,1302.94,46,24
CUST01596,30,Female,323071.1,120,15,24470.0,1631.33,46,29
CUST01597,24,Male,458300.52,67,7,28910.0,4130.0,53,31
CUST01598,32,Male,678711.64,79,4,7380.0,1845.0,39,20
CUST01599,61,Male,473097.73,103,20,48700.0,2435.0,37,23
CUST01600,44,Male,371778.2,101,8,16080.0,2010.0,74,20
CUST01601,43,Female,765364.38,119,12,16280.0,1356.67,15,16
CUST01602,50,Female,1077624.61,74,9,30000.0,3333.33,25,25
CUST01603,32,Female,768485.35,9,3,6240.0,2080.0,70,24
CUST01604,53,Male,301610.77,23,12,48630.0,4052.5,15,18
CUST01605,62,Female,305234.71,14,8,38040.0,4755.0,43,22
CUST01606,44,Female,608657.99,54,18,21380.0,1187.78,45,27
CUST01607,22,Female,540005.2,45,4,10220.0,2555.0,217,34
CUST01608,19,Female,288143.54,97,2,3850.0,1925.0,22,23
CUST01609,50,Male,568785.49,16,6,8180.0,1363.33,7,24
CUST01610,33,Male,522747.8,84,12,17610.0,1467.5,26,23
CUST01611,40,Male,972306.81,72,9,37940.0,4215.56,17,31
CUST01612,55,Female,411017.01,113,13,44030.0,3386.92,82,27
CUST01613,33,Other,933162.36,102,20,52890.0,2644.5,6,23
CUST01614,31,Male,951743.89,98,2,8110.0,4055.0,119,25
CUST01615,46,Male,369354.63,95,6,8740.0,1456.67,20,17
CUST01616,43,Male,586354.25,109,13,57870.0,4451.54,169,18
CUST01617,52,Female,454615.76,57,7,32540.0,4648.57,139,28
CUST01618,32,Male,446313.37,8,6,13100.0,2183.33,2,27
CUST01619,20,Male,558590.69,25,4,6700.0,1675.0,92,18
CUST01620,40,Male,350422.03,41,4,10720.0,2680.0,152,34
CUST01621,46,Female,243892.19,62,5,6320.0,1264.0,95,25
CUST01622,51,Female,393558.85,77,12,17240.0,1436.67,1,29
CUST01623,50,Female,850653.06,18,6,8540.0,1423.33,22,17
CUST01624,58,Male,456284.98,50,19,52130.0,2743.68,23,22
CUST01625,58,Male,494797.36,41,16,19380.0,1211.25,110,23
CUST01626,40,Male,714298.08,34,14,21900.0,1564.29,72,36
CUST01627,24,Male,243686.96,100,7,7180.0,1025.71,36,15
CUST01628,20,Male,609236.46,114,10,21860.0,2186.0,10,35
CUST01629,49,Male,1060019.07,81,22,27930.0,1269.55,6,17
CUST01630,48,Female,521024.49,12,21,69910.0,3329.05,2,24
CUST01631,35,Male,210454.1,80,19,33200.0,1747.37,3,21
CUST01632,60,Male,483104.07,77,2,4550.0,2275.0,352,19
CUST01633,24,Female,658000.58,75,9,26900.0,2988.89,57,20
CUST01634,58,Female,525863.48,78,29,45260.0,1560.69,25,30
CUST01635,18,Female,565218.11,42,6,21470.0,3578.33,76,27
CUST01636,31,Female,596621.21,55,24,43750.0,1822.92,91,14
CUST01637,69,Male,328684.63,92,10,14950.0,1495.0,190,26
CUST01638,49,Female,347701.37,59,24,49910.0,2079.58,10,28
CUST01639,23,Female,423379.3,117,7,5950.0,850.0,19,20
CUST01640,56,Male,596638.31,51,6,10300.0,1716.67,96,29
CUST01641,27,Male,292809.03,88,11,42340.0,3849.09,74,23
CUST01642,24,Female,1261377.81,53,4,4100.0,1025.0,350,38
CUST01643,43,Male,180000.0,81,4,7790.0,1947.5,8,23
CUST01644,51,Male,231963.94,9,20,58910.0,2945.5,13,25
CUST01645,47,Male,641468.86,110,15,64470.0,4298.0,76,23
CUST01646,53,Male,617083.88,94,8,20250.0,2531.25,57,25
CUST01647,38,Male,483978.62,101,7,17420.0,2488.57,148,26
CUST01648,34,Male,677830.86,3,0,0.0,0.0,9999,19
CUST01649,50,Male,645531.48,118,7,10600.0,1514.29,192,22
CUST01650,27,Male,500018.05,8,5,4650.0,930.0,69,25
CUST01651,68,Female,564146.86,82,4,11730.0,2932.5,21,26
CUST01652,64,Male,180000.0,59,18,43090.0,2393.89,215,21
CUST01653,59,Female,470917.52,30,13,27790.0,2137.69,8,20
CUST01654,68,Female,489383.37,67,19,31830.0,1675.26,65,24
CUST01655,29,Female,1182494.43,55,2,2510.0,1255.0,562,22
CUST01656,33,Female,344830.75,34,18,27930.0,1551.67,26,25
CUST01657,58,Male,491995.05,43,1,1340.0,1340.0,146,26
CUST01658,49,Male,948843.2,28,4,4390.0,1097.5,140,17
CUST01659,32,Female,643330.66,37,5,5560.0,1112.0,57,23
CUST01660,44,Male,505694.29,89,8,11650.0,1456.25,141,16
CUST01661,45,Female,770972.33,30,29,51810.0,1786.55,47,15
CUST01662,34,Female,349982.37,71,19,34150.0,1797.37,32,20
CUST01663,63,Male,1086804.45,62,10,13580.0,1358.0,18,40
CUST01664,67,Female,667627.95,110,5,5610.0,1122.0,274,22
CUST01665,19,Female,240549.14,29,15,37700.0,2513.33,37,31
CUST01666,53,Male,380795.89,115,8,30010.0,3751.25,95,28
CUST01667,67,Male,189372.94,2,1,1450.0,1450.0,24,36
CUST01668,24,Female,715302.28,90,10,22350.0,2235.0,151,25
CUST01669,30,Female,644314.72,105,11,27690.0,2517.27,24,16
CUST01670,32,Male,406459.41,57,23,122760.0,5337.39,19,29
CUST01671,42,Male,858141.32,57,14,19310.0,1379.29,56,17
CUST01672,40,Female,481554.94,42,0,0.0,0.0,9999,33
CUST01673,39,Female,1628039.0,115,1,2520.0,2520.0,131,28
CUST01674,43,Female,291448.17,49,16,37870.0,2366.88,166,20
CUST01675,50,Other,667386.0,57,6,4870.0,811.67,68,34
CUST01676,28,Male,418123.68,71,14,35350.0,2525.0,6,22
CUST01677,27,Male,368683.9,18,5,6500.0,1300.0,62,21
CUST01678,42,Female,462538.3,70,9,17880.0,1986.67,5,27
CUST01679,54,Female,589785.6,105,11,29180.0,2652.73,13,27
CUST01680,65,Male,513290.93,104,18,44750.0,2486.11,36,29
CUST01681,60,Male,678283.5,27,18,53820.0,2990.0,5,13
CUST01682,70,Female,657041.6,118,0,0.0,0.0,9999,33
CUST01683,55,Male,960783.45,54,20,52070.0,2603.5,23,27
CUST01684,58,Female,291214.78,120,2,2780.0,1390.0,35,30
CUST01685,62,Male,248094.47,105,3,7830.0,2610.0,89,22
CUST01686,41,Male,484982.78,24,11,21750.0,1977.27,130,23
CUST01687,57,Male,349843.6,97,6,10300.0,1716.67,416,18
CUST01688,63,Female,740912.2,95,4,10650.0,2662.5,90,24
CUST01689,50,Female,309230.18,34,7,15970.0,2281.43,15,20
CUST01690,34,Female,390440.67,22,5,13060.0,2612.0,410,22
CUST01691,41,Female,430545.25,88,1,1010.0,1010.0,359,31
CUST01692,54,Male,1106654.34,63,8,9600.0,1200.0,166,27
CUST01693,19,Male,1290831.93,36,8,11270.0,1408.75,14,23
CUST01694,49,Female,299159.55,92,4,16590.0,4147.5,171,19
CUST01695,41,Female,186146.7,84,1,2270.0,2270.0,208,27
CUST01696,26,Female,386185.26,61,14,45090.0,3220.71,1,20
CUST01697,21,Female,491759.14,82,4,4500.0,1125.0,53,27
CUST01698,34,Male,490744.57,42,13,30600.0,2353.85,21,22
CUST01699,34,Male,481408.34,96,0,0.0,0.0,9999,26
CUST01700,70,Female,721812.94,33,8,10870.0,1358.75,7,29
CUST01701,67,Male,417108.27,74,13,21130.0,1625.38,13,16
CUST01702,65,Male,550383.64,9,22,51590.0,2345.0,33,23
CUST01703,47,Female,668284.95,119,5,6620.0,1324.0,5,27
CUST01704,57,Male,551888.59,25,5,7690.0,1538.0,316,16
CUST01705,28,Female,677680.87,13,2,3020.0,1510.0,159,27
CUST01706,38,Male,231838.48,47,15,22300.0,1486.67,70,27
CUST01707,38,Female,526434.47,114,2,2520.0,1260.0,187,33
CUST01708,35,Female,554471.48,45,1,4250.0,4250.0,368,35
CUST01709,46,Female,464097.07,5,4,5070.0,1267.5,19,25
CUST01710,41,Male,382092.63,31,18,33520.0,1862.22,36,32
CUST01711,27,Male,615319.19,31,5,8730.0,1746.0,57,31
CUST01712,62,Male,528441.69,98,9,14030.0,1558.89,43,26
CUST01713,34,Male,488305.53,90,3,6900.0,2300.0,101,20
CUST01714,35,Female,431312.21,71,7,16000.0,2285.71,4,29
CUST01715,59,Male,438978.11,41,5,10700.0,2140.0,449,26
CUST01716,65,Male,354314.65,115,6,7110.0,1185.0,267,27
CUST01717,37,Male,403665.62,46,4,14860.0,3715.0,29,24
CUST01718,54,Female,327648.07,113,4,4360.0,1090.0,411,27
CUST01719,62,Male,420050.85,52,1,2290.0,2290.0,311,18
CUST01720,35,Female,589073.22,84,19,52530.0,2764.74,30,26
CUST01721,34,Female,723055.13,107,9,14260.0,1584.44,24,19
CUST01722,26,Female,488610.31,86,5,9050.0,1810.0,13,24
CUST01723,31,Female,482567.89,5,2,5470.0,2735.0,122,28
CUST01724,66,Male,533461.11,12,7,10210.0,1458.57,6,30
CUST01725,46,Female,778303.89,21,5,15470.0,3094.0,86,22
CUST01726,48,Female,451853.96,9,2,7360.0,3680.0,16,24
CUST01727,21,Female,615799.89,93,19,35090.0,1846.84,123,16
CUST01728,35,Female,590735.1,91,14,36050.0,2575.0,26,28
CUST01729,37,Male,377663.51,17,7,16990.0,2427.14,32,30
CUST01730,64,Male,687195.32,104,3,3170.0,1056.67,12,25
CUST01731,60,Female,196788.52,24,15,37130.0,2475.33,11,22
CUST01732,61,Female,806247.23,27,3,6280.0,2093.33,95,34
CUST01733,26,Male,292146.56,8,7,9520.0,1360.0,2,19
CUST01734,30,Male,469677.1,44,1,6940.0,6940.0,81,24
CUST01735,32,Male,726069.47,62,6,13630.0,2271.67,18,27
CUST01736,44,Female,412587.23,29,0,0.0,0.0,9999,24
CUST01737,32,Female,555564.95,83,7,29530.0,4218.57,38,25
CUST01738,45,Female,731378.02,74,11,26930.0,2448.18,34,25
CUST01739,54,Male,1148609.1,24,18,37600.0,2088.89,20,25
CUST01740,36,Male,496625.98,34,15,51830.0,3455.33,24,20
CUST01741,43,Male,542134.69,120,12,14590.0,1215.83,26,26
CUST01742,69,Male,509187.56,60,2,4500.0,2250.0,498,21
CUST01743,43,Female,452614.02,104,14,25080.0,1791.43,20,29
CUST01744,42,Male,272879.62,31,9,7700.0,855.56,56,27
CUST01745,43,Female,301944.21,110,8,42190.0,5273.75,23,26
CUST01746,43,Female,496797.06,115,1,2410.0,2410.0,713,25
CUST01747,63,Female,582948.86,4,3,4670.0,1556.67,44,27
CUST01748,45,Male,882051.11,105,15,31800.0,2120.0,67,22
CUST01749,66,Male,454970.68,109,0,0.0,0.0,9999,29
CUST01750,35,Male,994768.67,95,2,2490.0,1245.0,363,21
CUST01751,49,Female,290783.68,9,12,32220.0,2685.0,8,24
CUST01752,70,Female,549592.67,90,12,20870.0,1739.17,14,27
CUST01753,20,Male,443351.15,77,8,31240.0,3905.0,40,23
CUST01754,19,Male,276986.11,112,17,24760.0,1456.47,60,18
CUST01755,50,Female,233391.93,90,15,41330.0,2755.33,49,32
CUST01756,59,Female,411168.82,54,7,13770.0,1967.14,43,25
CUST01757,36,Other,425258.45,1,4,7540.0,1885.0,8,24
CUST01758,34,Male,335271.29,104,13,26300.0,2023.08,84,30
CUST01759,61,Male,704399.61,61,15,37570.0,2504.67,5,33
CUST01760,50,Male,416566.81,73,3,5750.0,1916.67,273,32
CUST01761,29,Male,320731.66,31,9,24720.0,2746.67,79,22
CUST01762,66,Female,449615.23,88,9,29210.0,3245.56,192,25
CUST01763,20,Male,376356.35,45,11,26410.0,2400.91,139,31
CUST01764,60,Male,1049161.52,113,16,53180.0,3323.75,39,22
CUST01765,66,Female,433870.21,60,10,27200.0,2720.0,7,24
CUST01766,43,Male,330837.05,86,10,24400.0,2440.0,2,29
CUST01767,52,Female,1048280.23,73,8,10690.0,1336.25,302,34
CUST01768,25,Male,692892.52,103,2,6650.0,3325.0,38,27
CUST01769,69,Female,524500.47,87,8,12760.0,1595.0,70,20
CUST01770,53,Male,349423.7,84,4,11050.0,2762.5,21,21
CUST01771,70,Female,705953.98,119,2,4500.0,2250.0,551,26
CUST01772,24,Male,258804.0,42,14,18800.0,1342.86,124,26
CUST01773,63,Male,683058.61,85,11,19440.0,1767.27,0,25
CUST01774,63,Female,559567.12,27,5,12210.0,2442.0,57,25
CUST01775,53,Male,780656.37,58,12,53730.0,4477.5,14,24
CUST01776,33,Male,180000.0,69,8,6080.0,760.0,75,23
CUST01777,41,Female,330408.83,81,12,25630.0,2135.83,18,22
CUST01778,18,Female,318853.09,98,2,5020.0,2510.0,339,26
CUST01779,66,Male,302336.27,73,4,7740.0,1935.0,86,17
CUST01780,42,Male,605385.77,34,2,7280.0,3640.0,507,33
CUST01781,27,Male,437784.5,10,2,5190.0,2595.0,11,25
CUST01782,33,Male,337819.13,108,6,9460.0,1576.67,75,27
CUST01783,33,Other,304367.86,66,22,84970.0,3862.27,92,26
CUST01784,25,Female,324433.62,111,7,12800.0,1828.57,187,29
CUST01785,46,Male,738197.5,25,15,53080.0,3538.67,27,24
CUST01786,56,Other,485217.23,3,15,83960.0,5597.33,21,21
CUST01787,45,Female,726853.69,34,3,5010.0,1670.0,343,18
CUST01788,23,Female,1658570.3,71,6,9580.0,1596.67,68,29
CUST01789,33,Male,495997.65,28,7,11310.0,1615.71,55,28
CUST01790,37,Male,264263.57,9,9,12420.0,1380.0,18,26
CUST01791,33,Female,470099.73,11,9,28940.0,3215.56,0,32
CUST01792,24,Male,1164676.84,93,5,8180.0,1636.0,39,17
CUST01793,58,Male,815370.23,118,2,6960.0,3480.0,42,19
CUST01794,31,Male,373864.39,80,10,22630.0,2263.0,18,21
CUST01795,60,Male,436065.18,39,4,7100.0,1775.0,149,20
CUST01796,43,Female,708651.91,93,11,23210.0,2110.0,20,17
CUST01797,43,Female,620429.93,13,4,15530.0,3882.5,31,30
CUST01798,31,Male,712059.89,99,12,21700.0,1808.33,40,30
CUST01799,24,Male,449007.17,11,14,29440.0,2102.86,6,23
CUST01800,50,Female,595545.4,35,9,13160.0,1462.22,136,23
CUST01801,43,Male,435824.94,111,4,18470.0,4617.5,79,26
CUST01802,62,Female,936034.45,8,3,6370.0,2123.33,146,15
CUST01803,37,Female,251583.64,7,7,9790.0,1398.57,6,29
CUST01804,20,Male,251932.97,69,6,11690.0,1948.33,52,27
CUST01805,69,Female,362497.02,70,1,1250.0,1250.0,419,35
CUST01806,21,Female,368463.63,57,12,15020.0,1251.67,48,25
CUST01807,43,Male,251556.34,115,15,26210.0,1747.33,123,27
CUST01808,28,Male,231982.34,35,11,27890.0,2535.45,19,29
CUST01809,19,Other,808704.83,94,1,710.0,710.0,166,30
CUST01810,31,Male,463801.88,11,8,20990.0,2623.75,4,29
CUST01811,61,Female,448275.06,38,10,11740.0,1174.0,3,26
CUST01812,47,Female,512828.57,91,12,37000.0,3083.33,10,18
CUST01813,66,Male,1026361.39,120,4,6680.0,1670.0,471,25
CUST01814,29,Male,526864.66,85,15,24090.0,1606.0,21,19
CUST01815,43,Female,475587.08,78,5,11200.0,2240.0,1,21
CUST01816,61,Male,375287.3,49,7,13990.0,1998.57,128,30
CUST01817,50,Female,654676.66,35,12,24600.0,2050.0,13,19
CUST01818,30,Female,485725.45,29,11,28870.0,2624.55,25,22
CUST01819,31,Female,1051593.0,88,1,610.0,610.0,540,29
CUST01820,41,Male,465107.17,100,11,24850.0,2259.09,42,19
CUST01821,51,Female,786859.85,41,14,23990.0,1713.57,23,25
CUST01822,61,Female,363081.83,109,9,34560.0,3840.0,3,19
CUST01823,43,Female,361488.06,96,11,16120.0,1465.45,57,21
CUST01824,38,Male,219763.24,6,10,13280.0,1328.0,3,22
CUST01825,45,Female,714883.06,10,12,26870.0,2239.17,4,22
CUST01826,65,Female,491471.39,84,9,12260.0,1362.22,16,25
CUST01827,53,Male,666747.5,84,3,12990.0,4330.0,310,31
CUST01828,57,Other,1072650.21,90,3,15520.0,5173.33,480,19
CUST01829,19,Male,341588.73,85,11,13700.0,1245.45,154,26
CUST01830,59,Male,319105.96,109,7,9340.0,1334.29,86,26
CUST01831,26,Female,350864.23,23,9,16310.0,1812.22,122,21
CUST01832,40,Male,194034.7,46,18,38330.0,2129.44,29,21
CUST01833,32,Female,458363.99,12,14,26860.0,1918.57,35,24
CUST01834,30,Female,744340.0,55,6,10100.0,1683.33,0,32
CUST01835,40,Male,511155.99,13,5,4140.0,828.0,117,21
CUST01836,34,Male,246582.59,74,2,5680.0,2840.0,473,22
CUST01837,65,Female,425817.14,7,14,23550.0,1682.14,37,30
CUST01838,19,Female,528971.74,101,9,29900.0,3322.22,36,28
CUST01839,37,Female,771038.32,12,7,6910.0,987.14,22,20
CUST01840,37,Female,715526.72,61,6,10770.0,1795.0,1,25
CUST01841,63,Male,428008.03,25,8,25790.0,3223.75,23,27
CUST01842,20,Male,427667.73,2,7,7620.0,1088.57,6,18
CUST01843,29,Female,653254.56,104,6,11780.0,1963.33,124,18
CUST01844,57,Female,382841.78,26,17,51290.0,3017.06,26,26
CUST01845,19,Male,734743.95,104,8,13800.0,1725.0,96,24
CUST01846,53,Female,371689.94,51,6,23330.0,3888.33,150,27
CUST01847,31,Female,1004876.6,69,5,10600.0,2120.0,150,25
CUST01848,33,Female,555840.15,62,19,46410.0,2442.63,9,25
CUST01849,36,Male,207010.09,72,2,5530.0,2765.0,318,31
CUST01850,51,Female,667010.67,106,1,1740.0,1740.0,376,29
CUST01851,61,Female,560756.36,109,16,25820.0,1613.75,27,29
CUST01852,63,Female,622271.96,73,13,32850.0,2526.92,34,25
CUST01853,23,Female,1377407.76,39,6,8380.0,1396.67,116,33
CUST01854,30,Female,444537.17,84,16,29470.0,1841.88,92,30
CUST01855,53,Female,248637.93,116,7,15620.0,2231.43,66,28
CUST01856,39,Other,884480.13,115,8,17520.0,2190.0,7,22
CUST01857,35,Male,224484.19,11,10,23150.0,2315.0,13,27
CUST01858,29,Male,357354.65,104,2,5580.0,2790.0,375,20
CUST01859,69,Female,509561.73,64,7,16010.0,2287.14,37,28
CUST01860,47,Male,333676.06,86,5,9400.0,1880.0,209,25
CUST01861,70,Male,485854.69,80,16,23220.0,1451.25,28,35
CUST01862,68,Male,470360.0,106,18,65700.0,3650.0,27,24
CUST01863,57,Male,997974.41,102,2,2530.0,1265.0,57,24
CUST01864,24,Male,180000.0,42,13,31820.0,2447.69,14,23
CUST01865,49,Male,520046.08,10,4,5080.0,1270.0,42,27
CUST01866,65,Other,330390.44,89,12,32460.0,2705.0,93,19
CUST01867,36,Female,388182.35,19,8,12070.0,1508.75,22,25
CUST01868,23,Female,679019.47,4,9,18130.0,2014.44,23,22
CUST01869,37,Male,631259.33,83,1,1690.0,1690.0,388,20
CUST01870,44,Female,583401.2,3,0,0.0,0.0,9999,24
CUST01871,70,Female,283894.3,81,4,9730.0,2432.5,326,23
CUST01872,60,Female,852684.97,14,11,30660.0,2787.27,0,25
CUST01873,54,Male,337147.42,10,2,3400.0,1700.0,188,31
CUST01874,65,Male,933073.2,6,10,11760.0,1176.0,13,22
CUST01875,24,Female,373296.55,31,0,0.0,0.0,9999,31
CUST01876,22,Female,795111.55,31,11,17360.0,1578.18,167,30
CUST01877,28,Female,523422.05,48,5,15790.0,3158.0,35,18
CUST01878,32,Female,235401.45,9,6,11950.0,1991.67,83,32
CUST01879,20,Male,426083.0,117,16,32300.0,2018.75,94,19
CUST01880,22,Female,1075630.79,76,4,7490.0,1872.5,106,18
CUST01881,40,Male,724268.32,108,2,7340.0,3670.0,9,29
CUST01882,70,Female,411091.47,110,3,10210.0,3403.33,50,26
CUST01883,54,Other,898973.74,26,4,7820.0,1955.0,256,23
CUST01884,26,Female,567621.1,2,2,8990.0,4495.0,53,26
CUST01885,32,Male,1047199.99,106,3,13280.0,4426.67,262,32
CUST01886,20,Male,482489.57,4,4,8860.0,2215.0,5,27
CUST01887,46,Female,438463.2,96,11,17620.0,1601.82,16,27
CUST01888,23,Female,779992.34,92,7,9530.0,1361.43,6,21
CUST01889,34,Female,560039.81,6,15,31530.0,2102.0,16,21
CUST01890,43,Female,642580.23,30,26,78260.0,3010.0,29,21
CUST01891,38,Male,339149.89,55,27,58290.0,2158.89,7,20
CUST01892,25,Female,846957.08,28,14,17970.0,1283.57,9,33
CUST01893,38,Female,777930.72,61,3,6640.0,2213.33,111,21
CUST01894,28,Other,918559.35,77,12,32720.0,2726.67,5,24
CUST01895,55,Male,271160.59,55,1,4420.0,4420.0,85,30
CUST01896,25,Female,296303.23,110,6,27550.0,4591.67,201,19
CUST01897,59,Male,357278.93,36,14,28940.0,2067.14,7,24
CUST01898,41,Female,448946.41,74,2,3280.0,1640.0,380,22
CUST01899,52,Female,274453.31,74,5,7570.0,1514.0,148,17
CUST01900,31,Male,666063.37,5,9,8340.0,926.67,4,20
CUST01901,31,Male,410502.03,29,12,17120.0,1426.67,73,25
CUST01902,27,Female,879888.27,100,8,8580.0,1072.5,148,22
CUST01903,29,Female,1285779.03,12,5,8730.0,1746.0,71,25
CUST01904,55,Male,382712.83,22,9,23440.0,2604.44,1,28
CUST01905,61,Male,354010.13,59,6,10800.0,1800.0,60,25
CUST01906,63,Female,699862.82,110,13,27000.0,2076.92,31,22
CUST01907,51,Female,522302.51,39,20,47420.0,2371.0,32,31
CUST01908,58,Male,590494.88,2,11,36710.0,3337.27,9,24
CUST01909,27,Female,909446.04,14,4,5360.0,1340.0,3,32
CUST01910,34,Male,442460.83,10,14,33910.0,2422.14,26,20
CUST01911,34,Male,309520.2,48,8,16050.0,2006.25,16,23
CUST01912,20,Male,287405.92,64,12,28630.0,2385.83,87,23
CUST01913,48,Female,461652.23,3,18,20840.0,1157.78,1,28
CUST01914,68,Male,426780.48,72,10,15220.0,1522.0,188,27
CUST01915,18,Female,737897.93,119,10,14790.0,1479.0,74,28
CUST01916,29,Male,935634.36,60,18,25330.0,1407.22,4,30
CUST01917,56,Other,933979.21,81,18,34620.0,1923.33,34,20
CUST01918,21,Female,364716.89,68,13,43210.0,3323.85,20,33
CUST01919,59,Female,348329.58,21,7,12020.0,1717.14,38,21
CUST01920,30,Female,221088.68,94,2,2080.0,1040.0,44,21
CUST01921,51,Female,500681.49,19,6,21170.0,3528.33,39,34
CUST01922,59,Female,744515.3,79,6,10470.0,1745.0,15,23
CUST01923,38,Male,363800.0,20,10,9610.0,961.0,9,25
CUST01924,39,Male,256862.5,58,7,22180.0,3168.57,55,29
CUST01925,21,Female,1168213.62,42,12,10340.0,861.67,6,27
CUST01926,35,Male,364048.65,94,11,39880.0,3625.45,22,31
CUST01927,22,Male,475347.66,10,19,38740.0,2038.95,1,17
CUST01928,36,Female,405335.37,23,8,17900.0,2237.5,4,19
CUST01929,19,Male,274396.29,88,7,12100.0,1728.57,73,20
CUST01930,29,Female,750286.06,12,8,25150.0,3143.75,55,17
CUST01931,34,Male,227596.79,9,18,38290.0,2127.22,20,26
CUST01932,27,Other,829287.74,79,2,8830.0,4415.0,646,21
CUST01933,51,Female,564099.33,29,3,4690.0,1563.33,19,32
CUST01934,23,Female,443057.26,82,3,12520.0,4173.33,228,33
CUST01935,25,Male,446402.83,20,16,29130.0,1820.62,0,21
CUST01936,68,Female,613408.54,65,6,8610.0,1435.0,15,34
CUST01937,28,Female,374405.14,3,25,53230.0,2129.2,3,20
CUST01938,29,Female,541393.91,8,10,33190.0,3319.0,0,21
CUST01939,26,Female,335269.57,39,8,14110.0,1763.75,29,22
CUST01940,19,Male,189928.77,64,15,36930.0,2462.0,67,25
CUST01941,25,Female,660009.09,31,5,9590.0,1918.0,82,23
CUST01942,28,Female,1497171.48,111,5,10530.0,2106.0,226,27
CUST01943,70,Male,645053.53,72,1,1370.0,1370.0,651,16
CUST01944,53,Female,489443.05,79,14,30320.0,2165.71,80,26
CUST01945,27,Female,418273.57,22,5,7750.0,1550.0,211,23
CUST01946,38,Female,424214.94,96,10,37280.0,3728.0,219,37
CUST01947,37,Male,418258.43,5,7,18480.0,2640.0,18,24
CUST01948,65,Female,546838.77,108,6,14620.0,2436.67,57,24
CUST01949,25,Other,180000.0,108,17,27120.0,1595.29,39,19
CUST01950,53,Female,180000.0,58,5,15790.0,3158.0,70,25
CUST01951,46,Female,612559.38,73,3,15600.0,5200.0,346,22
CUST01952,59,Female,457143.87,117,6,25620.0,4270.0,27,25
CUST01953,29,Female,320863.67,105,6,8680.0,1446.67,37,31
CUST01954,31,Female,316919.69,79,8,21210.0,2651.25,144,27
CUST01955,65,Male,389023.17,111,2,5200.0,2600.0,294,21
CUST01956,67,Male,414201.31,63,23,22480.0,977.39,38,26
CUST01957,38,Male,948719.69,61,7,16200.0,2314.29,96,14
CUST01958,39,Male,308920.4,52,1,1800.0,1800.0,649,27
CUST01959,38,Male,705132.38,108,14,37770.0,2697.86,72,19
CUST01960,61,Male,652119.26,101,6,7680.0,1280.0,2,25
CUST01961,67,Female,455030.36,33,0,0.0,0.0,9999,22
CUST01962,47,Male,705460.91,22,19,25520.0,1343.16,25,19
CUST01963,56,Male,609939.76,51,18,26270.0,1459.44,80,28
CUST01964,37,Male,284100.66,11,15,23270.0,1551.33,3,21
CUST01965,41,Female,382836.78,58,5,9940.0,1988.0,403,29
CUST01966,40,Male,595324.02,50,10,9530.0,953.0,16,19
CUST01967,24,Male,382034.55,70,7,21530.0,3075.71,76,31
CUST01968,26,Male,658157.45,17,3,3520.0,1173.33,378,10
CUST01969,18,Female,843655.84,46,18,28570.0,1587.22,58,23
CUST01970,43,Female,493930.37,44,4,18790.0,4697.5,102,23
CUST01971,55,Female,380682.43,57,8,12040.0,1505.0,9,23
CUST01972,55,Male,361686.55,5,5,6000.0,1200.0,16,29
CUST01973,61,Female,424393.94,39,2,8750.0,4375.0,580,26
CUST01974,39,Female,411252.24,58,16,46600.0,2912.5,14,28
CUST01975,61,Male,737613.84,112,12,33490.0,2790.83,86,28
CUST01976,27,Male,384020.52,9,12,28090.0,2340.83,55,26
CUST01977,23,Male,461977.88,93,8,39320.0,4915.0,15,24
CUST01978,34,Female,710150.53,23,10,27520.0,2752.0,2,28
CUST01979,68,Male,431002.52,47,6,9770.0,1628.33,96,26
CUST01980,67,Male,409408.68,36,2,3620.0,1810.0,239,20
CUST01981,55,Female,740043.47,31,12,14230.0,1185.83,56,24
CUST01982,41,Female,842699.62,84,16,45930.0,2870.62,37,29
CUST01983,68,Female,508708.05,23,8,13020.0,1627.5,15,22
CUST01984,27,Female,1055662.17,56,3,13770.0,4590.0,3,20
CUST01985,25,Female,538720.44,71,10,25790.0,2579.0,218,27
CUST01986,38,Female,741709.9,46,5,4770.0,954.0,345,15
CUST01987,23,Male,1205152.72,58,12,18010.0,1500.83,4,26
CUST01988,38,Male,376797.31,36,2,1930.0,965.0,215,24
CUST01989,56,Female,395444.93,68,5,11300.0,2260.0,162,27
CUST01990,41,Other,716476.68,88,27,36430.0,1349.26,15,24
CUST01991,50,Female,465142.92,60,21,73720.0,3510.48,11,19
CUST01992,35,Male,327402.01,14,8,30190.0,3773.75,8,30
CUST01993,45,Male,427296.95,25,18,30440.0,1691.11,73,26
CUST01994,69,Male,264532.55,71,6,7110.0,1185.0,90,22
CUST01995,49,Female,505569.89,79,4,5590.0,1397.5,241,23
CUST01996,29,Female,538075.83,44,24,45540.0,1897.5,2,18
CUST01997,65,Female,814708.37,46,5,8680.0,1736.0,130,32
CUST01998,59,Female,850506.84,13,14,58450.0,4175.0,15,24
CUST01999,44,Male,433482.77,62,7,30470.0,4352.86,315,32
CUST02000,27,Male,1290809.75,19,10,44510.0,4451.0,11,31
CUST02001,63,Male,308391.37,12,3,8010.0,2670.0,106,21
CUST02002,69,Female,266288.47,112,5,17650.0,3530.0,317,16
CUST02003,59,Male,285899.32,90,4,2780.0,695.0,168,27
CUST02004,49,Female,295164.15,48,9,10560.0,1173.33,43,24
CUST02005,59,Female,703271.22,33,13,25630.0,1971.54,78,21
CUST02006,43,Male,1065906.01,79,16,26830.0,1676.88,21,24
CUST02007,42,Male,1085793.5,37,0,0.0,0.0,9999,26
CUST02008,28,Male,214120.48,6,6,6420.0,1070.0,0,27
CUST02009,40,Female,735226.0,89,15,18470.0,1231.33,50,26
CUST02010,51,Male,994050.6,117,7,12310.0,1758.57,68,26
CUST02011,69,Male,783428.09,81,11,10590.0,962.73,25,30
CUST02012,57,Female,376001.03,43,18,45850.0,2547.22,19,32
CUST02013,40,Female,539362.84,100,7,24820.0,3545.71,74,24
CUST02014,46,Female,325846.66,50,3,5250.0,1750.0,37,30
CUST02015,48,Female,699908.73,116,3,8760.0,2920.0,70,19
CUST02016,24,Female,258783.68,46,13,20960.0,1612.31,106,31
CUST02017,57,Female,680637.42,119,16,35840.0,2240.0,23,24
CUST02018,50,Male,363243.92,73,6,9000.0,1500.0,35,21
CUST02019,38,Male,588778.6,28,12,28240.0,2353.33,124,18
CUST02020,19,Female,446097.74,99,2,4420.0,2210.0,409,28
CUST02021,35,Female,425155.83,67,14,62450.0,4460.71,36,25
CUST02022,64,Female,765597.02,11,9,17440.0,1937.78,50,25
CUST02023,50,Female,993788.77,20,6,5910.0,985.0,45,31
CUST02024,54,Female,338787.95,87,12,16890.0,1407.5,120,22
CUST02025,51,Male,543807.93,118,15,26250.0,1750.0,85,38
CUST02026,37,Male,306649.27,30,16,35390.0,2211.88,46,19
CUST02027,52,Male,406417.98,101,6,10440.0,1740.0,82,19
CUST02028,68,Female,360514.82,36,6,9370.0,1561.67,6,27
CUST02029,67,Male,283719.96,108,15,45850.0,3056.67,37,27
CUST02030,35,Male,805344.57,120,9,15050.0,1672.22,40,22
CUST02031,63,Male,523827.0,76,9,18570.0,2063.33,206,25
CUST02032,41,Male,390962.69,100,20,37860.0,1893.0,41,25
CUST02033,25,Male,487075.76,99,2,3090.0,1545.0,515,22
CUST02034,47,Male,856585.04,119,19,50100.0,2636.84,68,21
CUST02035,61,Female,793975.02,98,16,44810.0,2800.62,5,22
CUST02036,70,Male,642808.54,68,5,10970.0,2194.0,5,22
CUST02037,27,Male,369958.43,88,1,1900.0,1900.0,363,24
CUST02038,40,Female,527584.73,36,1,2200.0,2200.0,159,32
CUST02039,69,Female,306024.47,58,12,48760.0,4063.33,57,23
CUST02040,66,Male,480743.21,28,7,8900.0,1271.43,34,21
CUST02041,28,Male,776414.4,39,7,6530.0,932.86,45,37
CUST02042,19,Female,843916.59,66,10,16880.0,1688.0,88,32
CUST02043,43,Male,374409.0,43,3,4700.0,1566.67,204,21
CUST02044,53,Male,727262.28,5,9,16590.0,1843.33,5,21
CUST02045,50,Male,663050.37,92,20,63870.0,3193.5,33,27
CUST02046,64,Male,448691.74,13,13,17170.0,1320.77,9,21
CUST02047,30,Female,699496.54,100,6,9980.0,1663.33,49,24
CUST02048,57,Female,868210.05,9,1,980.0,980.0,107,33
CUST02049,42,Female,733189.68,103,4,8900.0,2225.0,146,19
CUST02050,21,Female,311204.48,94,15,32810.0,2187.33,26,32
CUST02051,59,Male,441174.56,57,9,11260.0,1251.11,48,24
CUST02052,36,Female,598505.97,27,0,0.0,0.0,9999,29
CUST02053,35,Male,348289.86,61,10,14530.0,1453.0,12,22
CUST02054,54,Male,1007962.64,77,10,40050.0,4005.0,85,32
CUST02055,47,Female,575742.49,106,1,1450.0,1450.0,262,28
CUST02056,36,Female,407688.18,103,26,33620.0,1293.08,56,28
CUST02057,40,Male,396382.27,50,12,14370.0,1197.5,21,22
CUST02058,33,Female,365688.53,92,10,18020.0,1802.0,38,31
CUST02059,18,Male,686933.39,82,6,17460.0,2910.0,102,25
CUST02060,29,Male,724709.44,34,2,5120.0,2560.0,537,25
CUST02061,41,Male,370875.32,85,0,0.0,0.0,9999,28
CUST02062,51,Female,968528.97,65,3,10100.0,3366.67,84,25
CUST02063,70,Female,420094.21,45,15,36450.0,2430.0,22,19
CUST02064,25,Female,349323.32,87,4,11840.0,2960.0,81,24
CUST02065,35,Male,619780.84,34,5,10380.0,2076.0,143,26
CUST02066,65,Male,291425.13,100,6,29650.0,4941.67,62,31
CUST02067,22,Female,270510.27,73,2,2560.0,1280.0,36,22
CUST02068,43,Male,325593.12,8,2,3840.0,1920.0,100,23
CUST02069,47,Male,351160.1,114,18,21390.0,1188.33,17,20
CUST02070,30,Other,700562.19,94,12,17670.0,1472.5,2,25
CUST02071,36,Female,279025.56,48,4,5120.0,1280.0,36,16
CUST02072,46,Male,590259.3,36,7,18110.0,2587.14,48,32
CUST02073,20,Male,730187.28,100,4,4790.0,1197.5,3,23
CUST02074,43,Male,957875.7,82,1,2640.0,2640.0,338,33
CUST02075,57,Female,400722.59,66,7,15520.0,2217.14,2,19
CUST02076,29,Female,415263.55,117,3,5980.0,1993.33,37,27
CUST02077,19,Female,1250138.92,11,3,5900.0,1966.67,37,17
CUST02078,28,Male,919219.63,52,3,5940.0,1980.0,198,17
CUST02079,61,Male,441877.11,120,8,22220.0,2777.5,43,22
CUST02080,45,Other,837657.39,36,7,18370.0,2624.29,378,25
CUST02081,35,Other,558900.03,95,14,30170.0,2155.0,32,24
CUST02082,30,Female,503683.78,31,5,7600.0,1520.0,29,30
CUST02083,54,Male,1528545.53,24,8,14970.0,1871.25,25,32
CUST02084,39,Female,810999.13,110,1,3210.0,3210.0,18,18
CUST02085,29,Female,1168729.43,21,9,32920.0,3657.78,50,20
CUST02086,19,Female,310014.64,96,9,15100.0,1677.78,48,31
CUST02087,54,Female,1122747.71,113,3,4880.0,1626.67,422,24
CUST02088,24,Male,466029.5,30,16,35800.0,2237.5,23,19
CUST02089,43,Male,463330.98,72,25,50420.0,2016.8,21,25
CUST02090,43,Male,595875.76,97,5,15620.0,3124.0,112,41
CUST02091,41,Female,629656.44,115,5,6690.0,1338.0,144,25
CUST02092,29,Female,803844.11,64,2,3360.0,1680.0,45,20
CUST02093,33,Female,744102.07,115,17,29770.0,1751.18,13,23
CUST02094,40,Male,372655.98,117,7,19130.0,2732.86,38,19
CUST02095,57,Female,319319.41,39,19,59620.0,3137.89,33,32
CUST02096,26,Female,458762.2,1,9,19560.0,2173.33,5,20
CUST02097,49,Male,496989.6,97,23,58620.0,2548.7,3,42
CUST02098,32,Female,520444.53,42,9,16380.0,1820.0,7,20
CUST02099,54,Male,924927.78,77,7,7080.0,1011.43,240,25
CUST02100,30,Male,543268.19,86,4,18100.0,4525.0,22,21
CUST02101,22,Male,1638127.51,5,4,8760.0,2190.0,28,25
CUST02102,28,Female,958362.03,12,7,9970.0,1424.29,11,27
CUST02103,27,Female,436580.23,29,5,7210.0,1442.0,33,25
CUST02104,69,Male,224894.67,3,21,49530.0,2358.57,1,31
CUST02105,30,Female,1464462.22,61,18,39520.0,2195.56,151,21
CUST02106,58,Female,440322.0,51,16,83170.0,5198.12,78,26
CUST02107,70,Female,759435.78,36,14,59560.0,4254.29,76,21
CUST02108,63,Male,370318.12,111,6,7260.0,1210.0,123,24
CUST02109,67,Female,1026589.59,109,10,8490.0,849.0,21,21
CUST02110,32,Female,732237.84,75,7,26590.0,3798.57,40,22
CUST02111,59,Male,306559.19,90,11,25380.0,2307.27,50,19
CUST02112,24,Male,207453.45,2,12,27250.0,2270.83,3,25
CUST02113,57,Female,544312.21,29,6,8710.0,1451.67,66,19
CUST02114,45,Male,625352.53,41,10,22310.0,2231.0,146,22
CUST02115,49,Female,704742.86,29,19,37100.0,1952.63,39,22
CUST02116,52,Male,352343.5,108,1,2260.0,2260.0,189,23
CUST02117,32,Female,374245.54,100,14,26700.0,1907.14,21,23
CUST02118,65,Male,213613.35,64,10,30510.0,3051.0,12,27
CUST02119,53,Male,390002.86,58,3,3040.0,1013.33,99,32
CUST02120,38,Male,239986.01,83,5,12630.0,2526.0,56,28
CUST02121,23,Female,362834.31,10,12,43510.0,3625.83,9,16
CUST02122,18,Female,579563.81,11,3,5310.0,1770.0,27,28
CUST02123,21,Male,575819.29,7,7,13210.0,1887.14,45,27
CUST02124,28,Male,369185.32,77,3,6320.0,2106.67,286,33
CUST02125,61,Female,565124.3,105,4,12570.0,3142.5,277,19
CUST02126,43,Male,972356.82,108,14,33700.0,2407.14,102,14
CUST02127,54,Female,441167.33,61,0,0.0,0.0,9999,23
CUST02128,40,Male,281195.64,66,15,40580.0,2705.33,37,33
CUST02129,46,Female,712037.73,94,17,43230.0,2542.94,32,28
CUST02130,38,Female,817308.97,86,6,12780.0,2130.0,36,19
CUST02131,65,Other,365477.71,53,2,6140.0,3070.0,123,23
CUST02132,62,Female,366698.19,65,22,43340.0,1970.0,23,26
CUST02133,62,Male,204821.44,27,4,2620.0,655.0,276,19
CUST02134,66,Male,406355.7,7,7,6640.0,948.57,6,19
CUST02135,44,Female,330095.55,65,16,27720.0,1732.5,34,15
CUST02136,56,Female,251967.44,58,2,2850.0,1425.0,9,30
CUST02137,57,Female,424307.34,25,20,43950.0,2197.5,22,29
CUST02138,30,Female,498891.1,48,2,3500.0,1750.0,32,25
CUST02139,40,Female,459476.5,4,3,6070.0,2023.33,4,28
CUST02140,33,Male,432187.53,94,4,6150.0,1537.5,336,20
CUST02141,47,Male,992837.97,8,9,23090.0,2565.56,37,25
CUST02142,21,Male,574182.35,113,3,4000.0,1333.33,0,26
CUST02143,57,Male,670105.96,85,20,16830.0,841.5,99,26
CUST02144,33,Female,1129347.01,115,8,14300.0,1787.5,7,23
CUST02145,48,Male,779547.32,68,4,4940.0,1235.0,190,16
CUST02146,70,Male,442079.34,60,6,17240.0,2873.33,138,29
CUST02147,59,Male,217186.39,4,2,4530.0,2265.0,32,18
CUST02148,42,Male,423059.82,8,5,9800.0,1960.0,31,29
CUST02149,61,Male,962533.85,106,5,17670.0,3534.0,44,19
CUST02150,29,Female,777076.8,90,10,14310.0,1431.0,18,26
CUST02151,43,Male,423811.6,93,3,5450.0,1816.67,289,24
CUST02152,54,Female,482526.71,16,11,14500.0,1318.18,17,14
CUST02153,65,Female,529602.35,19,1,2610.0,2610.0,19,27
CUST02154,50,Other,378956.49,1,1,1740.0,1740.0,28,26
CUST02155,45,Male,389301.01,101,16,48460.0,3028.75,98,21
CUST02156,26,Male,373384.45,34,4,12930.0,3232.5,44,32
CUST02157,29,Male,624006.03,93,9,20380.0,2264.44,237,24
CUST02158,22,Male,310897.79,91,7,20050.0,2864.29,48,19
CUST02159,69,Female,956662.84,112,1,1510.0,1510.0,475,28
CUST02160,45,Female,498602.2,45,15,31710.0,2114.0,10,24
CUST02161,52,Female,303991.65,63,6,10790.0,1798.33,79,23
CUST02162,22,Male,793386.83,94,0,0.0,0.0,9999,26
CUST02163,51,Female,982145.34,6,12,28200.0,2350.0,24,24
CUST02164,63,Male,2055156.5,36,9,21140.0,2348.89,162,24
CUST02165,51,Female,926539.13,103,2,3270.0,1635.0,44,22
CUST02166,30,Female,337233.75,66,8,17050.0,2131.25,55,25
CUST02167,56,Male,549570.92,119,0,0.0,0.0,9999,27
CUST02168,59,Male,1560143.6,106,4,7130.0,1782.5,129,24
CUST02169,62,Female,352283.65,78,4,7360.0,1840.0,129,22
CUST02170,65,Male,282340.95,8,18,32050.0,1780.56,8,26
CUST02171,31,Male,419524.04,67,12,37700.0,3141.67,118,26
CUST02172,28,Male,316710.46,99,3,16430.0,5476.67,1,33
CUST02173,59,Male,380392.52,27,15,29910.0,1994.0,68,33
CUST02174,55,Female,371322.73,34,9,20390.0,2265.56,78,26
CUST02175,21,Female,690094.72,28,2,2990.0,1495.0,194,29
CUST02176,70,Female,278979.67,31,25,42240.0,1689.6,24,31
CUST02177,50,Male,530329.49,17,11,13000.0,1181.82,32,17
CUST02178,24,Female,354384.62,83,9,22390.0,2487.78,37,29
CUST02179,58,Female,640405.56,106,9,12560.0,1395.56,156,27
CUST02180,25,Male,672563.69,108,5,15370.0,3074.0,242,22
CUST02181,54,Male,747163.25,55,6,16720.0,2786.67,103,14
CUST02182,68,Female,747102.52,75,8,18820.0,2352.5,83,25
CUST02183,27,Male,378081.91,9,4,3930.0,982.5,78,18
CUST02184,60,Male,499020.94,94,3,7820.0,2606.67,242,25
CUST02185,32,Male,968695.73,57,3,4730.0,1576.67,3,25
CUST02186,55,Male,610002.8,45,4,12330.0,3082.5,20,29
CUST02187,32,Male,745412.86,6,6,11450.0,1908.33,4,29
CUST02188,22,Male,289150.18,14,5,8230.0,1646.0,144,23
CUST02189,46,Female,767955.06,31,7,14000.0,2000.0,73,23
CUST02190,36,Male,213976.63,54,4,7670.0,1917.5,55,33
CUST02191,68,Female,251276.86,11,19,40440.0,2128.42,0,18
CUST02192,27,Male,333576.37,69,6,7850.0,1308.33,57,42
CUST02193,29,Other,605543.66,95,16,54260.0,3391.25,46,23
CUST02194,21,Female,654022.79,2,0,0.0,0.0,9999,29
CUST02195,48,Female,346636.99,103,12,16110.0,1342.5,166,25
CUST02196,35,Female,210290.83,17,21,40970.0,1950.95,11,27
CUST02197,33,Female,767915.84,102,4,7120.0,1780.0,383,23
CUST02198,57,Female,651335.77,110,1,1170.0,1170.0,136,32
CUST02199,53,Male,606144.29,36,5,14820.0,2964.0,320,29
CUST02200,42,Male,1189876.02,3,6,10590.0,1765.0,27,18
CUST02201,40,Female,534919.63,63,10,11850.0,1185.0,122,25
CUST02202,29,Male,319977.68,43,6,16340.0,2723.33,117,25
CUST02203,51,Female,909189.11,93,2,4660.0,2330.0,228,26
CUST02204,53,Female,416233.14,33,20,32690.0,1634.5,55,23
CUST02205,54,Male,476885.95,78,13,28910.0,2223.85,35,26
CUST02206,20,Female,392763.22,102,4,6780.0,1695.0,302,24
CUST02207,26,Male,343793.17,29,9,22080.0,2453.33,2,26
CUST02208,70,Male,413602.66,23,4,8330.0,2082.5,41,21
CUST02209,35,Female,991175.52,59,4,3300.0,825.0,146,28
CUST02210,60,Male,309412.8,81,7,12840.0,1834.29,383,24
CUST02211,52,Female,809072.78,49,11,23370.0,2124.55,35,23
CUST02212,51,Female,217571.88,55,13,58140.0,4472.31,11,30
CUST02213,58,Male,1027661.92,75,15,22660.0,1510.67,183,20
CUST02214,31,Female,1077272.48,28,0,0.0,0.0,9999,18
CUST02215,21,Female,315423.53,118,9,22140.0,2460.0,53,28
CUST02216,46,Male,518079.89,71,6,11610.0,1935.0,52,28
CUST02217,58,Male,668035.6,109,20,43510.0,2175.5,17,27
CUST02218,62,Female,380984.94,104,2,4480.0,2240.0,87,21
CUST02219,67,Female,1166591.79,72,15,28270.0,1884.67,30,30
CUST02220,32,Male,504886.29,105,7,15860.0,2265.71,198,31
CUST02221,45,Male,395658.92,93,8,20250.0,2531.25,19,24
CUST02222,59,Female,518053.23,25,11,18130.0,1648.18,12,25
CUST02223,33,Female,358993.88,7,9,20630.0,2292.22,26,30
CUST02224,29,Male,504731.32,86,14,44880.0,3205.71,45,24
CUST02225,69,Female,408384.73,73,13,15580.0,1198.46,150,25
CUST02226,22,Male,352145.47,75,16,25270.0,1579.38,10,19
CUST02227,51,Female,715848.2,34,9,28770.0,3196.67,185,25
CUST02228,59,Male,233461.22,91,15,21370.0,1424.67,67,18
CUST02229,18,Male,1105290.63,114,3,7260.0,2420.0,92,24
CUST02230,56,Male,554620.02,22,21,27820.0,1324.76,39,17
CUST02231,49,Female,1148052.66,67,14,21960.0,1568.57,52,27
CUST02232,43,Female,770863.69,50,12,34340.0,2861.67,34,22
CUST02233,34,Female,273160.09,48,8,28590.0,3573.75,106,27
CUST02234,65,Female,516168.42,104,9,20770.0,2307.78,286,29
CUST02235,44,Male,222910.7,119,13,18870.0,1451.54,28,27
CUST02236,41,Female,332951.19,72,12,26820.0,2235.0,4,32
CUST02237,52,Male,470146.66,70,1,1780.0,1780.0,687,17
CUST02238,63,Female,364058.61,57,8,11310.0,1413.75,101,25
CUST02239,59,Male,403509.52,25,2,5250.0,2625.0,435,22
CUST02240,56,Male,370339.23,66,4,15150.0,3787.5,27,22
CUST02241,43,Female,1363333.28,16,10,23370.0,2337.0,16,20
CUST02242,66,Female,527470.45,58,2,2260.0,1130.0,225,37
CUST02243,55,Female,661934.67,117,18,29570.0,1642.78,22,22
CUST02244,40,Female,488482.04,41,16,43130.0,2695.62,7,33
CUST02245,39,Male,581976.85,51,9,16640.0,1848.89,27,22
CUST02246,21,Female,198282.12,21,11,20930.0,1902.73,150,25
CUST02247,66,Male,1060426.51,79,20,92530.0,4626.5,22,33
CUST02248,26,Female,361332.05,56,4,9250.0,2312.5,91,22
CUST02249,21,Female,837330.66,98,6,10030.0,1671.67,246,25
CUST02250,24,Male,852113.71,47,1,4660.0,4660.0,315,23
CUST02251,40,Male,222596.76,118,13,43190.0,3322.31,19,28
CUST02252,19,Male,512779.11,43,7,11460.0,1637.14,273,18
CUST02253,66,Male,600046.98,84,13,38690.0,2976.15,39,30
CUST02254,41,Male,525325.64,108,7,20180.0,2882.86,37,25
CUST02255,57,Male,499788.5,31,7,16120.0,2302.86,40,17
CUST02256,48,Male,410959.55,15,12,59730.0,4977.5,49,28
CUST02257,64,Female,362628.6,48,1,1640.0,1640.0,416,23
CUST02258,48,Female,804906.57,62,11,45630.0,4148.18,35,29
CUST02259,64,Male,598005.36,92,15,47870.0,3191.33,59,18
CUST02260,57,Male,543485.4,70,20,58900.0,2945.0,0,22
CUST02261,65,Male,243253.78,3,7,19640.0,2805.71,2,21
CUST02262,68,Female,445456.42,38,8,16690.0,2086.25,78,20
CUST02263,60,Female,487596.57,87,8,8820.0,1102.5,47,27
CUST02264,51,Female,729937.79,58,3,4140.0,1380.0,149,41
CUST02265,41,Female,228151.33,67,7,16370.0,2338.57,16,24
CUST02266,66,Female,305361.4,117,4,4190.0,1047.5,209,22
CUST02267,43,Female,1123312.48,45,5,8980.0,1796.0,119,27
CUST02268,33,Male,349249.22,44,14,27920.0,1994.29,23,31
CUST02269,64,Female,217328.01,8,1,750.0,750.0,110,19
CUST02270,30,Female,365194.83,66,5,19200.0,3840.0,40,21
CUST02271,32,Female,349810.35,71,9,9570.0,1063.33,20,18
CUST02272,44,Female,670226.21,61,7,18670.0,2667.14,105,31
CUST02273,21,Male,666531.08,17,14,31930.0,2280.71,29,26
CUST02274,33,Female,323240.07,71,21,36000.0,1714.29,13,21
CUST02275,47,Male,421615.09,97,14,22880.0,1634.29,0,25
CUST02276,61,Male,636656.2,36,4,7460.0,1865.0,153,20
CUST02277,47,Male,646329.6,111,5,7290.0,1458.0,167,23
CUST02278,53,Other,313889.74,68,1,2150.0,2150.0,50,27
CUST02279,20,Female,329893.78,108,14,24780.0,1770.0,3,27
CUST02280,39,Female,1295896.03,80,2,5840.0,2920.0,637,25
CUST02281,66,Female,444849.27,21,6,8980.0,1496.67,47,27
CUST02282,39,Male,979125.57,82,5,16010.0,3202.0,211,22
CUST02283,67,Female,554176.4,46,3,5980.0,1993.33,27,28
CUST02284,67,Other,818414.82,46,8,17780.0,2222.5,60,31
CUST02285,66,Female,662477.65,92,15,36990.0,2466.0,43,33
CUST02286,29,Male,539992.95,107,16,25980.0,1623.75,1,22
CUST02287,38,Female,537125.06,16,3,3930.0,1310.0,82,25
CUST02288,21,Other,286085.55,111,13,27750.0,2134.62,25,31
CUST02289,48,Female,463869.99,22,10,10110.0,1011.0,16,22
CUST02290,61,Female,395317.21,6,8,20640.0,2580.0,0,18
CUST02291,48,Female,431420.27,94,12,16430.0,1369.17,79,22
CUST02292,40,Female,423394.01,56,8,6370.0,796.25,46,32
CUST02293,70,Female,537908.11,45,11,40370.0,3670.0,41,28
CUST02294,37,Female,666264.81,58,11,29050.0,2640.91,24,29
CUST02295,32,Male,469994.93,28,6,8070.0,1345.0,25,31
CUST02296,40,Female,768395.49,17,10,13080.0,1308.0,1,36
CUST02297,45,Female,414741.78,36,3,7680.0,2560.0,25,26
CUST02298,33,Female,519892.24,12,2,4630.0,2315.0,123,29
CUST02299,54,Female,1556390.87,50,5,8580.0,1716.0,226,33
CUST02300,38,Male,291191.67,59,0,0.0,0.0,9999,27
CUST02301,32,Male,413634.18,104,10,24850.0,2485.0,148,20
CUST02302,34,Female,220993.3,12,18,22490.0,1249.44,21,34
CUST02303,67,Female,554135.57,100,17,34260.0,2015.29,20,26
CUST02304,54,Male,503734.79,62,13,35350.0,2719.23,120,24
CUST02305,30,Male,529102.35,40,3,11600.0,3866.67,392,25
CUST02306,36,Male,331758.78,93,2,3800.0,1900.0,204,28
CUST02307,47,Male,354901.98,2,17,26030.0,1531.18,2,25
CUST02308,62,Male,512312.08,93,10,31000.0,3100.0,26,23
CUST02309,35,Male,265959.76,94,1,860.0,860.0,431,27
CUST02310,31,Male,743439.18,100,19,48570.0,2556.32,1,25
CUST02311,53,Male,267390.45,108,3,5960.0,1986.67,36,18
CUST02312,53,Male,467162.95,25,12,29840.0,2486.67,59,20
CUST02313,37,Female,410962.41,85,1,2450.0,2450.0,278,21
CUST02314,69,Male,399249.47,86,8,18860.0,2357.5,205,25
CUST02315,36,Male,242749.77,74,1,730.0,730.0,58,23
CUST02316,62,Male,490154.19,31,23,39560.0,1720.0,13,27
CUST02317,61,Male,290319.93,47,13,51490.0,3960.77,11,34
CUST02318,24,Male,532559.47,60,10,17790.0,1779.0,134,32
CUST02319,61,Male,355256.4,73,9,9300.0,1033.33,188,26
CUST02320,70,Female,488816.13,105,5,9280.0,1856.0,1,26
CUST02321,21,Female,221296.12,103,15,25340.0,1689.33,102,31
CUST02322,51,Female,753804.68,98,0,0.0,0.0,9999,25
CUST02323,19,Female,818899.65,103,13,34080.0,2621.54,29,23
CUST02324,22,Male,390009.3,41,5,13010.0,2602.0,235,15
CUST02325,27,Female,1763829.84,50,5,2880.0,576.0,117,29
CUST02326,49,Male,704106.86,23,9,36740.0,4082.22,64,26
CUST02327,59,Female,445149.21,12,3,8690.0,2896.67,73,25
CUST02328,58,Male,400887.27,71,3,6320.0,2106.67,18,26
CUST02329,30,Female,351780.33,96,2,8500.0,4250.0,185,22
CUST02330,56,Female,383283.82,83,10,25210.0,2521.0,71,14
CUST02331,22,Male,475880.54,22,5,9400.0,1880.0,50,34
CUST02332,27,Female,490250.5,56,5,13740.0,2748.0,35,30
CUST02333,27,Male,265813.24,16,0,0.0,0.0,9999,22
CUST02334,55,Female,919879.79,58,5,7600.0,1520.0,58,32
CUST02335,44,Female,712411.18,72,3,9610.0,3203.33,4,31
CUST02336,68,Male,1148102.48,94,16,26970.0,1685.62,92,19
CUST02337,38,Male,590021.41,51,15,24570.0,1638.0,8,33
CUST02338,25,Male,800817.92,6,11,24920.0,2265.45,0,34
CUST02339,18,Female,284861.94,2,4,7230.0,1807.5,18,30
CUST02340,45,Male,655644.17,62,6,27010.0,4501.67,74,32
CUST02341,66,Female,223265.28,98,7,4070.0,581.43,24,24
CUST02342,56,Female,322912.77,93,20,80140.0,4007.0,25,20
CUST02343,31,Male,1544654.51,104,13,29000.0,2230.77,122,16
CUST02344,38,Other,427159.66,42,2,3390.0,1695.0,80,27
CUST02345,47,Female,495712.78,117,10,14980.0,1498.0,69,27
CUST02346,38,Male,685728.34,117,19,39940.0,2102.11,30,18
CUST02347,66,Male,491348.49,43,2,1140.0,570.0,104,34
CUST02348,26,Female,315754.09,52,0,0.0,0.0,9999,26
CUST02349,34,Male,319281.97,58,4,2340.0,585.0,276,22
CUST02350,22,Male,717139.98,20,2,1510.0,755.0,182,32
CUST02351,48,Male,571823.11,56,3,13770.0,4590.0,205,22
CUST02352,69,Female,728493.97,67,4,9830.0,2457.5,112,28
CUST02353,57,Female,651273.67,59,6,16610.0,2768.33,26,29
CUST02354,55,Female,513790.48,48,4,6140.0,1535.0,31,32
CUST02355,60,Male,502978.2,35,0,0.0,0.0,9999,25
CUST02356,36,Female,522252.31,8,0,0.0,0.0,9999,27
CUST02357,53,Other,424519.05,115,6,8150.0,1358.33,159,21
CUST02358,67,Male,426741.61,76,4,6160.0,1540.0,197,22
CUST02359,50,Male,626723.3,114,4,6990.0,1747.5,24,23
CUST02360,30,Female,956159.09,109,8,16050.0,2006.25,157,29
CUST02361,31,Female,235212.78,107,3,4910.0,1636.67,60,25
CUST02362,50,Female,1464078.69,32,4,7000.0,1750.0,223,32
CUST02363,46,Female,682860.42,93,21,35110.0,1671.9,25,31
CUST02364,60,Female,608249.65,45,1,1260.0,1260.0,175,30
CUST02365,66,Male,317624.01,85,2,4130.0,2065.0,260,29
CUST02366,53,Female,362945.17,67,16,69020.0,4313.75,1,22
CUST02367,61,Female,658317.39,102,2,6450.0,3225.0,72,29
CUST02368,27,Other,559753.15,27,15,36070.0,2404.67,5,31
CUST02369,48,Male,279564.88,119,13,20060.0,1543.08,34,33
CUST02370,23,Female,339225.28,3,12,22520.0,1876.67,17,27
CUST02371,18,Female,358433.11,57,6,13610.0,2268.33,354,27
CUST02372,24,Male,344904.97,65,20,30210.0,1510.5,35,21
CUST02373,44,Male,564966.05,110,7,12650.0,1807.14,97,18
CUST02374,38,Female,315388.64,119,15,31630.0,2108.67,122,27
CUST02375,45,Male,709915.59,20,5,4660.0,932.0,105,23
CUST02376,33,Female,256264.04,71,19,39140.0,2060.0,16,22
CUST02377,63,Female,775798.28,41,26,41360.0,1590.77,21,24
CUST02378,40,Male,1981235.5,1,5,10000.0,2000.0,4,19
CUST02379,69,Other,709845.15,74,17,40440.0,2378.82,21,35
CUST02380,37,Female,391442.34,109,13,38110.0,2931.54,12,27
CUST02381,55,Female,399216.28,76,5,7950.0,1590.0,127,30
CUST02382,42,Male,301577.33,4,13,15380.0,1183.08,28,31
CUST02383,45,Female,812310.08,71,2,4620.0,2310.0,161,29
CUST02384,22,Male,538058.62,10,16,41520.0,2595.0,34,21
CUST02385,38,Male,221488.1,86,3,5300.0,1766.67,321,19
CUST02386,35,Male,259970.58,89,2,4730.0,2365.0,253,26
CUST02387,64,Male,226761.28,29,11,26850.0,2440.91,38,29
CUST02388,23,Male,704652.0,103,5,13970.0,2794.0,142,23
CUST02389,46,Other,318552.07,15,11,24270.0,2206.36,34,33
CUST02390,36,Female,727672.07,19,22,61880.0,2812.73,21,28
CUST02391,50,Male,388936.72,103,7,9700.0,1385.71,75,23
CUST02392,18,Male,714248.8,58,7,11040.0,1577.14,231,31
CUST02393,62,Female,445320.93,110,12,25250.0,2104.17,15,28
CUST02394,20,Male,766654.48,53,3,13980.0,4660.0,247,24
CUST02395,59,Female,350072.36,46,21,60230.0,2868.1,33,19
CUST02396,38,Female,359255.5,18,5,9340.0,1868.0,14,22
CUST02397,52,Female,407364.36,106,2,3650.0,1825.0,25,25
CUST02398,58,Male,727634.9,3,13,29060.0,2235.38,8,24
CUST02399,57,Male,307233.03,70,6,11770.0,1961.67,139,26
CUST02400,20,Male,385731.63,22,5,22530.0,4506.0,70,21
CUST02401,42,Male,446810.6,55,6,9830.0,1638.33,67,26
CUST02402,62,Male,598356.92,118,10,19960.0,1996.0,20,28
CUST02403,55,Female,418347.02,64,15,22940.0,1529.33,7,21
CUST02404,62,Female,648422.13,41,8,16160.0,2020.0,16,34
CUST02405,37,Other,357126.4,110,1,1440.0,1440.0,247,30
CUST02406,69,Female,780287.53,117,14,48380.0,3455.71,12,33
CUST02407,61,Male,702776.5,95,9,12990.0,1443.33,223,20
CUST02408,62,Female,386379.74,85,13,36780.0,2829.23,105,28
CUST02409,51,Male,691508.44,120,11,30710.0,2791.82,104,27
CUST02410,38,Male,305941.04,8,6,16580.0,2763.33,1,27
CUST02411,65,Female,537754.4,65,4,11230.0,2807.5,109,36
CUST02412,40,Female,350461.68,3,0,0.0,0.0,9999,25
CUST02413,23,Female,575707.39,29,8,14090.0,1761.25,171,24
CUST02414,68,Male,463214.49,118,2,3150.0,1575.0,373,24
CUST02415,70,Male,355318.18,70,1,1040.0,1040.0,184,31
CUST02416,30,Male,246518.2,97,14,37640.0,2688.57,6,31
CUST02417,66,Male,453654.79,18,1,800.0,800.0,413,21
CUST02418,40,Male,855320.19,106,5,10200.0,2040.0,209,27
CUST02419,26,Female,568221.83,119,9,17120.0,1902.22,65,25
CUST02420,34,Female,247369.8,113,2,2190.0,1095.0,120,31
CUST02421,19,Male,450112.69,58,3,2140.0,713.33,352,23
CUST02422,36,Female,853552.15,117,7,11910.0,1701.43,22,25
CUST02423,36,Male,434927.44,1,12,41090.0,3424.17,1,16
CUST02424,24,Other,322723.58,22,17,19890.0,1170.0,18,26
CUST02425,59,Male,1097614.36,95,17,24140.0,1420.0,3,16
CUST02426,59,Female,307444.71,23,3,7410.0,2470.0,61,15
CUST02427,37,Female,451598.13,8,13,19330.0,1486.92,19,19
CUST02428,26,Female,379112.22,29,7,13330.0,1904.29,190,23
CUST02429,34,Male,670747.06,44,2,4030.0,2015.0,97,20
CUST02430,44,Female,620952.59,115,1,1810.0,1810.0,352,21
CUST02431,64,Male,334189.43,110,5,10760.0,2152.0,132,19
CUST02432,19,Male,364949.08,62,4,2560.0,640.0,85,18
CUST02433,53,Male,532248.49,19,3,5640.0,1880.0,242,21
CUST02434,36,Female,551596.56,59,4,4980.0,1245.0,290,30
CUST02435,34,Female,451081.21,113,8,14130.0,1766.25,12,20
CUST02436,22,Male,435413.45,80,4,6750.0,1687.5,181,24
CUST02437,56,Female,287645.42,19,5,13030.0,2606.0,159,29
CUST02438,35,Female,1149663.39,101,3,6630.0,2210.0,95,23
CUST02439,70,Female,666397.42,22,16,9630.0,601.88,80,18
CUST02440,24,Male,501329.66,83,1,2050.0,2050.0,460,30
CUST02441,34,Female,775803.02,68,11,27330.0,2484.55,19,23
CUST02442,56,Female,456142.12,5,15,23850.0,1590.0,35,26
CUST02443,53,Male,346580.85,5,1,980.0,980.0,68,25
CUST02444,57,Female,584234.41,25,17,38030.0,2237.06,14,20
CUST02445,62,Male,532275.35,24,10,27650.0,2765.0,60,20
CUST02446,21,Male,1065742.36,1,3,9080.0,3026.67,14,16
CUST02447,55,Male,358858.18,114,12,12520.0,1043.33,46,21
CUST02448,42,Male,324195.77,28,13,46850.0,3603.85,115,31
CUST02449,22,Female,1287125.35,47,1,5500.0,5500.0,729,32
CUST02450,47,Male,852049.66,85,4,17600.0,4400.0,446,21
CUST02451,29,Female,665888.51,60,5,7980.0,1596.0,38,27
CUST02452,21,Male,367603.0,19,3,16290.0,5430.0,61,26
CUST02453,41,Female,603401.72,87,0,0.0,0.0,9999,25
CUST02454,46,Female,279738.39,14,10,24360.0,2436.0,16,25
CUST02455,26,Female,396857.09,70,12,53770.0,4480.83,32,29
CUST02456,21,Female,296204.36,96,7,14370.0,2052.86,64,33
CUST02457,68,Female,356288.11,114,7,11510.0,1644.29,69,31
CUST02458,41,Male,292507.57,96,16,39500.0,2468.75,10,26
CUST02459,31,Female,683867.75,8,9,15680.0,1742.22,5,28
CUST02460,22,Female,1117609.79,37,5,14150.0,2830.0,112,32
CUST02461,35,Female,775837.4,86,7,19240.0,2748.57,10,29
CUST02462,59,Female,700451.05,72,3,2120.0,706.67,264,23
CUST02463,36,Female,429801.62,102,17,35820.0,2107.06,25,26
CUST02464,29,Male,545166.02,10,16,26530.0,1658.12,0,26
CUST02465,35,Female,308617.02,67,6,6180.0,1030.0,29,16
CUST02466,34,Male,278655.94,13,9,30350.0,3372.22,96,25
CUST02467,47,Male,260032.99,39,6,21880.0,3646.67,75,18
CUST02468,41,Female,288745.65,64,0,0.0,0.0,9999,19
CUST02469,28,Male,681187.42,30,3,5900.0,1966.67,305,21
CUST02470,52,Male,715622.6,4,0,0.0,0.0,9999,23
CUST02471,40,Female,333259.16,45,21,77900.0,3709.52,24,21
CUST02472,34,Female,570620.09,6,8,6310.0,788.75,18,29
CUST02473,18,Female,835882.89,16,6,15140.0,2523.33,20,26
CUST02474,32,Female,466962.31,22,6,10730.0,1788.33,16,26
CUST02475,49,Other,357843.63,91,9,25470.0,2830.0,40,26
CUST02476,26,Male,414530.79,21,8,17060.0,2132.5,36,19
CUST02477,32,Female,951941.33,93,18,32990.0,1832.78,54,23
CUST02478,45,Male,484595.73,65,24,32320.0,1346.67,42,31
CUST02479,41,Male,1307253.09,30,7,25280.0,3611.43,432,35
CUST02480,52,Female,370258.99,24,12,26470.0,2205.83,47,22
CUST02481,39,Female,398156.79,64,9,24950.0,2772.22,98,18
CUST02482,44,Male,265657.18,13,15,18810.0,1254.0,24,25
CUST02483,36,Male,810120.54,94,6,11770.0,1961.67,156,15
CUST02484,62,Female,521658.88,26,5,12370.0,2474.0,55,29
CUST02485,29,Female,333455.31,98,5,12100.0,2420.0,223,29
CUST02486,37,Female,425483.47,20,6,18530.0,3088.33,110,21
CUST02487,18,Male,622077.24,61,7,23020.0,3288.57,186,27
CUST02488,38,Female,344653.59,115,8,26470.0,3308.75,6,20
CUST02489,66,Male,583257.21,6,0,0.0,0.0,9999,28
CUST02490,62,Male,749472.91,43,8,28930.0,3616.25,92,16
CUST02491,18,Female,411377.65,49,16,40260.0,2516.25,60,19
CUST02492,27,Female,216353.54,9,7,14260.0,2037.14,8,16
CUST02493,64,Male,442708.6,101,16,26980.0,1686.25,42,17
CUST02494,49,Male,398567.41,37,5,5750.0,1150.0,169,34
CUST02495,56,Female,285484.25,16,4,9250.0,2312.5,35,23
CUST02496,39,Male,651093.96,4,5,12180.0,2436.0,3,23
CUST02497,35,Male,662589.86,32,21,61710.0,2938.57,41,21
CUST02498,65,Male,551587.67,84,7,15220.0,2174.29,73,18
CUST02499,63,Male,411389.2,93,5,5350.0,1070.0,2,15
CUST02500,49,Male,531345.66,95,13,20880.0,1606.15,87,24
CUST02501,44,Female,373182.39,109,22,65700.0,2986.36,0,22
CUST02502,45,Female,680444.87,17,2,3060.0,1530.0,24,16
CUST02503,35,Female,410630.72,41,2,2950.0,1475.0,264,23
CUST02504,56,Female,446377.14,89,21,27880.0,1327.62,8,30
CUST02505,66,Female,463425.92,45,3,10770.0,3590.0,332,36
CUST02506,46,Female,2175159.29,16,8,32780.0,4097.5,6,20
CUST02507,35,Female,316005.42,20,22,66490.0,3022.27,59,21
CUST02508,61,Male,404604.97,42,5,5430.0,1086.0,320,22
CUST02509,25,Female,243139.76,10,2,4680.0,2340.0,148,18
CUST02510,48,Male,560591.77,52,8,13120.0,1640.0,28,16
CUST02511,51,Female,1089665.3,60,3,5840.0,1946.67,273,28
CUST02512,24,Female,451026.6,48,4,13150.0,3287.5,126,27
CUST02513,53,Female,374504.2,23,4,9810.0,2452.5,95,22
CUST02514,35,Female,486506.95,116,6,13160.0,2193.33,83,16
CUST02515,55,Male,796502.79,33,15,30930.0,2062.0,97,24
CUST02516,26,Male,931003.9,107,7,14370.0,2052.86,165,25
CUST02517,26,Male,312128.88,77,9,22370.0,2485.56,0,24
CUST02518,63,Male,672354.46,25,0,0.0,0.0,9999,25
CUST02519,25,Male,477649.5,50,0,0.0,0.0,9999,25
CUST02520,68,Male,956938.22,101,0,0.0,0.0,9999,30
CUST02521,52,Male,1404523.16,100,7,7540.0,1077.14,179,22
CUST02522,35,Other,1134413.27,88,10,21260.0,2126.0,78,31
CUST02523,22,Male,320793.33,70,19,55390.0,2915.26,9,17
CUST02524,31,Male,342384.49,79,2,3490.0,1745.0,267,23
CUST02525,45,Male,1071807.78,55,10,9880.0,988.0,181,37
CUST02526,47,Female,477147.63,98,17,17780.0,1045.88,10,18
CUST02527,21,Male,353670.22,68,0,0.0,0.0,9999,21
CUST02528,56,Female,270805.62,78,7,16240.0,2320.0,65,22
CUST02529,37,Male,532440.9,4,15,18820.0,1254.67,8,27
CUST02530,42,Female,415385.52,28,19,18180.0,956.84,20,25
CUST02531,45,Female,596009.68,29,8,12980.0,1622.5,180,31
CUST02532,29,Male,544675.74,82,6,5620.0,936.67,179,26
CUST02533,19,Male,289334.88,84,19,32290.0,1699.47,25,31
CUST02534,60,Male,346101.34,48,11,22180.0,2016.36,28,25
CUST02535,31,Female,764859.68,105,2,5620.0,2810.0,538,28
CUST02536,39,Male,795789.3,96,21,35360.0,1683.81,8,22
CUST02537,48,Female,423038.34,72,8,8500.0,1062.5,179,23
CUST02538,40,Female,541222.49,107,2,2580.0,1290.0,665,35
CUST02539,65,Female,313022.22,110,6,10040.0,1673.33,213,19
CUST02540,37,Male,488066.35,113,14,23170.0,1655.0,87,22
CUST02541,55,Male,822220.58,13,13,20550.0,1580.77,28,27
CUST02542,21,Female,1059280.99,104,6,7760.0,1293.33,25,21
CUST02543,32,Female,472519.55,110,18,47880.0,2660.0,18,22
CUST02544,41,Other,434075.87,43,21,26900.0,1280.95,11,33
CUST02545,42,Female,261963.88,9,5,13270.0,2654.0,48,20
CUST02546,18,Female,381952.41,40,16,39330.0,2458.12,15,23
CUST02547,24,Female,484825.83,46,0,0.0,0.0,9999,31
CUST02548,48,Female,462263.89,111,3,2370.0,790.0,304,20
CUST02549,29,Male,387314.32,58,10,13600.0,1360.0,1,30
CUST02550,59,Female,853031.35,97,17,26200.0,1541.18,39,23
CUST02551,22,Male,602395.18,56,4,3890.0,972.5,244,34
CUST02552,61,Male,464107.32,12,2,3960.0,1980.0,213,18
CUST02553,67,Female,680112.76,101,12,28510.0,2375.83,44,18
CUST02554,59,Male,494182.92,25,4,12010.0,3002.5,8,26
CUST02555,55,Male,1005437.91,110,6,20700.0,3450.0,11,25
CUST02556,29,Male,349639.0,89,10,21460.0,2146.0,72,24
CUST02557,56,Female,579581.06,118,7,15190.0,2170.0,230,17
CUST02558,35,Female,192115.49,16,3,12930.0,4310.0,30,29
CUST02559,19,Female,419195.48,51,13,29590.0,2276.15,112,26
CUST02560,27,Male,535372.32,80,1,3930.0,3930.0,105,28
CUST02561,32,Male,432733.84,103,7,18850.0,2692.86,15,23
CUST02562,47,Male,304070.13,99,10,19800.0,1980.0,27,26
CUST02563,61,Male,365837.49,87,21,29830.0,1420.48,19,23
CUST02564,34,Female,317889.22,72,3,7520.0,2506.67,40,35
CUST02565,21,Male,473848.09,117,4,10650.0,2662.5,71,23
CUST02566,24,Male,711875.23,53,0,0.0,0.0,9999,24
CUST02567,58,Male,427761.82,110,7,23960.0,3422.86,18,28
CUST02568,48,Male,1128477.58,52,7,16550.0,2364.29,16,26
CUST02569,68,Male,554187.65,67,11,16130.0,1466.36,169,30
CUST02570,56,Female,198890.07,24,9,10940.0,1215.56,226,21
CUST02571,51,Female,580873.09,107,4,11260.0,2815.0,416,22
CUST02572,23,Female,488788.47,86,2,5280.0,2640.0,394,27
CUST02573,67,Female,929303.51,14,16,67110.0,4194.38,2,17
CUST02574,55,Male,496195.73,22,9,13960.0,1551.11,4,27
CUST02575,62,Female,446164.34,98,9,6500.0,722.22,8,31
CUST02576,68,Female,1270837.96,100,6,17140.0,2856.67,151,24
CUST02577,51,Male,193841.54,31,3,6920.0,2306.67,144,26
CUST02578,61,Female,428241.42,85,13,23100.0,1776.92,44,29
CUST02579,32,Female,563504.59,58,18,35350.0,1963.89,29,31
CUST02580,31,Male,417750.64,69,1,7710.0,7710.0,228,32
CUST02581,23,Female,194269.41,19,5,4930.0,986.0,186,19
CUST02582,67,Female,599710.64,106,14,33360.0,2382.86,25,30
CUST02583,54,Female,406877.53,53,3,6730.0,2243.33,77,21
CUST02584,67,Female,470266.67,85,9,13960.0,1551.11,75,16
CUST02585,49,Male,881031.87,2,13,20240.0,1556.92,2,26
CUST02586,20,Male,573418.74,53,3,1990.0,663.33,14,29
CUST02587,20,Female,378264.12,67,17,30860.0,1815.29,44,30
CUST02588,39,Female,596884.45,47,16,45420.0,2838.75,11,18
CUST02589,39,Female,413062.98,115,5,14030.0,2806.0,97,30
CUST02590,27,Male,436158.07,53,7,15940.0,2277.14,66,28
CUST02591,68,Male,703033.89,57,7,40420.0,5774.29,30,30
CUST02592,20,Male,374589.57,94,3,1670.0,556.67,103,26
CUST02593,29,Male,643751.72,98,2,5350.0,2675.0,641,26
CUST02594,46,Male,450817.11,25,14,55730.0,3980.71,20,26
CUST02595,65,Male,397833.3,35,14,22820.0,1630.0,2,18
CUST02596,34,Male,398456.0,29,16,15200.0,950.0,5,25
CUST02597,24,Male,379295.02,76,8,15110.0,1888.75,30,24
CUST02598,30,Male,520493.22,87,10,19410.0,1941.0,129,19
CUST02599,19,Other,441852.06,92,7,6630.0,947.14,9,27
CUST02600,21,Female,926012.43,110,21,50040.0,2382.86,7,24
CUST02601,27,Male,335425.68,17,2,2420.0,1210.0,90,20
CUST02602,56,Female,638429.21,80,14,15490.0,1106.43,31,21
CUST02603,41,Female,836380.27,49,3,8880.0,2960.0,20,25
CUST02604,34,Female,1089163.01,56,6,6470.0,1078.33,24,28
CUST02605,69,Male,346994.78,73,16,37480.0,2342.5,108,23
CUST02606,23,Male,792808.43,3,4,4730.0,1182.5,38,25
CUST02607,36,Female,548541.76,22,5,8080.0,1616.0,24,26
CUST02608,22,Male,802808.92,95,4,8430.0,2107.5,240,20
CUST02609,49,Female,374093.98,14,17,30120.0,1771.76,30,24
CUST02610,27,Female,474514.05,3,14,26810.0,1915.0,1,16
CUST02611,26,Other,424516.78,38,7,17800.0,2542.86,148,21
CUST02612,44,Male,408194.37,87,12,47120.0,3926.67,141,22
CUST02613,30,Male,509342.38,21,8,9880.0,1235.0,90,19
CUST02614,36,Male,1536576.6,51,10,19840.0,1984.0,0,29
CUST02615,38,Female,675602.14,24,15,36060.0,2404.0,88,21
CUST02616,41,Male,426922.66,96,11,39230.0,3566.36,74,24
CUST02617,55,Female,438441.8,45,15,22550.0,1503.33,65,24
CUST02618,21,Male,644037.17,69,12,36820.0,3068.33,63,23
CUST02619,41,Male,459820.72,97,22,16590.0,754.09,40,29
CUST02620,52,Male,460552.47,44,16,36150.0,2259.38,102,19
CUST02621,20,Female,303528.7,47,2,1750.0,875.0,178,28
CUST02622,21,Female,489522.57,57,1,620.0,620.0,597,17
CUST02623,54,Male,180000.0,19,4,7440.0,1860.0,0,19
CUST02624,57,Female,225613.68,34,17,41170.0,2421.76,43,22
CUST02625,65,Female,427079.13,3,8,11360.0,1420.0,29,21
CUST02626,52,Female,672990.76,39,13,18350.0,1411.54,137,26
CUST02627,48,Female,1032481.09,92,1,5000.0,5000.0,27,20
CUST02628,61,Male,598977.17,75,0,0.0,0.0,9999,19
CUST02629,42,Male,635881.92,60,17,26920.0,1583.53,137,21
CUST02630,57,Female,526046.64,10,6,8840.0,1473.33,4,21
CUST02631,30,Male,729160.59,40,17,64590.0,3799.41,7,29
CUST02632,21,Male,550391.97,2,10,15910.0,1591.0,3,23
CUST02633,63,Male,591276.53,110,11,19960.0,1814.55,25,25
CUST02634,31,Female,247391.45,45,10,32280.0,3228.0,8,23
CUST02635,30,Male,562809.23,103,5,9730.0,1946.0,15,28
CUST02636,44,Female,505262.44,27,9,26130.0,2903.33,111,33
CUST02637,23,Male,414612.67,53,22,65250.0,2965.91,6,30
CUST02638,34,Other,428578.56,9,2,3500.0,1750.0,77,21
CUST02639,53,Male,274341.91,103,0,0.0,0.0,9999,21
CUST02640,57,Female,637272.36,1,1,1040.0,1040.0,15,25
CUST02641,66,Female,555769.53,33,5,15790.0,3158.0,69,29
CUST02642,52,Female,515816.88,38,18,32610.0,1811.67,76,39
CUST02643,34,Male,554523.16,57,12,25670.0,2139.17,78,23
CUST02644,58,Female,285377.12,33,19,37440.0,1970.53,75,26
CUST02645,19,Male,1105555.71,48,2,3680.0,1840.0,420,21
CUST02646,30,Male,764329.12,3,13,28330.0,2179.23,14,21
CUST02647,69,Female,661086.61,32,1,5140.0,5140.0,128,24
CUST02648,19,Female,975198.44,77,8,13960.0,1745.0,27,29
CUST02649,69,Female,549830.94,21,9,21130.0,2347.78,18,24
CUST02650,45,Female,440314.52,68,4,4530.0,1132.5,14,27
CUST02651,60,Male,565566.8,17,11,21200.0,1927.27,1,28
CUST02652,43,Female,993991.26,42,9,16330.0,1814.44,79,22
CUST02653,39,Male,334317.18,68,19,27270.0,1435.26,35,28
CUST02654,64,Female,988664.07,84,8,15540.0,1942.5,54,27
CUST02655,60,Female,272083.77,12,7,32830.0,4690.0,77,25
CUST02656,20,Female,635552.33,90,7,2820.0,402.86,2,21
CUST02657,52,Male,787767.85,45,12,25730.0,2144.17,4,23
CUST02658,29,Female,668210.75,36,7,10260.0,1465.71,17,23
CUST02659,41,Male,801117.24,80,9,10350.0,1150.0,11,29
CUST02660,22,Male,472118.08,51,6,6930.0,1155.0,5,25
CUST02661,37,Male,281941.35,7,14,30930.0,2209.29,1,28
CUST02662,56,Female,802091.51,33,18,33990.0,1888.33,17,26
CUST02663,56,Male,1148813.49,48,4,7870.0,1967.5,9,28
CUST02664,30,Male,464294.3,66,2,4480.0,2240.0,373,22
CUST02665,58,Male,679583.93,33,2,4270.0,2135.0,491,30
CUST02666,70,Male,344719.97,78,15,30350.0,2023.33,164,25
CUST02667,62,Female,333215.23,84,12,45540.0,3795.0,3,29
CUST02668,29,Female,524746.55,101,20,45110.0,2255.5,28,24
CUST02669,30,Male,360380.98,27,0,0.0,0.0,9999,25
CUST02670,27,Female,522125.09,47,2,820.0,410.0,121,27
CUST02671,50,Female,1955206.83,106,4,4070.0,1017.5,194,22
CUST02672,57,Female,363929.87,85,3,5610.0,1870.0,20,33
CUST02673,33,Female,583070.43,66,11,18750.0,1704.55,221,18
CUST02674,62,Male,226629.48,43,23,16860.0,733.04,26,28
CUST02675,52,Female,632761.08,80,6,8800.0,1466.67,8,20
CUST02676,20,Male,364007.27,19,10,12710.0,1271.0,51,30
CUST02677,22,Male,570375.89,68,11,25290.0,2299.09,5,14
CUST02678,43,Female,563551.95,10,4,9690.0,2422.5,86,20
CUST02679,28,Female,532300.51,118,7,12340.0,1762.86,138,21
CUST02680,24,Male,326443.96,22,4,10240.0,2560.0,138,15
CUST02681,70,Male,440046.29,76,11,17050.0,1550.0,66,29
CUST02682,27,Female,555951.53,66,4,9050.0,2262.5,42,22
CUST02683,59,Female,448281.42,2,14,28200.0,2014.29,0,22
CUST02684,69,Female,940203.66,105,2,4600.0,2300.0,125,30
CUST02685,51,Male,509314.36,108,6,8490.0,1415.0,113,28
CUST02686,20,Female,319838.58,98,13,19410.0,1493.08,98,18
CUST02687,25,Male,607135.92,18,10,20560.0,2056.0,84,25
CUST02688,48,Male,180000.0,80,3,9330.0,3110.0,165,28
CUST02689,28,Male,1208705.25,19,14,17150.0,1225.0,125,27
CUST02690,62,Female,230501.05,111,12,14890.0,1240.83,74,25
CUST02691,24,Female,748458.32,89,13,57910.0,4454.62,206,16
CUST02692,62,Female,697821.05,30,6,9150.0,1525.0,168,17
CUST02693,19,Female,300625.49,112,14,18680.0,1334.29,7,35
CUST02694,23,Male,643141.33,6,14,12910.0,922.14,1,20
CUST02695,58,Male,366625.66,27,3,8130.0,2710.0,180,25
CUST02696,49,Male,464130.26,15,8,17410.0,2176.25,2,39
CUST02697,37,Female,617875.71,31,10,24290.0,2429.0,13,26
CUST02698,51,Female,489242.64,44,11,27480.0,2498.18,31,17
CUST02699,67,Other,318806.53,86,9,10260.0,1140.0,73,21
CUST02700,33,Female,601409.79,76,13,13050.0,1003.85,179,35
CUST02701,42,Female,455300.47,10,15,54910.0,3660.67,5,17
CUST02702,29,Female,475722.31,21,14,36740.0,2624.29,106,24
CUST02703,24,Female,488545.01,47,1,1040.0,1040.0,671,30
CUST02704,56,Female,272931.08,55,17,26460.0,1556.47,16,26
CUST02705,34,Female,301474.07,95,5,5580.0,1116.0,205,25
CUST02706,62,Female,383549.97,36,2,1620.0,810.0,77,20
CUST02707,28,Female,601397.82,74,12,44370.0,3697.5,43,17
CUST02708,23,Male,329144.5,58,10,12910.0,1291.0,83,23
CUST02709,40,Male,853866.8,19,2,6710.0,3355.0,443,31
CUST02710,44,Male,547497.41,87,20,30670.0,1533.5,31,31
CUST02711,63,Male,589089.63,64,1,3340.0,3340.0,367,24
CUST02712,23,Female,430676.53,110,1,1940.0,1940.0,715,26
CUST02713,55,Male,243808.94,10,13,31060.0,2389.23,58,17
CUST02714,19,Male,635220.07,49,7,23110.0,3301.43,179,29
CUST02715,39,Male,361266.76,54,22,40980.0,1862.73,2,28
CUST02716,37,Female,255508.71,61,6,15180.0,2530.0,300,18
CUST02717,42,Male,343423.8,59,14,18530.0,1323.57,31,27
CUST02718,32,Male,482380.1,91,6,10420.0,1736.67,219,34
CUST02719,66,Male,180000.0,107,15,24930.0,1662.0,8,27
CUST02720,46,Male,429814.55,114,8,9600.0,1200.0,92,24
CUST02721,25,Female,787098.86,2,12,25620.0,2135.0,9,32
CUST02722,54,Male,507246.15,75,11,16410.0,1491.82,2,32
CUST02723,66,Female,857761.99,8,12,18500.0,1541.67,34,31
CUST02724,69,Female,417042.8,19,3,3170.0,1056.67,283,23
CUST02725,50,Other,840104.25,80,18,46160.0,2564.44,2,25
CUST02726,39,Male,273381.88,68,1,3060.0,3060.0,108,29
CUST02727,67,Male,654945.51,14,21,29570.0,1408.1,30,21
CUST02728,64,Male,476222.81,22,11,32380.0,2943.64,42,21
CUST02729,22,Male,919931.19,17,6,13780.0,2296.67,87,25
CUST02730,56,Female,415312.35,107,6,12110.0,2018.33,12,17
CUST02731,35,Male,311358.22,63,3,10670.0,3556.67,29,18
CUST02732,55,Male,628047.24,26,11,17900.0,1627.27,29,28
CUST02733,70,Female,1049261.52,99,8,14200.0,1775.0,40,32
CUST02734,54,Female,556067.16,36,18,40280.0,2237.78,5,22
CUST02735,47,Male,490616.51,117,2,1180.0,590.0,50,31
CUST02736,68,Male,289419.35,45,8,9780.0,1222.5,299,22
CUST02737,48,Male,765642.39,113,6,10340.0,1723.33,208,28
CUST02738,27,Female,488522.26,30,6,12360.0,2060.0,27,25
CUST02739,32,Female,685379.44,116,5,9880.0,1976.0,59,27
CUST02740,59,Female,546404.82,21,4,4710.0,1177.5,5,24
CUST02741,65,Female,1252143.31,20,1,1630.0,1630.0,446,31
CUST02742,61,Female,389074.58,42,29,95260.0,3284.83,46,20
CUST02743,35,Male,395533.01,90,8,11180.0,1397.5,81,29
CUST02744,40,Male,788906.2,119,2,5550.0,2775.0,561,24
CUST02745,50,Female,797663.32,56,2,3490.0,1745.0,136,31
CUST02746,33,Female,809107.61,12,7,11200.0,1600.0,49,24
CUST02747,55,Male,497156.93,8,15,36530.0,2435.33,14,20
CUST02748,52,Female,548975.52,99,9,18390.0,2043.33,26,31
CUST02749,51,Female,272679.92,93,5,4660.0,932.0,44,26
CUST02750,45,Male,465083.59,117,16,29450.0,1840.62,42,21
CUST02751,19,Female,566324.08,106,7,10320.0,1474.29,25,23
CUST02752,47,Male,566461.73,63,18,25490.0,1416.11,12,30
CUST02753,30,Female,355535.51,56,2,2420.0,1210.0,117,30
CUST02754,58,Male,304875.38,7,3,5800.0,1933.33,28,23
CUST02755,33,Female,799906.13,62,5,9460.0,1892.0,32,20
CUST02756,22,Female,745396.5,61,10,23080.0,2308.0,212,25
CUST02757,45,Male,450377.7,10,8,13460.0,1682.5,37,26
CUST02758,70,Female,795697.29,103,9,14120.0,1568.89,25,23
CUST02759,56,Female,763087.99,50,1,940.0,940.0,223,28
CUST02760,62,Female,234940.6,20,5,22220.0,4444.0,15,22
CUST02761,37,Male,477157.81,28,19,62980.0,3314.74,169,22
CUST02762,41,Female,913242.8,14,9,15200.0,1688.89,2,25
CUST02763,44,Male,244446.08,76,15,30750.0,2050.0,124,20
CUST02764,47,Male,260288.03,8,24,43280.0,1803.33,6,29
CUST02765,62,Male,662874.19,7,10,19580.0,1958.0,8,26
CUST02766,44,Male,894408.97,5,17,22330.0,1313.53,9,29
CUST02767,43,Female,440825.17,1,4,8800.0,2200.0,1,28
CUST02768,24,Male,404794.26,111,5,3850.0,770.0,135,26
CUST02769,59,Male,232760.03,73,20,37180.0,1859.0,14,29
CUST02770,64,Female,437193.7,108,2,8710.0,4355.0,267,21
CUST02771,70,Female,257810.55,118,2,4030.0,2015.0,354,29
CUST02772,55,Female,426246.43,82,15,48730.0,3248.67,15,20
CUST02773,22,Male,901858.49,107,21,32330.0,1539.52,7,21
CUST02774,40,Female,279249.94,106,7,13770.0,1967.14,306,24
CUST02775,45,Male,446339.02,10,6,22290.0,3715.0,65,11
CUST02776,51,Other,736607.2,114,7,8970.0,1281.43,110,27
CUST02777,70,Female,352588.94,58,26,53670.0,2064.23,17,17
CUST02778,32,Female,600738.86,65,20,77790.0,3889.5,44,25
CUST02779,49,Male,719960.01,60,14,16340.0,1167.14,96,25
CUST02780,43,Male,517959.78,20,3,7010.0,2336.67,21,33
CUST02781,65,Male,522767.51,58,9,20430.0,2270.0,27,26
CUST02782,48,Male,305066.53,43,15,40220.0,2681.33,9,15
CUST02783,36,Male,417773.75,29,13,23910.0,1839.23,29,20
CUST02784,26,Female,537857.85,2,11,39950.0,3631.82,0,23
CUST02785,46,Male,212491.6,26,3,5230.0,1743.33,16,35
CUST02786,68,Female,181949.03,75,3,12690.0,4230.0,323,25
CUST02787,56,Male,466692.5,89,4,11770.0,2942.5,267,23
CUST02788,21,Male,592929.06,98,6,16150.0,2691.67,336,18
CUST02789,20,Female,520223.05,59,10,22950.0,2295.0,126,19
CUST02790,46,Female,241068.58,105,6,9900.0,1650.0,48,25
CUST02791,69,Male,821558.69,1,8,11560.0,1445.0,4,27
CUST02792,28,Male,523848.09,119,4,13660.0,3415.0,183,18
CUST02793,50,Female,773882.77,31,6,10140.0,1690.0,218,24
CUST02794,55,Male,375108.38,38,16,35220.0,2201.25,9,27
CUST02795,28,Male,563327.62,22,7,8780.0,1254.29,17,23
CUST02796,44,Female,631932.57,66,7,30310.0,4330.0,172,19
CUST02797,50,Male,785753.46,47,8,13590.0,1698.75,33,23
CUST02798,38,Male,756420.61,1,8,15450.0,1931.25,4,27
CUST02799,56,Female,348831.78,120,15,56900.0,3793.33,4,21
CUST02800,48,Female,474616.58,88,5,13040.0,2608.0,10,16
CUST02801,55,Male,395109.66,50,12,37890.0,3157.5,48,25
CUST02802,63,Female,533223.6,36,3,9830.0,3276.67,340,25
CUST02803,19,Male,261832.24,45,13,11950.0,919.23,26,30
CUST02804,44,Female,244484.46,36,8,11870.0,1483.75,23,37
CUST02805,53,Female,1462859.39,111,20,25490.0,1274.5,81,18
CUST02806,28,Male,1194536.49,34,8,12350.0,1543.75,75,32
CUST02807,64,Male,844942.67,9,7,11840.0,1691.43,18,23
CUST02808,35,Male,621731.06,76,5,12040.0,2408.0,78,22
CUST02809,18,Female,708795.91,110,14,41070.0,2933.57,5,23
CUST02810,52,Female,709663.77,84,5,14060.0,2812.0,304,22
CUST02811,52,Male,1052809.59,4,13,14950.0,1150.0,8,26
CUST02812,48,Male,400605.74,79,11,32960.0,2996.36,70,22
CUST02813,45,Male,355553.91,63,6,8920.0,1486.67,41,22
CUST02814,56,Male,496593.17,4,11,11000.0,1000.0,7,28
CUST02815,18,Male,653664.17,5,3,4040.0,1346.67,4,32
CUST02816,42,Female,445826.15,10,5,3450.0,690.0,82,24
CUST02817,60,Female,389911.8,108,1,1890.0,1890.0,564,19
CUST02818,55,Other,954668.6,44,0,0.0,0.0,9999,23
CUST02819,37,Female,343065.19,40,3,8350.0,2783.33,320,23
CUST02820,20,Female,968262.75,36,7,19310.0,2758.57,13,30
CUST02821,68,Female,771267.06,35,11,18000.0,1636.36,65,28
CUST02822,19,Female,1182027.49,59,5,13570.0,2714.0,52,29
CUST02823,35,Male,1335425.54,65,4,5640.0,1410.0,12,26
CUST02824,61,Male,590643.74,82,12,30580.0,2548.33,77,26
CUST02825,27,Male,1274007.76,116,10,19680.0,1968.0,30,23
CUST02826,22,Female,627638.1,31,5,14690.0,2938.0,58,26
CUST02827,26,Female,597576.57,46,3,4140.0,1380.0,105,26
CUST02828,19,Male,545563.18,49,9,7570.0,841.11,15,34
CUST02829,51,Female,411214.24,6,10,19570.0,1957.0,69,32
CUST02830,55,Female,703776.29,70,9,19700.0,2188.89,129,17
CUST02831,48,Male,839145.19,106,3,4420.0,1473.33,56,23
CUST02832,27,Male,266491.91,19,5,6830.0,1366.0,27,23
CUST02833,67,Male,1582145.9,96,1,2750.0,2750.0,656,20
CUST02834,29,Male,1038608.5,42,12,24350.0,2029.17,140,30
CUST02835,53,Female,384760.94,30,8,16750.0,2093.75,12,28
CUST02836,38,Female,643976.68,26,13,22070.0,1697.69,86,22
CUST02837,66,Female,490378.09,3,21,28640.0,1363.81,0,19
CUST02838,64,Female,580788.33,33,22,48120.0,2187.27,34,26
CUST02839,23,Female,470331.59,50,26,66380.0,2553.08,24,29
CUST02840,65,Female,632720.66,31,10,14470.0,1447.0,72,17
CUST02841,66,Female,309051.12,111,18,30010.0,1667.22,16,25
CUST02842,20,Female,1339620.42,84,8,18800.0,2350.0,7,25
CUST02843,27,Female,319773.47,68,4,9950.0,2487.5,231,25
CUST02844,22,Male,641096.87,96,10,40430.0,4043.0,152,38
CUST02845,63,Female,368418.82,82,7,15060.0,2151.43,30,26
CUST02846,43,Male,466052.73,10,3,6320.0,2106.67,49,25
CUST02847,38,Female,615340.14,22,12,20780.0,1731.67,23,28
CUST02848,62,Male,522496.41,63,4,6210.0,1552.5,54,26
CUST02849,43,Male,529973.64,54,3,4220.0,1406.67,84,20
CUST02850,55,Other,423686.68,51,10,25430.0,2543.0,77,18
CUST02851,61,Male,366288.22,81,4,4240.0,1060.0,32,33
CUST02852,43,Male,673847.16,106,7,19720.0,2817.14,54,16
CUST02853,25,Male,340420.05,4,17,41800.0,2458.82,3,24
CUST02854,22,Female,373261.39,37,7,24920.0,3560.0,106,16
CUST02855,32,Female,375237.46,71,2,4280.0,2140.0,11,26
CUST02856,33,Female,430724.0,115,4,8560.0,2140.0,94,19
CUST02857,18,Female,263879.39,63,18,35710.0,1983.89,21,28
CUST02858,33,Male,265711.13,51,2,3820.0,1910.0,123,30
CUST02859,54,Male,638413.34,8,19,37590.0,1978.42,20,29
CUST02860,20,Male,641692.34,1,23,35880.0,1560.0,1,27
CUST02861,69,Female,575026.27,120,5,17010.0,3402.0,83,30
CUST02862,64,Female,928382.13,8,21,31110.0,1481.43,4,30
CUST02863,48,Male,336167.61,83,4,13370.0,3342.5,224,18
CUST02864,30,Male,230035.03,81,12,19400.0,1616.67,43,15
CUST02865,33,Male,711941.9,105,11,20790.0,1890.0,73,33
CUST02866,60,Female,227798.64,116,3,4690.0,1563.33,222,23
CUST02867,38,Male,470129.83,55,9,25080.0,2786.67,64,11
CUST02868,19,Male,566682.72,112,2,4880.0,2440.0,17,29
CUST02869,44,Male,1263908.37,9,8,11070.0,1383.75,14,27
CUST02870,55,Female,390960.49,51,14,58870.0,4205.0,47,31
CUST02871,43,Female,404126.74,16,4,10800.0,2700.0,54,36
CUST02872,55,Male,673231.47,53,4,7410.0,1852.5,134,25
CUST02873,63,Female,655571.67,59,2,2030.0,1015.0,505,29
CUST02874,42,Female,428409.21,45,8,19760.0,2470.0,185,30
CUST02875,28,Other,543444.14,115,6,8700.0,1450.0,33,25
CUST02876,25,Male,358866.84,37,4,8100.0,2025.0,115,28
CUST02877,25,Female,611312.36,91,6,13730.0,2288.33,72,27
CUST02878,50,Female,244070.03,66,24,30700.0,1279.17,8,26
CUST02879,70,Male,1850341.0,64,5,7070.0,1414.0,86,30
CUST02880,24,Female,691655.2,36,2,2190.0,1095.0,321,30
CUST02881,55,Male,304565.46,76,14,35190.0,2513.57,11,26
CUST02882,38,Male,443211.13,50,16,42450.0,2653.12,3,25
CUST02883,25,Male,311277.61,99,15,54390.0,3626.0,16,30
CUST02884,68,Male,345922.64,95,20,51150.0,2557.5,4,37
CUST02885,38,Male,549966.56,53,7,9940.0,1420.0,121,27
CUST02886,37,Male,935259.77,57,15,15370.0,1024.67,34,19
CUST02887,25,Female,477746.91,19,2,2260.0,1130.0,376,26
CUST02888,63,Female,213557.54,26,2,2080.0,1040.0,259,31
CUST02889,48,Male,379309.65,118,2,3160.0,1580.0,283,18
CUST02890,67,Female,390705.02,100,8,27110.0,3388.75,25,24
CUST02891,46,Female,520413.92,68,3,7820.0,2606.67,452,27
CUST02892,65,Male,469261.42,112,1,970.0,970.0,594,30
CUST02893,26,Male,185823.94,43,8,26600.0,3325.0,105,31
CUST02894,32,Female,329766.35,95,5,8650.0,1730.0,288,25
CUST02895,47,Female,303760.01,58,5,7090.0,1418.0,214,20
CUST02896,43,Male,748784.82,77,11,17260.0,1569.09,66,25
CUST02897,27,Male,439814.02,117,4,12840.0,3210.0,106,26
CUST02898,46,Female,203411.93,107,2,4070.0,2035.0,69,32
CUST02899,33,Other,338264.4,103,8,5600.0,700.0,99,22
CUST02900,53,Male,848286.37,59,8,5160.0,645.0,42,23
CUST02901,37,Other,381839.83,46,11,35280.0,3207.27,7,29
CUST02902,62,Male,368297.62,68,5,11000.0,2200.0,263,19
CUST02903,54,Male,463114.5,40,7,22560.0,3222.86,69,19
CUST02904,39,Male,553427.14,108,4,5370.0,1342.5,0,22
CUST02905,24,Female,468897.2,13,2,4660.0,2330.0,33,21
CUST02906,40,Male,792367.89,105,6,18580.0,3096.67,24,26
CUST02907,58,Male,468910.76,9,16,23150.0,1446.88,73,22
CUST02908,57,Female,677241.06,66,3,2280.0,760.0,168,27
CUST02909,46,Other,546272.25,99,10,34000.0,3400.0,55,35
CUST02910,33,Male,279431.63,53,4,19860.0,4965.0,136,23
CUST02911,55,Male,1116543.96,76,21,31250.0,1488.1,28,20
CUST02912,45,Female,841062.0,81,16,50200.0,3137.5,66,36
CUST02913,65,Female,387438.69,4,8,20680.0,2585.0,67,24
CUST02914,55,Male,475611.69,14,15,87780.0,5852.0,49,21
CUST02915,48,Female,659475.53,85,11,11670.0,1060.91,49,33
CUST02916,31,Male,542192.07,105,11,26050.0,2368.18,224,25
CUST02917,70,Female,524677.7,8,21,52960.0,2521.9,7,26
CUST02918,50,Male,627741.4,97,12,20890.0,1740.83,81,21
CUST02919,26,Female,586203.68,62,2,3380.0,1690.0,60,30
CUST02920,44,Male,587405.57,45,4,4650.0,1162.5,14,23
CUST02921,41,Female,520983.07,92,4,6340.0,1585.0,338,25
CUST02922,30,Female,666548.55,67,5,16820.0,3364.0,74,24
CUST02923,43,Male,549477.0,62,7,8680.0,1240.0,198,20
CUST02924,46,Female,555724.91,78,2,12090.0,6045.0,419,23
CUST02925,68,Male,928246.6,83,2,1500.0,750.0,93,33
CUST02926,66,Female,607686.29,70,8,11980.0,1497.5,87,24
CUST02927,60,Other,580190.33,36,16,27400.0,1712.5,58,24
CUST02928,45,Female,335175.08,84,16,50690.0,3168.12,19,21
CUST02929,45,Female,342859.35,1,5,9650.0,1930.0,3,29
CUST02930,25,Female,835787.99,60,12,33480.0,2790.0,37,27
CUST02931,40,Male,646386.36,74,0,0.0,0.0,9999,22
CUST02932,46,Male,755598.87,13,5,16900.0,3380.0,178,20
CUST02933,22,Female,546513.63,12,18,85890.0,4771.67,55,34
CUST02934,59,Female,597932.08,75,6,9060.0,1510.0,36,24
CUST02935,24,Female,468258.34,100,3,1300.0,433.33,81,31
CUST02936,59,Female,494022.47,17,8,10250.0,1281.25,68,26
CUST02937,53,Male,414493.04,47,11,37730.0,3430.0,203,25
CUST02938,58,Male,911219.73,53,18,26440.0,1468.89,3,25
CUST02939,44,Male,362960.57,93,4,5510.0,1377.5,49,14
CUST02940,63,Female,574214.03,67,17,40150.0,2361.76,177,34
CUST02941,19,Male,465969.38,93,0,0.0,0.0,9999,18
CUST02942,42,Male,767333.91,10,5,11750.0,2350.0,26,25
CUST02943,26,Female,553934.29,117,17,33620.0,1977.65,21,25
CUST02944,70,Female,615406.61,46,23,24320.0,1057.39,25,30
CUST02945,44,Female,548956.13,83,9,10400.0,1155.56,34,15
CUST02946,18,Other,319939.6,117,17,64300.0,3782.35,3,25
CUST02947,40,Female,640514.14,4,16,25120.0,1570.0,0,19
CUST02948,27,Male,478171.74,57,17,31220.0,1836.47,44,24
CUST02949,59,Female,354951.58,110,20,33990.0,1699.5,22,31
CUST02950,69,Male,264998.77,38,3,2760.0,920.0,104,27
CUST02951,42,Female,346137.17,12,12,17590.0,1465.83,11,21
CUST02952,20,Female,705176.53,31,5,11530.0,2306.0,289,20
CUST02953,23,Female,1104835.05,2,7,16010.0,2287.14,14,31
CUST02954,23,Male,527361.67,113,2,5590.0,2795.0,118,26
CUST02955,70,Male,319283.66,1,20,47680.0,2384.0,0,30
CUST02956,19,Female,603037.18,81,20,19840.0,992.0,25,27
CUST02957,35,Male,811943.4,25,4,10660.0,2665.0,38,32
CUST02958,40,Other,1186974.6,5,13,16400.0,1261.54,6,23
CUST02959,19,Female,883118.95,48,0,0.0,0.0,9999,20
CUST02960,29,Female,553094.84,14,5,18930.0,3786.0,75,15
CUST02961,39,Female,647677.62,52,14,54860.0,3918.57,69,32
CUST02962,54,Female,361200.48,74,6,12870.0,2145.0,137,29
CUST02963,37,Male,715681.76,21,22,39500.0,1795.45,13,18
CUST02964,56,Male,761200.1,25,22,52600.0,2390.91,0,30
CUST02965,41,Female,180000.0,99,1,2500.0,2500.0,421,20
CUST02966,65,Female,533155.74,67,7,12240.0,1748.57,228,27
CUST02967,37,Female,977645.95,82,4,8160.0,2040.0,137,21
CUST02968,18,Other,369648.65,120,19,58990.0,3104.74,88,28
CUST02969,18,Male,192124.19,119,17,20200.0,1188.24,12,27
CUST02970,34,Male,493812.88,50,15,29860.0,1990.67,149,26
CUST02971,18,Male,811453.09,100,15,23840.0,1589.33,78,26
CUST02972,70,Female,598773.38,103,3,3940.0,1313.33,45,22
CUST02973,69,Male,506097.89,33,0,0.0,0.0,9999,26
CUST02974,62,Male,329662.35,112,5,9910.0,1982.0,15,18
CUST02975,47,Female,305026.39,17,14,22820.0,1630.0,5,29
CUST02976,58,Male,542862.07,104,2,3750.0,1875.0,175,29
CUST02977,64,Female,487002.76,70,15,55960.0,3730.67,30,28
CUST02978,20,Female,733799.9,34,2,3100.0,1550.0,519,32
CUST02979,63,Male,609646.11,26,3,6750.0,2250.0,110,27
CUST02980,28,Male,357891.31,42,4,9280.0,2320.0,103,33
CUST02981,41,Female,561082.46,31,14,33840.0,2417.14,69,15
CUST02982,39,Male,520764.53,113,5,6420.0,1284.0,61,30
CUST02983,61,Male,236454.34,51,3,6130.0,2043.33,196,23
CUST02984,62,Male,414055.29,92,7,12730.0,1818.57,23,25
CUST02985,43,Male,513698.78,36,5,9960.0,1992.0,264,24
CUST02986,30,Female,475131.77,13,11,14910.0,1355.45,86,18
CUST02987,18,Male,576336.28,85,7,25470.0,3638.57,97,23
CUST02988,41,Female,517943.33,90,19,30240.0,1591.58,10,19
CUST02989,27,Male,582842.52,115,2,5360.0,2680.0,297,21
CUST02990,52,Female,538991.44,95,6,23460.0,3910.0,279,18
CUST02991,41,Female,494800.94,80,14,18630.0,1330.71,102,26
CUST02992,45,Female,537217.32,95,14,25410.0,1815.0,58,25
CUST02993,53,Female,424926.8,13,11,31640.0,2876.36,5,24
CUST02994,33,Male,414697.31,94,15,13810.0,920.67,13,24
CUST02995,57,Female,522637.43,32,3,15810.0,5270.0,17,26
CUST02996,33,Male,202460.81,5,9,10520.0,1168.89,14,22
CUST02997,34,Male,423151.65,12,8,18850.0,2356.25,2,28
CUST02998,68,Female,363882.36,103,17,17470.0,1027.65,98,22
CUST02999,32,Male,344204.62,59,16,40910.0,2556.88,3,26
CUST03000,33,Female,433875.18,41,6,12770.0,2128.33,88,29
CUST03001,32,Male,273542.82,37,8,19990.0,2498.75,11,25
CUST03002,51,Female,434808.45,68,6,16930.0,2821.67,26,28
CUST03003,28,Female,554853.9,106,18,49740.0,2763.33,19,26
CUST03004,18,Female,802151.33,48,15,49990.0,3332.67,44,18
CUST03005,32,Female,1345116.64,43,6,5150.0,858.33,5,31
CUST03006,43,Female,219589.6,93,18,62590.0,3477.22,4,26
CUST03007,68,Female,328437.64,41,21,67890.0,3232.86,34,23
CUST03008,21,Male,434758.29,56,17,17930.0,1054.71,57,22
CUST03009,60,Female,532099.02,69,20,51800.0,2590.0,74,14
CUST03010,22,Male,589131.99,11,15,17710.0,1180.67,10,26
CUST03011,52,Male,379955.05,94,7,12160.0,1737.14,149,27
CUST03012,30,Male,180000.0,9,2,1950.0,975.0,14,25
CUST03013,27,Male,796462.51,113,1,2480.0,2480.0,351,31
CUST03014,28,Female,626912.86,28,10,22730.0,2273.0,77,18
CUST03015,35,Female,689221.77,22,1,1820.0,1820.0,488,25
CUST03016,51,Female,453962.56,75,20,26810.0,1340.5,20,34
CUST03017,56,Female,585596.51,85,8,18870.0,2358.75,317,30
CUST03018,58,Male,203316.28,6,2,1250.0,625.0,77,18
CUST03019,59,Male,308876.09,26,10,22640.0,2264.0,13,24
CUST03020,67,Male,855789.07,16,0,0.0,0.0,9999,20
CUST03021,40,Female,507004.23,115,1,1760.0,1760.0,284,31
CUST03022,24,Male,1159546.98,14,1,790.0,790.0,91,37
CUST03023,56,Female,322463.68,35,2,1920.0,960.0,568,26
CUST03024,20,Female,1576676.29,42,6,15520.0,2586.67,68,20
CUST03025,29,Female,1681645.84,53,7,16760.0,2394.29,8,16
CUST03026,24,Female,374051.66,119,8,13200.0,1650.0,49,20
CUST03027,66,Female,407529.38,100,2,3900.0,1950.0,477,24
CUST03028,43,Male,878318.21,22,5,7140.0,1428.0,68,30
CUST03029,50,Male,388137.0,53,17,36850.0,2167.65,72,31
CUST03030,54,Female,443671.68,66,6,7290.0,1215.0,18,30
CUST03031,65,Female,359482.72,13,2,3350.0,1675.0,175,28
CUST03032,32,Female,363864.88,11,20,45910.0,2295.5,8,22
CUST03033,19,Male,527259.49,12,4,4740.0,1185.0,60,18
CUST03034,58,Female,442075.4,97,12,35510.0,2959.17,47,24
CUST03035,24,Male,195278.09,86,15,25470.0,1698.0,125,20
CUST03036,49,Male,956325.09,53,8,12170.0,1521.25,25,27
CUST03037,21,Male,1026913.84,9,10,35720.0,3572.0,25,24
CUST03038,37,Male,629663.96,108,10,15900.0,1590.0,134,30
CUST03039,67,Male,529112.6,71,3,6920.0,2306.67,245,24
CUST03040,70,Male,328150.54,17,7,31200.0,4457.14,126,20
CUST03041,53,Female,406168.95,61,16,40490.0,2530.62,28,24
CUST03042,49,Female,816257.37,10,6,17840.0,2973.33,23,28
CUST03043,45,Female,654369.41,38,2,2420.0,1210.0,31,28
CUST03044,30,Male,613686.81,39,11,25260.0,2296.36,24,26
CUST03045,18,Other,625536.47,115,17,49650.0,2920.59,56,23
CUST03046,52,Male,806520.76,110,16,36790.0,2299.38,41,24
CUST03047,65,Male,753876.84,89,15,44360.0,2957.33,95,20
CUST03048,47,Female,681871.11,91,17,50740.0,2984.71,27,29
CUST03049,53,Male,427475.26,94,2,1520.0,760.0,49,19
CUST03050,42,Female,1066969.8,30,7,8670.0,1238.57,36,27
CUST03051,33,Female,401976.93,107,20,34160.0,1708.0,60,15
CUST03052,36,Other,338209.55,34,10,11650.0,1165.0,27,27
CUST03053,18,Female,387960.64,33,1,2260.0,2260.0,617,21
CUST03054,22,Female,292527.51,32,10,16510.0,1651.0,42,23
CUST03055,68,Male,650159.2,106,16,24180.0,1511.25,66,27
CUST03056,39,Female,496957.58,12,3,7210.0,2403.33,6,25
CUST03057,41,Male,830892.73,105,20,29450.0,1472.5,7,25
CUST03058,60,Female,180000.0,87,5,9580.0,1916.0,103,21
CUST03059,62,Female,549775.97,93,28,87120.0,3111.43,20,32
CUST03060,69,Male,445418.77,107,25,31890.0,1275.6,44,22
CUST03061,54,Female,427984.15,65,2,6960.0,3480.0,483,21
CUST03062,70,Male,313032.02,84,2,5490.0,2745.0,233,37
CUST03063,53,Male,509912.82,10,7,9150.0,1307.14,34,30
CUST03064,53,Female,354421.91,19,6,14730.0,2455.0,6,25
CUST03065,21,Male,990749.2,23,2,4550.0,2275.0,297,29
CUST03066,53,Male,663008.44,85,2,1680.0,840.0,200,25
CUST03067,69,Male,777630.44,57,9,21260.0,2362.22,5,21
CUST03068,70,Female,228479.59,107,14,25720.0,1837.14,18,23
CUST03069,35,Male,744822.4,99,3,4520.0,1506.67,240,18
CUST03070,67,Male,713891.03,59,9,8060.0,895.56,91,20
CUST03071,33,Female,416449.29,112,11,16180.0,1470.91,41,20
CUST03072,58,Male,459762.84,96,3,7820.0,2606.67,112,18
CUST03073,35,Male,321298.28,54,4,9670.0,2417.5,44,23
CUST03074,39,Female,435374.03,74,21,41950.0,1997.62,6,12
CUST03075,19,Female,644638.46,2,2,2440.0,1220.0,26,28
CUST03076,38,Female,369963.48,115,2,3590.0,1795.0,43,24
CUST03077,53,Male,508192.47,100,17,31580.0,1857.65,45,24
CUST03078,61,Female,1572055.75,48,2,3760.0,1880.0,416,26
CUST03079,56,Female,321870.42,6,8,7580.0,947.5,8,26
CUST03080,64,Male,580604.3,43,7,13890.0,1984.29,67,18
CUST03081,56,Male,313999.51,17,14,52470.0,3747.86,0,17
CUST03082,46,Other,256246.45,79,23,42200.0,1834.78,8,26
CUST03083,43,Female,716437.24,118,14,44730.0,3195.0,65,24
CUST03084,38,Female,416345.54,36,6,24540.0,4090.0,88,22
CUST03085,34,Female,1026929.37,24,0,0.0,0.0,9999,32
CUST03086,33,Female,645578.38,104,3,6980.0,2326.67,112,36
CUST03087,48,Female,351074.04,120,19,35990.0,1894.21,4,21
CUST03088,68,Male,336964.46,61,12,14570.0,1214.17,16,26
CUST03089,26,Male,691512.83,29,24,47080.0,1961.67,27,23
CUST03090,48,Female,311313.29,114,5,5700.0,1140.0,9,29
CUST03091,31,Female,307408.66,78,1,1520.0,1520.0,435,33
CUST03092,66,Female,230664.67,58,1,2200.0,2200.0,372,26
CUST03093,54,Other,661912.27,66,2,2840.0,1420.0,136,33
CUST03094,19,Female,347330.82,112,22,39920.0,1814.55,5,25
CUST03095,69,Male,587855.05,86,9,25670.0,2852.22,74,38
CUST03096,65,Female,278271.63,111,2,4460.0,2230.0,113,25
CUST03097,63,Male,239214.45,53,18,13580.0,754.44,64,26
CUST03098,31,Male,691252.16,70,8,8930.0,1116.25,87,32
CUST03099,50,Male,465576.88,9,3,11050.0,3683.33,34,22
CUST03100,52,Female,368491.2,76,2,3060.0,1530.0,332,29
CUST03101,56,Other,401699.28,42,8,17270.0,2158.75,51,17
CUST03102,64,Male,402344.18,39,6,12830.0,2138.33,164,21
CUST03103,68,Male,1248913.13,69,16,43460.0,2716.25,72,27
CUST03104,37,Female,563435.21,119,12,34540.0,2878.33,151,24
CUST03105,19,Female,532272.05,40,6,8960.0,1493.33,163,29
CUST03106,68,Female,356216.65,59,1,860.0,860.0,630,22
CUST03107,58,Female,712424.02,44,6,15600.0,2600.0,116,24
CUST03108,36,Female,297695.99,65,9,16570.0,1841.11,126,27
CUST03109,54,Male,631448.45,74,10,24550.0,2455.0,39,25
CUST03110,35,Male,632987.57,11,15,23930.0,1595.33,1,27
CUST03111,33,Male,790369.48,91,15,36770.0,2451.33,34,17
CUST03112,21,Female,206185.87,87,12,36210.0,3017.5,48,25
CUST03113,29,Male,830367.23,84,20,49430.0,2471.5,88,35
CUST03114,46,Female,586294.4,5,3,3890.0,1296.67,5,31
CUST03115,24,Male,356083.65,77,6,9930.0,1655.0,228,26
CUST03116,31,Male,189230.13,114,6,16740.0,2790.0,56,27
CUST03117,29,Male,416463.76,74,7,17140.0,2448.57,43,20
CUST03118,52,Male,543854.12,117,6,13070.0,2178.33,199,21
CUST03119,22,Male,252280.29,49,2,2530.0,1265.0,433,27
CUST03120,34,Female,340923.25,51,2,3040.0,1520.0,453,31
CUST03121,59,Male,283171.01,36,4,2440.0,610.0,55,31
CUST03122,49,Female,411152.62,105,9,11090.0,1232.22,62,29
CUST03123,27,Male,306398.51,114,14,30310.0,2165.0,24,24
CUST03124,60,Female,1327726.85,16,4,5470.0,1367.5,63,16
CUST03125,34,Female,737500.55,7,6,12780.0,2130.0,26,25
CUST03126,22,Other,304022.71,96,6,10640.0,1773.33,13,22
CUST03127,62,Male,324613.66,89,5,9300.0,1860.0,119,28
CUST03128,59,Male,256775.74,44,1,1850.0,1850.0,280,23
CUST03129,26,Female,467294.64,26,6,9490.0,1581.67,163,28
CUST03130,66,Male,1111462.5,36,2,1720.0,860.0,75,19
CUST03131,50,Female,856981.75,53,14,18480.0,1320.0,26,25
CUST03132,53,Male,546601.57,92,9,12310.0,1367.78,35,33
CUST03133,53,Female,438003.21,44,4,2670.0,667.5,48,20
CUST03134,35,Male,640825.29,12,5,8890.0,1778.0,13,22
CUST03135,26,Female,567094.19,90,2,1640.0,820.0,271,25
CUST03136,46,Female,607550.93,68,1,1280.0,1280.0,317,21
CUST03137,67,Male,546440.4,108,11,17820.0,1620.0,115,25
CUST03138,31,Male,610802.11,23,15,36420.0,2428.0,18,34
CUST03139,42,Male,263838.6,104,4,7990.0,1997.5,45,25
CUST03140,32,Female,473645.56,88,16,41870.0,2616.88,34,22
CUST03141,23,Male,555401.95,95,10,22150.0,2215.0,222,31
CUST03142,59,Male,411098.95,30,14,21380.0,1527.14,183,29
CUST03143,46,Female,285178.43,63,19,52310.0,2753.16,13,19
CUST03144,32,Male,501177.05,3,19,54230.0,2854.21,4,34
CUST03145,46,Male,2500000.0,80,7,17760.0,2537.14,1,24
CUST03146,21,Male,345230.77,34,8,25360.0,3170.0,215,18
CUST03147,35,Female,468994.52,102,4,7130.0,1782.5,140,17
CUST03148,67,Other,882034.84,92,3,7640.0,2546.67,14,28
CUST03149,66,Male,1110442.71,49,3,3700.0,1233.33,262,33
CUST03150,61,Female,384570.75,44,1,1690.0,1690.0,69,19
CUST03151,56,Male,771768.77,41,0,0.0,0.0,9999,34
CUST03152,33,Male,713849.01,48,18,46900.0,2605.56,47,34
CUST03153,28,Female,398122.85,71,9,14200.0,1577.78,183,26
CUST03154,31,Male,662380.15,8,3,4590.0,1530.0,21,26
CUST03155,20,Female,462536.7,7,1,1750.0,1750.0,147,21
CUST03156,68,Female,377118.17,117,7,11170.0,1595.71,290,28
CUST03157,67,Female,1083755.47,37,5,7080.0,1416.0,19,23
CUST03158,59,Male,669684.97,55,4,15530.0,3882.5,184,25
CUST03159,55,Male,234580.35,71,14,40750.0,2910.71,26,26
CUST03160,62,Other,472072.91,50,19,43950.0,2313.16,101,27
CUST03161,59,Male,395771.99,82,21,67050.0,3192.86,50,29
CUST03162,35,Female,454781.42,112,9,31560.0,3506.67,18,23
CUST03163,37,Male,630673.74,103,17,59180.0,3481.18,14,20
CUST03164,65,Male,570572.64,21,8,11870.0,1483.75,46,17
CUST03165,42,Male,953311.8,34,14,30110.0,2150.71,7,21
CUST03166,55,Female,866481.51,49,18,46940.0,2607.78,1,21
CUST03167,30,Female,289557.55,27,4,10750.0,2687.5,74,18
CUST03168,21,Male,478361.58,8,8,17240.0,2155.0,7,18
CUST03169,31,Female,208211.31,34,8,25580.0,3197.5,63,18
CUST03170,50,Male,319289.72,18,11,26450.0,2404.55,56,29
CUST03171,45,Male,194726.15,51,7,13930.0,1990.0,195,31
CUST03172,69,Female,246906.63,116,7,15010.0,2144.29,16,25
CUST03173,54,Female,938848.83,105,5,6700.0,1340.0,27,32
CUST03174,25,Male,701574.38,12,16,40110.0,2506.88,13,22
CUST03175,61,Male,660029.85,86,4,4140.0,1035.0,295,21
CUST03176,51,Other,848533.93,51,3,9090.0,3030.0,136,22
CUST03177,61,Female,658737.93,63,1,2520.0,2520.0,411,28
CUST03178,22,Female,481285.18,40,7,23200.0,3314.29,38,30
CUST03179,22,Male,383525.24,22,10,33290.0,3329.0,56,27
CUST03180,48,Female,1072395.25,8,1,2150.0,2150.0,167,18
CUST03181,62,Male,900078.16,106,16,25590.0,1599.38,103,28
CUST03182,26,Other,452980.95,28,1,5140.0,5140.0,250,25
CUST03183,59,Male,705104.85,50,9,12760.0,1417.78,8,27
CUST03184,49,Male,180000.0,47,4,19530.0,4882.5,30,21
CUST03185,50,Male,721269.44,56,11,27930.0,2539.09,7,30
CUST03186,20,Female,399116.32,32,20,35160.0,1758.0,6,31
CUST03187,47,Female,1694641.98,11,9,17100.0,1900.0,11,20
CUST03188,67,Male,839149.09,21,7,10330.0,1475.71,102,24
CUST03189,29,Female,205799.08,26,11,26800.0,2436.36,33,21
CUST03190,46,Female,363043.68,14,15,30070.0,2004.67,37,34
CUST03191,20,Male,513818.13,79,12,10340.0,861.67,64,28
CUST03192,43,Female,490541.9,14,9,23610.0,2623.33,100,26
CUST03193,47,Female,480672.19,76,10,13650.0,1365.0,11,20
CUST03194,26,Male,778786.84,100,7,12980.0,1854.29,76,21
CUST03195,43,Male,391998.54,3,2,3810.0,1905.0,16,21
CUST03196,19,Male,483987.47,108,21,33380.0,1589.52,23,29
CUST03197,20,Male,993605.79,57,3,11280.0,3760.0,411,18
CUST03198,63,Male,1000851.92,7,1,2740.0,2740.0,17,23
CUST03199,21,Female,776339.79,39,9,8620.0,957.78,31,15
CUST03200,42,Female,427190.86,118,3,6190.0,2063.33,218,21
CUST03201,68,Male,363693.64,57,0,0.0,0.0,9999,19
CUST03202,30,Female,490794.67,115,6,19120.0,3186.67,174,22
CUST03203,56,Female,506442.8,110,14,31220.0,2230.0,122,25
CUST03204,61,Female,492113.94,65,3,4160.0,1386.67,200,40
CUST03205,52,Male,642226.54,103,0,0.0,0.0,9999,29
CUST03206,40,Female,588106.43,25,2,5880.0,2940.0,516,22
CUST03207,26,Female,577158.19,31,0,0.0,0.0,9999,22
CUST03208,19,Female,405278.02,86,10,28010.0,2801.0,36,33
CUST03209,58,Male,291513.51,10,5,19010.0,3802.0,65,25
CUST03210,61,Male,683479.77,82,2,3830.0,1915.0,165,28
CUST03211,48,Female,513843.68,77,7,15700.0,2242.86,1,26
CUST03212,61,Male,600986.68,72,7,24220.0,3460.0,11,19
CUST03213,64,Female,608582.91,9,4,9070.0,2267.5,5,16
CUST03214,19,Female,200846.76,79,1,340.0,340.0,689,23
CUST03215,49,Male,1084948.85,8,19,24240.0,1275.79,5,25
CUST03216,35,Female,387731.08,97,1,1390.0,1390.0,469,22
CUST03217,30,Male,927862.13,99,7,26690.0,3812.86,52,24
CUST03218,63,Male,605287.42,19,19,29280.0,1541.05,25,32
CUST03219,22,Female,307738.75,30,5,12680.0,2536.0,355,18
CUST03220,59,Female,363642.32,9,24,77140.0,3214.17,5,17
CUST03221,61,Male,366684.89,83,15,41870.0,2791.33,61,29
CUST03222,27,Female,376298.83,47,2,2260.0,1130.0,57,36
CUST03223,60,Male,225517.55,46,9,17360.0,1928.89,85,23
CUST03224,42,Male,349079.69,90,9,14270.0,1585.56,15,25
CUST03225,51,Male,772730.18,1,7,13600.0,1942.86,2,26
CUST03226,54,Male,809161.17,3,8,14180.0,1772.5,0,21
CUST03227,47,Female,368813.86,34,10,24210.0,2421.0,46,19
CUST03228,24,Female,215253.75,25,14,25110.0,1793.57,67,18
CUST03229,23,Female,664158.88,30,7,8270.0,1181.43,17,29
CUST03230,20,Female,307715.6,1,3,2720.0,906.67,13,23
CUST03231,30,Male,318714.6,18,16,34970.0,2185.62,22,21
CUST03232,20,Male,440245.64,33,4,9960.0,2490.0,168,22
CUST03233,43,Female,422080.94,9,25,48860.0,1954.4,1,23
CUST03234,41,Female,350450.28,7,2,10720.0,5360.0,82,22
CUST03235,70,Female,364993.5,30,7,14680.0,2097.14,26,30
CUST03236,23,Male,398909.76,77,18,32340.0,1796.67,9,23
CUST03237,60,Male,362604.83,81,0,0.0,0.0,9999,25
CUST03238,66,Male,373015.13,13,22,51360.0,2334.55,19,33
CUST03239,59,Male,435732.98,13,9,28840.0,3204.44,17,20
CUST03240,29,Male,586175.3,42,6,7460.0,1243.33,24,23
CUST03241,66,Female,559297.67,102,23,59280.0,2577.39,3,19
CUST03242,53,Male,391752.93,101,2,4680.0,2340.0,159,26
CUST03243,19,Female,433588.57,74,9,30880.0,3431.11,93,32
CUST03244,28,Female,915586.81,78,15,20580.0,1372.0,127,34
CUST03245,56,Male,779453.7,63,2,4390.0,2195.0,392,17
CUST03246,51,Female,639896.37,107,1,2560.0,2560.0,602,27
CUST03247,43,Male,225317.11,69,3,6840.0,2280.0,350,19
CUST03248,35,Female,524675.95,36,3,4910.0,1636.67,239,19
CUST03249,38,Female,368944.25,35,18,27150.0,1508.33,161,20
CUST03250,53,Female,325114.69,46,8,16270.0,2033.75,58,26
CUST03251,57,Female,425280.24,45,0,0.0,0.0,9999,33
CUST03252,69,Male,800944.68,56,8,9040.0,1130.0,49,16
CUST03253,63,Female,745707.22,87,11,22480.0,2043.64,40,24
CUST03254,61,Female,378352.66,5,6,13650.0,2275.0,57,28
CUST03255,39,Female,519406.72,44,7,28290.0,4041.43,25,25
CUST03256,70,Female,413602.8,28,1,1510.0,1510.0,505,28
CUST03257,47,Female,448800.36,87,1,3570.0,3570.0,108,21
CUST03258,67,Female,783294.11,42,5,15000.0,3000.0,45,20
CUST03259,60,Male,485990.15,98,9,13420.0,1491.11,69,26
CUST03260,47,Male,226755.92,31,20,51220.0,2561.0,8,32
CUST03261,25,Female,532199.51,7,2,4910.0,2455.0,8,23
CUST03262,51,Female,1132263.57,7,17,32400.0,1905.88,33,26
CUST03263,64,Other,364894.64,4,3,3170.0,1056.67,10,20
CUST03264,26,Male,1003703.82,108,14,35190.0,2513.57,33,25
CUST03265,68,Male,660150.12,32,8,48500.0,6062.5,3,33
CUST03266,37,Female,848886.3,28,4,8070.0,2017.5,134,34
CUST03267,57,Female,741412.41,56,19,33150.0,1744.74,19,26
CUST03268,42,Female,541647.67,4,6,12300.0,2050.0,57,27
CUST03269,36,Male,379421.64,103,15,58260.0,3884.0,5,25
CUST03270,22,Male,541131.08,116,3,7630.0,2543.33,299,19
CUST03271,28,Male,555317.47,109,13,32200.0,2476.92,78,27
CUST03272,32,Male,774184.27,8,15,33470.0,2231.33,19,17
CUST03273,25,Other,181572.22,14,2,1320.0,660.0,143,16
CUST03274,36,Male,262740.4,30,14,16000.0,1142.86,116,26
CUST03275,40,Male,556098.03,3,11,27360.0,2487.27,0,34
CUST03276,44,Male,580759.55,2,2,3840.0,1920.0,2,32
CUST03277,57,Male,338443.3,10,8,24470.0,3058.75,3,23
CUST03278,49,Female,587210.38,70,17,23050.0,1355.88,10,19
CUST03279,43,Male,678488.93,119,10,51600.0,5160.0,128,22
CUST03280,44,Male,458054.92,71,21,23770.0,1131.9,8,25
CUST03281,36,Other,951374.87,16,1,980.0,980.0,216,19
CUST03282,67,Male,1034846.19,70,15,50460.0,3364.0,15,26
CUST03283,59,Female,528166.33,80,7,10250.0,1464.29,26,25
CUST03284,46,Male,729967.99,91,2,2700.0,1350.0,460,28
CUST03285,56,Female,233048.2,120,15,29210.0,1947.33,1,22
CUST03286,58,Male,810478.81,76,14,65700.0,4692.86,42,28
CUST03287,50,Male,967099.97,86,5,13150.0,2630.0,164,18
CUST03288,36,Female,316611.86,79,6,4320.0,720.0,36,28
CUST03289,54,Male,659929.6,22,3,8090.0,2696.67,184,20
CUST03290,36,Female,215187.73,35,14,47540.0,3395.71,19,21
CUST03291,50,Male,350920.71,112,5,3220.0,644.0,49,27
CUST03292,64,Female,395623.76,114,6,5800.0,966.67,11,20
CUST03293,33,Female,257487.0,79,10,21260.0,2126.0,17,24
CUST03294,40,Male,449219.87,87,2,920.0,460.0,27,28
CUST03295,24,Male,436079.85,102,1,3240.0,3240.0,361,21
CUST03296,43,Female,659945.78,49,5,15900.0,3180.0,200,36
CUST03297,49,Female,252991.05,2,4,11540.0,2885.0,0,22
CUST03298,29,Male,661898.58,66,14,34290.0,2449.29,61,22
CUST03299,25,Female,350542.67,113,0,0.0,0.0,9999,27
CUST03300,22,Male,281259.55,19,8,20060.0,2507.5,4,35
CUST03301,59,Male,457708.18,69,17,53410.0,3141.76,30,25
CUST03302,45,Female,701585.31,4,3,14420.0,4806.67,7,25
CUST03303,70,Female,402105.21,92,20,79200.0,3960.0,58,31
CUST03304,22,Female,630091.95,82,5,10540.0,2108.0,153,25
CUST03305,66,Male,566862.05,104,17,73680.0,4334.12,30,26
CUST03306,43,Male,2049205.63,41,9,13860.0,1540.0,94,25
CUST03307,22,Female,434390.79,56,4,5750.0,1437.5,152,30
CUST03308,39,Male,463908.51,55,8,18390.0,2298.75,3,36
CUST03309,32,Male,823178.65,114,11,29760.0,2705.45,27,29
CUST03310,30,Male,488499.29,31,12,25370.0,2114.17,53,26
CUST03311,45,Female,559784.54,22,9,15230.0,1692.22,159,25
CUST03312,50,Male,226811.05,75,19,36830.0,1938.42,4,21
CUST03313,60,Male,473307.84,48,2,4020.0,2010.0,385,24
CUST03314,40,Female,364058.38,80,17,77720.0,4571.76,82,20
CUST03315,50,Female,402956.92,4,13,22500.0,1730.77,0,21
CUST03316,60,Male,561184.94,21,8,14740.0,1842.5,56,21
CUST03317,35,Female,487796.83,41,1,4940.0,4940.0,332,29
CUST03318,67,Male,707743.09,45,7,13370.0,1910.0,150,23
CUST03319,70,Male,768085.31,89,0,0.0,0.0,9999,22
CUST03320,47,Female,461678.04,84,4,4830.0,1207.5,47,23
CUST03321,43,Male,572134.61,8,19,56720.0,2985.26,6,23
CUST03322,33,Male,200227.85,107,1,2540.0,2540.0,282,23
CUST03323,30,Female,576035.48,117,17,22410.0,1318.24,13,25
CUST03324,56,Female,803087.51,9,3,3940.0,1313.33,156,37
CUST03325,50,Female,332028.18,18,0,0.0,0.0,9999,17
CUST03326,43,Male,702459.26,31,20,43930.0,2196.5,4,24
CUST03327,65,Male,407980.74,116,1,1510.0,1510.0,261,38
CUST03328,18,Male,385715.28,35,9,23270.0,2585.56,20,32
CUST03329,66,Male,949079.54,119,5,9510.0,1902.0,217,30
CUST03330,55,Male,492653.29,30,17,35490.0,2087.65,3,19
CUST03331,19,Female,738539.94,18,10,25960.0,2596.0,15,34
CUST03332,66,Male,207665.84,83,3,8740.0,2913.33,530,18
CUST03333,23,Male,380003.92,41,1,3770.0,3770.0,237,21
CUST03334,63,Female,688714.39,24,10,29620.0,2962.0,18,27
CUST03335,67,Male,528790.52,114,7,12470.0,1781.43,12,16
CUST03336,55,Other,460295.24,86,5,10270.0,2054.0,103,35
CUST03337,59,Male,656155.67,48,13,30670.0,2359.23,80,29
CUST03338,41,Female,343950.66,14,19,52960.0,2787.37,10,23
CUST03339,35,Female,864686.07,19,1,1040.0,1040.0,167,24
CUST03340,44,Female,454385.97,60,10,24070.0,2407.0,5,21
CUST03341,58,Male,346376.2,93,23,71660.0,3115.65,72,23
CUST03342,25,Female,356765.58,22,0,0.0,0.0,9999,28
CUST03343,45,Male,481983.87,30,14,37720.0,2694.29,18,22
CUST03344,27,Male,412688.66,15,1,1870.0,1870.0,165,22
CUST03345,34,Male,633575.91,21,7,6980.0,997.14,71,21
CUST03346,46,Male,489674.95,26,7,11250.0,1607.14,151,23
CUST03347,23,Male,425990.12,100,8,21330.0,2666.25,50,25
CUST03348,31,Male,586184.85,12,8,12560.0,1570.0,22,21
CUST03349,39,Male,393985.63,7,24,58260.0,2427.5,3,30
CUST03350,23,Female,623724.26,75,8,7260.0,907.5,205,22
CUST03351,43,Male,579105.61,103,2,6220.0,3110.0,292,27
CUST03352,56,Female,568480.7,84,20,50790.0,2539.5,2,16
CUST03353,29,Other,425613.47,35,5,10610.0,2122.0,91,21
CUST03354,52,Male,376637.79,68,24,41510.0,1729.58,7,22
CUST03355,31,Female,719478.37,2,1,2790.0,2790.0,40,26
CUST03356,39,Other,659137.75,20,6,13010.0,2168.33,123,21
CUST03357,68,Male,317670.45,47,8,13610.0,1701.25,41,22
CUST03358,40,Male,411510.94,84,22,77780.0,3535.45,3,26
CUST03359,65,Female,913677.56,12,6,10430.0,1738.33,7,25
CUST03360,24,Female,778533.08,53,4,5840.0,1460.0,61,27
CUST03361,57,Female,295331.54,17,5,5800.0,1160.0,21,36
CUST03362,67,Male,502682.17,18,0,0.0,0.0,9999,22
CUST03363,42,Female,603749.98,104,6,10710.0,1785.0,39,31
CUST03364,30,Male,781913.75,24,13,21860.0,1681.54,66,31
CUST03365,38,Male,529436.36,72,3,6940.0,2313.33,173,37
CUST03366,58,Male,621630.19,37,13,34640.0,2664.62,69,23
CUST03367,27,Male,760299.74,120,14,20310.0,1450.71,60,16
CUST03368,70,Female,807683.65,105,1,1580.0,1580.0,25,29
CUST03369,26,Female,460937.44,30,4,3570.0,892.5,32,23
CUST03370,32,Female,510356.52,84,2,4780.0,2390.0,28,22
CUST03371,69,Male,355485.54,52,9,23670.0,2630.0,88,25
CUST03372,19,Female,442172.46,23,7,10190.0,1455.71,80,15
CUST03373,42,Female,416244.37,37,5,14560.0,2912.0,18,29
CUST03374,30,Male,459311.9,74,9,18730.0,2081.11,18,17
CUST03375,51,Female,479237.98,97,9,14760.0,1640.0,28,29
CUST03376,68,Female,720986.79,24,12,18930.0,1577.5,0,29
CUST03377,51,Female,585112.05,100,11,12340.0,1121.82,8,26
CUST03378,52,Male,281079.18,120,0,0.0,0.0,9999,32
CUST03379,55,Female,640522.81,80,6,11080.0,1846.67,14,24
CUST03380,20,Female,390589.27,50,1,1890.0,1890.0,332,24
CUST03381,59,Male,306242.56,92,0,0.0,0.0,9999,27
CUST03382,23,Female,299043.83,76,7,16150.0,2307.14,38,22
CUST03383,65,Male,539697.19,20,13,28040.0,2156.92,41,24
CUST03384,66,Female,805950.52,47,0,0.0,0.0,9999,17
CUST03385,36,Female,454748.07,18,11,14710.0,1337.27,75,23
CUST03386,20,Female,762329.04,101,10,30630.0,3063.0,74,30
CUST03387,35,Female,519652.93,26,6,15700.0,2616.67,0,18
CUST03388,56,Male,189536.8,110,4,7750.0,1937.5,77,24
CUST03389,26,Male,658572.78,120,4,12140.0,3035.0,154,26
CUST03390,69,Female,391752.16,71,21,78580.0,3741.9,43,34
CUST03391,29,Male,347187.92,43,10,17190.0,1719.0,62,27
CUST03392,22,Male,660276.74,47,8,29890.0,3736.25,26,22
CUST03393,20,Male,531044.09,85,7,17810.0,2544.29,140,18
CUST03394,28,Male,485091.51,43,6,8880.0,1480.0,135,23
CUST03395,47,Female,522320.64,32,16,49920.0,3120.0,32,18
CUST03396,21,Female,341523.68,7,10,13840.0,1384.0,12,21
CUST03397,22,Male,1108863.05,117,15,14920.0,994.67,5,23
CUST03398,18,Male,540376.88,87,4,7730.0,1932.5,187,22
CUST03399,44,Male,536998.9,84,2,2970.0,1485.0,83,29
CUST03400,45,Male,480792.95,84,9,12250.0,1361.11,84,25
CUST03401,46,Male,241571.62,32,17,28590.0,1681.76,28,26
CUST03402,35,Male,369094.83,90,15,40160.0,2677.33,5,23
CUST03403,29,Female,288273.69,100,20,45730.0,2286.5,35,24
CUST03404,30,Female,276099.68,88,9,27760.0,3084.44,177,28
CUST03405,58,Male,249861.06,65,15,21730.0,1448.67,6,27
CUST03406,19,Female,375689.97,58,5,5910.0,1182.0,10,33
CUST03407,54,Female,504630.13,53,1,1640.0,1640.0,422,32
CUST03408,62,Male,263649.52,92,4,11040.0,2760.0,253,18
CUST03409,33,Male,685081.4,90,13,19950.0,1534.62,47,24
CUST03410,65,Female,571614.44,34,8,24030.0,3003.75,11,26
CUST03411,41,Male,450491.46,90,16,36800.0,2300.0,12,24
CUST03412,52,Female,1322858.28,100,4,7540.0,1885.0,15,25
CUST03413,39,Female,448692.97,69,17,32410.0,1906.47,5,26
CUST03414,53,Male,716087.8,56,6,5110.0,851.67,45,24
CUST03415,28,Female,549422.5,66,12,15190.0,1265.83,36,20
CUST03416,63,Female,955313.85,32,8,21600.0,2700.0,119,28
CUST03417,46,Male,814578.87,98,4,7080.0,1770.0,9,21
CUST03418,52,Male,436857.7,50,11,26270.0,2388.18,3,22
CUST03419,65,Female,444056.44,94,8,7200.0,900.0,48,22
CUST03420,32,Female,273409.66,24,5,5530.0,1106.0,71,30
CUST03421,48,Female,526782.49,92,0,0.0,0.0,9999,13
CUST03422,59,Female,671286.77,46,11,19010.0,1728.18,78,24
CUST03423,58,Male,486270.82,3,10,12050.0,1205.0,5,15
CUST03424,60,Male,939061.36,117,7,11710.0,1672.86,9,26
CUST03425,33,Male,533739.72,114,12,28380.0,2365.0,68,21
CUST03426,27,Male,876505.53,118,0,0.0,0.0,9999,22
CUST03427,66,Female,464608.09,10,6,11480.0,1913.33,4,21
CUST03428,49,Other,296728.11,6,7,9850.0,1407.14,17,24
CUST03429,68,Female,377421.47,98,8,22240.0,2780.0,80,27
CUST03430,19,Female,492807.57,95,3,10170.0,3390.0,79,22
CUST03431,41,Male,356848.85,52,10,21780.0,2178.0,82,27
CUST03432,40,Male,237419.44,107,25,36930.0,1477.2,94,29
CUST03433,19,Male,203071.26,50,0,0.0,0.0,9999,29
CUST03434,55,Female,789079.06,110,0,0.0,0.0,9999,27
CUST03435,48,Male,594670.74,58,16,28210.0,1763.12,5,24
CUST03436,68,Female,566034.16,52,6,13190.0,2198.33,22,33
CUST03437,57,Female,539352.16,13,3,2970.0,990.0,167,27
CUST03438,43,Male,390825.97,59,7,15330.0,2190.0,133,16
CUST03439,46,Male,714839.66,39,18,43070.0,2392.78,7,30
CUST03440,20,Female,228590.76,53,15,27280.0,1818.67,69,19
CUST03441,31,Male,195735.9,58,16,56480.0,3530.0,83,13
CUST03442,42,Female,456626.52,20,3,1140.0,380.0,69,25
CUST03443,65,Female,530050.49,63,18,40220.0,2234.44,70,25
CUST03444,18,Male,335880.93,96,7,14010.0,2001.43,97,18
CUST03445,70,Male,244107.78,10,12,37430.0,3119.17,17,27
CUST03446,20,Male,652236.64,26,11,17240.0,1567.27,4,24
CUST03447,43,Female,415492.76,19,16,34410.0,2150.62,57,26
CUST03448,35,Male,683309.5,93,0,0.0,0.0,9999,17
CUST03449,26,Female,899802.51,61,2,2200.0,1100.0,552,25
CUST03450,55,Female,242983.8,77,13,43450.0,3342.31,104,24
CUST03451,40,Female,550375.77,118,3,5230.0,1743.33,253,23
CUST03452,38,Male,559433.68,34,3,5130.0,1710.0,64,26
CUST03453,18,Female,698964.29,84,2,2650.0,1325.0,403,17
CUST03454,38,Female,393299.9,44,0,0.0,0.0,9999,29
CUST03455,44,Female,512721.04,104,5,9330.0,1866.0,11,18
CUST03456,59,Female,695588.74,18,12,26540.0,2211.67,86,24
CUST03457,23,Female,608864.65,98,6,11620.0,1936.67,107,31
CUST03458,61,Female,1008414.41,112,4,11520.0,2880.0,324,17
CUST03459,53,Male,338256.43,72,22,53240.0,2420.0,2,34
CUST03460,45,Female,548819.22,16,1,380.0,380.0,123,21
CUST03461,62,Male,480958.35,104,16,25900.0,1618.75,74,27
CUST03462,34,Female,455627.67,87,3,9120.0,3040.0,60,22
CUST03463,57,Female,651495.53,96,11,16630.0,1511.82,0,31
CUST03464,69,Male,526708.97,77,16,47950.0,2996.88,11,24
CUST03465,20,Female,309491.45,26,9,22250.0,2472.22,27,19
CUST03466,29,Female,767644.32,102,6,16060.0,2676.67,88,20
CUST03467,56,Male,652117.58,65,22,46580.0,2117.27,8,30
CUST03468,29,Female,970895.67,66,6,19830.0,3305.0,122,24
CUST03469,19,Male,693542.08,103,14,52900.0,3778.57,36,33
CUST03470,63,Female,454193.39,77,2,4110.0,2055.0,14,19
CUST03471,39,Female,455760.77,27,8,17310.0,2163.75,54,25
CUST03472,40,Female,796891.45,4,18,33290.0,1849.44,9,20
CUST03473,47,Female,354039.22,105,12,41630.0,3469.17,115,27
CUST03474,22,Female,332755.78,51,7,20370.0,2910.0,56,26
CUST03475,26,Male,552126.51,84,4,6720.0,1680.0,151,23
CUST03476,38,Male,255256.8,3,7,7250.0,1035.71,10,28
CUST03477,28,Female,584949.49,87,1,4540.0,4540.0,68,19
CUST03478,22,Female,617677.44,66,2,6780.0,3390.0,152,26
CUST03479,52,Female,447524.32,16,2,3420.0,1710.0,140,29
CUST03480,44,Female,942208.72,74,8,9830.0,1228.75,29,19
CUST03481,66,Female,830639.29,28,9,10750.0,1194.44,45,18
CUST03482,19,Male,352275.23,44,9,20610.0,2290.0,48,24
CUST03483,41,Female,671625.54,18,9,10470.0,1163.33,15,25
CUST03484,48,Male,778720.18,2,2,6550.0,3275.0,19,21
CUST03485,50,Male,518974.11,78,17,34330.0,2019.41,39,25
CUST03486,56,Female,411699.18,44,6,15460.0,2576.67,194,33
CUST03487,47,Female,303582.63,20,17,57510.0,3382.94,45,17
CUST03488,63,Male,388932.43,56,3,3790.0,1263.33,193,27
CUST03489,54,Female,306641.52,120,1,5600.0,5600.0,703,24
CUST03490,68,Female,753868.43,120,0,0.0,0.0,9999,27
CUST03491,45,Female,445766.37,104,5,32100.0,6420.0,139,33
CUST03492,48,Female,632292.06,23,4,10380.0,2595.0,49,30
CUST03493,28,Male,881604.86,118,22,28190.0,1281.36,5,21
CUST03494,40,Female,550093.69,60,19,18790.0,988.95,15,28
CUST03495,19,Female,849197.5,71,16,58620.0,3663.75,19,34
CUST03496,57,Female,427030.95,45,4,11900.0,2975.0,244,22
CUST03497,58,Female,594971.34,47,8,21490.0,2686.25,61,22
CUST03498,44,Male,548419.89,78,14,25960.0,1854.29,20,27
CUST03499,52,Male,364645.64,37,5,17610.0,3522.0,135,31
CUST03500,19,Female,435026.11,8,1,2370.0,2370.0,163,29
CUST03501,56,Female,945244.13,114,5,11440.0,2288.0,23,19
CUST03502,54,Female,428125.5,5,2,5130.0,2565.0,23,31
CUST03503,38,Male,236611.91,23,3,5540.0,1846.67,41,26
CUST03504,22,Male,427862.44,105,24,67010.0,2792.08,21,24
CUST03505,69,Male,356305.98,10,2,2440.0,1220.0,110,19
CUST03506,62,Female,613863.97,113,5,10780.0,2156.0,342,25
CUST03507,38,Male,659357.14,27,2,2240.0,1120.0,47,16
CUST03508,46,Female,587435.3,99,22,65660.0,2984.55,81,22
CUST03509,37,Male,415858.0,1,3,9060.0,3020.0,0,28
CUST03510,55,Female,513495.27,71,13,12040.0,926.15,162,26
CUST03511,37,Male,433866.07,111,5,17920.0,3584.0,17,20
CUST03512,67,Male,260742.82,115,13,20240.0,1556.92,90,33
CUST03513,42,Female,475402.69,8,12,20390.0,1699.17,13,34
CUST03514,19,Female,1637794.91,11,4,7770.0,1942.5,131,25
CUST03515,49,Male,314645.08,98,3,3200.0,1066.67,35,21
CUST03516,43,Female,217006.62,116,5,4890.0,978.0,50,22
CUST03517,23,Male,948975.16,28,6,13910.0,2318.33,161,16
CUST03518,58,Male,611859.21,34,19,59270.0,3119.47,10,24
CUST03519,20,Male,571738.27,43,2,4200.0,2100.0,90,21
CUST03520,50,Male,425493.04,84,13,32570.0,2505.38,47,23
CUST03521,18,Female,553588.66,28,9,28220.0,3135.56,254,23
CUST03522,68,Male,511784.44,49,17,26440.0,1555.29,4,18
CUST03523,22,Female,901854.41,61,9,12990.0,1443.33,184,30
CUST03524,30,Male,755391.78,106,7,16280.0,2325.71,39,27
CUST03525,36,Female,655642.53,37,12,13110.0,1092.5,61,30
CUST03526,29,Male,367743.09,3,8,12110.0,1513.75,4,22
CUST03527,65,Male,554263.35,9,8,11750.0,1468.75,4,30
CUST03528,42,Male,379051.35,116,16,31570.0,1973.12,40,25
CUST03529,68,Female,869065.48,86,7,11230.0,1604.29,197,22
CUST03530,52,Female,362442.55,89,8,5740.0,717.5,58,18
CUST03531,29,Female,470632.86,2,6,8670.0,1445.0,9,21
CUST03532,47,Male,306606.74,23,5,7840.0,1568.0,105,22
CUST03533,22,Female,399593.31,51,8,17490.0,2186.25,5,33
CUST03534,51,Female,397567.5,17,8,11150.0,1393.75,50,26
CUST03535,39,Male,466792.32,25,2,3990.0,1995.0,315,28
CUST03536,56,Male,333544.13,76,3,5510.0,1836.67,151,27
CUST03537,30,Female,864058.96,27,10,25530.0,2553.0,36,32
CUST03538,64,Female,459633.24,20,12,22310.0,1859.17,72,23
CUST03539,20,Male,393263.32,73,6,26280.0,4380.0,27,35
CUST03540,70,Female,706955.08,87,15,23810.0,1587.33,56,26
CUST03541,37,Female,1323040.33,36,2,2860.0,1430.0,185,33
CUST03542,48,Female,416839.78,28,0,0.0,0.0,9999,24
CUST03543,22,Male,447774.03,114,15,30110.0,2007.33,150,19
CUST03544,41,Female,358660.41,112,11,50450.0,4586.36,57,29
CUST03545,57,Male,673522.16,29,4,8970.0,2242.5,8,22
CUST03546,50,Male,768565.14,117,15,37640.0,2509.33,12,30
CUST03547,25,Female,489673.08,120,15,29050.0,1936.67,94,21
CUST03548,41,Male,410486.43,42,7,11410.0,1630.0,181,24
CUST03549,67,Male,635803.91,58,12,14420.0,1201.67,71,29
CUST03550,37,Male,697470.08,118,2,1800.0,900.0,216,22
CUST03551,33,Male,1006191.02,32,20,39970.0,1998.5,30,32
CUST03552,67,Male,384701.67,12,10,27070.0,2707.0,99,30
CUST03553,69,Male,733743.24,30,12,31310.0,2609.17,30,19
CUST03554,29,Female,524376.53,60,3,11870.0,3956.67,38,19
CUST03555,30,Male,229105.41,11,6,24380.0,4063.33,42,19
CUST03556,62,Other,991878.07,101,17,18090.0,1064.12,17,34
CUST03557,59,Male,571619.9,84,26,95520.0,3673.85,15,39
CUST03558,56,Male,656990.74,11,18,56330.0,3129.44,6,21
CUST03559,42,Female,765440.11,112,12,20470.0,1705.83,37,25
CUST03560,63,Male,653820.86,111,20,40660.0,2033.0,8,26
CUST03561,49,Female,323584.87,102,2,2200.0,1100.0,672,14
CUST03562,41,Female,677367.21,109,5,7530.0,1506.0,25,27
CUST03563,65,Male,625212.66,80,25,43020.0,1720.8,103,26
CUST03564,64,Female,235846.19,99,14,26600.0,1900.0,9,27
CUST03565,61,Male,1058200.24,50,5,15110.0,3022.0,85,26
CUST03566,26,Other,421918.46,1,9,8770.0,974.44,7,19
CUST03567,57,Female,782593.59,89,17,24180.0,1422.35,36,25
CUST03568,67,Female,429837.82,113,21,28200.0,1342.86,1,29
CUST03569,40,Male,393335.5,27,9,15990.0,1776.67,55,25
CUST03570,67,Male,482554.2,116,1,1010.0,1010.0,411,30
CUST03571,30,Male,1299044.34,32,11,25240.0,2294.55,68,28
CUST03572,49,Male,1236985.46,6,14,38190.0,2727.86,13,27
CUST03573,67,Female,393101.66,41,6,7510.0,1251.67,70,32
CUST03574,32,Female,876478.4,36,3,5830.0,1943.33,2,26
CUST03575,53,Male,505285.38,39,8,27650.0,3456.25,39,20
CUST03576,66,Female,1239979.1,87,19,53100.0,2794.74,98,33
CUST03577,22,Female,839998.43,93,9,24090.0,2676.67,147,24
CUST03578,39,Female,566900.07,30,8,15270.0,1908.75,132,26
CUST03579,33,Male,518650.38,86,11,28780.0,2616.36,9,25
CUST03580,58,Male,657459.67,57,2,4820.0,2410.0,226,28
CUST03581,27,Female,621531.21,11,5,2890.0,578.0,33,20
CUST03582,41,Female,304424.18,90,10,38230.0,3823.0,15,18
CUST03583,35,Female,549014.1,87,21,35150.0,1673.81,3,25
CUST03584,66,Female,372915.39,3,6,8540.0,1423.33,9,26
CUST03585,35,Male,393958.62,48,1,1940.0,1940.0,435,21
CUST03586,24,Female,825638.14,6,7,38130.0,5447.14,12,19
CUST03587,21,Male,548010.83,7,11,12850.0,1168.18,16,29
CUST03588,43,Female,407513.49,44,5,11880.0,2376.0,49,25
CUST03589,22,Female,289821.97,103,6,14870.0,2478.33,85,22
CUST03590,33,Female,352618.71,61,8,12220.0,1527.5,79,22
CUST03591,52,Female,486802.7,54,6,11400.0,1900.0,135,23
CUST03592,43,Female,1067681.5,51,15,37970.0,2531.33,20,28
CUST03593,35,Male,311850.47,86,1,770.0,770.0,700,29
CUST03594,46,Male,570921.68,48,13,47570.0,3659.23,25,27
CUST03595,40,Female,600529.51,114,10,18240.0,1824.0,98,32
CUST03596,70,Male,866789.16,106,5,5610.0,1122.0,46,25
CUST03597,31,Male,528901.94,61,4,7030.0,1757.5,183,32
CUST03598,32,Male,600761.49,97,8,12590.0,1573.75,318,22
CUST03599,66,Female,851119.49,40,15,24280.0,1618.67,18,24
CUST03600,50,Male,352457.28,3,7,14680.0,2097.14,0,22
CUST03601,42,Female,713834.11,30,4,7030.0,1757.5,89,24
CUST03602,38,Other,267019.59,112,8,14490.0,1811.25,174,29
CUST03603,34,Other,514654.26,24,3,4620.0,1540.0,76,20
CUST03604,40,Male,449349.64,67,4,9900.0,2475.0,211,36
CUST03605,60,Female,361283.47,2,8,13100.0,1637.5,2,32
CUST03606,34,Other,774474.74,44,14,29680.0,2120.0,7,28
CUST03607,31,Female,794281.92,40,20,46780.0,2339.0,15,23
CUST03608,46,Female,808896.06,19,0,0.0,0.0,9999,24
CUST03609,37,Female,593176.14,63,26,40490.0,1557.31,13,22
CUST03610,47,Male,287133.49,24,10,14230.0,1423.0,68,28
CUST03611,36,Female,431198.8,50,8,9840.0,1230.0,26,28
CUST03612,70,Male,786233.89,20,9,23830.0,2647.78,104,20
CUST03613,56,Male,781580.32,57,2,3080.0,1540.0,163,18
CUST03614,30,Other,856728.23,111,6,10900.0,1816.67,116,17
CUST03615,35,Male,575908.65,113,20,39660.0,1983.0,65,20
CUST03616,40,Male,460697.12,50,11,15930.0,1448.18,58,26
CUST03617,63,Other,206467.8,95,16,50290.0,3143.12,2,16
CUST03618,50,Other,737155.88,114,11,20680.0,1880.0,61,28
CUST03619,56,Male,478182.59,105,11,16730.0,1520.91,103,22
CUST03620,57,Female,284407.49,58,2,7710.0,3855.0,515,18
CUST03621,35,Male,704744.78,31,5,17120.0,3424.0,44,24
CUST03622,26,Male,947102.34,37,1,710.0,710.0,436,34
CUST03623,50,Male,738690.97,107,1,1060.0,1060.0,98,28
CUST03624,49,Male,677441.52,93,8,13000.0,1625.0,28,30
CUST03625,34,Male,761005.08,4,12,13410.0,1117.5,9,26
CUST03626,36,Male,180000.0,58,6,7890.0,1315.0,21,17
CUST03627,44,Female,1084778.02,10,10,23390.0,2339.0,4,23
CUST03628,23,Female,350137.69,63,8,13480.0,1685.0,15,24
CUST03629,52,Female,364239.23,36,10,24590.0,2459.0,2,25
CUST03630,54,Female,404483.9,55,13,41840.0,3218.46,22,27
CUST03631,51,Male,425840.14,99,19,50940.0,2681.05,16,17
CUST03632,37,Female,982196.68,57,6,15330.0,2555.0,109,23
CUST03633,42,Female,638634.96,112,6,12350.0,2058.33,131,28
CUST03634,21,Male,368441.23,85,3,5050.0,1683.33,199,21
CUST03635,27,Male,394409.41,43,15,56940.0,3796.0,37,28
CUST03636,27,Female,1536211.3,105,7,29600.0,4228.57,36,23
CUST03637,41,Female,586090.37,65,4,19350.0,4837.5,116,17
CUST03638,38,Female,411696.81,106,0,0.0,0.0,9999,23
CUST03639,28,Male,240993.1,12,0,0.0,0.0,9999,31
CUST03640,44,Male,235225.76,62,6,4650.0,775.0,118,35
CUST03641,33,Female,302478.08,24,3,6320.0,2106.67,257,29
CUST03642,43,Female,522035.27,2,1,2910.0,2910.0,12,31
CUST03643,47,Male,823731.3,47,5,4800.0,960.0,78,24
CUST03644,66,Male,659737.22,56,9,14620.0,1624.44,7,29
CUST03645,33,Female,848046.58,84,6,7860.0,1310.0,62,36
CUST03646,24,Female,644971.84,16,7,9530.0,1361.43,70,24
CUST03647,33,Male,288005.07,34,22,34980.0,1590.0,32,33
CUST03648,52,Female,605341.85,77,6,13270.0,2211.67,84,24
CUST03649,33,Female,617104.55,18,7,17320.0,2474.29,32,17
CUST03650,57,Female,473695.07,29,12,16550.0,1379.17,67,26
CUST03651,29,Male,435684.81,54,10,17440.0,1744.0,30,27
CUST03652,52,Male,467728.37,51,3,5600.0,1866.67,161,26
CUST03653,66,Female,249315.78,107,16,23260.0,1453.75,57,31
CUST03654,38,Male,274550.18,14,0,0.0,0.0,9999,20
CUST03655,67,Female,1569327.57,94,10,15790.0,1579.0,127,34
CUST03656,60,Female,284702.81,58,10,23810.0,2381.0,4,21
CUST03657,53,Male,225796.14,35,6,17740.0,2956.67,89,25
CUST03658,65,Female,361570.85,9,18,31370.0,1742.78,13,28
CUST03659,34,Female,614750.14,37,8,15880.0,1985.0,4,17
CUST03660,49,Female,643641.22,110,21,67290.0,3204.29,31,25
CUST03661,58,Male,315396.09,103,6,8390.0,1398.33,61,21
CUST03662,23,Other,522210.18,12,0,0.0,0.0,9999,22
CUST03663,41,Male,391323.85,85,19,19130.0,1006.84,25,24
CUST03664,44,Female,544702.42,82,5,9770.0,1954.0,87,35
CUST03665,37,Female,438185.24,11,14,24750.0,1767.86,19,20
CUST03666,42,Male,365873.99,27,11,19950.0,1813.64,22,31
CUST03667,19,Female,373343.49,88,18,42940.0,2385.56,27,26
CUST03668,26,Other,185861.04,105,21,55620.0,2648.57,38,23
CUST03669,45,Male,452558.99,43,5,12320.0,2464.0,85,25
CUST03670,70,Male,483094.4,50,4,7640.0,1910.0,300,31
CUST03671,55,Female,265279.58,98,13,9600.0,738.46,21,31
CUST03672,20,Male,429701.47,20,10,32780.0,3278.0,1,25
CUST03673,37,Male,445742.93,13,24,49460.0,2060.83,0,16
CUST03674,23,Female,217140.31,47,13,22210.0,1708.46,37,12
CUST03675,56,Female,353335.52,8,10,22090.0,2209.0,12,27
CUST03676,50,Other,348365.13,101,7,12970.0,1852.86,169,22
CUST03677,18,Male,542121.72,69,13,48340.0,3718.46,40,30
CUST03678,54,Male,875643.49,71,3,6240.0,2080.0,114,20
CUST03679,23,Male,510736.82,64,0,0.0,0.0,9999,20
CUST03680,62,Female,842541.15,44,1,3210.0,3210.0,665,30
CUST03681,51,Female,452367.73,116,25,47160.0,1886.4,51,24
CUST03682,64,Male,590911.99,12,20,68160.0,3408.0,0,29
CUST03683,32,Male,515257.52,105,13,31950.0,2457.69,16,19
CUST03684,62,Female,1479938.2,4,13,40310.0,3100.77,7,23
CUST03685,43,Female,466869.67,40,0,0.0,0.0,9999,22
CUST03686,31,Male,711036.29,19,14,65220.0,4658.57,0,25
CUST03687,24,Female,547758.17,54,1,790.0,790.0,65,31
CUST03688,63,Male,829758.31,1,6,11610.0,1935.0,5,21
CUST03689,48,Female,664526.29,119,2,7770.0,3885.0,245,23
CUST03690,41,Female,582856.51,107,22,47830.0,2174.09,60,21
CUST03691,48,Female,299126.26,119,6,7240.0,1206.67,129,26
CUST03692,46,Male,311223.26,13,8,13420.0,1677.5,37,32
CUST03693,59,Male,378928.64,50,1,590.0,590.0,656,21
CUST03694,49,Female,438332.02,53,6,10840.0,1806.67,7,32
CUST03695,34,Male,525643.86,116,4,6080.0,1520.0,393,16
CUST03696,31,Female,379338.51,42,1,540.0,540.0,294,25
CUST03697,57,Other,205381.1,109,4,10220.0,2555.0,117,28
CUST03698,53,Other,793875.75,25,14,13730.0,980.71,37,22
CUST03699,65,Female,611487.94,44,7,16450.0,2350.0,38,28
CUST03700,41,Female,513741.92,109,21,43180.0,2056.19,55,28
CUST03701,62,Other,879052.25,98,2,6650.0,3325.0,96,26
CUST03702,44,Male,348263.92,99,6,6960.0,1160.0,61,27
CUST03703,42,Male,471398.18,61,8,7620.0,952.5,41,28
CUST03704,49,Male,537217.12,81,1,1860.0,1860.0,652,26
CUST03705,69,Male,414793.95,90,14,25130.0,1795.0,113,20
CUST03706,35,Female,349519.5,21,17,12530.0,737.06,46,30
CUST03707,63,Female,741188.21,51,14,47230.0,3373.57,59,21
CUST03708,35,Female,568165.11,76,5,13370.0,2674.0,32,18
CUST03709,54,Female,662099.17,80,4,11070.0,2767.5,6,22
CUST03710,43,Female,345148.65,52,17,20060.0,1180.0,10,25
CUST03711,26,Female,726398.37,63,7,6420.0,917.14,20,23
CUST03712,52,Male,377713.52,84,5,7120.0,1424.0,2,24
CUST03713,25,Female,558836.47,54,18,40340.0,2241.11,15,24
CUST03714,37,Male,1218557.06,10,2,3510.0,1755.0,253,24
CUST03715,59,Female,733658.18,87,6,21540.0,3590.0,12,22
CUST03716,39,Male,582457.83,119,4,7260.0,1815.0,106,23
CUST03717,36,Female,918122.83,111,4,9080.0,2270.0,254,26
CUST03718,47,Female,386936.48,94,3,15380.0,5126.67,19,22
CUST03719,70,Female,623531.07,59,7,8660.0,1237.14,50,16
CUST03720,45,Female,343873.86,8,0,0.0,0.0,9999,24
CUST03721,52,Female,424886.49,51,16,67320.0,4207.5,9,23
CUST03722,60,Male,1022934.14,5,7,22360.0,3194.29,10,23
CUST03723,28,Male,565526.47,76,21,24370.0,1160.48,35,35
CUST03724,48,Female,941837.67,42,2,3020.0,1510.0,251,24
CUST03725,66,Male,477438.16,118,6,11640.0,1940.0,28,31
CUST03726,65,Male,866073.06,78,4,6150.0,1537.5,134,29
CUST03727,56,Female,511775.09,118,10,17680.0,1768.0,30,20
CUST03728,53,Male,531025.9,12,17,21100.0,1241.18,39,29
CUST03729,47,Male,505472.82,24,24,92830.0,3867.92,60,29
CUST03730,40,Male,588082.04,45,10,29350.0,2935.0,2,29
CUST03731,36,Male,445019.0,53,5,3880.0,776.0,72,25
CUST03732,29,Female,267606.17,53,15,26940.0,1796.0,0,24
CUST03733,32,Female,492029.47,17,13,35660.0,2743.08,39,25
CUST03734,48,Other,530697.13,65,12,22930.0,1910.83,186,23
CUST03735,60,Male,1043460.63,118,15,26600.0,1773.33,19,25
CUST03736,54,Female,180800.52,106,6,17360.0,2893.33,57,27
CUST03737,54,Male,1035269.57,58,12,27220.0,2268.33,111,29
CUST03738,32,Female,801374.05,37,4,4940.0,1235.0,534,24
CUST03739,46,Female,680709.34,75,1,730.0,730.0,450,18
CUST03740,67,Female,535939.03,42,6,6830.0,1138.33,24,32
CUST03741,60,Female,315914.85,70,11,26970.0,2451.82,48,25
CUST03742,43,Male,1202881.88,79,4,6280.0,1570.0,151,25
CUST03743,61,Male,871483.52,105,15,34430.0,2295.33,81,26
CUST03744,19,Female,559732.02,40,6,18140.0,3023.33,8,26
CUST03745,37,Male,568588.75,23,15,32240.0,2149.33,45,29
CUST03746,32,Male,476106.35,23,10,14440.0,1444.0,77,21
CUST03747,69,Male,653333.35,102,10,23920.0,2392.0,48,30
CUST03748,21,Male,490119.16,102,6,14100.0,2350.0,271,22
CUST03749,39,Female,574306.83,49,19,26970.0,1419.47,25,23
CUST03750,67,Female,608932.52,76,9,30400.0,3377.78,89,29
CUST03751,55,Male,1492554.91,7,4,7230.0,1807.5,21,24
CUST03752,40,Male,331963.68,37,4,15600.0,3900.0,125,19
CUST03753,43,Female,537321.5,16,4,17330.0,4332.5,73,22
CUST03754,68,Female,868665.77,119,16,51350.0,3209.38,5,18
CUST03755,28,Other,725319.73,38,5,7250.0,1450.0,159,26
CUST03756,45,Female,678211.17,104,14,30170.0,2155.0,41,22
CUST03757,19,Female,1938563.22,99,9,16640.0,1848.89,80,25
CUST03758,25,Female,815798.12,40,17,57690.0,3393.53,15,26
CUST03759,46,Female,377459.34,29,8,10690.0,1336.25,25,20
CUST03760,28,Male,358454.63,103,18,25210.0,1400.56,1,25
CUST03761,54,Female,491448.93,17,1,2190.0,2190.0,176,19
CUST03762,35,Male,410881.15,115,3,7350.0,2450.0,176,17
CUST03763,67,Female,518174.18,90,10,24960.0,2496.0,5,22
CUST03764,31,Female,582137.84,20,4,10840.0,2710.0,70,26
CUST03765,27,Female,565454.96,110,6,10730.0,1788.33,47,31
CUST03766,52,Male,180000.0,25,9,9710.0,1078.89,15,21
CUST03767,26,Female,355875.67,60,19,32150.0,1692.11,55,28
CUST03768,52,Male,690084.22,38,13,22860.0,1758.46,91,42
CUST03769,28,Male,1047584.39,63,15,37630.0,2508.67,87,31
CUST03770,61,Male,416939.24,39,2,3700.0,1850.0,177,23
CUST03771,29,Male,417852.39,64,4,4660.0,1165.0,190,19
CUST03772,20,Male,480338.47,101,20,37080.0,1854.0,16,24
CUST03773,70,Female,1086484.68,83,16,19710.0,1231.88,28,22
CUST03774,56,Female,512233.4,21,5,6900.0,1380.0,122,37
CUST03775,31,Male,182331.28,32,23,39960.0,1737.39,5,29
CUST03776,45,Male,1117719.36,28,12,18250.0,1520.83,10,29
CUST03777,28,Other,682556.64,103,4,7160.0,1790.0,106,28
CUST03778,56,Female,279427.02,105,3,5140.0,1713.33,215,25
CUST03779,42,Male,397252.23,12,1,2790.0,2790.0,80,18
CUST03780,38,Female,349532.08,111,17,15870.0,933.53,108,25
CUST03781,27,Female,455129.73,79,5,12330.0,2466.0,292,18
CUST03782,60,Male,976335.88,92,10,13130.0,1313.0,29,27
CUST03783,32,Male,215818.71,120,2,3110.0,1555.0,209,27
CUST03784,36,Female,428407.27,85,3,3480.0,1160.0,259,34
CUST03785,65,Male,525644.81,80,6,11590.0,1931.67,184,20
CUST03786,39,Female,484623.88,23,3,3170.0,1056.67,17,18
CUST03787,38,Male,349357.01,116,9,21850.0,2427.78,67,26
CUST03788,69,Female,854124.59,90,5,5800.0,1160.0,78,21
CUST03789,61,Female,465519.21,15,2,5340.0,2670.0,14,22
CUST03790,49,Male,439379.96,101,2,3180.0,1590.0,50,26
CUST03791,67,Female,584277.06,12,21,112770.0,5370.0,11,19
CUST03792,40,Other,440750.97,4,2,720.0,360.0,69,27
CUST03793,30,Female,389727.3,35,3,4120.0,1373.33,66,29
CUST03794,22,Female,329680.66,95,10,15800.0,1580.0,38,22
CUST03795,21,Male,1339612.49,61,2,2360.0,1180.0,34,32
CUST03796,45,Female,714490.3,27,27,68420.0,2534.07,94,23
CUST03797,31,Male,420971.19,96,6,16380.0,2730.0,16,23
CUST03798,25,Male,885998.9,33,6,15820.0,2636.67,43,22
CUST03799,26,Male,632812.19,13,11,18650.0,1695.45,50,27
CUST03800,68,Male,508740.98,37,4,8030.0,2007.5,127,29
CUST03801,52,Male,314673.12,44,10,56600.0,5660.0,11,23
CUST03802,54,Female,344502.71,2,17,22480.0,1322.35,11,28
CUST03803,38,Female,773110.19,38,4,9390.0,2347.5,120,34
CUST03804,35,Male,701426.93,37,12,44770.0,3730.83,132,17
CUST03805,50,Male,269554.58,59,14,31080.0,2220.0,9,25
CUST03806,25,Female,416198.56,114,4,7920.0,1980.0,41,27
CUST03807,68,Male,678978.79,120,2,2920.0,1460.0,88,28
CUST03808,66,Male,824838.53,69,4,6450.0,1612.5,350,24
CUST03809,34,Female,630239.84,18,23,32760.0,1424.35,44,29
CUST03810,60,Male,407182.09,48,1,2150.0,2150.0,338,26
CUST03811,48,Male,556022.89,81,19,52820.0,2780.0,110,22
CUST03812,51,Female,454755.08,66,6,9450.0,1575.0,67,24
CUST03813,23,Female,593778.25,49,7,8410.0,1201.43,52,17
CUST03814,39,Male,972383.98,106,10,23600.0,2360.0,53,20
CUST03815,31,Female,351638.27,58,6,7480.0,1246.67,98,23
CUST03816,20,Female,567394.32,35,1,800.0,800.0,383,19
CUST03817,29,Male,478701.94,78,13,8460.0,650.77,44,24
CUST03818,53,Male,444229.73,115,13,29830.0,2294.62,123,28
CUST03819,29,Male,469506.59,76,7,16090.0,2298.57,85,23
CUST03820,62,Male,903001.71,58,22,41000.0,1863.64,1,26
CUST03821,19,Male,648973.8,97,24,53350.0,2222.92,168,30
CUST03822,19,Male,403021.92,7,0,0.0,0.0,9999,40
CUST03823,32,Male,669776.15,103,6,11920.0,1986.67,77,21
CUST03824,40,Female,388834.96,109,16,42710.0,2669.38,10,27
CUST03825,46,Female,223509.18,9,15,49380.0,3292.0,37,26
CUST03826,34,Female,180000.0,69,7,12130.0,1732.86,27,23
CUST03827,49,Female,626381.82,4,18,35930.0,1996.11,9,21
CUST03828,24,Female,439931.29,32,13,15210.0,1170.0,31,28
CUST03829,47,Female,783254.73,5,9,31960.0,3551.11,2,13
CUST03830,45,Male,595149.83,56,3,6220.0,2073.33,316,23
CUST03831,31,Male,562194.19,56,9,13690.0,1521.11,7,25
CUST03832,61,Female,408178.8,116,7,10570.0,1510.0,135,28
CUST03833,47,Male,632289.89,44,8,23840.0,2980.0,23,21
CUST03834,34,Male,1005163.73,72,7,24930.0,3561.43,50,23
CUST03835,49,Female,201529.98,13,7,16790.0,2398.57,9,29
CUST03836,63,Female,467407.62,4,2,2540.0,1270.0,30,26
CUST03837,23,Female,915930.21,52,13,28210.0,2170.0,238,30
CUST03838,68,Male,298610.4,75,10,9990.0,999.0,16,22
CUST03839,41,Male,530960.52,15,19,37550.0,1976.32,17,21
CUST03840,23,Female,367642.1,120,12,14240.0,1186.67,33,25
CUST03841,44,Male,443270.86,110,13,49030.0,3771.54,51,29
CUST03842,35,Male,225126.7,82,5,9510.0,1902.0,49,25
CUST03843,41,Female,778786.99,84,15,18380.0,1225.33,9,20
CUST03844,54,Female,535058.85,1,15,34390.0,2292.67,4,21
CUST03845,41,Female,261026.49,65,6,12320.0,2053.33,109,20
CUST03846,55,Female,603645.89,11,3,5030.0,1676.67,79,25
CUST03847,51,Male,549060.43,93,7,14780.0,2111.43,36,29
CUST03848,57,Male,366733.99,61,19,39610.0,2084.74,1,23
CUST03849,64,Male,1212327.94,93,9,18900.0,2100.0,19,21
CUST03850,32,Female,630713.25,88,8,10600.0,1325.0,82,25
CUST03851,28,Female,893554.42,84,6,25490.0,4248.33,32,18
CUST03852,39,Male,465029.03,94,6,7090.0,1181.67,277,26
CUST03853,41,Female,240651.67,63,2,4610.0,2305.0,117,28
CUST03854,18,Male,180000.0,38,9,32750.0,3638.89,31,27
CUST03855,35,Female,316829.29,69,20,44820.0,2241.0,8,34
CUST03856,61,Female,917039.48,45,0,0.0,0.0,9999,25
CUST03857,29,Male,397493.39,74,13,20300.0,1561.54,21,27
CUST03858,60,Male,798829.21,70,4,8750.0,2187.5,31,19
CUST03859,45,Male,295807.25,68,7,11710.0,1672.86,344,24
CUST03860,57,Male,371090.37,4,11,24440.0,2221.82,8,21
CUST03861,24,Male,395949.72,71,15,48810.0,3254.0,2,19
CUST03862,40,Female,553315.73,48,3,10820.0,3606.67,67,26
CUST03863,38,Male,272087.58,97,6,14620.0,2436.67,75,22
CUST03864,51,Female,349722.99,9,15,52540.0,3502.67,7,28
CUST03865,28,Male,450199.23,90,18,33220.0,1845.56,42,21
CUST03866,39,Male,273229.18,115,1,2970.0,2970.0,670,28
CUST03867,59,Male,226510.49,116,18,45820.0,2545.56,32,23
CUST03868,52,Female,506467.96,47,11,15430.0,1402.73,131,21
CUST03869,69,Male,275128.78,105,5,5560.0,1112.0,35,24
CUST03870,46,Female,863660.92,85,19,65030.0,3422.63,20,19
CUST03871,59,Female,874413.3,60,8,39310.0,4913.75,24,35
CUST03872,45,Female,384544.96,52,24,40750.0,1697.92,5,30
CUST03873,35,Female,655577.42,86,5,5570.0,1114.0,178,26
CUST03874,31,Male,515776.66,33,14,21760.0,1554.29,5,37
CUST03875,35,Female,808450.62,58,6,9310.0,1551.67,310,36
CUST03876,45,Female,406826.87,97,23,79080.0,3438.26,3,24
CUST03877,41,Other,629108.38,48,4,9020.0,2255.0,8,23
CUST03878,25,Male,575311.74,5,4,8100.0,2025.0,15,25
CUST03879,59,Female,562264.59,85,14,12920.0,922.86,95,25
CUST03880,62,Male,378967.8,27,18,52400.0,2911.11,64,23
CUST03881,70,Male,852502.7,41,0,0.0,0.0,9999,18
CUST03882,25,Female,416141.49,1,5,20000.0,4000.0,6,23
CUST03883,21,Other,414989.55,51,2,7640.0,3820.0,193,20
CUST03884,44,Female,361599.13,16,4,9410.0,2352.5,52,33
CUST03885,53,Female,371559.53,99,2,4250.0,2125.0,220,21
CUST03886,22,Male,448869.11,100,7,26830.0,3832.86,62,25
CUST03887,50,Male,612161.0,108,11,24370.0,2215.45,151,27
CUST03888,66,Female,711316.23,32,5,8370.0,1674.0,61,26
CUST03889,51,Male,529798.0,93,21,31940.0,1520.95,11,26
CUST03890,47,Female,945704.79,103,8,17560.0,2195.0,7,22
CUST03891,25,Male,527189.58,47,21,67110.0,3195.71,89,29
CUST03892,56,Male,222875.01,23,12,22990.0,1915.83,34,18
CUST03893,64,Female,297406.75,15,14,23970.0,1712.14,7,31
CUST03894,43,Male,685136.17,26,10,9020.0,902.0,6,20
CUST03895,54,Female,431901.36,37,16,29640.0,1852.5,46,22
CUST03896,51,Male,418813.14,89,6,7760.0,1293.33,113,20
CUST03897,24,Male,323953.1,55,1,2910.0,2910.0,506,29
CUST03898,57,Female,417587.07,2,13,33820.0,2601.54,2,26
CUST03899,45,Male,420385.92,76,9,28070.0,3118.89,10,27
CUST03900,56,Female,623517.69,19,20,78050.0,3902.5,3,25
CUST03901,56,Male,447878.96,32,20,86920.0,4346.0,97,28
CUST03902,45,Male,888054.89,87,24,81910.0,3412.92,11,21
CUST03903,31,Female,372367.3,69,13,38580.0,2967.69,5,29
CUST03904,70,Female,548179.37,55,24,56670.0,2361.25,19,27
CUST03905,67,Male,237344.24,89,10,16070.0,1607.0,32,30
CUST03906,55,Female,672600.67,99,12,14330.0,1194.17,153,19
CUST03907,21,Female,263816.71,56,6,19960.0,3326.67,146,33
CUST03908,59,Male,646206.78,29,3,10090.0,3363.33,39,21
CUST03909,35,Male,218398.5,102,0,0.0,0.0,9999,26
CUST03910,61,Female,314038.91,109,20,45730.0,2286.5,29,21
CUST03911,65,Male,728983.47,84,14,33920.0,2422.86,24,30
CUST03912,42,Male,1010857.29,111,1,1840.0,1840.0,397,24
CUST03913,24,Female,180000.0,36,7,10300.0,1471.43,39,35
CUST03914,55,Male,306183.55,116,11,26400.0,2400.0,3,29
CUST03915,45,Female,1138994.41,71,10,26960.0,2696.0,24,28
CUST03916,22,Female,532997.61,86,3,2180.0,726.67,15,35
CUST03917,20,Female,314236.61,82,2,3080.0,1540.0,86,16
CUST03918,61,Female,971917.88,53,14,37620.0,2687.14,17,31
CUST03919,48,Male,650699.08,85,21,20800.0,990.48,46,28
CUST03920,64,Male,525377.22,86,6,10340.0,1723.33,160,29
CUST03921,59,Male,211006.57,39,16,72230.0,4514.38,30,19
CUST03922,37,Female,1284085.9,76,11,35540.0,3230.91,53,28
CUST03923,36,Male,562662.25,11,2,1750.0,875.0,91,22
CUST03924,65,Male,434963.12,120,8,38330.0,4791.25,189,36
CUST03925,28,Other,965254.75,76,8,18380.0,2297.5,319,25
CUST03926,57,Other,330993.71,90,15,34210.0,2280.67,53,23
CUST03927,20,Male,305670.63,30,4,5520.0,1380.0,128,31
CUST03928,40,Male,322679.53,79,14,55380.0,3955.71,27,28
CUST03929,24,Female,421427.87,72,8,20620.0,2577.5,11,32
CUST03930,40,Female,506059.84,107,16,79370.0,4960.62,120,21
CUST03931,24,Male,666921.02,53,2,2610.0,1305.0,318,25
CUST03932,63,Male,284757.88,82,5,12460.0,2492.0,171,30
CUST03933,51,Female,573115.06,74,9,22390.0,2487.78,170,28
CUST03934,59,Female,381250.26,8,7,20680.0,2954.29,99,35
CUST03935,36,Female,476274.84,102,5,4660.0,932.0,19,27
CUST03936,26,Male,861541.2,99,10,9260.0,926.0,14,17
CUST03937,65,Male,624152.06,20,13,14250.0,1096.15,4,19
CUST03938,68,Female,647977.65,12,2,4890.0,2445.0,270,28
CUST03939,35,Male,378932.33,113,5,8030.0,1606.0,74,26
CUST03940,58,Male,1189239.91,67,17,50050.0,2944.12,8,25
CUST03941,65,Male,676575.79,84,4,5620.0,1405.0,223,17
CUST03942,62,Female,412998.19,50,11,27280.0,2480.0,243,26
CUST03943,59,Female,835557.52,12,5,5950.0,1190.0,115,25
CUST03944,42,Female,645892.68,54,4,10140.0,2535.0,93,26
CUST03945,69,Female,283228.33,88,2,1560.0,780.0,137,23
CUST03946,31,Female,547093.19,80,6,32450.0,5408.33,68,18
CUST03947,61,Female,323413.53,54,4,3790.0,947.5,30,25
CUST03948,42,Male,199655.17,74,4,15460.0,3865.0,74,26
CUST03949,36,Male,411536.1,19,1,1850.0,1850.0,152,20
CUST03950,56,Female,832909.78,105,5,9190.0,1838.0,71,23
CUST03951,32,Male,970750.32,14,4,8760.0,2190.0,353,19
CUST03952,33,Female,397335.9,52,1,680.0,680.0,96,23
CUST03953,44,Male,439735.21,78,18,36020.0,2001.11,27,29
CUST03954,57,Male,937174.02,22,22,32190.0,1463.18,24,27
CUST03955,27,Female,676140.26,4,0,0.0,0.0,9999,24
CUST03956,21,Female,623202.01,111,2,3620.0,1810.0,439,34
CUST03957,68,Female,532387.96,116,4,7100.0,1775.0,202,24
CUST03958,36,Female,692813.54,59,18,35660.0,1981.11,15,27
CUST03959,45,Male,493328.25,34,5,8900.0,1780.0,16,29
CUST03960,38,Male,995145.82,64,9,16230.0,1803.33,123,22
CUST03961,64,Female,473812.68,18,19,58920.0,3101.05,1,31
CUST03962,31,Male,470443.51,98,17,64740.0,3808.24,36,27
CUST03963,50,Male,198268.17,82,1,1750.0,1750.0,163,30
CUST03964,65,Male,804927.07,104,17,36940.0,2172.94,7,19
CUST03965,27,Male,324205.25,31,14,58060.0,4147.14,71,26
CUST03966,36,Female,180000.0,106,11,16240.0,1476.36,1,31
CUST03967,47,Female,461329.3,84,16,65830.0,4114.38,13,27
CUST03968,39,Female,429399.21,100,8,18130.0,2266.25,27,23
CUST03969,20,Female,612188.48,42,19,39700.0,2089.47,62,25
CUST03970,54,Male,669626.57,74,9,25170.0,2796.67,3,26
CUST03971,58,Male,344510.28,3,6,14650.0,2441.67,9,27
CUST03972,35,Male,1700314.58,85,9,17050.0,1894.44,104,22
CUST03973,28,Male,456690.97,100,15,29710.0,1980.67,27,23
CUST03974,65,Male,233905.76,55,3,6430.0,2143.33,150,30
CUST03975,19,Male,1019304.4,10,14,27130.0,1937.86,7,25
CUST03976,29,Female,693944.01,71,10,20450.0,2045.0,31,38
CUST03977,23,Female,601000.64,22,4,11050.0,2762.5,174,18
CUST03978,60,Female,411052.64,23,8,8960.0,1120.0,109,24
CUST03979,57,Female,510417.24,76,4,5190.0,1297.5,1,27
CUST03980,61,Male,188434.04,103,6,8890.0,1481.67,65,27
CUST03981,46,Male,442586.06,13,6,9340.0,1556.67,187,17
CUST03982,47,Male,1510446.82,40,10,18160.0,1816.0,18,32
CUST03983,19,Male,325431.01,13,1,1380.0,1380.0,69,20
CUST03984,26,Male,541398.64,97,11,20580.0,1870.91,19,22
CUST03985,64,Male,234253.96,95,10,10260.0,1026.0,30,27
CUST03986,19,Female,395556.06,112,12,19490.0,1624.17,116,18
CUST03987,46,Female,282950.45,51,2,5410.0,2705.0,321,24
CUST03988,50,Female,606013.45,64,18,21520.0,1195.56,3,14
CUST03989,27,Male,550998.92,92,4,5410.0,1352.5,138,24
CUST03990,51,Female,278180.01,83,20,53400.0,2670.0,19,18
CUST03991,61,Female,520264.14,85,10,21940.0,2194.0,99,30
CUST03992,25,Female,528636.65,96,21,35290.0,1680.48,15,23
CUST03993,54,Male,540948.1,90,8,13040.0,1630.0,11,24
CUST03994,50,Female,734269.9,13,0,0.0,0.0,9999,19
CUST03995,64,Female,1011184.8,29,20,45960.0,2298.0,2,18
CUST03996,23,Male,379319.11,71,4,4100.0,1025.0,20,27
CUST03997,61,Male,435610.37,47,16,31720.0,1982.5,16,26
CUST03998,57,Male,462496.97,26,7,4410.0,630.0,118,14
CUST03999,62,Female,278289.09,70,4,16050.0,4012.5,104,30
CUST04000,36,Female,317697.9,96,21,57600.0,2742.86,9,24
CUST04001,49,Male,644237.19,100,13,41920.0,3224.62,110,25
CUST04002,44,Male,1188964.7,118,22,45550.0,2070.45,6,23
CUST04003,18,Female,313177.67,23,2,2760.0,1380.0,277,32
CUST04004,60,Male,1403256.23,116,7,16870.0,2410.0,134,29
CUST04005,69,Male,387512.85,75,8,20950.0,2618.75,45,29
CUST04006,50,Male,862610.66,56,1,4140.0,4140.0,372,29
CUST04007,57,Female,606572.81,85,8,17910.0,2238.75,68,17
CUST04008,49,Female,545802.33,19,8,20970.0,2621.25,2,28
CUST04009,22,Male,412590.03,98,7,12260.0,1751.43,95,24
CUST04010,34,Other,503577.79,113,5,8200.0,1640.0,44,27
CUST04011,25,Female,363106.06,111,9,28660.0,3184.44,75,26
CUST04012,59,Male,765218.78,116,9,27350.0,3038.89,108,19
CUST04013,51,Female,826869.44,50,7,14140.0,2020.0,13,26
CUST04014,26,Male,373113.74,108,3,8320.0,2773.33,336,33
CUST04015,40,Female,238984.18,35,3,4220.0,1406.67,246,25
CUST04016,52,Male,431417.4,49,0,0.0,0.0,9999,31
CUST04017,67,Female,1223429.81,95,15,13510.0,900.67,32,25
CUST04018,24,Male,555011.15,46,8,23760.0,2970.0,1,14
CUST04019,32,Female,840219.69,93,1,2680.0,2680.0,61,29
CUST04020,70,Male,329341.48,70,10,12910.0,1291.0,45,31
CUST04021,37,Female,401744.24,100,13,17360.0,1335.38,112,29
CUST04022,67,Male,434754.71,53,5,6660.0,1332.0,244,32
CUST04023,42,Female,295188.48,31,6,5800.0,966.67,129,19
CUST04024,20,Female,538988.17,96,7,10580.0,1511.43,21,29
CUST04025,63,Male,345958.38,104,3,7060.0,2353.33,44,21
CUST04026,41,Female,766344.66,84,2,2390.0,1195.0,47,18
CUST04027,51,Male,520480.41,22,3,4640.0,1546.67,163,34
CUST04028,63,Female,973605.04,67,16,37340.0,2333.75,14,26
CUST04029,39,Female,235046.04,8,3,8060.0,2686.67,73,25
CUST04030,28,Male,393712.63,109,3,8910.0,2970.0,304,28
CUST04031,65,Female,416243.68,19,10,38570.0,3857.0,8,27
CUST04032,25,Male,615881.47,31,18,26320.0,1462.22,20,27
CUST04033,56,Male,413516.38,32,9,16210.0,1801.11,43,20
CUST04034,60,Female,1085389.69,79,20,39430.0,1971.5,11,31
CUST04035,52,Female,460247.85,55,8,12380.0,1547.5,98,20
CUST04036,66,Male,332676.46,103,3,5520.0,1840.0,167,29
CUST04037,63,Male,465069.74,31,10,17320.0,1732.0,55,18
CUST04038,55,Female,431847.77,67,7,35430.0,5061.43,83,30
CUST04039,25,Male,759241.28,51,3,8830.0,2943.33,163,19
CUST04040,54,Female,415421.9,96,2,4650.0,2325.0,88,30
CUST04041,44,Female,252251.44,74,9,14870.0,1652.22,23,27
CUST04042,45,Male,541580.72,92,4,11920.0,2980.0,154,28
CUST04043,57,Male,373054.85,27,10,24830.0,2483.0,76,22
CUST04044,51,Female,297366.06,48,7,11190.0,1598.57,167,21
CUST04045,49,Male,505106.81,110,8,12080.0,1510.0,204,20
CUST04046,32,Female,471140.06,104,6,15390.0,2565.0,193,18
CUST04047,61,Other,452802.88,43,4,3370.0,842.5,166,34
CUST04048,34,Female,562166.58,95,11,12550.0,1140.91,56,25
CUST04049,50,Male,385333.42,51,15,19300.0,1286.67,161,29
CUST04050,64,Male,526778.59,98,1,570.0,570.0,507,28
CUST04051,63,Female,383482.49,69,12,17590.0,1465.83,74,20
CUST04052,69,Female,723875.84,75,9,13550.0,1505.56,24,27
CUST04053,33,Female,494682.44,71,2,3090.0,1545.0,202,29
CUST04054,46,Male,1098829.21,72,14,20920.0,1494.29,114,35
CUST04055,26,Female,400178.3,81,21,43050.0,2050.0,8,26
CUST04056,50,Male,587178.57,108,16,48740.0,3046.25,69,22
CUST04057,66,Female,831288.68,50,15,22220.0,1481.33,100,32
CUST04058,46,Female,636451.01,61,13,44390.0,3414.62,43,26
CUST04059,30,Female,532619.23,103,19,31170.0,1640.53,47,20
CUST04060,38,Male,581629.53,41,2,4900.0,2450.0,364,24
CUST04061,38,Female,628286.78,51,8,16590.0,2073.75,119,37
CUST04062,22,Male,571719.43,78,17,36740.0,2161.18,51,25
CUST04063,27,Female,496703.3,24,29,38250.0,1318.97,3,32
CUST04064,23,Male,696678.58,30,8,11680.0,1460.0,76,26
CUST04065,68,Male,481290.35,115,17,31100.0,1829.41,107,26
CUST04066,30,Male,321010.09,52,20,60330.0,3016.5,72,27
CUST04067,18,Female,1262574.04,50,15,64540.0,4302.67,15,28
CUST04068,37,Female,742085.01,57,20,53530.0,2676.5,32,25
CUST04069,64,Female,331763.92,62,1,1270.0,1270.0,717,27
CUST04070,63,Female,447929.0,79,15,33020.0,2201.33,42,19
CUST04071,25,Female,386927.7,117,4,5070.0,1267.5,3,12
CUST04072,27,Male,399596.24,53,3,16690.0,5563.33,149,31
CUST04073,26,Female,738637.87,68,3,5620.0,1873.33,337,18
CUST04074,66,Female,430685.15,77,7,14760.0,2108.57,111,24
CUST04075,58,Male,1184234.07,69,14,35520.0,2537.14,85,23
CUST04076,20,Male,225788.15,31,4,4870.0,1217.5,35,30
CUST04077,28,Male,493366.3,76,9,11460.0,1273.33,17,29
CUST04078,29,Male,274633.17,30,13,27330.0,2102.31,10,22
CUST04079,27,Male,579387.14,113,16,22400.0,1400.0,29,18
CUST04080,42,Male,611519.66,10,5,8590.0,1718.0,12,25
CUST04081,66,Female,749322.49,94,2,2020.0,1010.0,610,29
CUST04082,66,Male,287855.03,90,15,50170.0,3344.67,4,28
CUST04083,42,Male,607123.89,44,1,1780.0,1780.0,727,21
CUST04084,28,Female,337493.89,6,18,62270.0,3459.44,8,20
CUST04085,53,Female,522025.8,27,4,7900.0,1975.0,64,28
CUST04086,56,Male,409827.41,20,4,4410.0,1102.5,82,25
CUST04087,70,Female,283033.04,92,5,18040.0,3608.0,37,22
CUST04088,43,Male,692036.66,20,8,16460.0,2057.5,216,27
CUST04089,31,Male,445078.72,12,4,9770.0,2442.5,37,19
CUST04090,56,Male,735483.34,109,1,6540.0,6540.0,463,28
CUST04091,57,Female,759503.34,85,9,14380.0,1597.78,26,22
CUST04092,18,Female,902082.91,94,11,30100.0,2736.36,37,29
CUST04093,21,Female,398037.77,49,9,7950.0,883.33,118,31
CUST04094,47,Other,329177.73,52,4,4860.0,1215.0,65,28
CUST04095,29,Female,858260.4,10,17,37350.0,2197.06,6,29
CUST04096,52,Female,523677.88,115,3,4260.0,1420.0,185,23
CUST04097,30,Female,917448.31,5,11,43060.0,3914.55,12,30
CUST04098,69,Male,293639.68,64,18,41920.0,2328.89,16,28
CUST04099,48,Male,681647.44,58,13,30000.0,2307.69,23,23
CUST04100,55,Female,509793.37,101,12,43850.0,3654.17,84,20
CUST04101,60,Female,490759.01,8,13,18380.0,1413.85,15,20
CUST04102,40,Female,432628.54,30,10,36220.0,3622.0,12,33
CUST04103,21,Male,303340.63,17,5,5490.0,1098.0,47,26
CUST04104,69,Female,674057.98,67,6,21240.0,3540.0,157,27
CUST04105,33,Female,419130.21,21,5,12270.0,2454.0,3,30
CUST04106,24,Male,549916.63,16,3,7110.0,2370.0,96,27
CUST04107,39,Female,1192963.84,96,13,37010.0,2846.92,77,31
CUST04108,46,Female,392689.72,27,2,2220.0,1110.0,452,17
CUST04109,28,Female,437308.54,115,6,16960.0,2826.67,41,31
CUST04110,50,Female,464649.78,6,4,5570.0,1392.5,21,18
CUST04111,46,Male,418708.49,42,8,13420.0,1677.5,26,29
CUST04112,56,Male,424593.93,16,0,0.0,0.0,9999,22
CUST04113,29,Female,684423.41,45,9,27750.0,3083.33,11,25
CUST04114,24,Female,906981.38,3,16,23560.0,1472.5,13,23
CUST04115,56,Female,530093.76,118,12,25280.0,2106.67,52,20
CUST04116,59,Male,697530.54,40,4,7690.0,1922.5,194,33
CUST04117,65,Male,462597.01,20,7,21640.0,3091.43,133,27
CUST04118,43,Male,457380.26,104,16,43200.0,2700.0,19,24
CUST04119,57,Male,417658.92,7,4,7620.0,1905.0,114,28
CUST04120,26,Female,354427.1,59,8,14890.0,1861.25,154,26
CUST04121,58,Female,872168.33,11,7,28090.0,4012.86,19,22
CUST04122,51,Male,398913.82,93,19,25820.0,1358.95,1,26
CUST04123,62,Male,658246.31,52,15,20070.0,1338.0,13,25
CUST04124,30,Male,343059.12,3,16,37300.0,2331.25,3,24
CUST04125,53,Male,510429.49,21,4,4540.0,1135.0,23,31
CUST04126,42,Female,499818.83,53,2,6500.0,3250.0,688,20
CUST04127,41,Female,344302.93,96,12,13060.0,1088.33,29,30
CUST04128,61,Female,427765.62,30,3,3330.0,1110.0,119,31
CUST04129,34,Male,309126.23,103,2,2190.0,1095.0,445,29
CUST04130,19,Female,503786.68,11,10,14010.0,1401.0,19,23
CUST04131,30,Male,226411.09,81,16,28380.0,1773.75,15,19
CUST04132,48,Female,487170.41,25,16,13850.0,865.62,59,27
CUST04133,46,Female,670168.28,50,8,26890.0,3361.25,204,28
CUST04134,67,Female,497092.29,89,5,8150.0,1630.0,6,26
CUST04135,45,Male,364860.75,9,9,22910.0,2545.56,9,31
CUST04136,44,Male,373315.38,45,13,23780.0,1829.23,4,24
CUST04137,32,Female,861157.32,29,18,22820.0,1267.78,11,17
CUST04138,48,Male,536892.55,62,9,30780.0,3420.0,86,27
CUST04139,57,Male,731187.66,15,16,64720.0,4045.0,7,32
CUST04140,32,Female,764192.0,19,12,35830.0,2985.83,1,21
CUST04141,50,Male,409128.44,15,7,14940.0,2134.29,8,21
CUST04142,37,Female,318582.96,39,9,21350.0,2372.22,48,37
CUST04143,59,Male,668705.12,35,0,0.0,0.0,9999,27
CUST04144,29,Female,339971.37,120,19,53690.0,2825.79,64,22
CUST04145,54,Male,383336.68,104,6,6350.0,1058.33,165,21
CUST04146,26,Female,523871.21,13,1,1860.0,1860.0,344,24
CUST04147,40,Male,446560.87,16,9,8530.0,947.78,115,31
CUST04148,25,Female,180000.0,67,9,23670.0,2630.0,8,23
CUST04149,49,Female,286872.47,117,13,25520.0,1963.08,86,22
CUST04150,65,Male,787245.79,95,16,49140.0,3071.25,35,26
CUST04151,31,Male,482043.48,55,1,1550.0,1550.0,205,28
CUST04152,44,Male,695288.69,65,25,21930.0,877.2,5,28
CUST04153,42,Male,347020.33,35,6,10230.0,1705.0,136,34
CUST04154,30,Female,303170.77,16,14,48210.0,3443.57,45,18
CUST04155,38,Male,691963.99,1,17,19680.0,1157.65,1,18
CUST04156,62,Female,896070.85,50,0,0.0,0.0,9999,27
CUST04157,48,Female,337611.18,14,6,20270.0,3378.33,6,19
CUST04158,54,Male,790450.94,62,9,25790.0,2865.56,23,25
CUST04159,65,Female,322216.69,7,3,7920.0,2640.0,77,30
CUST04160,60,Male,239361.97,23,1,3340.0,3340.0,90,20
CUST04161,22,Male,650823.89,99,7,14780.0,2111.43,144,20
CUST04162,30,Male,325344.15,63,6,11440.0,1906.67,10,21
CUST04163,45,Female,290039.08,29,15,16150.0,1076.67,29,26
CUST04164,60,Male,292882.94,22,6,13970.0,2328.33,13,21
CUST04165,42,Female,427555.24,80,7,22840.0,3262.86,146,24
CUST04166,68,Male,232601.24,93,2,2350.0,1175.0,335,41
CUST04167,52,Other,653273.5,6,5,10270.0,2054.0,22,21
CUST04168,64,Female,620979.58,82,20,41020.0,2051.0,1,30
CUST04169,56,Male,620735.59,29,3,11740.0,3913.33,61,19
CUST04170,24,Female,860979.5,89,12,20300.0,1691.67,0,21
CUST04171,55,Female,773926.51,109,5,6040.0,1208.0,119,22
CUST04172,49,Male,332343.03,120,18,48520.0,2695.56,12,13
CUST04173,20,Male,677200.34,2,1,1450.0,1450.0,4,26
CUST04174,62,Male,824404.34,108,10,15000.0,1500.0,116,25
CUST04175,56,Female,721249.21,64,6,11650.0,1941.67,320,29
CUST04176,54,Female,745974.62,96,14,25230.0,1802.14,22,24
CUST04177,67,Male,467240.02,36,8,22190.0,2773.75,15,32
CUST04178,39,Male,373506.28,96,6,15540.0,2590.0,20,28
CUST04179,25,Female,449913.23,105,3,10650.0,3550.0,245,23
CUST04180,34,Female,365137.43,20,10,21160.0,2116.0,17,25
CUST04181,69,Female,785344.39,55,6,17210.0,2868.33,151,22
CUST04182,44,Other,543814.4,37,6,27810.0,4635.0,2,20
CUST04183,50,Male,724358.09,106,13,41170.0,3166.92,61,28
CUST04184,63,Male,260514.44,102,6,4950.0,825.0,53,26
CUST04185,34,Male,408992.67,97,2,4500.0,2250.0,182,27
CUST04186,59,Female,315213.18,52,22,78040.0,3547.27,5,17
CUST04187,29,Male,240575.79,69,3,5320.0,1773.33,75,24
CUST04188,65,Male,572243.79,70,18,54660.0,3036.67,27,23
CUST04189,63,Female,309691.78,22,1,4770.0,4770.0,309,27
CUST04190,44,Male,422739.28,85,5,6060.0,1212.0,4,25
CUST04191,65,Male,322929.22,83,0,0.0,0.0,9999,24
CUST04192,25,Female,416233.61,107,5,8580.0,1716.0,76,18
CUST04193,40,Male,651701.0,15,10,24380.0,2438.0,81,20
CUST04194,59,Male,325086.23,98,7,8790.0,1255.71,372,33
CUST04195,66,Female,407661.5,47,7,8200.0,1171.43,102,33
CUST04196,46,Male,634214.77,71,17,55680.0,3275.29,61,20
CUST04197,67,Male,679489.63,81,2,2460.0,1230.0,387,17
CUST04198,37,Female,418769.65,108,6,12200.0,2033.33,207,14
CUST04199,33,Male,571059.41,108,8,15600.0,1950.0,12,34
CUST04200,34,Female,722298.83,69,9,16340.0,1815.56,5,29
CUST04201,33,Male,310772.3,52,5,16600.0,3320.0,103,28
CUST04202,36,Male,362652.85,39,7,20090.0,2870.0,26,30
CUST04203,25,Male,422579.08,2,2,3750.0,1875.0,6,29
CUST04204,55,Male,611356.57,91,5,6740.0,1348.0,401,21
CUST04205,55,Male,543862.08,45,3,2190.0,730.0,198,37
CUST04206,70,Male,514750.89,24,12,27150.0,2262.5,111,31
CUST04207,46,Female,314819.03,105,7,15950.0,2278.57,172,23
CUST04208,58,Male,739897.53,61,5,8040.0,1608.0,45,32
CUST04209,53,Other,399450.84,111,6,17170.0,2861.67,38,30
CUST04210,43,Male,443483.55,92,2,2960.0,1480.0,435,24
CUST04211,48,Male,545932.93,111,4,5120.0,1280.0,85,22
CUST04212,61,Male,1214945.05,65,9,22320.0,2480.0,11,29
CUST04213,29,Female,374692.45,53,2,5620.0,2810.0,434,18
CUST04214,34,Female,366372.41,116,19,62310.0,3279.47,13,23
CUST04215,32,Female,422443.01,21,0,0.0,0.0,9999,19
CUST04216,26,Male,843058.66,92,9,10820.0,1202.22,16,33
CUST04217,56,Male,534734.04,67,3,6450.0,2150.0,16,27
CUST04218,59,Female,592149.49,94,4,3410.0,852.5,226,16
CUST04219,65,Male,718879.98,1,8,22040.0,2755.0,2,24
CUST04220,29,Male,830452.09,59,5,14710.0,2942.0,47,25
CUST04221,49,Male,369891.4,115,5,17480.0,3496.0,103,23
CUST04222,42,Male,632616.89,116,19,37570.0,1977.37,119,28
CUST04223,56,Male,839923.68,109,15,31780.0,2118.67,2,33
CUST04224,35,Female,548533.06,47,12,18710.0,1559.17,29,29
CUST04225,32,Female,345881.35,109,20,24430.0,1221.5,55,14
CUST04226,49,Female,316705.92,18,7,15390.0,2198.57,175,25
CUST04227,23,Male,612720.38,113,9,25110.0,2790.0,16,32
CUST04228,61,Female,297607.9,33,14,48210.0,3443.57,100,21
CUST04229,60,Female,346791.35,15,12,23190.0,1932.5,20,28
CUST04230,69,Female,401086.61,24,18,26250.0,1458.33,58,27
CUST04231,52,Male,567251.38,36,10,20100.0,2010.0,78,29
CUST04232,51,Other,650143.06,60,5,7540.0,1508.0,41,36
CUST04233,55,Male,363253.32,34,11,14030.0,1275.45,45,30
CUST04234,22,Female,278965.81,90,3,5810.0,1936.67,53,31
CUST04235,35,Male,721928.68,51,4,5240.0,1310.0,349,14
CUST04236,33,Male,677653.8,40,8,11510.0,1438.75,56,24
CUST04237,25,Male,617595.38,22,10,27500.0,2750.0,69,21
CUST04238,42,Female,591985.48,16,3,6130.0,2043.33,122,21
CUST04239,49,Male,418146.47,104,12,13710.0,1142.5,130,32
CUST04240,43,Female,461593.0,42,13,34110.0,2623.85,7,17
CUST04241,69,Female,517359.78,16,20,49240.0,2462.0,47,19
CUST04242,39,Female,342165.58,5,11,11940.0,1085.45,5,30
CUST04243,48,Female,594167.95,115,14,33510.0,2393.57,0,22
CUST04244,60,Female,527555.35,6,0,0.0,0.0,9999,30
CUST04245,27,Female,470447.64,42,16,54370.0,3398.12,7,20
CUST04246,29,Male,753882.62,88,9,16300.0,1811.11,45,25
CUST04247,70,Female,477773.64,30,3,6710.0,2236.67,50,29
CUST04248,45,Female,672794.58,101,2,1560.0,780.0,47,20
CUST04249,23,Male,292861.65,32,19,26980.0,1420.0,26,22
CUST04250,37,Female,729750.36,53,14,25060.0,1790.0,2,17
CUST04251,22,Male,656214.66,19,10,17070.0,1707.0,59,18
CUST04252,40,Male,1322694.43,51,5,6690.0,1338.0,66,24
CUST04253,26,Male,1027634.42,109,9,16940.0,1882.22,5,20
CUST04254,46,Male,762015.93,28,24,44330.0,1847.08,6,31
CUST04255,33,Female,392352.29,47,6,13230.0,2205.0,7,16
CUST04256,63,Female,335708.2,72,5,12220.0,2444.0,442,25
CUST04257,39,Female,360811.65,107,1,4720.0,4720.0,7,22
CUST04258,25,Other,628839.2,1,12,27060.0,2255.0,2,19
CUST04259,37,Male,895171.15,68,3,15110.0,5036.67,16,21
CUST04260,68,Male,289947.5,57,2,6080.0,3040.0,292,32
CUST04261,31,Female,342089.09,22,6,13140.0,2190.0,11,23
CUST04262,56,Female,507573.55,86,7,9770.0,1395.71,41,19
CUST04263,54,Male,299949.77,94,12,20370.0,1697.5,1,33
CUST04264,67,Other,413369.82,58,11,30010.0,2728.18,15,41
CUST04265,51,Female,875461.55,91,3,7330.0,2443.33,283,31
CUST04266,28,Other,691777.37,91,6,9410.0,1568.33,12,21
CUST04267,57,Male,726252.28,13,21,28490.0,1356.67,55,31
CUST04268,50,Male,321045.94,39,11,16700.0,1518.18,13,23
CUST04269,48,Female,227908.82,27,12,14780.0,1231.67,28,26
CUST04270,61,Female,412215.64,39,1,750.0,750.0,6,14
CUST04271,51,Male,180000.0,102,10,29680.0,2968.0,21,19
CUST04272,67,Female,612945.7,72,8,8480.0,1060.0,42,21
CUST04273,24,Female,699891.33,12,4,8970.0,2242.5,104,35
CUST04274,66,Male,351096.31,24,16,43220.0,2701.25,52,25
CUST04275,40,Male,649727.07,18,8,36910.0,4613.75,74,16
CUST04276,63,Female,648148.93,119,6,9950.0,1658.33,284,22
CUST04277,24,Male,301895.73,15,5,14560.0,2912.0,0,19
CUST04278,42,Female,417663.93,60,10,20580.0,2058.0,104,21
CUST04279,20,Male,405074.58,16,5,34000.0,6800.0,152,27
CUST04280,55,Female,760802.35,97,10,21900.0,2190.0,111,24
CUST04281,37,Female,695181.17,74,7,6870.0,981.43,112,15
CUST04282,51,Male,646867.23,47,23,36740.0,1597.39,49,15
CUST04283,66,Female,388408.75,24,7,14380.0,2054.29,180,31
CUST04284,61,Male,924430.36,45,5,19980.0,3996.0,151,22
CUST04285,61,Male,542480.06,19,10,19280.0,1928.0,111,22
CUST04286,47,Female,624914.5,91,13,19180.0,1475.38,98,19
CUST04287,34,Other,1089408.61,109,3,17170.0,5723.33,28,28
CUST04288,27,Male,673624.95,41,5,10210.0,2042.0,31,27
CUST04289,52,Male,473764.48,31,1,1750.0,1750.0,305,24
CUST04290,37,Male,399608.12,85,11,15630.0,1420.91,30,23
CUST04291,35,Male,229146.24,16,0,0.0,0.0,9999,19
CUST04292,62,Male,247084.19,23,18,38890.0,2160.56,127,27
CUST04293,61,Female,734886.05,78,2,2120.0,1060.0,49,32
CUST04294,44,Male,205503.43,23,2,3500.0,1750.0,131,26
CUST04295,66,Female,788150.88,41,3,3750.0,1250.0,68,22
CUST04296,53,Male,717759.96,18,6,10170.0,1695.0,52,21
CUST04297,40,Female,338785.3,36,8,13860.0,1732.5,39,23
CUST04298,49,Female,542570.61,12,11,17500.0,1590.91,3,26
CUST04299,27,Female,648003.34,120,18,38050.0,2113.89,3,24
CUST04300,28,Male,521125.42,101,18,39380.0,2187.78,49,22
CUST04301,55,Female,870143.97,75,8,22110.0,2763.75,177,31
CUST04302,23,Female,267244.76,69,11,18920.0,1720.0,145,16
CUST04303,58,Female,627336.3,51,20,31130.0,1556.5,25,26
CUST04304,64,Female,380161.56,85,12,26520.0,2210.0,88,29
CUST04305,51,Male,228709.57,32,3,11280.0,3760.0,85,32
CUST04306,53,Female,296636.11,93,8,10200.0,1275.0,156,27
CUST04307,54,Other,394883.05,71,1,1280.0,1280.0,561,24
CUST04308,34,Female,505259.76,36,8,37800.0,4725.0,123,28
CUST04309,57,Female,333325.42,40,1,590.0,590.0,105,30
CUST04310,57,Female,398164.37,91,4,5390.0,1347.5,39,24
CUST04311,29,Female,418393.37,70,6,12330.0,2055.0,9,27
CUST04312,38,Female,336571.47,38,1,5340.0,5340.0,445,32
CUST04313,57,Female,387477.42,54,2,4740.0,2370.0,27,22
CUST04314,36,Male,647059.22,4,6,21750.0,3625.0,17,34
CUST04315,20,Female,1050099.84,46,5,14670.0,2934.0,39,24
CUST04316,35,Female,549142.6,63,4,11850.0,2962.5,258,28
CUST04317,70,Male,530511.9,99,1,1190.0,1190.0,41,17
CUST04318,68,Male,482238.24,74,7,22490.0,3212.86,34,22
CUST04319,36,Female,419348.6,118,1,2880.0,2880.0,303,24
CUST04320,64,Female,647879.82,102,23,26810.0,1165.65,33,23
CUST04321,23,Male,778239.05,50,3,10170.0,3390.0,283,20
CUST04322,33,Female,296448.03,30,8,21300.0,2662.5,1,30
CUST04323,25,Female,797782.23,106,1,2940.0,2940.0,566,29
CUST04324,65,Male,1039050.22,73,9,17850.0,1983.33,137,26
CUST04325,35,Male,317723.24,16,16,43350.0,2709.38,14,29
CUST04326,69,Female,756662.1,52,9,18760.0,2084.44,8,22
CUST04327,65,Female,1043701.49,4,1,2070.0,2070.0,119,20
CUST04328,60,Male,690038.03,26,3,15360.0,5120.0,362,24
CUST04329,56,Male,461935.32,29,7,7860.0,1122.86,59,32
CUST04330,66,Male,709868.51,92,11,27600.0,2509.09,7,26
CUST04331,66,Female,346878.49,11,12,13230.0,1102.5,31,23
CUST04332,29,Male,434398.9,92,1,4260.0,4260.0,544,25
CUST04333,62,Female,359573.08,108,13,33860.0,2604.62,111,22
CUST04334,27,Male,272698.8,96,8,27960.0,3495.0,2,28
CUST04335,24,Female,509427.79,24,18,29890.0,1660.56,161,16
CUST04336,63,Male,573311.21,51,10,35200.0,3520.0,0,21
CUST04337,18,Female,673619.47,42,9,22480.0,2497.78,31,27
CUST04338,66,Female,180000.0,39,4,6220.0,1555.0,18,31
CUST04339,53,Male,542843.7,7,9,21190.0,2354.44,11,30
CUST04340,38,Male,518060.86,18,13,68370.0,5259.23,53,23
CUST04341,54,Female,306058.93,3,20,47890.0,2394.5,1,20
CUST04342,69,Male,409368.68,63,6,9370.0,1561.67,98,18
CUST04343,41,Female,702073.75,108,23,22390.0,973.48,13,35
CUST04344,42,Male,522402.11,110,17,30210.0,1777.06,40,26
CUST04345,24,Male,496021.42,20,10,17830.0,1783.0,37,19
CUST04346,59,Female,747267.66,98,12,33680.0,2806.67,19,23
CUST04347,34,Female,1416983.54,94,17,34540.0,2031.76,27,26
CUST04348,46,Female,448294.41,73,1,3960.0,3960.0,581,29
CUST04349,47,Male,558723.83,74,12,20090.0,1674.17,17,19
CUST04350,24,Male,334753.1,70,2,3660.0,1830.0,480,24
CUST04351,50,Female,1312591.8,17,12,42430.0,3535.83,24,16
CUST04352,24,Male,392168.54,79,16,35300.0,2206.25,90,24
CUST04353,41,Male,221640.56,97,0,0.0,0.0,9999,26
CUST04354,28,Male,661434.02,120,0,0.0,0.0,9999,25
CUST04355,26,Male,242264.68,59,16,40540.0,2533.75,7,30
CUST04356,29,Female,895490.08,54,19,39550.0,2081.58,5,20
CUST04357,52,Female,651834.2,13,8,10790.0,1348.75,30,19
CUST04358,21,Female,314834.37,42,6,10110.0,1685.0,41,31
CUST04359,53,Female,676118.59,44,18,33040.0,1835.56,44,21
CUST04360,45,Female,430262.12,119,7,13270.0,1895.71,124,16
CUST04361,30,Female,605866.86,86,12,26880.0,2240.0,46,36
CUST04362,40,Female,280900.39,80,6,17050.0,2841.67,39,29
CUST04363,36,Male,273234.16,98,11,37770.0,3433.64,34,26
CUST04364,59,Male,576888.75,67,11,31850.0,2895.45,54,33
CUST04365,54,Female,1167191.1,72,8,14780.0,1847.5,117,27
CUST04366,56,Male,374015.59,20,9,11160.0,1240.0,23,28
CUST04367,41,Male,361497.66,47,16,37650.0,2353.12,39,25
CUST04368,33,Female,429312.42,24,17,44850.0,2638.24,2,34
CUST04369,50,Female,275637.9,51,14,30240.0,2160.0,29,22
CUST04370,29,Female,641218.78,18,13,45590.0,3506.92,3,27
CUST04371,51,Male,750336.08,23,5,8460.0,1692.0,162,31
CUST04372,24,Other,621169.7,1,7,13760.0,1965.71,2,12
CUST04373,28,Female,463226.19,115,4,5220.0,1305.0,137,21
CUST04374,48,Female,315272.42,66,2,4220.0,2110.0,472,26
CUST04375,46,Male,1265335.12,5,6,12230.0,2038.33,12,15
CUST04376,30,Male,339936.72,18,19,38080.0,2004.21,4,24
CUST04377,48,Male,336328.8,80,2,2720.0,1360.0,52,17
CUST04378,19,Male,223246.18,74,20,37320.0,1866.0,181,21
CUST04379,56,Male,263700.48,117,2,2100.0,1050.0,420,24
CUST04380,32,Male,585189.34,93,14,39750.0,2839.29,56,22
CUST04381,28,Female,412632.53,35,5,5280.0,1056.0,13,23
CUST04382,51,Female,338952.43,25,7,11940.0,1705.71,13,17
CUST04383,56,Female,349183.47,106,18,40590.0,2255.0,86,18
CUST04384,21,Male,396794.09,24,26,60410.0,2323.46,41,14
CUST04385,28,Male,370789.53,13,14,52680.0,3762.86,22,24
CUST04386,46,Male,939932.71,21,9,21010.0,2334.44,28,20
CUST04387,19,Male,422938.26,106,1,1270.0,1270.0,562,25
CUST04388,33,Male,533902.19,107,21,18530.0,882.38,4,23
CUST04389,56,Female,513500.59,39,14,21810.0,1557.86,104,28
CUST04390,30,Female,521406.42,34,5,10830.0,2166.0,45,17
CUST04391,54,Female,423193.4,19,20,23400.0,1170.0,6,23
CUST04392,34,Female,403909.15,28,13,17250.0,1326.92,20,28
CUST04393,38,Female,667812.99,91,8,17160.0,2145.0,152,27
CUST04394,61,Female,551951.74,114,7,7310.0,1044.29,2,37
CUST04395,36,Female,355408.19,90,4,6020.0,1505.0,203,26
CUST04396,24,Female,180000.0,11,2,2710.0,1355.0,108,26
CUST04397,55,Female,380496.68,49,6,10710.0,1785.0,83,22
CUST04398,25,Female,271092.22,35,14,20620.0,1472.86,15,24
CUST04399,30,Male,330014.04,84,14,17760.0,1268.57,24,30
CUST04400,54,Female,275792.95,76,5,9960.0,1992.0,190,25
CUST04401,19,Female,842530.91,57,0,0.0,0.0,9999,19
CUST04402,58,Female,839854.11,28,1,4880.0,4880.0,209,17
CUST04403,28,Male,703257.0,66,8,6290.0,786.25,54,22
CUST04404,41,Male,430251.94,65,1,730.0,730.0,17,29
CUST04405,23,Female,370536.7,73,15,31280.0,2085.33,69,34
CUST04406,43,Female,255212.81,22,20,50730.0,2536.5,56,22
CUST04407,24,Male,754523.13,120,12,26550.0,2212.5,92,27
CUST04408,56,Female,739140.66,51,7,19510.0,2787.14,46,34
CUST04409,36,Female,624129.01,104,0,0.0,0.0,9999,31
CUST04410,23,Male,303610.03,91,10,28300.0,2830.0,1,31
CUST04411,60,Female,429634.17,9,6,5400.0,900.0,7,23
CUST04412,46,Male,473826.89,71,19,58360.0,3071.58,35,24
CUST04413,60,Female,225764.69,36,7,11400.0,1628.57,141,22
CUST04414,56,Female,951062.77,54,2,1600.0,800.0,411,26
CUST04415,19,Female,272144.99,112,20,44280.0,2214.0,77,29
CUST04416,36,Female,352052.67,38,4,6270.0,1567.5,32,18
CUST04417,21,Male,225263.71,114,14,25040.0,1788.57,100,26
CUST04418,23,Female,456233.83,66,0,0.0,0.0,9999,23
CUST04419,66,Female,447093.23,43,7,15120.0,2160.0,182,18
CUST04420,54,Female,777184.25,5,7,9660.0,1380.0,3,27
CUST04421,45,Male,326425.98,81,2,5410.0,2705.0,460,21
CUST04422,47,Male,306805.37,37,4,6650.0,1662.5,242,23
CUST04423,24,Female,518367.58,58,5,4800.0,960.0,0,23
CUST04424,26,Female,196498.6,63,10,37720.0,3772.0,28,29
CUST04425,42,Male,910302.57,99,1,900.0,900.0,16,21
CUST04426,50,Other,275853.6,51,8,17230.0,2153.75,17,29
CUST04427,18,Female,1132583.86,72,9,12630.0,1403.33,115,25
CUST04428,68,Female,350089.15,43,0,0.0,0.0,9999,25
CUST04429,23,Female,263094.11,67,21,42280.0,2013.33,4,26
CUST04430,35,Female,650014.43,67,12,47000.0,3916.67,197,29
CUST04431,27,Female,633390.43,65,4,7820.0,1955.0,16,25
CUST04432,45,Male,640337.67,62,5,13080.0,2616.0,50,33
CUST04433,28,Female,523152.53,88,9,13300.0,1477.78,83,30
CUST04434,50,Female,1369886.22,109,18,26040.0,1446.67,13,26
CUST04435,18,Female,272415.57,63,19,51200.0,2694.74,52,25
CUST04436,30,Female,922718.52,30,18,47720.0,2651.11,13,24
CUST04437,54,Male,242402.82,106,8,9490.0,1186.25,6,26
CUST04438,37,Male,1051487.45,90,3,7260.0,2420.0,514,31
CUST04439,18,Female,585977.25,38,3,6810.0,2270.0,83,33
CUST04440,69,Male,1008604.07,107,21,35820.0,1705.71,17,31
CUST04441,20,Female,747000.51,104,8,21370.0,2671.25,7,24
CUST04442,35,Male,187922.85,51,12,22140.0,1845.0,44,21
CUST04443,58,Male,429451.44,107,9,17480.0,1942.22,107,22
CUST04444,31,Male,284479.34,38,3,9930.0,3310.0,31,21
CUST04445,48,Female,979265.42,108,3,5490.0,1830.0,6,27
CUST04446,44,Female,716857.22,114,19,63060.0,3318.95,3,33
CUST04447,34,Female,535256.06,67,4,6310.0,1577.5,103,23
CUST04448,63,Female,415295.57,77,8,20960.0,2620.0,14,24
CUST04449,46,Male,604980.14,100,22,40240.0,1829.09,5,25
CUST04450,53,Male,324875.86,105,4,8230.0,2057.5,11,21
CUST04451,54,Female,567479.82,48,12,28580.0,2381.67,68,25
CUST04452,43,Female,473020.15,12,10,25590.0,2559.0,8,21
CUST04453,70,Male,346214.84,20,11,22710.0,2064.55,27,23
CUST04454,34,Female,683731.54,103,8,6010.0,751.25,45,31
CUST04455,39,Female,1168204.23,108,5,5600.0,1120.0,125,26
CUST04456,42,Male,262921.3,72,3,4650.0,1550.0,213,22
CUST04457,19,Male,764882.64,117,18,62410.0,3467.22,2,23
CUST04458,39,Female,347682.79,111,17,31540.0,1855.29,64,30
CUST04459,22,Male,650288.27,2,25,64370.0,2574.8,1,31
CUST04460,21,Male,378752.49,75,15,22000.0,1466.67,53,29
CUST04461,53,Female,436914.62,120,7,19690.0,2812.86,98,20
CUST04462,23,Male,456799.99,85,6,14210.0,2368.33,447,18
CUST04463,69,Female,922615.52,101,3,4490.0,1496.67,40,29
CUST04464,38,Male,479713.11,55,12,33750.0,2812.5,50,29
CUST04465,30,Female,429223.73,6,2,2920.0,1460.0,27,38
CUST04466,54,Female,481693.47,83,4,5890.0,1472.5,44,33
CUST04467,42,Male,1173616.82,94,6,13010.0,2168.33,100,23
CUST04468,43,Male,643323.16,110,7,22990.0,3284.29,98,24
CUST04469,56,Female,379899.71,103,9,8050.0,894.44,2,24
CUST04470,37,Female,981200.13,108,12,21620.0,1801.67,62,26
CUST04471,50,Female,542323.04,62,16,40700.0,2543.75,1,35
CUST04472,31,Male,339105.6,49,3,5200.0,1733.33,259,22
CUST04473,53,Female,596915.57,100,25,43580.0,1743.2,9,24
CUST04474,34,Female,467328.63,84,4,7090.0,1772.5,29,29
CUST04475,38,Female,180000.0,54,13,30880.0,2375.38,25,25
CUST04476,63,Female,580241.5,118,8,16990.0,2123.75,40,29
CUST04477,33,Male,308182.43,10,10,30480.0,3048.0,93,21
CUST04478,63,Female,282000.95,24,0,0.0,0.0,9999,22
CUST04479,33,Male,208557.77,97,17,44280.0,2604.71,74,26
CUST04480,37,Male,529691.0,29,9,12830.0,1425.56,91,26
CUST04481,46,Female,467883.47,119,13,24800.0,1907.69,117,28
CUST04482,45,Other,766393.14,94,5,5890.0,1178.0,175,24
CUST04483,25,Male,349233.05,100,0,0.0,0.0,9999,30
CUST04484,41,Female,402631.53,109,12,23530.0,1960.83,207,15
CUST04485,20,Male,1218545.71,6,3,2570.0,856.67,29,22
CUST04486,42,Female,205591.88,58,14,36820.0,2630.0,27,37
CUST04487,36,Female,864163.4,111,1,7410.0,7410.0,531,20
CUST04488,50,Male,352025.1,78,12,25120.0,2093.33,77,21
CUST04489,19,Male,2030921.99,57,21,32170.0,1531.9,18,27
CUST04490,32,Male,691994.32,3,13,28800.0,2215.38,0,26
CUST04491,39,Male,376914.23,24,9,26350.0,2927.78,17,23
CUST04492,27,Male,267045.2,19,8,18080.0,2260.0,10,31
CUST04493,35,Female,601105.44,102,4,8290.0,2072.5,64,18
CUST04494,39,Male,211705.08,98,12,36990.0,3082.5,4,27
CUST04495,63,Female,681598.31,9,6,22960.0,3826.67,51,25
CUST04496,66,Male,267048.34,30,13,24450.0,1880.77,32,21
CUST04497,44,Female,323167.92,96,13,21660.0,1666.15,85,23
CUST04498,30,Male,180000.0,77,18,23440.0,1302.22,31,30
CUST04499,50,Male,530155.16,82,9,9840.0,1093.33,55,25
CUST04500,22,Female,566985.92,44,0,0.0,0.0,9999,28
CUST04501,43,Male,506423.83,53,12,18390.0,1532.5,143,35
CUST04502,30,Female,230343.82,86,4,7240.0,1810.0,281,28
CUST04503,44,Female,953555.65,68,19,44620.0,2348.42,106,24
CUST04504,31,Female,464836.89,60,20,42960.0,2148.0,13,20
CUST04505,41,Male,395360.77,23,0,0.0,0.0,9999,27
CUST04506,20,Male,717705.7,61,9,30260.0,3362.22,166,15
CUST04507,64,Female,410126.04,7,4,6340.0,1585.0,98,24
CUST04508,68,Female,609814.8,44,15,14510.0,967.33,29,25
CUST04509,66,Male,351949.42,55,2,2790.0,1395.0,560,25
CUST04510,47,Male,721894.6,75,16,25980.0,1623.75,66,20
CUST04511,52,Male,713602.25,39,4,2060.0,515.0,72,18
CUST04512,65,Female,407758.94,59,9,19550.0,2172.22,401,16
CUST04513,31,Male,535459.18,106,11,18280.0,1661.82,44,23
CUST04514,29,Female,494449.53,105,8,9180.0,1147.5,146,22
CUST04515,45,Male,472631.23,98,0,0.0,0.0,9999,31
CUST04516,61,Male,292956.23,5,8,32170.0,4021.25,4,29
CUST04517,46,Male,312095.36,42,19,43590.0,2294.21,2,15
CUST04518,60,Female,420411.23,89,23,35610.0,1548.26,44,32
CUST04519,34,Male,515728.27,92,8,27650.0,3456.25,13,32
CUST04520,57,Male,335962.1,14,3,8680.0,2893.33,9,32
CUST04521,66,Male,503260.89,27,6,9990.0,1665.0,155,22
CUST04522,38,Male,180000.0,16,1,3510.0,3510.0,389,28
CUST04523,40,Male,500653.07,91,1,1720.0,1720.0,172,19
CUST04524,37,Female,517655.12,2,5,8630.0,1726.0,3,19
CUST04525,28,Female,722730.26,19,19,54860.0,2887.37,6,26
CUST04526,51,Male,948431.88,23,2,4490.0,2245.0,19,14
CUST04527,27,Female,680334.9,41,15,17180.0,1145.33,0,31
CUST04528,27,Male,1122648.81,14,2,7890.0,3945.0,154,23
CUST04529,60,Male,493454.71,47,4,8820.0,2205.0,16,22
CUST04530,23,Other,510525.83,115,2,2300.0,1150.0,478,22
CUST04531,53,Female,718822.54,63,4,13260.0,3315.0,154,23
CUST04532,41,Other,476524.54,90,10,6950.0,695.0,166,27
CUST04533,29,Male,430821.27,8,9,10090.0,1121.11,31,18
CUST04534,60,Male,927975.6,27,13,28430.0,2186.92,26,19
CUST04535,40,Female,692476.3,111,1,3980.0,3980.0,555,34
CUST04536,44,Female,672829.48,40,9,14360.0,1595.56,217,23
CUST04537,62,Male,338893.48,28,9,28110.0,3123.33,20,29
CUST04538,54,Female,764545.15,68,3,6040.0,2013.33,229,19
CUST04539,23,Female,518862.41,61,9,10840.0,1204.44,33,22
CUST04540,18,Male,320301.81,38,6,8430.0,1405.0,13,25
CUST04541,23,Female,684183.02,75,5,10810.0,2162.0,103,21
CUST04542,67,Female,291497.25,108,15,27370.0,1824.67,139,28
CUST04543,39,Male,180000.0,24,11,34210.0,3110.0,45,24
CUST04544,58,Other,221919.48,28,12,23670.0,1972.5,26,34
CUST04545,41,Male,447107.16,41,13,34630.0,2663.85,6,23
CUST04546,42,Male,1000345.67,18,0,0.0,0.0,9999,33
CUST04547,32,Female,575575.39,49,13,33690.0,2591.54,44,21
CUST04548,43,Other,477464.92,85,15,41060.0,2737.33,16,29
CUST04549,25,Female,905257.73,26,3,9760.0,3253.33,86,30
CUST04550,68,Female,629056.75,3,14,30890.0,2206.43,4,19
CUST04551,41,Female,792673.82,77,16,16300.0,1018.75,35,27
CUST04552,65,Female,774442.78,38,4,4580.0,1145.0,253,29
CUST04553,55,Male,434167.31,92,1,730.0,730.0,347,25
CUST04554,23,Female,450502.88,14,17,66760.0,3927.06,3,30
CUST04555,52,Female,343625.27,1,23,92960.0,4041.74,1,23
CUST04556,59,Male,726650.75,92,4,7900.0,1975.0,106,25
CUST04557,18,Female,287774.98,100,9,21860.0,2428.89,6,21
CUST04558,63,Female,335600.05,118,18,34230.0,1901.67,16,30
CUST04559,53,Female,484492.33,114,2,1720.0,860.0,372,32
CUST04560,29,Male,525355.37,11,5,7500.0,1500.0,17,24
CUST04561,55,Female,651063.44,107,8,35590.0,4448.75,133,26
CUST04562,28,Male,490718.77,40,10,18660.0,1866.0,49,18
CUST04563,29,Male,424513.39,4,11,28240.0,2567.27,6,21
CUST04564,59,Female,692271.21,34,1,3390.0,3390.0,240,24
CUST04565,67,Female,754492.61,65,5,11670.0,2334.0,97,36
CUST04566,56,Male,232688.44,56,6,11260.0,1876.67,203,25
CUST04567,24,Male,809083.99,10,13,15100.0,1161.54,14,29
CUST04568,28,Female,431617.53,81,9,18500.0,2055.56,129,21
CUST04569,53,Other,1026326.35,71,7,11860.0,1694.29,10,23
CUST04570,69,Female,373167.2,103,13,28890.0,2222.31,18,25
CUST04571,48,Female,319602.92,64,7,15570.0,2224.29,26,28
CUST04572,50,Male,669292.09,13,16,31210.0,1950.62,45,18
CUST04573,30,Male,1304367.69,22,8,45200.0,5650.0,205,26
CUST04574,35,Male,240897.0,56,5,10020.0,2004.0,4,30
CUST04575,58,Male,729153.98,65,9,29340.0,3260.0,71,20
CUST04576,41,Male,643391.78,92,13,42330.0,3256.15,2,20
CUST04577,26,Male,492714.46,97,21,45550.0,2169.05,9,26
CUST04578,48,Female,1271060.5,13,9,28190.0,3132.22,12,25
CUST04579,58,Male,211374.73,1,17,52400.0,3082.35,0,33
CUST04580,27,Female,824855.63,38,12,22460.0,1871.67,105,30
CUST04581,19,Female,774638.54,119,19,30850.0,1623.68,0,20
CUST04582,55,Female,857009.28,58,4,24440.0,6110.0,105,20
CUST04583,32,Female,809513.24,25,4,3750.0,937.5,18,24
CUST04584,20,Female,555862.34,42,18,40950.0,2275.0,25,23
CUST04585,60,Male,435861.48,85,2,2810.0,1405.0,231,27
CUST04586,48,Male,379912.05,33,19,49170.0,2587.89,28,31
CUST04587,23,Male,651372.21,57,1,1760.0,1760.0,535,16
CUST04588,20,Male,498597.85,37,19,21650.0,1139.47,42,24
CUST04589,28,Female,454759.54,118,3,2100.0,700.0,85,24
CUST04590,32,Female,389725.43,57,10,21550.0,2155.0,22,22
CUST04591,62,Female,416203.44,98,5,13140.0,2628.0,28,21
CUST04592,69,Male,709293.45,62,6,11680.0,1946.67,112,39
CUST04593,45,Other,504206.07,3,11,18120.0,1647.27,10,27
CUST04594,27,Male,861569.6,30,0,0.0,0.0,9999,19
CUST04595,55,Female,271978.75,119,2,9340.0,4670.0,221,25
CUST04596,64,Male,661064.61,67,0,0.0,0.0,9999,22
CUST04597,67,Male,317653.44,63,0,0.0,0.0,9999,27
CUST04598,67,Male,861563.51,82,9,16720.0,1857.78,7,22
CUST04599,24,Female,871973.24,23,7,10420.0,1488.57,104,32
CUST04600,32,Male,265070.22,72,3,3120.0,1040.0,193,21
CUST04601,35,Male,354284.07,73,4,8630.0,2157.5,99,21
CUST04602,35,Female,361168.19,66,15,26790.0,1786.0,4,22
CUST04603,69,Female,882509.17,61,7,16670.0,2381.43,46,25
CUST04604,58,Male,382707.78,2,21,33000.0,1571.43,4,33
CUST04605,41,Female,682056.19,27,6,21610.0,3601.67,84,30
CUST04606,19,Male,371323.25,48,14,28250.0,2017.86,30,24
CUST04607,57,Male,811237.43,103,9,18990.0,2110.0,4,28
CUST04608,37,Male,848287.55,63,5,7020.0,1404.0,76,28
CUST04609,51,Male,1060041.51,100,13,18960.0,1458.46,37,21
CUST04610,60,Female,462875.99,5,4,8180.0,2045.0,81,22
CUST04611,43,Female,500627.85,1,0,0.0,0.0,9999,19
CUST04612,24,Male,469657.8,22,7,12140.0,1734.29,37,15
CUST04613,55,Female,505971.13,74,3,9130.0,3043.33,28,24
CUST04614,47,Female,412849.82,109,5,6770.0,1354.0,161,24
CUST04615,59,Male,804550.57,24,17,38040.0,2237.65,121,17
CUST04616,22,Male,355065.01,59,16,52030.0,3251.88,69,26
CUST04617,28,Female,468505.5,79,4,9240.0,2310.0,416,28
CUST04618,18,Female,545266.7,97,8,25800.0,3225.0,76,23
CUST04619,51,Female,623474.45,50,22,60840.0,2765.45,28,32
CUST04620,18,Female,292580.72,23,3,10090.0,3363.33,135,27
CUST04621,36,Male,447628.54,78,6,13160.0,2193.33,206,27
CUST04622,19,Female,504993.82,18,20,45040.0,2252.0,35,26
CUST04623,38,Male,717397.95,89,19,42190.0,2220.53,98,19
CUST04624,37,Female,454180.03,22,8,15080.0,1885.0,175,25
CUST04625,40,Female,477535.11,44,6,10400.0,1733.33,309,32
CUST04626,38,Male,531900.25,44,8,21560.0,2695.0,22,18
CUST04627,41,Male,801712.92,37,1,1210.0,1210.0,569,24
CUST04628,21,Female,198621.76,7,14,42390.0,3027.86,0,25
CUST04629,29,Male,524439.7,90,3,6000.0,2000.0,41,26
CUST04630,39,Female,846250.17,24,5,4030.0,806.0,101,20
CUST04631,37,Female,344596.55,77,17,47300.0,2782.35,92,27
CUST04632,35,Female,356316.99,41,15,17110.0,1140.67,101,29
CUST04633,18,Male,867406.9,70,2,10520.0,5260.0,172,27
CUST04634,47,Female,427313.32,85,1,4550.0,4550.0,15,20
CUST04635,50,Female,433013.69,71,0,0.0,0.0,9999,21
CUST04636,41,Other,566423.37,18,8,20030.0,2503.75,31,25
CUST04637,31,Female,180000.0,79,14,42460.0,3032.86,57,32
CUST04638,53,Other,220593.11,72,10,48180.0,4818.0,7,15
CUST04639,22,Female,648969.55,60,2,5870.0,2935.0,18,16
CUST04640,28,Male,447831.63,52,2,5090.0,2545.0,12,23
CUST04641,41,Female,465202.64,80,19,23500.0,1236.84,5,17
CUST04642,48,Male,371967.73,49,4,11580.0,2895.0,34,37
CUST04643,30,Male,441801.32,67,15,19380.0,1292.0,20,25
CUST04644,33,Male,854932.71,45,3,8440.0,2813.33,45,27
CUST04645,41,Female,530591.59,9,5,17060.0,3412.0,11,31
CUST04646,30,Female,805441.64,116,8,7660.0,957.5,104,25
CUST04647,41,Female,466442.13,111,5,16130.0,3226.0,38,26
CUST04648,43,Male,504365.81,26,0,0.0,0.0,9999,31
CUST04649,19,Male,578881.9,26,3,5570.0,1856.67,87,22
CUST04650,33,Male,633689.92,30,16,71020.0,4438.75,24,19
CUST04651,55,Female,341475.12,27,7,12300.0,1757.14,23,21
CUST04652,63,Male,494226.59,80,5,11600.0,2320.0,239,30
CUST04653,18,Male,368964.41,112,23,28730.0,1249.13,32,20
CUST04654,66,Male,986008.54,115,1,1470.0,1470.0,125,31
CUST04655,28,Female,230144.6,4,12,24460.0,2038.33,13,29
CUST04656,68,Female,650892.38,51,4,10570.0,2642.5,62,21
CUST04657,52,Female,353042.03,83,21,72120.0,3434.29,22,27
CUST04658,60,Male,300031.59,98,9,26830.0,2981.11,25,27
CUST04659,46,Male,436419.78,70,9,9170.0,1018.89,141,19
CUST04660,54,Male,893588.05,109,4,5980.0,1495.0,227,26
CUST04661,34,Male,374495.15,79,7,12700.0,1814.29,150,23
CUST04662,56,Male,222004.88,10,9,7620.0,846.67,1,26
CUST04663,59,Male,326898.03,118,7,25960.0,3708.57,10,23
CUST04664,45,Male,528620.7,106,9,14170.0,1574.44,33,30
CUST04665,46,Male,241555.49,36,12,32770.0,2730.83,9,20
CUST04666,60,Male,691705.84,46,12,18250.0,1520.83,17,23
CUST04667,20,Female,245444.36,104,17,24150.0,1420.59,15,19
CUST04668,69,Other,402470.19,6,3,1440.0,480.0,22,17
CUST04669,27,Female,722814.32,108,3,4930.0,1643.33,3,36
CUST04670,59,Male,398859.07,104,7,18910.0,2701.43,81,27
CUST04671,31,Male,273193.09,70,12,20070.0,1672.5,22,23
CUST04672,29,Female,479975.99,79,8,17320.0,2165.0,221,35
CUST04673,64,Male,400462.06,93,14,41760.0,2982.86,26,25
CUST04674,59,Female,862566.01,89,5,12860.0,2572.0,47,22
CUST04675,47,Female,723788.33,83,3,12680.0,4226.67,156,29
CUST04676,49,Female,627947.26,78,6,20530.0,3421.67,68,25
CUST04677,49,Female,504873.42,3,3,1160.0,386.67,34,25
CUST04678,59,Female,453110.83,50,5,4970.0,994.0,88,26
CUST04679,49,Female,452043.72,42,18,32700.0,1816.67,64,25
CUST04680,43,Male,231658.12,110,10,28460.0,2846.0,69,25
CUST04681,68,Male,500663.49,78,13,25980.0,1998.46,89,21
CUST04682,18,Male,350016.71,54,1,6040.0,6040.0,230,24
CUST04683,59,Male,481102.09,103,2,4640.0,2320.0,372,21
CUST04684,19,Male,511875.2,39,8,14220.0,1777.5,29,25
CUST04685,34,Male,401854.15,85,17,24820.0,1460.0,13,25
CUST04686,47,Female,760900.24,118,8,9960.0,1245.0,75,32
CUST04687,56,Male,308240.85,55,9,24890.0,2765.56,46,28
CUST04688,24,Male,400342.57,11,5,11040.0,2208.0,75,19
CUST04689,69,Male,431313.29,114,1,1870.0,1870.0,315,23
CUST04690,44,Female,840978.73,74,20,47000.0,2350.0,47,26
CUST04691,26,Male,507037.97,79,19,39110.0,2058.42,15,19
CUST04692,39,Other,496103.83,30,9,22810.0,2534.44,123,24
CUST04693,51,Female,739769.74,108,4,9110.0,2277.5,215,19
CUST04694,63,Female,395314.26,119,7,14350.0,2050.0,137,27
CUST04695,66,Male,741318.43,81,3,9060.0,3020.0,18,18
CUST04696,18,Female,598016.23,118,19,25000.0,1315.79,9,17
CUST04697,26,Female,872605.37,56,21,31900.0,1519.05,24,32
CUST04698,37,Male,421589.84,29,14,27830.0,1987.86,3,29
CUST04699,70,Male,437950.71,17,5,5230.0,1046.0,3,30
CUST04700,36,Male,533030.07,33,0,0.0,0.0,9999,22
CUST04701,53,Other,486504.79,102,12,23230.0,1935.83,6,33
CUST04702,57,Male,706314.22,21,15,35330.0,2355.33,62,27
CUST04703,62,Female,453594.61,111,3,2910.0,970.0,210,25
CUST04704,21,Male,310273.81,115,14,31610.0,2257.86,27,17
CUST04705,26,Female,919792.3,78,8,12130.0,1516.25,67,25
CUST04706,58,Female,1183769.51,10,9,6170.0,685.56,2,21
CUST04707,39,Male,246957.78,106,4,6360.0,1590.0,60,25
CUST04708,35,Male,620602.1,87,7,19800.0,2828.57,20,24
CUST04709,29,Male,699817.99,103,1,2840.0,2840.0,566,26
CUST04710,59,Male,557865.86,39,12,14770.0,1230.83,11,31
CUST04711,60,Female,1015214.31,78,8,14030.0,1753.75,116,29
CUST04712,56,Male,273350.58,47,9,15200.0,1688.89,35,28
CUST04713,26,Female,387974.79,86,2,6000.0,3000.0,500,27
CUST04714,23,Male,524619.73,52,14,27270.0,1947.86,17,22
CUST04715,36,Male,756384.88,41,5,9610.0,1922.0,203,32
CUST04716,65,Female,860831.89,92,17,38170.0,2245.29,18,27
CUST04717,64,Female,290603.55,47,6,9460.0,1576.67,49,29
CUST04718,24,Male,224809.84,73,18,31820.0,1767.78,10,21
CUST04719,33,Female,710104.23,87,7,18270.0,2610.0,130,19
CUST04720,22,Male,526927.13,71,4,8510.0,2127.5,256,28
CUST04721,33,Female,538386.4,88,5,22260.0,4452.0,24,34
CUST04722,18,Male,717900.96,43,6,12580.0,2096.67,6,26
CUST04723,68,Male,347281.15,37,8,25800.0,3225.0,126,22
CUST04724,54,Female,448847.27,73,11,38140.0,3467.27,71,31
CUST04725,56,Male,632872.72,64,4,10370.0,2592.5,3,22
CUST04726,36,Male,325948.85,102,6,13340.0,2223.33,77,28
CUST04727,54,Male,391719.84,71,1,1580.0,1580.0,301,15
CUST04728,34,Female,524156.97,60,16,36390.0,2274.38,26,21
CUST04729,43,Female,632829.67,87,7,10630.0,1518.57,108,24
CUST04730,39,Female,260805.64,25,1,1310.0,1310.0,391,34
CUST04731,25,Female,675049.61,119,7,13110.0,1872.86,76,32
CUST04732,50,Female,608607.19,110,12,19410.0,1617.5,86,31
CUST04733,19,Male,342266.8,115,5,15480.0,3096.0,51,21
CUST04734,47,Male,1375756.6,22,2,4420.0,2210.0,538,28
CUST04735,64,Female,325988.92,118,5,8990.0,1798.0,96,20
CUST04736,37,Male,695854.53,43,18,46500.0,2583.33,17,22
CUST04737,35,Male,566514.67,71,5,13310.0,2662.0,101,27
CUST04738,60,Female,415086.61,70,21,32860.0,1564.76,73,22
CUST04739,27,Female,520722.35,36,5,12730.0,2546.0,25,17
CUST04740,41,Male,635718.25,46,12,33970.0,2830.83,4,20
CUST04741,21,Male,1806624.55,22,6,19660.0,3276.67,206,21
CUST04742,54,Female,260541.95,35,9,21270.0,2363.33,176,23
CUST04743,21,Female,180000.0,113,12,43050.0,3587.5,51,24
CUST04744,30,Male,317362.3,47,3,14090.0,4696.67,33,23
CUST04745,42,Male,493267.39,33,11,21780.0,1980.0,19,30
CUST04746,30,Other,674572.07,85,17,36580.0,2151.76,16,22
CUST04747,35,Male,522182.85,75,9,16620.0,1846.67,52,22
CUST04748,41,Female,466903.18,13,4,3910.0,977.5,98,23
CUST04749,19,Male,998354.96,56,18,43590.0,2421.67,13,25
CUST04750,65,Male,350272.33,67,4,5090.0,1272.5,138,21
CUST04751,50,Male,1056525.77,13,19,63470.0,3340.53,13,22
CUST04752,36,Female,661062.53,50,9,24640.0,2737.78,37,30
CUST04753,26,Female,981843.8,120,8,17330.0,2166.25,31,27
CUST04754,45,Male,327109.3,105,5,12470.0,2494.0,58,30
CUST04755,52,Female,426716.31,57,13,25200.0,1938.46,48,24
CUST04756,56,Male,259056.35,98,12,21070.0,1755.83,127,25
CUST04757,27,Female,572318.67,28,10,14230.0,1423.0,0,25
CUST04758,18,Male,577684.41,104,9,32730.0,3636.67,246,27
CUST04759,59,Female,1234517.74,98,17,22310.0,1312.35,38,30
CUST04760,38,Male,518517.63,96,14,34980.0,2498.57,25,18
CUST04761,26,Female,252607.49,87,0,0.0,0.0,9999,29
CUST04762,64,Female,764708.84,88,8,10330.0,1291.25,20,16
CUST04763,32,Male,331493.7,65,4,5550.0,1387.5,58,25
CUST04764,52,Male,282402.37,24,19,64510.0,3395.26,52,22
CUST04765,22,Male,685740.4,67,15,36300.0,2420.0,81,22
CUST04766,58,Female,353918.51,81,11,15420.0,1401.82,31,29
CUST04767,39,Male,381878.56,7,7,15850.0,2264.29,73,22
CUST04768,58,Female,939856.88,74,12,19980.0,1665.0,107,25
CUST04769,40,Female,629993.96,83,17,20000.0,1176.47,37,25
CUST04770,24,Male,654103.21,24,7,12680.0,1811.43,31,26
CUST04771,40,Male,269134.87,9,2,2030.0,1015.0,121,23
CUST04772,61,Female,686841.2,114,4,5180.0,1295.0,152,25
CUST04773,42,Female,441317.77,15,8,7880.0,985.0,0,20
CUST04774,44,Female,409426.62,113,14,20720.0,1480.0,4,27
CUST04775,58,Male,600901.35,56,18,49300.0,2738.89,26,23
CUST04776,23,Male,501874.4,86,3,7030.0,2343.33,19,35
CUST04777,51,Female,258819.74,17,4,7430.0,1857.5,4,26
CUST04778,26,Female,767400.76,19,14,23760.0,1697.14,63,24
CUST04779,66,Female,801114.23,9,9,17190.0,1910.0,2,19
CUST04780,50,Male,383869.12,64,6,19650.0,3275.0,107,24
CUST04781,68,Male,657614.11,57,13,28440.0,2187.69,22,22
CUST04782,23,Male,754219.48,38,2,5760.0,2880.0,563,22
CUST04783,54,Female,215660.83,83,4,8690.0,2172.5,33,21
CUST04784,48,Male,396530.33,8,21,48210.0,2295.71,38,34
CUST04785,51,Female,187687.87,6,15,25640.0,1709.33,4,23
CUST04786,58,Female,665093.6,49,14,28990.0,2070.71,52,29
CUST04787,46,Male,611268.22,102,7,15140.0,2162.86,139,22
CUST04788,31,Male,372311.7,45,8,15680.0,1960.0,57,27
CUST04789,53,Female,467314.12,21,17,48130.0,2831.18,8,22
CUST04790,53,Male,423668.25,120,2,9090.0,4545.0,114,24
CUST04791,70,Male,199627.76,93,18,33740.0,1874.44,22,27
CUST04792,32,Male,897627.01,34,3,10780.0,3593.33,55,28
CUST04793,25,Female,560840.65,12,4,7670.0,1917.5,119,27
CUST04794,43,Other,468570.43,39,20,86040.0,4302.0,26,24
CUST04795,53,Female,469939.32,96,7,19080.0,2725.71,60,32
CUST04796,65,Female,687517.24,6,9,12370.0,1374.44,28,21
CUST04797,38,Female,244822.78,81,9,17760.0,1973.33,19,25
CUST04798,45,Female,337205.03,32,0,0.0,0.0,9999,24
CUST04799,21,Other,550288.89,60,7,14040.0,2005.71,43,22
CUST04800,33,Male,826017.44,8,7,17400.0,2485.71,31,30
CUST04801,39,Male,180000.0,38,21,41520.0,1977.14,152,23
CUST04802,29,Female,782771.36,93,2,2900.0,1450.0,303,27
CUST04803,33,Female,363580.33,95,8,10550.0,1318.75,78,27
CUST04804,68,Male,439505.05,19,2,5940.0,2970.0,59,33
CUST04805,57,Other,507665.8,117,9,14230.0,1581.11,3,20
CUST04806,55,Male,304122.56,55,17,36600.0,2152.94,160,21
CUST04807,59,Male,286142.93,9,6,14280.0,2380.0,31,30
CUST04808,54,Female,548947.52,52,10,34010.0,3401.0,26,20
CUST04809,46,Male,1172963.07,28,1,2980.0,2980.0,238,26
CUST04810,35,Female,326627.81,62,4,9200.0,2300.0,217,26
CUST04811,27,Male,325473.83,48,5,17710.0,3542.0,127,33
CUST04812,59,Male,288278.29,114,20,33620.0,1681.0,14,31
CUST04813,56,Female,451740.64,115,8,10360.0,1295.0,24,20
CUST04814,35,Female,321313.96,39,13,16180.0,1244.62,0,24
CUST04815,18,Male,324441.75,104,23,70550.0,3067.39,43,34
CUST04816,56,Other,549597.74,53,1,880.0,880.0,279,24
CUST04817,38,Female,261011.26,95,0,0.0,0.0,9999,33
CUST04818,18,Male,1037580.84,63,7,10560.0,1508.57,180,28
CUST04819,32,Male,294569.19,19,0,0.0,0.0,9999,29
CUST04820,21,Female,831935.64,33,3,7760.0,2586.67,474,29
CUST04821,37,Female,1214939.8,64,27,27210.0,1007.78,38,24
CUST04822,27,Male,857265.51,26,11,19400.0,1763.64,195,28
CUST04823,40,Male,810630.96,45,7,9710.0,1387.14,71,25
CUST04824,58,Male,715427.52,1,2,2580.0,1290.0,4,19
CUST04825,51,Male,550488.08,75,7,18030.0,2575.71,38,22
CUST04826,63,Female,849858.42,66,6,8810.0,1468.33,48,30
CUST04827,65,Female,444675.57,117,4,6880.0,1720.0,53,32
CUST04828,50,Male,738010.43,35,5,15790.0,3158.0,22,21
CUST04829,51,Female,823126.06,77,9,28350.0,3150.0,310,25
CUST04830,56,Female,628564.5,103,17,38260.0,2250.59,69,30
CUST04831,27,Female,442935.65,98,21,29440.0,1401.9,29,25
CUST04832,37,Female,622825.36,98,10,34580.0,3458.0,84,20
CUST04833,18,Female,423436.63,99,16,26080.0,1630.0,16,23
CUST04834,30,Female,391462.03,96,17,42500.0,2500.0,47,30
CUST04835,18,Male,712699.35,45,6,12560.0,2093.33,4,28
CUST04836,22,Female,534001.75,76,6,9660.0,1610.0,39,19
CUST04837,33,Female,708893.84,33,8,13590.0,1698.75,31,28
CUST04838,32,Male,535538.37,82,10,15440.0,1544.0,73,18
CUST04839,66,Male,628840.37,69,19,33170.0,1745.79,28,29
CUST04840,45,Male,938098.02,83,9,15990.0,1776.67,39,30
CUST04841,48,Female,464824.75,31,5,7660.0,1532.0,235,25
CUST04842,40,Female,416963.93,91,7,13900.0,1985.71,222,18
CUST04843,65,Female,606683.49,64,7,8560.0,1222.86,21,19
CUST04844,62,Male,180000.0,106,10,13860.0,1386.0,108,26
CUST04845,60,Female,687868.55,102,8,25860.0,3232.5,7,21
CUST04846,34,Male,339222.43,114,4,9130.0,2282.5,264,25
CUST04847,66,Female,1062909.69,15,6,13220.0,2203.33,26,22
CUST04848,51,Male,713366.13,46,9,20690.0,2298.89,31,23
CUST04849,30,Other,755098.28,120,19,42980.0,2262.11,6,26
CUST04850,31,Female,763159.45,48,2,4650.0,2325.0,124,23
CUST04851,28,Female,406656.01,68,10,23800.0,2380.0,27,27
CUST04852,45,Female,444774.32,83,4,8800.0,2200.0,84,24
CUST04853,59,Female,233516.24,85,20,56740.0,2837.0,72,26
CUST04854,49,Male,979597.0,40,15,27680.0,1845.33,61,20
CUST04855,52,Female,280038.23,1,5,7730.0,1546.0,0,26
CUST04856,48,Female,496674.37,20,1,1620.0,1620.0,429,19
CUST04857,34,Male,867726.34,22,3,10270.0,3423.33,408,29
CUST04858,64,Female,997266.84,54,7,13720.0,1960.0,62,28
CUST04859,26,Other,446629.3,77,7,10840.0,1548.57,182,26
CUST04860,27,Female,232030.71,105,14,34300.0,2450.0,7,32
CUST04861,25,Female,554790.65,65,24,82370.0,3432.08,122,15
CUST04862,38,Female,580865.37,15,13,31570.0,2428.46,12,36
CUST04863,30,Female,605095.28,61,3,8050.0,2683.33,122,31
CUST04864,67,Female,435766.58,79,16,33890.0,2118.12,36,34
CUST04865,22,Other,469881.46,14,7,26640.0,3805.71,27,23
CUST04866,23,Female,365873.67,69,19,39360.0,2071.58,26,27
CUST04867,47,Male,537017.2,49,1,670.0,670.0,199,29
CUST04868,48,Male,717242.74,6,21,45070.0,2146.19,21,17
CUST04869,34,Male,562882.3,41,7,17910.0,2558.57,12,23
CUST04870,28,Female,490205.69,31,3,11020.0,3673.33,398,19
CUST04871,37,Female,829083.59,116,6,12520.0,2086.67,292,20
CUST04872,65,Female,561180.62,90,3,3240.0,1080.0,381,36
CUST04873,26,Female,507024.4,64,11,14870.0,1351.82,306,25
CUST04874,19,Male,517783.86,89,10,28920.0,2892.0,23,24
CUST04875,54,Male,290016.98,51,22,79730.0,3624.09,10,29
CUST04876,18,Female,306150.51,59,5,9920.0,1984.0,276,32
CUST04877,21,Male,472814.29,55,15,41930.0,2795.33,24,25
CUST04878,53,Male,358802.02,117,17,25330.0,1490.0,19,28
CUST04879,42,Female,489922.91,49,9,19730.0,2192.22,75,32
CUST04880,20,Male,735188.43,103,2,4600.0,2300.0,1,25
CUST04881,26,Other,686898.73,40,10,19030.0,1903.0,101,27
CUST04882,39,Male,596605.36,15,5,13990.0,2798.0,121,35
CUST04883,40,Female,731242.18,70,11,30020.0,2729.09,6,29
CUST04884,29,Male,794931.44,65,22,48010.0,2182.27,6,38
CUST04885,27,Male,782101.41,105,1,2040.0,2040.0,14,28
CUST04886,51,Female,773468.55,7,17,33170.0,1951.18,0,33
CUST04887,60,Female,291529.6,62,16,27390.0,1711.88,25,23
CUST04888,27,Female,213491.0,54,9,18630.0,2070.0,62,30
CUST04889,47,Male,351955.83,52,6,10190.0,1698.33,185,27
CUST04890,39,Male,407097.29,51,22,23430.0,1065.0,6,27
CUST04891,23,Female,759361.11,4,19,34080.0,1793.68,0,25
CUST04892,67,Male,478755.26,1,3,9550.0,3183.33,8,22
CUST04893,19,Male,402900.72,105,13,26820.0,2063.08,181,22
CUST04894,47,Female,538182.79,66,7,9010.0,1287.14,1,17
CUST04895,19,Male,636339.39,112,1,1310.0,1310.0,352,39
CUST04896,49,Male,708885.93,98,1,1820.0,1820.0,602,30
CUST04897,59,Male,415194.27,35,8,27620.0,3452.5,94,20
CUST04898,33,Other,325041.1,110,4,8610.0,2152.5,417,27
CUST04899,29,Male,352221.27,77,13,31110.0,2393.08,196,22
CUST04900,18,Female,527771.79,81,4,13360.0,3340.0,143,31
CUST04901,70,Male,311403.02,10,17,36330.0,2137.06,40,19
CUST04902,25,Female,766123.73,67,6,6870.0,1145.0,177,21
CUST04903,65,Male,312751.88,68,6,8500.0,1416.67,10,25
CUST04904,67,Female,248072.11,89,14,41120.0,2937.14,13,20
CUST04905,30,Female,536205.35,101,8,27060.0,3382.5,0,27
CUST04906,32,Female,441600.48,107,6,5230.0,871.67,355,19
CUST04907,70,Female,618098.19,102,4,5070.0,1267.5,186,32
CUST04908,61,Female,399425.81,93,20,23940.0,1197.0,15,22
CUST04909,25,Male,599452.3,65,6,11420.0,1903.33,13,37
CUST04910,27,Female,786702.15,51,17,25850.0,1520.59,63,25
CUST04911,63,Female,377700.72,30,17,37260.0,2191.76,53,21
CUST04912,22,Female,629718.21,39,18,33850.0,1880.56,23,27
CUST04913,67,Male,1121819.5,119,7,8920.0,1274.29,165,25
CUST04914,36,Female,707475.83,10,26,96200.0,3700.0,23,18
CUST04915,64,Male,349903.92,93,5,18080.0,3616.0,127,26
CUST04916,55,Female,581315.63,44,2,6150.0,3075.0,183,19
CUST04917,28,Male,278349.95,32,7,15360.0,2194.29,214,18
CUST04918,70,Male,296972.92,44,1,2740.0,2740.0,485,27
CUST04919,60,Female,978379.65,63,5,8850.0,1770.0,51,27
CUST04920,37,Female,600742.65,61,5,11010.0,2202.0,195,20
CUST04921,37,Female,999124.28,65,1,1390.0,1390.0,260,16
CUST04922,38,Female,605694.53,41,1,2540.0,2540.0,78,29
CUST04923,35,Female,391182.15,81,23,65010.0,2826.52,25,26
CUST04924,67,Female,509810.77,119,13,26240.0,2018.46,2,31
CUST04925,27,Female,564120.18,12,7,24920.0,3560.0,37,28
CUST04926,51,Female,1353884.49,2,14,18380.0,1312.86,9,25
CUST04927,43,Male,686062.39,73,4,2650.0,662.5,198,18
CUST04928,47,Male,357829.38,76,15,19380.0,1292.0,11,29
CUST04929,26,Female,458333.23,60,2,5760.0,2880.0,119,34
CUST04930,63,Female,618542.47,25,13,23720.0,1824.62,57,24
CUST04931,68,Male,306426.71,100,3,6170.0,2056.67,110,24
CUST04932,48,Male,496010.01,118,7,15600.0,2228.57,2,26
CUST04933,59,Female,455976.98,61,9,17880.0,1986.67,92,19
CUST04934,21,Male,622172.37,108,2,7120.0,3560.0,105,28
CUST04935,23,Female,478254.67,114,16,23670.0,1479.38,36,26
CUST04936,31,Female,266525.82,99,6,4560.0,760.0,108,36
CUST04937,21,Male,489872.64,22,5,9220.0,1844.0,55,25
CUST04938,43,Female,706493.57,97,19,88910.0,4679.47,52,35
CUST04939,64,Female,958096.86,119,23,75760.0,3293.91,0,23
CUST04940,65,Female,770898.87,114,0,0.0,0.0,9999,21
CUST04941,56,Male,243842.98,56,1,2190.0,2190.0,34,22
CUST04942,34,Male,274041.56,21,5,5420.0,1084.0,10,22
CUST04943,36,Female,310706.53,55,4,13760.0,3440.0,269,27
CUST04944,68,Male,984495.94,40,7,17360.0,2480.0,15,22
CUST04945,66,Male,624750.6,51,8,16050.0,2006.25,27,35
CUST04946,23,Male,1639755.89,22,2,4970.0,2485.0,501,26
CUST04947,46,Male,891226.04,28,21,21660.0,1031.43,36,21
CUST04948,28,Male,521930.2,4,9,29190.0,3243.33,12,26
CUST04949,33,Male,407337.49,26,5,8950.0,1790.0,273,22
CUST04950,47,Female,591691.22,87,11,19420.0,1765.45,4,24
CUST04951,42,Female,730044.61,112,9,39940.0,4437.78,39,23
CUST04952,57,Male,862238.74,113,13,30000.0,2307.69,76,21
CUST04953,28,Female,439024.65,60,8,10530.0,1316.25,47,27
CUST04954,24,Male,1340774.11,23,6,5250.0,875.0,19,15
CUST04955,43,Female,490119.53,41,12,14910.0,1242.5,18,24
CUST04956,39,Male,851545.56,58,8,13010.0,1626.25,193,26
CUST04957,42,Male,581805.07,8,2,4290.0,2145.0,121,23
CUST04958,36,Female,426310.03,116,2,2660.0,1330.0,157,36
CUST04959,48,Male,206641.96,96,17,56880.0,3345.88,2,33
CUST04960,43,Female,286323.34,51,12,39040.0,3253.33,8,21
CUST04961,59,Male,849067.84,103,13,23290.0,1791.54,87,26
CUST04962,58,Male,701457.2,61,11,25200.0,2290.91,18,33
CUST04963,53,Female,652820.16,108,19,22860.0,1203.16,77,29
CUST04964,40,Female,1006241.17,1,10,32330.0,3233.0,1,27
CUST04965,64,Male,321810.04,120,1,750.0,750.0,387,19
CUST04966,30,Male,404315.59,30,18,32140.0,1785.56,16,23
CUST04967,42,Male,416815.33,92,7,11160.0,1594.29,157,28
CUST04968,19,Female,273737.8,17,1,2820.0,2820.0,363,23
CUST04969,19,Female,348969.6,23,3,8130.0,2710.0,173,28
CUST04970,33,Male,308580.64,102,4,3720.0,930.0,144,30
CUST04971,26,Female,246699.49,24,5,6770.0,1354.0,46,23
CUST04972,45,Male,333950.13,86,1,1840.0,1840.0,481,31
CUST04973,30,Male,485407.18,69,4,6740.0,1685.0,246,25
CUST04974,52,Male,1117448.8,89,8,11630.0,1453.75,211,18
CUST04975,58,Female,316064.61,52,16,40460.0,2528.75,5,26
CUST04976,30,Male,810512.16,71,3,3120.0,1040.0,88,29
CUST04977,48,Female,552326.91,118,7,18190.0,2598.57,138,28
CUST04978,38,Female,608650.85,58,8,31910.0,3988.75,19,22
CUST04979,49,Male,533661.65,22,0,0.0,0.0,9999,34
CUST04980,51,Male,217137.49,59,7,12790.0,1827.14,28,18
CUST04981,25,Male,311487.69,44,4,7670.0,1917.5,166,20
CUST04982,58,Female,647241.12,37,23,57040.0,2480.0,33,29
CUST04983,65,Female,510501.49,34,12,17260.0,1438.33,55,25
CUST04984,19,Male,238421.83,100,4,9220.0,2305.0,421,21
CUST04985,55,Male,453386.97,113,23,57100.0,2482.61,28,21
CUST04986,49,Male,652735.03,57,7,28380.0,4054.29,52,28
CUST04987,57,Male,284401.24,57,19,47670.0,2508.95,96,22
CUST04988,45,Female,418267.53,40,1,2070.0,2070.0,291,27
CUST04989,54,Male,990165.65,20,5,9100.0,1820.0,76,23
CUST04990,58,Male,651840.91,101,9,34710.0,3856.67,143,28
CUST04991,18,Female,1021069.09,17,6,33940.0,5656.67,25,28
CUST04992,58,Male,422104.1,52,4,7580.0,1895.0,159,20
CUST04993,27,Female,813516.64,4,8,16620.0,2077.5,7,28
CUST04994,21,Male,314316.45,63,9,13330.0,1481.11,162,25
CUST04995,52,Female,726511.42,117,13,25900.0,1992.31,5,31
CUST04996,27,Male,362446.63,50,17,25430.0,1495.88,9,35
CUST04997,64,Female,614205.62,82,18,30460.0,1692.22,68,24
CUST04998,28,Male,628336.24,92,11,20550.0,1868.18,2,24
CUST04999,31,Female,681511.48,50,3,3770.0,1256.67,144,21
CUST05000,55,Male,317655.31,16,5,17850.0,3570.0,109,29
CUST05001,29,Female,576515.08,107,20,49230.0,2461.5,55,29
CUST05002,62,Male,505677.55,72,7,12670.0,1810.0,88,22
CUST05003,34,Female,879274.63,61,4,8380.0,2095.0,82,24
CUST05004,33,Female,374855.92,44,6,16290.0,2715.0,33,34
CUST05005,52,Female,277777.75,18,7,13320.0,1902.86,49,13
CUST05006,19,Female,238462.39,118,11,16490.0,1499.09,124,22
CUST05007,28,Male,439682.11,50,8,14690.0,1836.25,15,16
CUST05008,58,Male,412614.96,93,12,33880.0,2823.33,31,26
CUST05009,20,Female,436735.46,104,6,15620.0,2603.33,40,22
CUST05010,46,Male,437652.42,80,4,8250.0,2062.5,75,20
CUST05011,35,Male,936449.08,30,0,0.0,0.0,9999,17
CUST05012,37,Male,467992.06,49,6,7090.0,1181.67,21,29
CUST05013,64,Male,831878.82,98,8,11840.0,1480.0,7,22
CUST05014,31,Female,594389.28,94,4,10820.0,2705.0,47,24
CUST05015,51,Female,331574.96,21,4,9120.0,2280.0,59,25
CUST05016,66,Female,501908.37,22,7,12840.0,1834.29,0,24
CUST05017,48,Male,1002342.5,47,24,111170.0,4632.08,17,22
CUST05018,57,Female,789526.96,25,13,20020.0,1540.0,51,29
CUST05019,59,Female,858972.71,86,10,19410.0,1941.0,144,19
CUST05020,35,Female,627522.66,56,16,36280.0,2267.5,41,29
CUST05021,47,Female,403363.99,64,3,5710.0,1903.33,199,26
CUST05022,42,Female,1045897.94,28,7,13250.0,1892.86,38,22
CUST05023,36,Male,643149.64,103,5,9060.0,1812.0,70,33
CUST05024,25,Male,760148.63,33,8,19720.0,2465.0,168,22
CUST05025,45,Male,525026.95,66,2,4560.0,2280.0,380,31
CUST05026,25,Female,314060.04,4,5,10170.0,2034.0,7,32
CUST05027,48,Female,597249.1,80,15,17710.0,1180.67,21,19
CUST05028,20,Female,1071574.92,12,6,12580.0,2096.67,25,31
CUST05029,20,Female,719331.45,17,12,40320.0,3360.0,31,24
CUST05030,61,Female,641515.92,120,14,35810.0,2557.86,95,20
CUST05031,39,Female,339562.67,36,15,23720.0,1581.33,81,27
CUST05032,34,Female,992252.67,16,7,16640.0,2377.14,72,20
CUST05033,53,Male,916778.8,103,6,16680.0,2780.0,10,23
CUST05034,34,Male,224212.1,23,3,5830.0,1943.33,30,32
CUST05035,31,Male,759469.42,72,3,7850.0,2616.67,45,20
CUST05036,68,Male,446908.1,9,22,21940.0,997.27,3,18
CUST05037,26,Female,570129.0,78,7,8920.0,1274.29,13,29
CUST05038,47,Male,346087.24,55,8,8210.0,1026.25,110,18
CUST05039,38,Female,527924.65,73,4,23820.0,5955.0,172,25
CUST05040,29,Male,304746.81,64,22,39640.0,1801.82,1,28
CUST05041,54,Male,348329.95,47,4,7560.0,1890.0,138,24
CUST05042,49,Female,631167.31,117,7,12890.0,1841.43,160,22
CUST05043,28,Female,355682.49,90,19,67770.0,3566.84,6,34
CUST05044,37,Male,606447.57,100,14,35900.0,2564.29,52,20
CUST05045,52,Female,525306.57,67,2,4460.0,2230.0,505,19
CUST05046,70,Male,1460441.05,118,17,30800.0,1811.76,7,27
CUST05047,64,Female,373735.72,10,10,38820.0,3882.0,16,31
CUST05048,63,Female,429795.48,89,10,20310.0,2031.0,9,16
CUST05049,28,Male,362197.26,4,14,25950.0,1853.57,7,22
CUST05050,69,Female,951448.25,30,13,42760.0,3289.23,108,27
CUST05051,25,Female,524539.58,114,3,6410.0,2136.67,128,20
CUST05052,21,Female,464976.21,11,5,6680.0,1336.0,155,37
CUST05053,44,Female,707149.97,51,5,2280.0,456.0,92,27
CUST05054,61,Male,337996.75,19,5,19730.0,3946.0,74,16
CUST05055,57,Female,273317.4,114,23,48210.0,2096.09,34,23
CUST05056,55,Female,568456.71,13,2,2160.0,1080.0,328,36
CUST05057,64,Female,537842.0,57,1,1860.0,1860.0,668,32
CUST05058,47,Male,358953.84,100,12,33450.0,2787.5,70,23
CUST05059,61,Female,586769.97,3,15,16530.0,1102.0,1,33
CUST05060,65,Female,1149458.32,112,21,106080.0,5051.43,26,32
CUST05061,65,Female,611581.2,78,3,8930.0,2976.67,223,25
CUST05062,44,Male,204919.23,74,2,5580.0,2790.0,346,30
CUST05063,38,Male,946060.33,38,25,39760.0,1590.4,21,24
CUST05064,69,Male,1223925.92,104,1,610.0,610.0,431,23
CUST05065,37,Male,634424.38,27,17,28090.0,1652.35,12,19
CUST05066,21,Female,540071.76,88,3,3490.0,1163.33,100,19
CUST05067,28,Female,249197.38,80,2,6000.0,3000.0,138,30
CUST05068,30,Female,338698.3,10,14,22840.0,1631.43,1,16
CUST05069,26,Female,435496.34,118,9,17970.0,1996.67,14,32
CUST05070,21,Male,359282.72,53,5,7810.0,1562.0,46,25
CUST05071,29,Male,397571.51,27,3,3790.0,1263.33,116,29
CUST05072,26,Female,528575.36,7,19,34710.0,1826.84,3,21
CUST05073,30,Female,367441.47,115,6,20100.0,3350.0,125,27
CUST05074,65,Female,990652.91,92,14,19900.0,1421.43,1,21
CUST05075,43,Male,517032.45,90,16,44850.0,2803.12,69,23
CUST05076,55,Female,627441.27,82,14,46600.0,3328.57,107,20
CUST05077,59,Male,628787.45,13,20,71160.0,3558.0,30,23
CUST05078,30,Female,593952.46,72,9,20460.0,2273.33,77,29
CUST05079,56,Other,510791.76,91,14,15200.0,1085.71,8,23
CUST05080,45,Female,783969.16,60,5,8320.0,1664.0,195,28
CUST05081,36,Male,861553.47,14,18,39360.0,2186.67,5,17
CUST05082,41,Female,197582.13,105,6,12180.0,2030.0,90,23
CUST05083,36,Male,261881.49,44,10,15430.0,1543.0,30,22
CUST05084,66,Male,391642.46,70,3,3330.0,1110.0,591,31
CUST05085,30,Female,302656.36,84,14,22310.0,1593.57,43,26
CUST05086,30,Male,359182.09,118,3,6660.0,2220.0,94,19
CUST05087,45,Female,407823.68,28,14,31230.0,2230.71,46,29
CUST05088,70,Male,445411.93,23,2,4010.0,2005.0,463,36
CUST05089,19,Female,255593.95,12,5,5070.0,1014.0,31,30
CUST05090,27,Female,414968.01,24,11,14850.0,1350.0,22,22
CUST05091,39,Male,948434.06,51,4,4070.0,1017.5,132,27
CUST05092,30,Female,446517.95,108,9,49230.0,5470.0,160,31
CUST05093,26,Female,652622.15,22,17,35840.0,2108.24,12,22
CUST05094,50,Female,485083.26,62,19,25190.0,1325.79,33,20
CUST05095,31,Female,526528.67,26,2,2620.0,1310.0,486,26
CUST05096,65,Other,474674.95,86,16,21240.0,1327.5,38,16
CUST05097,37,Male,698513.6,58,2,4370.0,2185.0,248,17
CUST05098,32,Male,345575.19,71,0,0.0,0.0,9999,16
CUST05099,49,Male,540005.91,15,3,3850.0,1283.33,129,21
CUST05100,50,Female,385664.93,112,5,11890.0,2378.0,72,26
CUST05101,34,Female,676003.96,94,3,6240.0,2080.0,436,27
CUST05102,41,Female,303695.11,68,6,13620.0,2270.0,163,20
CUST05103,47,Female,670052.73,6,7,12240.0,1748.57,6,22
CUST05104,30,Female,549197.42,112,3,10700.0,3566.67,171,29
CUST05105,64,Male,283012.18,111,4,3720.0,930.0,238,25
CUST05106,65,Male,1097030.26,2,1,2140.0,2140.0,54,28
CUST05107,33,Female,642672.89,31,18,32810.0,1822.78,66,21
CUST05108,19,Male,306757.08,24,4,11110.0,2777.5,64,28
CUST05109,34,Female,536541.49,35,7,22980.0,3282.86,103,28
CUST05110,49,Male,239106.85,47,19,48610.0,2558.42,11,20
CUST05111,60,Male,231159.74,31,7,30300.0,4328.57,10,23
CUST05112,25,Female,856556.17,89,12,19780.0,1648.33,22,29
CUST05113,69,Male,291361.95,72,18,25010.0,1389.44,21,23
CUST05114,20,Female,712592.93,76,3,4480.0,1493.33,428,22
CUST05115,29,Male,845453.67,118,0,0.0,0.0,9999,29
CUST05116,37,Female,321113.91,2,6,7740.0,1290.0,9,30
CUST05117,33,Female,1274867.35,79,7,11160.0,1594.29,63,33
CUST05118,31,Female,521303.57,104,8,16970.0,2121.25,197,28
CUST05119,33,Female,510999.75,59,12,11990.0,999.17,4,26
CUST05120,70,Male,319070.09,96,14,28530.0,2037.86,32,22
CUST05121,66,Male,321676.27,63,12,25250.0,2104.17,97,36
CUST05122,60,Male,186294.59,118,5,14780.0,2956.0,56,22
CUST05123,66,Female,352490.55,75,2,6350.0,3175.0,103,23
CUST05124,68,Other,845075.71,17,2,8980.0,4490.0,205,19
CUST05125,50,Male,316210.72,54,19,67420.0,3548.42,2,29
CUST05126,47,Female,328832.67,21,1,940.0,940.0,547,38
CUST05127,29,Male,280284.58,22,15,55550.0,3703.33,39,30
CUST05128,32,Male,270978.44,97,1,570.0,570.0,24,29
CUST05129,35,Female,745471.58,116,5,7110.0,1422.0,1,29
CUST05130,45,Male,289433.31,55,8,16100.0,2012.5,79,26
CUST05131,40,Male,471219.45,29,18,31440.0,1746.67,38,32
CUST05132,31,Female,426122.85,79,3,5970.0,1990.0,48,26
CUST05133,47,Female,768996.16,21,11,29750.0,2704.55,5,29
CUST05134,50,Male,343187.24,118,10,24420.0,2442.0,118,29
CUST05135,62,Female,411861.56,2,10,30380.0,3038.0,1,25
CUST05136,32,Female,305826.42,120,7,21660.0,3094.29,13,24
CUST05137,24,Male,374841.07,42,1,490.0,490.0,237,33
CUST05138,32,Female,333283.92,52,11,14240.0,1294.55,82,25
CUST05139,69,Male,468477.84,38,5,8290.0,1658.0,143,27
CUST05140,59,Male,1027614.59,3,9,13080.0,1453.33,16,30
CUST05141,63,Male,456241.47,25,7,10750.0,1535.71,72,22
CUST05142,55,Female,848305.67,77,6,12020.0,2003.33,39,23
CUST05143,63,Male,764989.5,88,9,25930.0,2881.11,28,35
CUST05144,61,Male,490505.36,62,4,9280.0,2320.0,21,19
CUST05145,28,Male,770701.53,95,3,6750.0,2250.0,83,32
CUST05146,46,Male,554690.58,15,13,27920.0,2147.69,13,21
CUST05147,48,Female,262861.07,70,10,20810.0,2081.0,24,27
CUST05148,42,Male,491327.72,105,1,2360.0,2360.0,393,23
CUST05149,69,Female,548554.94,10,17,45920.0,2701.18,24,28
CUST05150,41,Female,1105379.37,73,1,1400.0,1400.0,436,26
CUST05151,36,Female,328771.01,114,19,36190.0,1904.74,6,22
CUST05152,19,Female,614389.67,105,14,24950.0,1782.14,17,29
CUST05153,39,Male,287364.39,120,13,26160.0,2012.31,54,29
CUST05154,37,Male,1001165.67,114,18,37540.0,2085.56,52,32
CUST05155,50,Female,867206.91,105,14,27940.0,1995.71,61,23
CUST05156,25,Male,291515.33,69,5,10060.0,2012.0,9,14
CUST05157,42,Female,1094579.12,109,12,24990.0,2082.5,116,25
CUST05158,63,Male,811836.03,44,6,10770.0,1795.0,114,19
CUST05159,26,Male,883552.45,41,17,37280.0,2192.94,18,19
CUST05160,51,Male,1013393.75,83,13,21110.0,1623.85,14,29
CUST05161,40,Male,829965.48,20,2,2440.0,1220.0,386,17
CUST05162,22,Female,429782.87,97,20,38600.0,1930.0,5,23
CUST05163,42,Male,983041.84,107,20,20090.0,1004.5,112,22
CUST05164,25,Female,334502.48,37,2,3720.0,1860.0,371,25
CUST05165,33,Female,352724.61,95,3,6110.0,2036.67,55,24
CUST05166,65,Female,407362.41,39,8,12910.0,1613.75,63,29
CUST05167,62,Male,580982.84,77,7,29300.0,4185.71,217,31
CUST05168,69,Female,330819.88,119,15,19290.0,1286.0,39,28
CUST05169,32,Male,291667.33,102,4,6240.0,1560.0,168,30
CUST05170,18,Female,331086.17,109,2,4860.0,2430.0,218,25
CUST05171,39,Male,424613.29,70,24,49100.0,2045.83,14,32
CUST05172,20,Male,516113.6,111,14,36130.0,2580.71,126,21
CUST05173,55,Female,354980.52,8,6,21360.0,3560.0,26,29
CUST05174,31,Female,289870.99,43,7,15000.0,2142.86,195,25
CUST05175,53,Male,595870.75,10,17,25390.0,1493.53,3,33
CUST05176,35,Male,1126479.01,41,5,8400.0,1680.0,150,27
CUST05177,64,Female,414890.28,4,18,34420.0,1912.22,1,30
CUST05178,58,Female,746940.18,78,20,46100.0,2305.0,126,28
CUST05179,35,Male,500473.91,4,19,54090.0,2846.84,4,17
CUST05180,20,Female,666075.63,24,8,10980.0,1372.5,2,24
CUST05181,27,Female,721618.5,111,17,53210.0,3130.0,89,24
CUST05182,66,Female,501094.63,21,3,2990.0,996.67,58,25
CUST05183,56,Female,321221.0,10,5,16000.0,3200.0,83,21
CUST05184,64,Male,287420.0,46,7,15150.0,2164.29,55,28
CUST05185,18,Other,838961.24,89,12,23350.0,1945.83,32,20
CUST05186,44,Male,664050.6,70,10,24400.0,2440.0,118,21
CUST05187,44,Male,777024.08,80,6,11070.0,1845.0,126,27
CUST05188,28,Female,677865.55,44,4,9240.0,2310.0,195,26
CUST05189,66,Male,810046.62,92,13,25580.0,1967.69,147,28
CUST05190,22,Female,552518.54,100,0,0.0,0.0,9999,29
CUST05191,24,Male,252369.23,33,6,6510.0,1085.0,46,30
CUST05192,36,Male,567467.3,94,20,47180.0,2359.0,73,23
CUST05193,46,Female,1120540.98,36,3,9500.0,3166.67,98,20
CUST05194,32,Male,585599.08,25,10,21890.0,2189.0,92,21
CUST05195,52,Male,287528.04,13,8,42000.0,5250.0,15,19
CUST05196,64,Female,695935.84,39,10,20500.0,2050.0,5,36
CUST05197,54,Male,1326253.31,79,0,0.0,0.0,9999,24
CUST05198,29,Male,388924.77,38,8,10230.0,1278.75,7,26
CUST05199,47,Female,579008.77,30,12,12860.0,1071.67,34,24
CUST05200,37,Male,619256.55,14,4,9620.0,2405.0,208,26
CUST05201,54,Female,547977.15,50,12,24360.0,2030.0,76,24
CUST05202,20,Male,715926.34,68,2,4670.0,2335.0,376,21
CUST05203,26,Male,416663.71,1,11,10870.0,988.18,0,31
CUST05204,58,Male,662922.5,61,8,21950.0,2743.75,106,21
CUST05205,56,Male,845527.26,3,13,37930.0,2917.69,3,24
CUST05206,43,Male,449662.57,109,15,32790.0,2186.0,120,24
CUST05207,19,Male,718459.85,50,3,8670.0,2890.0,211,29
CUST05208,40,Male,421689.59,61,7,13390.0,1912.86,143,27
CUST05209,40,Male,269074.44,36,4,21960.0,5490.0,270,29
CUST05210,38,Female,268733.37,4,16,54850.0,3428.12,0,27
CUST05211,33,Female,615321.79,43,19,34440.0,1812.63,63,28
CUST05212,26,Male,214934.84,14,10,15350.0,1535.0,176,30
CUST05213,30,Female,521302.36,89,7,11300.0,1614.29,196,26
CUST05214,45,Female,350301.66,103,7,53120.0,7588.57,27,19
CUST05215,44,Female,186296.48,67,15,27160.0,1810.67,12,18
CUST05216,68,Female,679740.67,7,13,40120.0,3086.15,38,31
CUST05217,69,Other,265913.09,8,12,36590.0,3049.17,8,16
CUST05218,34,Male,1413031.39,44,13,15350.0,1180.77,3,32
CUST05219,55,Female,1044551.87,64,3,8640.0,2880.0,124,33
CUST05220,53,Female,485268.1,7,5,7840.0,1568.0,67,24
CUST05221,18,Male,202412.18,120,12,34630.0,2885.83,32,27
CUST05222,35,Male,571197.7,48,4,6240.0,1560.0,58,22
CUST05223,68,Female,1141556.87,62,2,3410.0,1705.0,323,28
CUST05224,26,Female,806221.57,25,1,1710.0,1710.0,129,24
CUST05225,30,Male,829546.54,81,4,5110.0,1277.5,23,30
CUST05226,57,Male,1001434.79,90,14,25980.0,1855.71,29,23
CUST05227,62,Female,284445.24,118,4,7920.0,1980.0,180,20
CUST05228,32,Male,815266.86,68,18,62130.0,3451.67,26,21
CUST05229,60,Female,1197590.51,64,5,15390.0,3078.0,156,17
CUST05230,61,Male,378313.03,113,6,21000.0,3500.0,112,28
CUST05231,63,Male,417247.12,18,2,3200.0,1600.0,210,28
CUST05232,21,Male,1005731.0,4,8,11860.0,1482.5,1,29
CUST05233,50,Male,936573.12,17,7,22130.0,3161.43,56,24
CUST05234,41,Male,338018.41,47,5,8340.0,1668.0,27,22
CUST05235,53,Female,279298.89,118,11,22550.0,2050.0,49,27
CUST05236,68,Female,474946.18,81,13,17140.0,1318.46,54,23
CUST05237,58,Male,257658.73,45,15,42900.0,2860.0,16,27
CUST05238,27,Female,339703.74,89,7,13590.0,1941.43,329,34
CUST05239,53,Female,367658.18,58,9,19910.0,2212.22,303,34
CUST05240,37,Male,829017.24,3,3,9910.0,3303.33,68,25
CUST05241,58,Male,936527.04,12,4,10810.0,2702.5,31,27
CUST05242,62,Male,830677.9,91,12,20090.0,1674.17,71,30
CUST05243,61,Other,345101.57,17,2,2030.0,1015.0,375,22
CUST05244,28,Female,481096.43,118,9,17380.0,1931.11,4,35
CUST05245,29,Male,407940.6,22,0,0.0,0.0,9999,22
CUST05246,35,Female,550363.62,39,23,37070.0,1611.74,83,29
CUST05247,47,Male,701216.14,39,14,41970.0,2997.86,11,23
CUST05248,61,Male,403513.41,107,20,35190.0,1759.5,23,23
CUST05249,65,Male,316720.05,112,8,18430.0,2303.75,99,21
CUST05250,54,Female,1015091.11,100,2,3070.0,1535.0,220,28
CUST05251,37,Male,810574.91,16,15,30110.0,2007.33,1,22
CUST05252,42,Female,582547.53,101,18,35150.0,1952.78,44,31
CUST05253,29,Male,309814.45,51,6,12310.0,2051.67,66,23
CUST05254,38,Male,738457.21,118,8,16480.0,2060.0,82,28
CUST05255,42,Other,463291.94,29,15,43190.0,2879.33,6,28
CUST05256,28,Female,184066.67,78,7,32500.0,4642.86,13,35
CUST05257,26,Female,394562.26,71,8,15360.0,1920.0,62,20
CUST05258,67,Female,614553.68,41,13,18000.0,1384.62,33,29
CUST05259,42,Female,453656.28,57,6,12080.0,2013.33,129,30
CUST05260,52,Male,628813.72,28,3,4220.0,1406.67,388,24
CUST05261,69,Male,616797.72,77,0,0.0,0.0,9999,28
CUST05262,49,Female,305703.27,80,5,9790.0,1958.0,58,27
CUST05263,66,Female,680230.94,21,21,25440.0,1211.43,29,22
CUST05264,31,Female,708728.43,4,3,6180.0,2060.0,27,29
CUST05265,18,Male,493182.28,103,9,13230.0,1470.0,105,34
CUST05266,34,Male,503351.44,99,4,9790.0,2447.5,268,31
CUST05267,42,Female,502271.32,116,3,9730.0,3243.33,103,29
CUST05268,25,Male,987658.1,15,14,35820.0,2558.57,43,25
CUST05269,22,Male,593935.1,53,7,11310.0,1615.71,96,26
CUST05270,22,Male,528923.01,90,2,2490.0,1245.0,447,21
CUST05271,58,Male,617810.29,46,10,50550.0,5055.0,18,26
CUST05272,52,Female,611933.19,7,18,26870.0,1492.78,21,19
CUST05273,36,Female,478245.17,18,3,7520.0,2506.67,155,20
CUST05274,40,Male,274172.33,89,8,18640.0,2330.0,6,27
CUST05275,26,Male,525069.15,101,17,33410.0,1965.29,1,25
CUST05276,47,Female,652269.44,21,9,17310.0,1923.33,32,25
CUST05277,67,Male,569870.25,116,16,21500.0,1343.75,84,27
CUST05278,33,Female,399563.96,8,10,14960.0,1496.0,8,21
CUST05279,50,Female,457904.67,59,13,13920.0,1070.77,60,31
CUST05280,19,Female,781668.14,20,16,20650.0,1290.62,12,18
CUST05281,31,Female,234175.67,82,18,25300.0,1405.56,24,17
CUST05282,63,Male,357781.21,117,9,11240.0,1248.89,82,20
CUST05283,18,Female,530550.99,83,6,11180.0,1863.33,66,24
CUST05284,43,Male,798269.23,116,5,10090.0,2018.0,318,23
CUST05285,42,Male,1131456.91,67,5,13220.0,2644.0,8,21
CUST05286,33,Male,746119.65,55,13,55650.0,4280.77,12,24
CUST05287,32,Male,382933.83,62,2,4430.0,2215.0,13,20
CUST05288,43,Male,226286.01,102,12,20750.0,1729.17,1,28
CUST05289,64,Male,1158857.21,18,0,0.0,0.0,9999,28
CUST05290,61,Female,342367.46,91,19,45160.0,2376.84,23,32
CUST05291,33,Other,533941.12,79,14,68120.0,4865.71,23,25
CUST05292,31,Male,474375.29,110,5,16150.0,3230.0,35,23
CUST05293,46,Female,484693.02,56,23,64700.0,2813.04,23,26
CUST05294,41,Male,295849.23,85,18,56910.0,3161.67,16,29
CUST05295,64,Female,1121975.67,22,20,45130.0,2256.5,1,19
CUST05296,32,Male,337282.22,8,8,28710.0,3588.75,28,35
CUST05297,36,Female,537002.94,11,13,32240.0,2480.0,38,19
CUST05298,25,Male,409236.91,107,6,17660.0,2943.33,26,27
CUST05299,51,Female,659029.21,12,10,11560.0,1156.0,1,22
CUST05300,19,Male,455072.98,48,8,23010.0,2876.25,73,27
CUST05301,44,Male,434280.03,103,5,6030.0,1206.0,179,23
CUST05302,27,Male,815531.02,63,2,3200.0,1600.0,471,29
CUST05303,52,Male,432275.38,27,21,54090.0,2575.71,12,35
CUST05304,40,Female,943443.3,35,8,12440.0,1555.0,130,32
CUST05305,66,Female,287023.18,2,11,18770.0,1706.36,4,24
CUST05306,25,Male,446922.35,99,2,1580.0,790.0,98,19
CUST05307,45,Other,339590.78,95,4,14070.0,3517.5,106,25
CUST05308,40,Male,506979.16,8,1,1340.0,1340.0,93,14
CUST05309,21,Other,269516.16,20,15,20120.0,1341.33,7,19
CUST05310,31,Male,660765.75,8,19,38090.0,2004.74,7,32
CUST05311,70,Female,691061.21,63,10,20280.0,2028.0,61,25
CUST05312,59,Male,984760.73,68,4,10310.0,2577.5,81,24
CUST05313,46,Female,732118.82,31,8,24330.0,3041.25,37,28
CUST05314,18,Male,728397.86,119,3,5470.0,1823.33,406,35
CUST05315,21,Female,679211.92,32,11,33900.0,3081.82,64,27
CUST05316,49,Female,453268.3,13,0,0.0,0.0,9999,23
CUST05317,50,Male,1035983.04,86,13,27490.0,2114.62,1,18
CUST05318,66,Other,641657.35,26,3,11190.0,3730.0,234,32
CUST05319,43,Other,1522064.33,81,16,24200.0,1512.5,9,27
CUST05320,34,Other,1100810.18,29,5,5370.0,1074.0,22,30
CUST05321,56,Other,584398.98,91,6,13190.0,2198.33,4,29
CUST05322,40,Female,597423.49,120,12,22160.0,1846.67,7,24
CUST05323,49,Other,727060.07,86,21,56860.0,2707.62,22,38
CUST05324,69,Female,1019756.53,18,21,37260.0,1774.29,40,25
CUST05325,32,Male,250608.06,69,19,58880.0,3098.95,0,21
CUST05326,30,Female,902522.45,12,4,3890.0,972.5,19,34
CUST05327,19,Female,591438.98,2,0,0.0,0.0,9999,26
CUST05328,36,Female,813012.8,42,9,20450.0,2272.22,84,26
CUST05329,41,Male,361742.28,7,16,32750.0,2046.88,5,33
CUST05330,62,Male,354473.41,47,3,5310.0,1770.0,170,31
CUST05331,41,Female,582493.25,90,1,860.0,860.0,361,23
CUST05332,28,Female,775791.16,54,14,33580.0,2398.57,23,32
CUST05333,39,Male,287271.27,103,2,4440.0,2220.0,406,13
CUST05334,32,Male,417882.91,15,15,39590.0,2639.33,32,23
CUST05335,27,Male,291674.4,112,2,3880.0,1940.0,391,22
CUST05336,58,Female,603518.94,118,1,2180.0,2180.0,221,26
CUST05337,44,Male,1226252.09,58,8,16670.0,2083.75,24,30
CUST05338,26,Female,430022.31,33,17,21250.0,1250.0,135,21
CUST05339,69,Other,711638.55,111,3,8780.0,2926.67,28,32
CUST05340,45,Female,528112.23,67,5,17690.0,3538.0,207,20
CUST05341,18,Male,590295.16,63,12,19550.0,1629.17,45,30
CUST05342,34,Female,382337.3,106,17,27800.0,1635.29,57,8
CUST05343,48,Female,671315.33,48,2,2260.0,1130.0,142,18
CUST05344,61,Male,456716.35,66,5,12850.0,2570.0,82,25
CUST05345,27,Female,1119763.89,81,1,1440.0,1440.0,520,19
CUST05346,54,Female,397305.76,65,10,23290.0,2329.0,35,26
CUST05347,46,Female,776699.94,36,7,23380.0,3340.0,139,23
CUST05348,35,Female,1215279.49,107,21,37310.0,1776.67,36,20
CUST05349,64,Male,853644.43,17,24,30350.0,1264.58,30,17
CUST05350,55,Male,333125.71,2,5,8250.0,1650.0,4,28
CUST05351,56,Male,319194.63,33,11,15430.0,1402.73,24,30
CUST05352,66,Female,613136.91,93,16,50890.0,3180.62,49,18
CUST05353,23,Female,514108.65,6,6,6550.0,1091.67,11,26
CUST05354,57,Male,630536.33,43,7,12560.0,1794.29,144,22
CUST05355,29,Male,856168.16,100,8,8080.0,1010.0,118,35
CUST05356,70,Female,520054.73,88,7,22230.0,3175.71,9,21
CUST05357,31,Female,376772.31,11,8,21950.0,2743.75,50,28
CUST05358,61,Male,548935.91,5,3,8660.0,2886.67,90,18
CUST05359,27,Female,990599.11,30,3,4520.0,1506.67,130,27
CUST05360,37,Female,508092.63,10,10,22840.0,2284.0,6,23
CUST05361,32,Male,1316620.65,101,13,51210.0,3939.23,140,26
CUST05362,48,Male,744653.21,91,0,0.0,0.0,9999,30
CUST05363,24,Male,713407.96,91,15,54870.0,3658.0,36,27
CUST05364,58,Male,391187.4,24,7,7770.0,1110.0,139,26
CUST05365,27,Female,472607.4,59,6,17370.0,2895.0,68,25
CUST05366,27,Male,632483.39,118,6,6380.0,1063.33,265,27
CUST05367,65,Male,493358.88,118,5,12930.0,2586.0,3,28
CUST05368,56,Female,881885.43,67,20,43210.0,2160.5,30,30
CUST05369,45,Male,550378.29,61,1,1370.0,1370.0,557,25
CUST05370,47,Female,383444.04,102,7,21700.0,3100.0,176,29
CUST05371,54,Male,586068.25,26,14,23670.0,1690.71,65,27
CUST05372,20,Female,432728.88,109,4,9730.0,2432.5,103,28
CUST05373,67,Other,692986.46,112,1,610.0,610.0,522,29
CUST05374,60,Male,404429.27,39,3,7660.0,2553.33,203,27
CUST05375,32,Female,1175103.99,82,2,4520.0,2260.0,143,31
CUST05376,38,Male,261764.74,3,3,7550.0,2516.67,3,20
CUST05377,69,Female,441944.94,38,4,11570.0,2892.5,19,21
CUST05378,54,Female,557969.91,42,2,9660.0,4830.0,486,20
CUST05379,29,Male,413694.52,48,7,13060.0,1865.71,156,29
CUST05380,21,Female,186608.21,89,13,22300.0,1715.38,8,31
CUST05381,64,Male,1231202.22,13,9,6940.0,771.11,42,26
CUST05382,26,Other,727004.82,89,3,3880.0,1293.33,171,31
CUST05383,56,Male,297829.03,88,1,2180.0,2180.0,622,17
CUST05384,59,Female,317681.45,56,4,7890.0,1972.5,125,26
CUST05385,45,Male,270163.27,105,9,13650.0,1516.67,109,17
CUST05386,40,Female,490712.12,59,4,12920.0,3230.0,246,28
CUST05387,62,Other,1014848.98,63,18,64830.0,3601.67,21,26
CUST05388,57,Female,459185.03,80,1,1820.0,1820.0,285,23
CUST05389,61,Male,426073.15,43,17,43220.0,2542.35,51,21
CUST05390,39,Female,809020.97,105,7,21040.0,3005.71,57,18
CUST05391,41,Male,604810.78,106,13,14410.0,1108.46,252,26
CUST05392,68,Male,510184.11,75,2,4730.0,2365.0,83,22
CUST05393,43,Male,729288.8,57,16,32880.0,2055.0,3,31
CUST05394,47,Male,236730.48,21,6,12240.0,2040.0,114,24
CUST05395,50,Female,648217.68,95,9,19730.0,2192.22,46,23
CUST05396,33,Male,934213.41,54,8,9300.0,1162.5,19,27
CUST05397,39,Female,300588.5,79,11,37520.0,3410.91,11,21
CUST05398,66,Male,443739.01,53,4,3960.0,990.0,218,29
CUST05399,67,Male,218227.08,45,1,2350.0,2350.0,136,27
CUST05400,60,Female,431799.66,113,11,20520.0,1865.45,82,23
CUST05401,35,Male,392530.25,36,15,26360.0,1757.33,10,20
CUST05402,24,Male,1130960.38,63,12,29610.0,2467.5,47,26
CUST05403,67,Male,426415.01,107,10,19300.0,1930.0,116,39
CUST05404,43,Female,599579.87,1,7,7760.0,1108.57,0,23
CUST05405,25,Female,960928.07,92,15,54280.0,3618.67,30,22
CUST05406,23,Male,196342.13,97,5,16710.0,3342.0,161,27
CUST05407,47,Male,555752.81,67,9,15120.0,1680.0,109,27
CUST05408,56,Female,318899.25,119,18,21310.0,1183.89,20,28
CUST05409,40,Other,322319.03,79,9,9100.0,1011.11,183,24
CUST05410,49,Male,356093.12,33,5,5210.0,1042.0,26,32
CUST05411,39,Female,419738.27,32,4,5840.0,1460.0,183,23
CUST05412,59,Male,329383.05,87,4,11270.0,2817.5,117,23
CUST05413,60,Male,434608.31,58,6,9350.0,1558.33,102,20
CUST05414,62,Male,808765.49,26,18,23610.0,1311.67,7,28
CUST05415,26,Female,650965.33,61,0,0.0,0.0,9999,18
CUST05416,48,Male,1777908.63,112,19,45370.0,2387.89,77,21
CUST05417,24,Female,568831.8,17,3,5780.0,1926.67,0,20
CUST05418,26,Male,685136.59,73,16,44170.0,2760.62,171,15
CUST05419,30,Male,921023.61,69,3,6480.0,2160.0,136,19
CUST05420,20,Female,307171.76,29,12,29750.0,2479.17,138,23
CUST05421,52,Male,911578.59,63,12,63940.0,5328.33,203,23
CUST05422,50,Male,336460.15,6,4,7960.0,1990.0,90,20
CUST05423,38,Male,633568.55,111,4,12220.0,3055.0,108,26
CUST05424,48,Male,789047.68,105,3,12090.0,4030.0,229,18
CUST05425,69,Male,217559.46,59,0,0.0,0.0,9999,29
CUST05426,51,Male,433808.32,99,6,9760.0,1626.67,82,26
CUST05427,49,Male,495949.98,115,7,23160.0,3308.57,29,24
CUST05428,52,Male,309020.81,21,8,11710.0,1463.75,22,24
CUST05429,32,Other,594221.46,45,5,14930.0,2986.0,231,20
CUST05430,49,Male,1097147.25,45,17,19950.0,1173.53,81,29
CUST05431,23,Male,330486.05,87,17,45430.0,2672.35,48,19
CUST05432,62,Other,872293.42,35,9,15650.0,1738.89,12,27
CUST05433,38,Female,638005.22,52,5,6300.0,1260.0,7,21
CUST05434,50,Male,277865.75,46,6,13980.0,2330.0,267,29
CUST05435,49,Male,423942.87,66,15,40010.0,2667.33,97,24
CUST05436,69,Female,574637.6,57,1,4700.0,4700.0,544,28
CUST05437,36,Male,1044465.06,42,13,25030.0,1925.38,46,31
CUST05438,50,Female,733439.5,73,7,12790.0,1827.14,337,13
CUST05439,45,Other,375504.38,77,9,21870.0,2430.0,55,25
CUST05440,48,Female,610917.16,107,7,20200.0,2885.71,58,28
CUST05441,38,Male,180000.0,98,14,40690.0,2906.43,0,27
CUST05442,51,Female,767702.3,16,10,19050.0,1905.0,17,35
CUST05443,32,Female,362262.14,5,0,0.0,0.0,9999,28
CUST05444,31,Female,317967.04,1,3,3420.0,1140.0,0,28
CUST05445,36,Male,443865.47,104,4,6050.0,1512.5,43,34
CUST05446,60,Female,291950.04,22,9,20850.0,2316.67,14,26
CUST05447,32,Female,468062.98,48,9,24130.0,2681.11,95,29
CUST05448,23,Other,821578.13,110,3,4540.0,1513.33,66,20
CUST05449,69,Female,210330.61,26,13,23010.0,1770.0,106,22
CUST05450,26,Male,495053.65,34,11,16030.0,1457.27,29,23
CUST05451,54,Female,476422.31,114,3,4310.0,1436.67,109,29
CUST05452,37,Male,645966.46,58,17,28000.0,1647.06,27,24
CUST05453,51,Female,470333.89,85,7,21450.0,3064.29,173,38
CUST05454,55,Male,786171.7,7,12,23170.0,1930.83,31,21
CUST05455,43,Male,946678.89,25,6,8920.0,1486.67,60,31
CUST05456,35,Female,815229.49,57,19,34620.0,1822.11,19,18
CUST05457,45,Male,368755.41,12,2,4230.0,2115.0,191,24
CUST05458,68,Female,1226899.63,31,10,22000.0,2200.0,120,23
CUST05459,26,Female,305377.22,111,0,0.0,0.0,9999,16
CUST05460,49,Male,708156.6,27,2,5850.0,2925.0,201,31
CUST05461,70,Male,862452.31,86,11,11960.0,1087.27,12,19
CUST05462,23,Female,1310392.82,34,27,49000.0,1814.81,22,25
CUST05463,31,Male,808932.07,118,7,9180.0,1311.43,83,29
CUST05464,45,Female,365475.88,81,2,6110.0,3055.0,69,26
CUST05465,41,Female,777067.43,75,2,4110.0,2055.0,137,26
CUST05466,30,Female,484024.75,93,7,16160.0,2308.57,3,23
CUST05467,60,Female,844807.64,34,6,9120.0,1520.0,32,26
CUST05468,29,Female,561073.77,115,6,11420.0,1903.33,119,27
CUST05469,68,Female,978490.77,37,3,8010.0,2670.0,248,19
CUST05470,36,Female,521095.2,58,2,8290.0,4145.0,49,21
CUST05471,38,Female,785170.49,113,12,17350.0,1445.83,20,26
CUST05472,44,Male,389609.52,112,14,39300.0,2807.14,0,25
CUST05473,36,Male,876177.83,60,15,37050.0,2470.0,27,21
CUST05474,41,Female,195815.91,26,3,6550.0,2183.33,184,22
CUST05475,43,Female,706909.84,109,12,42000.0,3500.0,6,26
CUST05476,62,Male,607295.94,45,14,22320.0,1594.29,69,25
CUST05477,45,Male,550920.18,45,4,4160.0,1040.0,181,36
CUST05478,63,Female,194106.41,32,23,35840.0,1558.26,3,26
CUST05479,35,Male,412165.31,101,4,14560.0,3640.0,105,31
CUST05480,61,Male,885145.18,69,14,34890.0,2492.14,33,36
CUST05481,53,Male,352478.99,84,6,9210.0,1535.0,30,25
CUST05482,59,Female,266024.59,115,17,46810.0,2753.53,54,25
CUST05483,46,Female,317408.78,71,6,8010.0,1335.0,248,34
CUST05484,34,Male,879648.8,107,14,33650.0,2403.57,65,24
CUST05485,21,Male,633033.29,23,5,12280.0,2456.0,107,31
CUST05486,61,Female,976784.8,65,10,30620.0,3062.0,92,25
CUST05487,62,Female,704551.87,39,6,21230.0,3538.33,12,27
CUST05488,46,Female,348515.1,67,15,20430.0,1362.0,9,28
CUST05489,21,Male,1171325.18,45,15,49790.0,3319.33,130,23
CUST05490,27,Male,391415.47,67,4,19210.0,4802.5,259,22
CUST05491,42,Female,354970.26,63,14,33500.0,2392.86,120,28
CUST05492,48,Male,576727.34,70,8,33250.0,4156.25,40,16
CUST05493,20,Female,620706.25,95,1,930.0,930.0,91,34
CUST05494,64,Male,749750.15,54,9,12460.0,1384.44,67,23
CUST05495,19,Male,441982.79,27,4,19890.0,4972.5,143,34
CUST05496,42,Male,969847.94,93,12,29020.0,2418.33,14,26
CUST05497,66,Female,383568.22,79,0,0.0,0.0,9999,17
CUST05498,23,Male,314021.36,36,14,23570.0,1683.57,7,21
CUST05499,43,Male,213000.82,5,4,13300.0,3325.0,19,25
CUST05500,25,Male,462988.92,67,2,8330.0,4165.0,450,27
CUST05501,52,Male,748407.27,51,11,19260.0,1750.91,66,15
CUST05502,44,Male,708989.69,89,17,36330.0,2137.06,12,24
CUST05503,42,Male,590341.12,32,2,4200.0,2100.0,149,31
CUST05504,35,Male,413789.97,21,5,23410.0,4682.0,44,32
CUST05505,18,Female,896164.41,112,10,14210.0,1421.0,142,23
CUST05506,65,Female,530337.69,17,14,23090.0,1649.29,8,21
CUST05507,56,Male,610160.48,73,20,40940.0,2047.0,56,33
CUST05508,20,Male,301554.49,26,8,28250.0,3531.25,17,26
CUST05509,21,Female,221106.95,22,22,28960.0,1316.36,71,29
CUST05510,58,Male,753278.87,41,9,20200.0,2244.44,21,34
CUST05511,54,Male,1587019.56,110,7,17510.0,2501.43,14,22
CUST05512,68,Female,624039.42,59,6,12340.0,2056.67,70,38
CUST05513,32,Female,755240.36,87,4,10160.0,2540.0,64,26
CUST05514,25,Male,747963.33,75,11,29070.0,2642.73,157,35
CUST05515,55,Male,528465.86,10,7,10200.0,1457.14,30,26
CUST05516,67,Female,254122.6,87,3,5350.0,1783.33,243,24
CUST05517,36,Male,711548.29,5,1,1560.0,1560.0,45,23
CUST05518,64,Female,1017428.03,55,20,43630.0,2181.5,51,20
CUST05519,43,Male,653584.25,26,14,18090.0,1292.14,3,24
CUST05520,56,Male,466238.49,4,6,9070.0,1511.67,1,31
CUST05521,27,Female,625191.84,107,9,19270.0,2141.11,67,20
CUST05522,55,Female,503336.8,27,22,55490.0,2522.27,26,28
CUST05523,31,Female,936928.02,102,5,17440.0,3488.0,9,28
CUST05524,66,Male,573258.31,98,13,35900.0,2761.54,80,22
CUST05525,58,Female,721661.8,58,17,40660.0,2391.76,122,25
CUST05526,36,Female,868552.08,3,14,33090.0,2363.57,15,25
CUST05527,47,Female,723317.86,50,15,37730.0,2515.33,58,21
CUST05528,22,Female,537900.89,96,15,36740.0,2449.33,39,18
CUST05529,48,Male,265071.46,26,10,23790.0,2379.0,196,24
CUST05530,24,Male,637612.57,18,14,65940.0,4710.0,128,16
CUST05531,36,Female,794834.98,7,16,26800.0,1675.0,13,26
CUST05532,48,Female,254163.88,117,3,5260.0,1753.33,167,28
CUST05533,69,Male,631738.89,45,17,16890.0,993.53,92,24
CUST05534,56,Male,525534.97,13,10,17080.0,1708.0,10,28
CUST05535,41,Other,188791.36,6,2,4440.0,2220.0,112,17
CUST05536,51,Female,607887.17,35,0,0.0,0.0,9999,27
CUST05537,40,Female,974524.98,95,7,10690.0,1527.14,291,24
CUST05538,65,Male,530000.33,106,4,6180.0,1545.0,23,23
CUST05539,62,Female,205409.89,53,7,19860.0,2837.14,71,30
CUST05540,57,Male,614639.76,101,14,22320.0,1594.29,62,26
CUST05541,23,Male,856943.84,107,12,22720.0,1893.33,18,25
CUST05542,55,Male,356399.38,68,0,0.0,0.0,9999,25
CUST05543,58,Female,469428.11,42,1,1580.0,1580.0,174,12
CUST05544,53,Female,442821.44,4,9,24210.0,2690.0,3,33
CUST05545,44,Female,544514.93,60,7,11320.0,1617.14,209,33
CUST05546,28,Male,436680.41,45,4,9640.0,2410.0,154,31
CUST05547,22,Female,946623.29,72,5,12420.0,2484.0,67,30
CUST05548,34,Female,935861.91,102,3,2410.0,803.33,187,29
CUST05549,69,Female,392928.54,75,5,10180.0,2036.0,42,30
CUST05550,24,Other,946284.1,66,6,13390.0,2231.67,37,24
CUST05551,44,Male,245595.18,82,22,27950.0,1270.45,18,12
CUST05552,64,Female,358041.11,82,4,8860.0,2215.0,22,24
CUST05553,32,Female,682796.3,22,16,45480.0,2842.5,20,30
CUST05554,63,Female,536717.7,12,10,36770.0,3677.0,8,17
CUST05555,30,Female,550691.37,81,1,950.0,950.0,317,32
CUST05556,28,Male,611756.65,51,10,27710.0,2771.0,184,26
CUST05557,62,Female,415124.09,17,11,10360.0,941.82,4,18
CUST05558,43,Female,907099.74,36,9,27310.0,3034.44,26,33
CUST05559,39,Male,705979.52,93,6,16440.0,2740.0,71,37
CUST05560,45,Female,493335.34,49,11,22150.0,2013.64,61,26
CUST05561,41,Male,784172.12,16,25,49370.0,1974.8,4,22
CUST05562,46,Male,634714.6,105,4,7960.0,1990.0,13,23
CUST05563,26,Female,463551.32,75,3,4580.0,1526.67,49,31
CUST05564,59,Female,454720.12,44,12,21700.0,1808.33,187,24
CUST05565,21,Male,308306.81,107,11,36010.0,3273.64,2,22
CUST05566,66,Male,392616.52,109,10,13750.0,1375.0,8,17
CUST05567,63,Male,475729.54,22,0,0.0,0.0,9999,31
CUST05568,35,Male,537026.47,94,1,1100.0,1100.0,593,26
CUST05569,60,Male,343250.5,8,2,3200.0,1600.0,6,29
CUST05570,33,Male,526628.31,110,1,1880.0,1880.0,300,22
CUST05571,50,Male,405194.95,18,14,35080.0,2505.71,9,13
CUST05572,46,Female,375183.24,110,1,1410.0,1410.0,666,27
CUST05573,56,Female,652888.44,80,5,14790.0,2958.0,149,16
CUST05574,27,Female,558830.47,111,12,26460.0,2205.0,29,25
CUST05575,26,Female,486777.91,118,7,16270.0,2324.29,78,22
CUST05576,48,Male,650639.21,84,4,10460.0,2615.0,157,20
CUST05577,45,Female,290272.09,103,10,28560.0,2856.0,50,19
CUST05578,20,Female,301043.07,72,11,22440.0,2040.0,1,22
CUST05579,31,Male,430960.28,94,1,1120.0,1120.0,228,23
CUST05580,42,Male,477277.3,38,4,13560.0,3390.0,45,21
CUST05581,32,Male,705243.56,29,23,62230.0,2705.65,5,28
CUST05582,19,Female,376954.96,77,18,44490.0,2471.67,75,26
CUST05583,41,Male,380568.38,81,14,28150.0,2010.71,16,22
CUST05584,31,Female,816182.77,104,15,15010.0,1000.67,8,25
CUST05585,65,Male,307092.94,107,0,0.0,0.0,9999,30
CUST05586,24,Male,789767.26,81,10,21800.0,2180.0,99,23
CUST05587,53,Female,501958.66,73,5,13460.0,2692.0,82,23
CUST05588,67,Female,352283.01,2,14,29150.0,2082.14,1,17
CUST05589,41,Male,305324.6,59,8,25270.0,3158.75,11,30
CUST05590,44,Female,459685.19,42,6,14300.0,2383.33,91,22
CUST05591,54,Male,670678.97,118,2,4430.0,2215.0,403,22
CUST05592,55,Female,496922.65,88,8,14190.0,1773.75,93,15
CUST05593,47,Female,755511.93,21,12,13700.0,1141.67,27,25
CUST05594,44,Female,745810.15,110,5,13050.0,2610.0,13,21
CUST05595,56,Male,718397.36,2,7,13370.0,1910.0,5,36
CUST05596,32,Male,732276.97,5,5,5900.0,1180.0,36,18
CUST05597,43,Female,393289.43,17,9,9070.0,1007.78,35,28
CUST05598,18,Male,710656.53,24,1,2910.0,2910.0,330,29
CUST05599,21,Female,1304525.53,8,0,0.0,0.0,9999,24
CUST05600,46,Female,776203.11,30,21,77790.0,3704.29,11,27
CUST05601,18,Male,419951.13,50,6,9270.0,1545.0,199,38
CUST05602,60,Female,385142.18,22,9,26040.0,2893.33,8,18
CUST05603,67,Male,526300.55,59,13,30090.0,2314.62,60,20
CUST05604,63,Other,707289.44,24,1,940.0,940.0,424,24
CUST05605,39,Female,541858.81,26,10,27820.0,2782.0,77,28
CUST05606,28,Female,303800.51,61,12,20010.0,1667.5,28,31
CUST05607,27,Male,703249.11,8,5,15060.0,3012.0,93,25
CUST05608,34,Female,762652.96,12,0,0.0,0.0,9999,20
CUST05609,53,Female,336840.31,14,13,25000.0,1923.08,46,22
CUST05610,64,Male,770453.25,30,1,850.0,850.0,682,22
CUST05611,43,Male,528088.46,55,22,38020.0,1728.18,3,22
CUST05612,65,Male,622615.6,99,7,19560.0,2794.29,36,26
CUST05613,38,Other,627403.02,61,8,20850.0,2606.25,12,24
CUST05614,30,Female,569200.89,62,12,43020.0,3585.0,80,21
CUST05615,26,Female,417797.89,31,4,5200.0,1300.0,179,30
CUST05616,28,Female,626158.62,92,6,16440.0,2740.0,32,18
CUST05617,28,Male,510473.59,110,1,5770.0,5770.0,494,24
CUST05618,23,Male,579915.17,27,8,29480.0,3685.0,19,27
CUST05619,18,Male,442232.01,100,11,21630.0,1966.36,127,25
CUST05620,23,Male,597298.39,1,19,32670.0,1719.47,2,34
CUST05621,30,Female,499893.88,41,17,62300.0,3664.71,76,19
CUST05622,39,Female,318490.92,14,4,15360.0,3840.0,36,30
CUST05623,48,Other,636650.39,74,10,27690.0,2769.0,55,28
CUST05624,39,Male,813027.03,50,1,4880.0,4880.0,285,24
CUST05625,54,Female,601491.2,42,10,27890.0,2789.0,6,25
CUST05626,64,Female,463064.15,71,9,10600.0,1177.78,51,24
CUST05627,44,Female,600882.52,40,1,710.0,710.0,475,29
CUST05628,67,Female,371543.88,14,10,27060.0,2706.0,139,23
CUST05629,69,Male,717565.04,100,18,67030.0,3723.89,31,27
CUST05630,31,Female,747658.07,91,11,32690.0,2971.82,15,22
CUST05631,64,Female,494381.37,11,10,11780.0,1178.0,39,27
CUST05632,22,Female,531397.05,63,9,16040.0,1782.22,61,22
CUST05633,53,Male,318804.27,106,20,46380.0,2319.0,112,19
CUST05634,49,Male,653443.59,49,18,79830.0,4435.0,10,21
CUST05635,51,Male,454436.3,37,2,3260.0,1630.0,12,19
CUST05636,24,Female,180000.0,106,12,18510.0,1542.5,88,26
CUST05637,59,Female,530375.17,10,7,15800.0,2257.14,15,29
CUST05638,65,Male,479750.33,54,2,13520.0,6760.0,232,27
CUST05639,27,Female,319991.9,7,13,21350.0,1642.31,0,23
CUST05640,67,Male,781198.18,81,1,3740.0,3740.0,170,23
CUST05641,34,Male,415153.24,116,7,11510.0,1644.29,61,23
CUST05642,47,Female,363072.49,12,6,8940.0,1490.0,0,32
CUST05643,38,Female,828806.57,101,5,5920.0,1184.0,58,26
CUST05644,30,Male,604877.79,101,12,33640.0,2803.33,36,23
CUST05645,18,Male,324923.7,55,6,15520.0,2586.67,151,18
CUST05646,18,Female,501720.64,36,7,26780.0,3825.71,29,27
CUST05647,64,Male,354482.34,7,9,4600.0,511.11,7,31
CUST05648,50,Female,286521.45,24,3,5460.0,1820.0,494,24
CUST05649,55,Female,277289.13,34,7,16460.0,2351.43,120,32
CUST05650,42,Male,686351.51,65,0,0.0,0.0,9999,29
CUST05651,43,Male,352936.97,29,9,18810.0,2090.0,160,19
CUST05652,30,Female,324123.9,26,5,9460.0,1892.0,35,24
CUST05653,45,Female,455721.44,74,23,56720.0,2466.09,20,23
CUST05654,50,Female,1601692.2,65,7,9390.0,1341.43,8,24
CUST05655,54,Male,622570.98,45,6,14930.0,2488.33,91,15
CUST05656,58,Female,729995.3,17,17,38750.0,2279.41,87,25
CUST05657,47,Male,329402.35,105,12,45600.0,3800.0,58,19
CUST05658,66,Female,611673.82,36,1,1270.0,1270.0,63,20
CUST05659,65,Female,503468.38,73,10,16300.0,1630.0,11,24
CUST05660,25,Male,367642.35,103,9,12840.0,1426.67,98,22
CUST05661,66,Female,457456.49,63,8,31400.0,3925.0,42,25
CUST05662,64,Male,377843.65,23,3,4520.0,1506.67,145,16
CUST05663,18,Female,535360.97,93,16,31700.0,1981.25,15,21
CUST05664,29,Male,457670.39,66,18,36190.0,2010.56,42,31
CUST05665,22,Female,378254.61,82,12,33410.0,2784.17,43,29
CUST05666,41,Male,451536.87,92,3,6530.0,2176.67,528,31
CUST05667,23,Female,745075.35,117,3,4740.0,1580.0,541,17
CUST05668,42,Female,299734.99,111,1,2490.0,2490.0,500,31
CUST05669,18,Other,393871.08,42,18,39150.0,2175.0,77,22
CUST05670,42,Female,583343.63,113,3,7430.0,2476.67,126,19
CUST05671,18,Male,383710.1,71,4,15650.0,3912.5,364,23
CUST05672,49,Male,883867.49,75,7,12440.0,1777.14,119,29
CUST05673,59,Male,841464.79,71,13,27890.0,2145.38,41,23
CUST05674,59,Female,861818.67,43,8,8670.0,1083.75,131,20
CUST05675,20,Male,671746.83,88,11,22100.0,2009.09,39,26
CUST05676,66,Male,776076.9,55,5,11500.0,2300.0,59,23
CUST05677,36,Male,505402.37,56,6,13380.0,2230.0,7,27
CUST05678,60,Female,387697.01,79,6,24270.0,4045.0,11,20
CUST05679,46,Male,397905.23,31,2,3830.0,1915.0,68,24
CUST05680,67,Male,248786.89,115,1,1940.0,1940.0,20,24
CUST05681,19,Male,427259.29,83,0,0.0,0.0,9999,23
CUST05682,26,Female,438831.29,56,5,12270.0,2454.0,330,30
CUST05683,34,Female,463082.05,74,25,34430.0,1377.2,79,21
CUST05684,63,Male,1555721.13,48,3,9440.0,3146.67,75,21
CUST05685,53,Female,360734.3,52,8,17150.0,2143.75,231,24
CUST05686,34,Male,453006.97,72,17,22370.0,1315.88,59,20
CUST05687,66,Male,1318394.26,1,19,42050.0,2213.16,2,26
CUST05688,29,Male,366855.21,2,6,19580.0,3263.33,3,22
CUST05689,37,Female,314623.94,93,12,37880.0,3156.67,78,29
CUST05690,67,Female,458857.52,42,6,7310.0,1218.33,120,25
CUST05691,20,Male,366349.39,74,4,13890.0,3472.5,71,26
CUST05692,60,Female,817429.22,106,1,1450.0,1450.0,8,25
CUST05693,67,Male,535036.83,9,3,8070.0,2690.0,52,29
CUST05694,21,Other,305662.83,114,25,34810.0,1392.4,161,27
CUST05695,34,Female,577255.38,31,4,5320.0,1330.0,273,23
CUST05696,67,Female,545587.89,96,2,3360.0,1680.0,63,19
CUST05697,54,Female,269525.33,2,2,9140.0,4570.0,24,17
CUST05698,63,Other,611144.68,24,7,7110.0,1015.71,98,24
CUST05699,59,Other,625983.76,101,15,50110.0,3340.67,59,16
CUST05700,32,Female,272831.79,117,19,30640.0,1612.63,69,23
CUST05701,50,Male,289843.4,43,3,7100.0,2366.67,305,23
CUST05702,33,Male,427126.6,70,12,23940.0,1995.0,62,18
CUST05703,28,Male,377917.46,72,16,42420.0,2651.25,4,25
CUST05704,37,Female,653928.41,104,2,3330.0,1665.0,105,26
CUST05705,55,Male,411527.09,89,17,40090.0,2358.24,33,17
CUST05706,41,Female,461930.02,106,5,14880.0,2976.0,17,22
CUST05707,33,Female,310531.39,43,16,36290.0,2268.12,109,33
CUST05708,47,Female,766196.3,51,7,11860.0,1694.29,11,23
CUST05709,51,Male,355251.16,89,15,39860.0,2657.33,40,30
CUST05710,18,Female,314286.19,46,19,50520.0,2658.95,27,28
CUST05711,41,Male,511770.68,75,2,3450.0,1725.0,49,31
CUST05712,41,Female,810577.35,99,1,1180.0,1180.0,300,25
CUST05713,26,Female,613050.12,1,5,11010.0,2202.0,0,24
CUST05714,39,Male,387820.25,117,1,1930.0,1930.0,426,31
CUST05715,29,Female,416677.06,87,6,18710.0,3118.33,44,15
CUST05716,34,Male,272426.28,67,23,32370.0,1407.39,56,24
CUST05717,42,Female,1188878.45,105,1,1010.0,1010.0,74,23
CUST05718,45,Male,1005141.1,1,22,67410.0,3064.09,0,26
CUST05719,32,Female,569287.64,118,1,700.0,700.0,544,21
CUST05720,47,Male,497279.41,63,4,10920.0,2730.0,109,30
CUST05721,68,Female,301222.89,108,16,38950.0,2434.38,5,26
CUST05722,44,Male,468237.01,76,20,69500.0,3475.0,24,30
CUST05723,39,Male,746680.49,102,4,6360.0,1590.0,14,22
CUST05724,27,Female,694225.29,62,8,12650.0,1581.25,116,22
CUST05725,48,Male,408233.03,61,15,28210.0,1880.67,44,20
CUST05726,44,Female,716903.08,40,14,21540.0,1538.57,38,29
CUST05727,29,Male,841593.14,95,4,21210.0,5302.5,16,18
CUST05728,63,Male,507841.19,29,17,16160.0,950.59,56,27
CUST05729,48,Female,777783.44,35,3,12260.0,4086.67,213,22
CUST05730,49,Female,1050746.15,92,11,28590.0,2599.09,36,16
CUST05731,49,Female,1183800.55,85,18,70220.0,3901.11,42,23
CUST05732,58,Female,381617.92,11,19,33570.0,1766.84,4,25
CUST05733,62,Male,610408.11,90,4,10350.0,2587.5,224,23
CUST05734,52,Male,686173.34,11,2,3340.0,1670.0,26,20
CUST05735,70,Male,495762.77,63,4,6400.0,1600.0,149,21
CUST05736,63,Female,875017.6,69,18,34570.0,1920.56,10,25
CUST05737,38,Female,512728.19,56,8,13930.0,1741.25,110,27
CUST05738,27,Male,466768.58,7,18,69070.0,3837.22,8,19
CUST05739,33,Male,276745.82,51,14,38570.0,2755.0,46,24
CUST05740,24,Male,233710.59,95,2,2540.0,1270.0,596,27
CUST05741,21,Other,427107.67,39,5,10230.0,2046.0,57,22
CUST05742,44,Female,180000.0,42,9,21150.0,2350.0,18,15
CUST05743,69,Male,875358.04,72,13,46210.0,3554.62,132,20
CUST05744,42,Female,745836.47,53,8,15270.0,1908.75,55,27
CUST05745,48,Male,682002.02,91,3,3550.0,1183.33,204,26
CUST05746,28,Female,825011.99,21,22,44510.0,2023.18,7,21
CUST05747,65,Female,441703.88,30,19,47230.0,2485.79,23,19
CUST05748,37,Male,552346.81,78,21,46490.0,2213.81,12,32
CUST05749,53,Female,423085.58,1,4,10590.0,2647.5,6,23
CUST05750,34,Female,823625.41,109,13,35690.0,2745.38,22,17
CUST05751,62,Male,180000.0,24,7,17290.0,2470.0,85,18
CUST05752,28,Female,823520.09,6,4,8180.0,2045.0,25,34
CUST05753,47,Male,220340.1,6,7,35060.0,5008.57,6,19
CUST05754,52,Female,455717.86,117,8,11460.0,1432.5,4,19
CUST05755,58,Male,311779.48,69,5,5490.0,1098.0,102,29
CUST05756,55,Male,470291.34,62,3,4280.0,1426.67,271,30
CUST05757,39,Female,389884.66,35,6,20860.0,3476.67,84,31
CUST05758,70,Female,420509.71,108,5,8590.0,1718.0,113,22
CUST05759,60,Male,639635.7,79,9,18000.0,2000.0,323,27
CUST05760,65,Other,553218.35,35,16,18460.0,1153.75,48,33
CUST05761,68,Male,783865.27,48,2,3750.0,1875.0,391,18
CUST05762,44,Male,603573.37,114,7,20840.0,2977.14,62,22
CUST05763,54,Female,244568.68,105,7,11260.0,1608.57,197,25
CUST05764,63,Male,1440582.39,72,6,12420.0,2070.0,93,27
CUST05765,66,Male,204594.72,43,4,12500.0,3125.0,289,18
CUST05766,52,Female,576028.0,35,4,10900.0,2725.0,128,33
CUST05767,21,Male,696283.36,5,27,65160.0,2413.33,2,28
CUST05768,33,Other,570389.34,31,18,38510.0,2139.44,3,29
CUST05769,33,Male,456952.01,106,4,10620.0,2655.0,102,21
CUST05770,38,Female,976096.02,31,7,16160.0,2308.57,118,23
CUST05771,43,Male,828865.03,101,2,9360.0,4680.0,119,21
CUST05772,53,Male,495240.96,8,18,30170.0,1676.11,0,21
CUST05773,36,Female,408515.78,6,11,23970.0,2179.09,6,23
CUST05774,34,Female,346120.7,87,2,3000.0,1500.0,119,29
CUST05775,62,Female,358776.24,53,12,16820.0,1401.67,141,19
CUST05776,43,Male,486700.72,80,14,17240.0,1231.43,45,34
CUST05777,39,Female,237342.95,44,8,26870.0,3358.75,96,17
CUST05778,45,Male,498497.25,49,7,14020.0,2002.86,53,12
CUST05779,18,Female,717707.82,8,3,6680.0,2226.67,186,24
CUST05780,61,Female,388097.49,64,11,15050.0,1368.18,45,25
CUST05781,53,Male,494893.23,4,5,10530.0,2106.0,33,26
CUST05782,60,Female,574178.73,32,2,1870.0,935.0,441,25
CUST05783,54,Male,621791.78,53,6,15510.0,2585.0,77,23
CUST05784,19,Female,456941.07,113,7,24460.0,3494.29,83,17
CUST05785,34,Female,1104235.65,67,16,52390.0,3274.38,38,16
CUST05786,57,Male,500771.81,63,14,22280.0,1591.43,147,26
CUST05787,55,Female,274891.93,114,10,28630.0,2863.0,82,22
CUST05788,38,Male,420364.96,80,9,16660.0,1851.11,41,24
CUST05789,26,Female,896745.74,60,4,9130.0,2282.5,140,24
CUST05790,30,Male,865653.89,98,7,10270.0,1467.14,139,20
CUST05791,28,Female,230606.11,77,4,13690.0,3422.5,34,27
CUST05792,33,Male,437320.03,33,3,8000.0,2666.67,35,26
CUST05793,33,Male,394338.08,22,1,1040.0,1040.0,353,24
CUST05794,19,Female,709956.11,31,0,0.0,0.0,9999,22
CUST05795,59,Male,299608.17,24,18,42770.0,2376.11,23,21
CUST05796,61,Male,1008885.81,3,4,12040.0,3010.0,19,33
CUST05797,25,Female,258051.97,33,8,12100.0,1512.5,129,29
CUST05798,60,Female,469437.67,94,13,14830.0,1140.77,52,28
CUST05799,59,Female,290750.07,26,15,15570.0,1038.0,41,20
CUST05800,30,Male,671951.0,98,16,42500.0,2656.25,27,26
CUST05801,34,Female,198035.05,51,1,1340.0,1340.0,26,26
CUST05802,56,Male,462884.18,86,1,880.0,880.0,656,21
CUST05803,41,Female,458802.03,30,5,17300.0,3460.0,11,34
CUST05804,20,Female,334088.82,35,8,7210.0,901.25,23,19
CUST05805,47,Female,865222.59,25,11,17210.0,1564.55,248,26
CUST05806,69,Male,1076288.02,28,1,1790.0,1790.0,21,18
CUST05807,30,Female,417096.37,97,6,28170.0,4695.0,24,34
CUST05808,36,Female,529967.33,87,8,17870.0,2233.75,224,35
CUST05809,24,Female,378732.69,26,1,2180.0,2180.0,64,24
CUST05810,26,Male,283224.55,120,17,43890.0,2581.76,52,27
CUST05811,36,Female,302370.38,73,1,540.0,540.0,64,22
CUST05812,62,Female,305987.11,8,21,71540.0,3406.67,3,26
CUST05813,57,Male,877170.68,101,5,6450.0,1290.0,42,23
CUST05814,39,Male,606757.56,97,3,4780.0,1593.33,153,28
CUST05815,35,Male,325612.62,15,2,2420.0,1210.0,208,24
CUST05816,40,Male,338970.45,49,9,28640.0,3182.22,95,21
CUST05817,19,Male,319237.16,111,16,19160.0,1197.5,6,24
CUST05818,67,Male,214706.18,8,16,17430.0,1089.38,2,17
CUST05819,67,Female,631580.38,55,1,1600.0,1600.0,228,22
CUST05820,28,Female,472172.69,85,3,14710.0,4903.33,180,29
CUST05821,48,Male,1079228.93,58,12,30680.0,2556.67,95,27
CUST05822,50,Female,195785.76,3,2,3320.0,1660.0,20,23
CUST05823,31,Female,732382.74,9,18,29820.0,1656.67,6,28
CUST05824,33,Male,762220.88,116,11,29240.0,2658.18,1,28
CUST05825,28,Male,808655.88,14,1,2360.0,2360.0,235,30
CUST05826,50,Female,558440.69,102,4,7270.0,1817.5,229,23
CUST05827,24,Female,757361.7,91,2,3140.0,1570.0,184,25
CUST05828,48,Female,573754.16,20,4,5810.0,1452.5,82,33
CUST05829,65,Female,357011.37,4,6,10370.0,1728.33,5,20
CUST05830,63,Male,417407.34,24,14,24280.0,1734.29,21,23
CUST05831,64,Female,412422.56,91,0,0.0,0.0,9999,32
CUST05832,31,Male,844141.2,76,21,38770.0,1846.19,6,25
CUST05833,45,Male,889222.87,28,10,13800.0,1380.0,77,30
CUST05834,70,Male,721371.17,99,12,33420.0,2785.0,2,29
CUST05835,60,Male,513985.42,88,3,9510.0,3170.0,320,25
CUST05836,33,Female,198097.98,31,6,21050.0,3508.33,96,21
CUST05837,36,Female,724317.67,67,3,5390.0,1796.67,18,28
CUST05838,34,Other,710772.71,94,15,22170.0,1478.0,27,22
CUST05839,43,Male,568382.67,64,8,10930.0,1366.25,152,20
CUST05840,23,Other,620367.69,91,3,5890.0,1963.33,228,21
CUST05841,60,Female,347005.84,117,2,4020.0,2010.0,255,26
CUST05842,66,Male,428416.08,17,5,13200.0,2640.0,54,19
CUST05843,26,Female,345615.72,6,3,2580.0,860.0,34,27
CUST05844,67,Female,466241.28,111,10,39520.0,3952.0,8,34
CUST05845,34,Male,741947.85,107,13,31740.0,2441.54,161,23
CUST05846,48,Female,609132.77,82,5,9800.0,1960.0,18,22
CUST05847,29,Female,312512.34,60,2,4810.0,2405.0,59,31
CUST05848,40,Female,1140282.55,99,6,10930.0,1821.67,59,22
CUST05849,22,Female,540495.56,91,12,38520.0,3210.0,34,15
CUST05850,60,Male,369180.05,81,27,93240.0,3453.33,19,26
CUST05851,53,Female,436646.14,11,14,19870.0,1419.29,14,24
CUST05852,53,Female,389522.35,38,0,0.0,0.0,9999,21
CUST05853,20,Male,553565.84,101,9,10090.0,1121.11,5,18
CUST05854,41,Male,275711.41,106,16,29170.0,1823.12,44,29
CUST05855,34,Female,570813.64,34,9,8670.0,963.33,27,22
CUST05856,56,Male,729706.8,47,0,0.0,0.0,9999,18
CUST05857,43,Female,672809.2,32,12,25810.0,2150.83,24,28
CUST05858,21,Female,563290.97,107,11,16600.0,1509.09,12,30
CUST05859,62,Male,647842.7,120,10,41030.0,4103.0,107,26
CUST05860,29,Male,596549.59,57,15,58510.0,3900.67,30,28
CUST05861,18,Male,800793.39,46,4,11060.0,2765.0,119,22
CUST05862,38,Female,448911.58,110,5,18220.0,3644.0,10,23
CUST05863,36,Female,331462.8,35,6,7500.0,1250.0,54,28
CUST05864,38,Female,589434.15,92,10,19420.0,1942.0,9,24
CUST05865,69,Male,814290.36,118,5,8530.0,1706.0,160,29
CUST05866,35,Female,419410.84,22,4,2780.0,695.0,248,24
CUST05867,60,Female,1026104.38,16,15,23150.0,1543.33,9,32
CUST05868,69,Male,593671.59,110,10,21620.0,2162.0,108,23
CUST05869,20,Female,759275.82,106,14,24490.0,1749.29,38,20
CUST05870,66,Male,296439.64,118,13,43170.0,3320.77,89,16
CUST05871,61,Female,713736.12,104,5,9180.0,1836.0,42,21
CUST05872,49,Male,617198.65,76,7,11530.0,1647.14,62,21
CUST05873,27,Male,1293343.16,5,6,14210.0,2368.33,10,29
CUST05874,57,Female,630677.89,90,13,26400.0,2030.77,6,38
CUST05875,32,Female,671046.49,26,6,11840.0,1973.33,56,23
CUST05876,22,Male,345701.11,77,8,17340.0,2167.5,49,23
CUST05877,21,Female,576759.71,24,5,5170.0,1034.0,33,26
CUST05878,45,Female,837321.3,108,16,44650.0,2790.62,2,15
CUST05879,70,Male,427785.24,67,8,16510.0,2063.75,95,27
CUST05880,69,Female,362950.24,32,4,9920.0,2480.0,193,27
CUST05881,68,Female,1234676.44,23,7,26170.0,3738.57,82,27
CUST05882,70,Female,441277.39,49,6,18980.0,3163.33,77,26
CUST05883,21,Male,751348.3,116,4,7400.0,1850.0,3,18
CUST05884,32,Female,403257.42,101,6,7210.0,1201.67,16,21
CUST05885,34,Female,410571.37,119,4,13720.0,3430.0,12,30
CUST05886,61,Female,473117.45,62,7,11700.0,1671.43,136,26
CUST05887,20,Male,647085.18,102,2,6970.0,3485.0,21,32
CUST05888,27,Female,845787.13,109,2,5510.0,2755.0,82,28
CUST05889,64,Male,388481.65,102,7,28090.0,4012.86,115,31
CUST05890,59,Female,827899.45,77,21,62170.0,2960.48,26,19
CUST05891,40,Other,532116.48,79,14,49560.0,3540.0,50,33
CUST05892,35,Male,461928.49,66,8,26560.0,3320.0,15,23
CUST05893,18,Male,643146.6,11,7,17180.0,2454.29,59,23
CUST05894,52,Female,951187.37,80,12,24800.0,2066.67,33,26
CUST05895,70,Female,630557.72,18,4,9300.0,2325.0,0,17
CUST05896,48,Male,360560.42,98,14,19950.0,1425.0,40,29
CUST05897,61,Female,533998.16,10,8,17020.0,2127.5,1,26
CUST05898,18,Female,643928.69,77,9,11690.0,1298.89,63,31
CUST05899,20,Female,382846.01,96,12,16410.0,1367.5,57,28
CUST05900,20,Female,567373.08,60,3,11150.0,3716.67,170,22
CUST05901,54,Male,361897.82,8,1,1810.0,1810.0,212,29
CUST05902,36,Female,665144.45,71,19,37290.0,1962.63,103,27
CUST05903,46,Male,966481.41,48,5,9240.0,1848.0,167,28
CUST05904,42,Male,482119.2,81,5,18880.0,3776.0,64,27
CUST05905,50,Male,699271.53,41,1,2280.0,2280.0,501,21
CUST05906,53,Female,793021.91,91,0,0.0,0.0,9999,22
CUST05907,46,Female,412217.83,8,4,15310.0,3827.5,104,30
CUST05908,43,Male,604922.76,93,8,16250.0,2031.25,7,28
CUST05909,21,Female,834578.55,116,7,11980.0,1711.43,212,26
CUST05910,66,Female,1044382.85,37,7,26080.0,3725.71,25,18
CUST05911,31,Female,441146.25,91,1,1310.0,1310.0,280,21
CUST05912,67,Female,301094.16,37,9,17160.0,1906.67,13,34
CUST05913,44,Male,650176.24,64,16,48010.0,3000.62,35,24
CUST05914,50,Male,554229.79,59,13,25220.0,1940.0,63,23
CUST05915,39,Female,506875.03,88,9,11740.0,1304.44,31,32
CUST05916,65,Female,395797.84,45,0,0.0,0.0,9999,20
CUST05917,20,Male,744323.55,16,4,15770.0,3942.5,32,27
CUST05918,40,Female,383645.59,26,18,42960.0,2386.67,62,20
CUST05919,38,Female,368972.0,118,7,24280.0,3468.57,58,24
CUST05920,58,Female,471103.14,31,3,3130.0,1043.33,180,24
CUST05921,40,Male,759458.05,27,6,10170.0,1695.0,128,24
CUST05922,21,Female,271572.3,90,3,8520.0,2840.0,330,24
CUST05923,38,Female,316692.47,43,5,3540.0,708.0,124,21
CUST05924,54,Male,345777.96,15,5,18880.0,3776.0,40,23
CUST05925,60,Male,1220562.28,58,8,16290.0,2036.25,210,28
CUST05926,48,Male,567787.49,49,30,44850.0,1495.0,30,23
CUST05927,38,Female,312733.64,79,15,31940.0,2129.33,17,30
CUST05928,43,Male,471387.42,87,9,10160.0,1128.89,0,26
CUST05929,58,Male,708064.62,25,12,14260.0,1188.33,143,24
CUST05930,52,Male,1229774.34,108,9,19650.0,2183.33,40,16
CUST05931,55,Male,250220.53,68,5,7940.0,1588.0,325,30
CUST05932,41,Male,308280.67,36,4,11430.0,2857.5,89,26
CUST05933,28,Female,429388.69,117,18,40470.0,2248.33,50,31
CUST05934,58,Female,436254.41,80,1,1810.0,1810.0,660,26
CUST05935,46,Female,433114.67,47,2,5990.0,2995.0,99,25
CUST05936,64,Male,475371.1,104,15,59700.0,3980.0,132,26
CUST05937,20,Male,1245795.2,59,14,29020.0,2072.86,230,27
CUST05938,18,Male,282882.34,85,7,18640.0,2662.86,42,18
CUST05939,69,Male,537284.87,52,13,32570.0,2505.38,107,28
CUST05940,36,Male,643580.48,40,15,42010.0,2800.67,38,23
CUST05941,63,Male,260177.89,43,6,11340.0,1890.0,61,18
CUST05942,66,Other,953367.69,117,9,26980.0,2997.78,189,25
CUST05943,39,Male,465931.51,56,5,3270.0,654.0,33,36
CUST05944,31,Female,307029.54,81,15,42000.0,2800.0,3,17
CUST05945,66,Male,1002902.58,3,20,46260.0,2313.0,7,23
CUST05946,31,Male,679382.03,71,6,10340.0,1723.33,181,34
CUST05947,61,Female,391667.26,12,8,18980.0,2372.5,13,26
CUST05948,33,Male,692882.16,65,6,10150.0,1691.67,120,21
CUST05949,50,Male,595307.0,43,7,13150.0,1878.57,221,32
CUST05950,30,Other,250434.16,101,5,18410.0,3682.0,143,25
CUST05951,55,Female,261692.63,70,10,16400.0,1640.0,53,31
CUST05952,66,Male,581809.35,46,4,11330.0,2832.5,85,34
CUST05953,29,Male,225304.15,60,6,16800.0,2800.0,22,20
CUST05954,68,Female,786076.71,61,6,14520.0,2420.0,145,22
CUST05955,55,Female,268598.42,49,2,780.0,390.0,165,24
CUST05956,56,Male,756651.25,87,5,10640.0,2128.0,215,24
CUST05957,50,Male,948799.3,25,6,18890.0,3148.33,164,21
CUST05958,50,Female,623254.16,89,17,78000.0,4588.24,19,24
CUST05959,46,Male,180000.0,3,5,6950.0,1390.0,3,16
CUST05960,22,Male,827785.01,68,2,15190.0,7595.0,31,29
CUST05961,23,Female,410821.49,63,23,47130.0,2049.13,7,39
CUST05962,48,Male,487208.49,30,5,7070.0,1414.0,50,22
CUST05963,33,Female,357854.2,97,5,9900.0,1980.0,422,21
CUST05964,48,Female,1065885.87,93,3,8570.0,2856.67,384,25
CUST05965,42,Female,541556.56,4,15,33130.0,2208.67,8,25
CUST05966,65,Male,416486.52,78,3,7960.0,2653.33,278,24
CUST05967,63,Male,913560.3,85,15,24970.0,1664.67,25,14
CUST05968,50,Male,742773.15,71,6,11870.0,1978.33,28,26
CUST05969,30,Male,300370.98,21,4,6010.0,1502.5,90,26
CUST05970,69,Female,581098.02,120,11,37160.0,3378.18,29,20
CUST05971,27,Male,552106.95,71,10,11350.0,1135.0,16,32
CUST05972,41,Male,257796.92,1,4,12590.0,3147.5,7,25
CUST05973,27,Male,725458.01,60,2,5460.0,2730.0,90,22
CUST05974,58,Male,493508.7,34,13,44300.0,3407.69,14,23
CUST05975,48,Female,1316353.0,87,5,12990.0,2598.0,47,24
CUST05976,30,Female,942940.62,3,2,5790.0,2895.0,12,20
CUST05977,20,Female,552556.63,18,9,12000.0,1333.33,30,24
CUST05978,67,Female,480717.09,43,4,8420.0,2105.0,54,25
CUST05979,69,Female,199236.46,76,8,14000.0,1750.0,141,24
CUST05980,51,Male,730449.9,78,11,31710.0,2882.73,38,21
CUST05981,66,Male,484848.17,41,8,13350.0,1668.75,55,35
CUST05982,45,Female,405153.36,92,19,33500.0,1763.16,19,27
CUST05983,36,Male,504863.35,106,15,51170.0,3411.33,2,28
CUST05984,40,Male,1005660.56,109,14,28160.0,2011.43,71,30
CUST05985,62,Other,923988.08,24,0,0.0,0.0,9999,31
CUST05986,49,Male,922842.21,24,9,22280.0,2475.56,152,31
CUST05987,30,Female,313375.86,3,15,27780.0,1852.0,8,29
CUST05988,50,Female,1017849.54,59,15,24930.0,1662.0,23,23
CUST05989,51,Male,401039.0,58,15,30070.0,2004.67,12,28
CUST05990,50,Male,699533.39,73,11,13780.0,1252.73,176,20
CUST05991,22,Female,663137.39,24,14,30810.0,2200.71,35,20
CUST05992,20,Male,469273.51,66,8,17840.0,2230.0,86,33
CUST05993,24,Male,550597.67,119,11,17480.0,1589.09,31,24
CUST05994,41,Female,238690.29,40,12,19280.0,1606.67,1,27
CUST05995,39,Male,513448.8,92,21,52610.0,2505.24,30,18
CUST05996,62,Male,449737.97,71,6,15440.0,2573.33,78,22
CUST05997,40,Male,1343452.22,9,8,7290.0,911.25,19,26
CUST05998,47,Female,506545.86,109,7,13520.0,1931.43,158,29
CUST05999,35,Male,362502.28,103,2,4390.0,2195.0,476,22
CUST06000,49,Male,526600.52,60,6,3900.0,650.0,135,21
CUST06001,70,Male,369544.81,39,10,14100.0,1410.0,133,36
CUST06002,24,Male,264041.3,33,4,9550.0,2387.5,32,19
CUST06003,50,Female,601858.71,34,10,22910.0,2291.0,35,21
CUST06004,22,Female,501733.63,62,4,6340.0,1585.0,137,26
CUST06005,66,Male,781751.71,85,13,22110.0,1700.77,21,27
CUST06006,45,Male,962768.9,61,19,44510.0,2342.63,124,33
CUST06007,25,Male,1170056.33,93,2,4460.0,2230.0,357,23
CUST06008,32,Female,554453.91,27,5,6770.0,1354.0,168,25
CUST06009,69,Male,682526.27,17,4,11660.0,2915.0,8,34
CUST06010,21,Male,567539.13,60,12,26050.0,2170.83,8,19
CUST06011,51,Other,180000.0,42,7,32400.0,4628.57,259,25
CUST06012,22,Male,872014.48,47,9,28240.0,3137.78,142,25
CUST06013,50,Other,639205.05,112,5,12250.0,2450.0,198,25
CUST06014,22,Male,643081.05,87,3,12690.0,4230.0,352,24
CUST06015,55,Male,397005.08,53,7,18430.0,2632.86,74,25
CUST06016,51,Female,374380.78,109,3,16890.0,5630.0,267,21
CUST06017,43,Male,484933.96,21,21,34500.0,1642.86,3,18
CUST06018,18,Male,642697.64,8,19,28140.0,1481.05,22,27
CUST06019,21,Male,207695.13,73,30,158080.0,5269.33,5,30
CUST06020,56,Other,547626.47,97,4,14120.0,3530.0,439,28
CUST06021,43,Male,1068947.55,58,4,6360.0,1590.0,308,27
CUST06022,50,Female,471305.72,68,2,2460.0,1230.0,30,19
CUST06023,50,Female,205163.2,63,2,1280.0,640.0,119,28
CUST06024,25,Female,459296.5,59,3,11010.0,3670.0,25,26
CUST06025,37,Female,570940.58,82,15,25850.0,1723.33,19,26
CUST06026,33,Male,592201.89,96,2,3260.0,1630.0,346,21
CUST06027,38,Male,536056.89,30,6,7230.0,1205.0,36,22
CUST06028,62,Male,1194994.47,25,2,2970.0,1485.0,450,21
CUST06029,43,Male,532724.62,97,7,12560.0,1794.29,30,23
CUST06030,40,Male,545103.54,99,15,51460.0,3430.67,94,24
CUST06031,35,Male,387031.6,106,15,25940.0,1729.33,2,26
CUST06032,48,Female,764754.59,56,5,14230.0,2846.0,51,24
CUST06033,69,Female,1073085.32,34,8,23240.0,2905.0,167,33
CUST06034,59,Male,376889.74,50,8,19920.0,2490.0,195,26
CUST06035,29,Male,476143.45,2,7,15160.0,2165.71,9,21
CUST06036,18,Male,180000.0,77,5,13280.0,2656.0,63,25
CUST06037,59,Male,343138.68,53,7,21110.0,3015.71,58,32
CUST06038,26,Male,1212941.63,41,17,29790.0,1752.35,77,26
CUST06039,20,Female,437403.65,23,23,53890.0,2343.04,49,25
CUST06040,68,Male,553771.06,61,7,27060.0,3865.71,72,26
CUST06041,43,Male,360224.2,87,2,4990.0,2495.0,404,24
CUST06042,26,Male,611629.36,31,2,2690.0,1345.0,9,31
CUST06043,59,Other,462232.49,66,4,5520.0,1380.0,231,35
CUST06044,68,Female,601560.53,2,11,15520.0,1410.91,8,24
CUST06045,33,Female,524105.54,69,17,50280.0,2957.65,100,25
CUST06046,41,Male,957296.18,60,13,13760.0,1058.46,167,32
CUST06047,67,Male,539387.48,78,13,35840.0,2756.92,24,20
CUST06048,31,Male,343494.02,23,19,53310.0,2805.79,0,20
CUST06049,20,Male,375519.79,119,2,10380.0,5190.0,250,24
CUST06050,51,Female,215668.88,57,30,88410.0,2947.0,10,27
CUST06051,50,Male,529027.07,35,13,19210.0,1477.69,22,27
CUST06052,67,Male,485900.36,110,12,40640.0,3386.67,133,20
CUST06053,41,Female,987918.99,1,20,30310.0,1515.5,4,25
CUST06054,26,Male,294957.64,105,4,13240.0,3310.0,323,34
CUST06055,30,Female,365285.99,48,9,15610.0,1734.44,3,33
CUST06056,19,Male,367012.79,49,0,0.0,0.0,9999,20
CUST06057,24,Male,446079.12,40,2,3230.0,1615.0,628,17
CUST06058,65,Male,283490.66,62,10,27850.0,2785.0,7,20
CUST06059,38,Female,441101.45,15,10,22780.0,2278.0,1,30
CUST06060,36,Male,504226.46,30,3,9340.0,3113.33,597,24
CUST06061,42,Male,511097.13,21,3,6060.0,2020.0,182,23
CUST06062,64,Male,886804.32,8,23,28500.0,1239.13,15,26
CUST06063,39,Female,493358.56,7,23,30520.0,1326.96,2,23
CUST06064,28,Female,488093.94,105,15,20640.0,1376.0,80,31
CUST06065,50,Male,837080.76,34,9,18400.0,2044.44,32,27
CUST06066,49,Male,499493.98,64,7,14880.0,2125.71,144,24
CUST06067,38,Female,289308.44,42,4,6480.0,1620.0,86,28
CUST06068,56,Female,307886.86,101,7,17690.0,2527.14,3,24
CUST06069,37,Female,309210.23,112,10,13010.0,1301.0,20,25
CUST06070,25,Male,288928.29,53,4,6630.0,1657.5,120,31
CUST06071,59,Male,1228849.15,96,2,3440.0,1720.0,118,34
CUST06072,54,Female,308625.16,97,25,33100.0,1324.0,86,18
CUST06073,26,Female,490711.98,70,11,20920.0,1901.82,5,29
CUST06074,42,Female,512521.78,106,15,34940.0,2329.33,65,20
CUST06075,42,Male,461755.3,10,13,19130.0,1471.54,0,18
CUST06076,50,Female,352031.97,90,7,15410.0,2201.43,183,22
CUST06077,19,Female,613664.94,58,25,43820.0,1752.8,0,24
CUST06078,36,Female,251850.38,115,6,9630.0,1605.0,5,25
CUST06079,63,Male,309511.93,109,8,17750.0,2218.75,32,24
CUST06080,37,Female,828349.96,90,7,16730.0,2390.0,115,18
CUST06081,59,Female,305135.45,83,4,5230.0,1307.5,385,24
CUST06082,58,Female,896504.39,99,8,19950.0,2493.75,31,38
CUST06083,59,Female,931623.97,109,6,2780.0,463.33,77,30
CUST06084,46,Other,939971.73,4,7,17950.0,2564.29,26,35
CUST06085,23,Other,730957.64,89,13,28540.0,2195.38,6,28
CUST06086,34,Male,268783.68,8,9,21020.0,2335.56,40,24
CUST06087,42,Female,250238.19,12,5,21190.0,4238.0,75,24
CUST06088,55,Female,302099.83,118,9,15750.0,1750.0,152,21
CUST06089,21,Male,325720.07,88,12,21080.0,1756.67,28,25
CUST06090,47,Male,278539.62,88,3,10550.0,3516.67,266,19
CUST06091,37,Male,367549.88,81,5,18800.0,3760.0,98,26
CUST06092,20,Female,706915.84,25,1,2910.0,2910.0,561,27
CUST06093,40,Male,670170.75,97,1,2570.0,2570.0,709,33
CUST06094,68,Female,571162.09,27,6,15890.0,2648.33,41,25
CUST06095,35,Female,453934.73,2,9,23670.0,2630.0,6,18
CUST06096,43,Female,484870.08,73,14,15680.0,1120.0,51,22
CUST06097,53,Male,572544.83,55,3,4530.0,1510.0,170,23
CUST06098,25,Male,404094.17,58,9,21510.0,2390.0,107,29
CUST06099,34,Male,776199.75,33,12,30710.0,2559.17,142,20
CUST06100,48,Male,276720.1,83,8,14900.0,1862.5,151,15
CUST06101,54,Female,352492.41,49,3,5120.0,1706.67,67,24
CUST06102,62,Female,329663.99,5,6,9360.0,1560.0,4,20
CUST06103,50,Male,614327.78,47,6,13710.0,2285.0,93,25
CUST06104,44,Female,291342.22,84,15,48590.0,3239.33,95,20
CUST06105,62,Male,330935.17,24,4,5050.0,1262.5,147,26
CUST06106,21,Male,605211.92,95,2,3890.0,1945.0,274,17
CUST06107,39,Female,338197.98,44,11,28470.0,2588.18,84,34
CUST06108,43,Male,729096.79,68,9,20480.0,2275.56,72,23
CUST06109,49,Female,721418.18,96,5,14220.0,2844.0,66,21
CUST06110,41,Female,392514.54,111,14,33600.0,2400.0,78,27
CUST06111,63,Female,529554.85,99,16,13820.0,863.75,26,23
CUST06112,52,Male,1263084.41,14,15,41310.0,2754.0,22,20
CUST06113,54,Male,740289.44,36,5,10060.0,2012.0,124,17
CUST06114,49,Male,624511.05,51,2,3040.0,1520.0,56,23
CUST06115,24,Other,1005194.98,6,4,10520.0,2630.0,50,28
CUST06116,50,Male,324069.11,17,16,23830.0,1489.38,26,25
CUST06117,48,Male,879833.96,82,15,40400.0,2693.33,6,27
CUST06118,29,Female,586770.06,72,4,5650.0,1412.5,7,22
CUST06119,28,Female,963256.43,51,0,0.0,0.0,9999,21
CUST06120,41,Female,395300.8,52,13,11410.0,877.69,16,30
CUST06121,25,Other,935639.36,12,9,14760.0,1640.0,28,14
CUST06122,49,Male,228280.13,81,7,20720.0,2960.0,242,27
CUST06123,55,Male,422190.5,95,8,19920.0,2490.0,15,19
CUST06124,39,Male,565255.3,115,10,25970.0,2597.0,112,25
CUST06125,51,Male,671945.37,1,7,12200.0,1742.86,3,21
CUST06126,36,Female,194927.81,11,7,21330.0,3047.14,96,25
CUST06127,69,Male,285443.7,106,5,9760.0,1952.0,373,19
CUST06128,37,Female,307041.61,16,17,27860.0,1638.82,3,34
CUST06129,31,Male,328179.56,101,11,43300.0,3936.36,17,26
CUST06130,50,Male,356698.06,113,16,42180.0,2636.25,36,24
CUST06131,27,Female,538472.64,92,2,4500.0,2250.0,363,26
CUST06132,33,Male,971577.88,9,19,50550.0,2660.53,8,27
CUST06133,21,Female,422307.34,119,1,2060.0,2060.0,467,27
CUST06134,44,Other,1002469.43,8,24,74320.0,3096.67,6,26
CUST06135,45,Female,519461.6,25,8,12240.0,1530.0,95,36
CUST06136,60,Male,454060.75,74,5,7950.0,1590.0,64,25
CUST06137,33,Female,800268.01,40,4,8070.0,2017.5,34,22
CUST06138,69,Male,466077.92,67,3,4510.0,1503.33,542,22
CUST06139,50,Female,351668.65,119,6,6720.0,1120.0,58,29
CUST06140,65,Male,908094.65,23,15,21820.0,1454.67,41,25
CUST06141,36,Male,491456.84,62,13,25420.0,1955.38,2,28
CUST06142,38,Other,1119456.6,23,4,6640.0,1660.0,67,33
CUST06143,39,Male,426199.32,44,4,11100.0,2775.0,101,25
CUST06144,26,Female,274642.64,56,19,47720.0,2511.58,100,25
CUST06145,26,Male,353668.5,68,2,4750.0,2375.0,181,19
CUST06146,26,Female,369736.59,118,10,18940.0,1894.0,43,24
CUST06147,44,Other,478935.74,114,6,18420.0,3070.0,217,23
CUST06148,34,Male,349739.54,23,15,52600.0,3506.67,117,25
CUST06149,61,Female,284514.99,9,0,0.0,0.0,9999,22
CUST06150,62,Female,432370.71,117,5,4000.0,800.0,55,23
CUST06151,25,Female,521011.53,4,0,0.0,0.0,9999,25
CUST06152,33,Male,601768.68,34,21,44890.0,2137.62,12,19
CUST06153,35,Female,496230.18,103,1,2880.0,2880.0,504,23
CUST06154,50,Male,924631.08,82,16,40840.0,2552.5,128,33
CUST06155,18,Male,514011.85,34,9,14870.0,1652.22,88,29
CUST06156,29,Male,187162.02,98,6,23940.0,3990.0,106,32
CUST06157,23,Female,559666.74,42,15,33660.0,2244.0,12,21
CUST06158,58,Female,501668.24,3,7,23500.0,3357.14,25,22
CUST06159,22,Male,696080.59,83,5,13960.0,2792.0,186,28
CUST06160,33,Female,302138.92,34,7,18040.0,2577.14,43,26
CUST06161,35,Female,806142.07,90,4,5790.0,1447.5,3,22
CUST06162,66,Male,563813.86,99,6,13660.0,2276.67,142,27
CUST06163,35,Female,531460.86,105,23,113370.0,4929.13,15,35
CUST06164,18,Male,762742.36,107,17,37980.0,2234.12,7,25
CUST06165,36,Male,842534.06,95,6,11570.0,1928.33,44,40
CUST06166,25,Male,806357.89,43,5,9310.0,1862.0,27,23
CUST06167,20,Female,180000.0,91,5,10720.0,2144.0,31,23
CUST06168,42,Other,263617.84,67,17,59520.0,3501.18,107,14
CUST06169,22,Male,410226.0,37,5,6570.0,1314.0,17,27
CUST06170,57,Male,292840.7,12,4,31830.0,7957.5,93,21
CUST06171,36,Female,365665.15,111,7,11110.0,1587.14,190,29
CUST06172,35,Female,488606.76,87,2,2620.0,1310.0,394,22
CUST06173,67,Female,404683.62,81,2,4070.0,2035.0,336,25
CUST06174,70,Female,494612.37,16,8,19000.0,2375.0,4,29
CUST06175,48,Female,921937.68,62,13,23140.0,1780.0,28,22
CUST06176,50,Female,1114242.17,17,13,28930.0,2225.38,28,27
CUST06177,64,Female,591461.56,15,7,19900.0,2842.86,3,27
CUST06178,35,Male,911743.81,26,11,24210.0,2200.91,97,28
CUST06179,56,Female,417844.53,45,1,2480.0,2480.0,670,29
CUST06180,33,Male,377456.81,2,5,10370.0,2074.0,11,25
CUST06181,33,Male,483388.29,17,8,12530.0,1566.25,158,31
CUST06182,64,Male,434425.68,65,13,35460.0,2727.69,45,19
CUST06183,55,Female,677666.18,94,3,3240.0,1080.0,459,25
CUST06184,58,Female,503261.51,96,17,25210.0,1482.94,24,26
CUST06185,24,Female,986106.92,30,6,7550.0,1258.33,385,28
CUST06186,31,Male,527643.84,106,9,27250.0,3027.78,184,25
CUST06187,60,Female,363740.36,68,18,17640.0,980.0,64,22
CUST06188,70,Male,404159.59,106,9,10630.0,1181.11,70,15
CUST06189,65,Female,382710.62,44,6,9440.0,1573.33,2,25
CUST06190,42,Male,694784.55,96,7,19490.0,2784.29,188,25
CUST06191,49,Female,476891.56,60,5,7250.0,1450.0,91,19
CUST06192,55,Female,527331.78,99,2,4370.0,2185.0,375,30
CUST06193,39,Female,603592.99,1,17,41860.0,2462.35,1,33
CUST06194,33,Female,637298.3,19,10,27860.0,2786.0,4,26
CUST06195,69,Female,804853.68,33,4,11320.0,2830.0,320,27
CUST06196,46,Male,581603.85,83,14,51380.0,3670.0,35,21
CUST06197,33,Female,324696.6,36,2,2560.0,1280.0,266,23
CUST06198,29,Male,401724.87,91,13,41540.0,3195.38,26,30
CUST06199,34,Male,401544.07,77,4,3680.0,920.0,472,21
CUST06200,54,Male,360361.06,91,4,11480.0,2870.0,0,29
CUST06201,44,Female,797657.89,110,7,11140.0,1591.43,127,20
CUST06202,42,Male,467694.29,78,13,19550.0,1503.85,199,25
CUST06203,30,Male,541819.4,24,12,22440.0,1870.0,4,21
CUST06204,25,Other,581153.0,99,4,14850.0,3712.5,301,23
CUST06205,22,Female,549329.57,83,10,17940.0,1794.0,20,19
CUST06206,29,Male,574848.85,25,14,47610.0,3400.71,68,25
CUST06207,58,Female,1477644.8,11,5,20930.0,4186.0,11,21
CUST06208,20,Male,677895.29,9,16,20000.0,1250.0,3,30
CUST06209,52,Female,330404.05,6,5,18610.0,3722.0,61,21
CUST06210,50,Female,576506.45,58,13,38030.0,2925.38,38,24
CUST06211,39,Female,524366.67,100,21,33470.0,1593.81,26,12
CUST06212,67,Female,267630.95,101,3,6630.0,2210.0,82,24
CUST06213,61,Male,180000.0,29,18,44340.0,2463.33,19,19
CUST06214,26,Male,532922.46,73,9,10040.0,1115.56,33,28
CUST06215,58,Female,440803.81,97,17,28690.0,1687.65,81,24
CUST06216,35,Male,298150.57,87,3,6460.0,2153.33,383,26
CUST06217,67,Other,391982.34,79,2,7120.0,3560.0,202,26
CUST06218,46,Male,444927.29,11,2,3530.0,1765.0,145,29
CUST06219,56,Male,384636.09,23,2,3370.0,1685.0,86,24
CUST06220,44,Female,565020.37,26,8,10280.0,1285.0,74,17
CUST06221,53,Male,541074.47,1,6,13360.0,2226.67,3,20
CUST06222,62,Male,716259.58,94,9,23220.0,2580.0,9,19
CUST06223,34,Male,841609.81,81,2,6060.0,3030.0,81,39
CUST06224,51,Other,668135.74,47,9,12550.0,1394.44,110,30
CUST06225,63,Male,367863.08,110,21,43080.0,2051.43,23,15
CUST06226,20,Male,539348.15,41,9,23950.0,2661.11,42,23
CUST06227,22,Male,242816.96,23,1,1500.0,1500.0,323,32
CUST06228,31,Male,403780.96,100,8,24510.0,3063.75,126,22
CUST06229,20,Male,180000.0,105,4,8720.0,2180.0,138,25
CUST06230,40,Female,426628.85,5,5,5650.0,1130.0,8,30
CUST06231,56,Other,392957.86,99,13,33030.0,2540.77,116,26
CUST06232,47,Male,682382.44,50,11,33750.0,3068.18,4,29
CUST06233,67,Female,323555.67,9,3,5090.0,1696.67,5,26
CUST06234,62,Other,539984.52,4,3,8570.0,2856.67,39,25
CUST06235,40,Male,421709.12,71,9,19240.0,2137.78,30,22
CUST06236,44,Male,412946.98,65,16,45810.0,2863.12,47,26
CUST06237,27,Female,353766.09,80,2,970.0,485.0,69,23
CUST06238,42,Female,572342.0,57,6,15110.0,2518.33,15,27
CUST06239,30,Male,465052.08,25,17,55840.0,3284.71,98,25
CUST06240,33,Male,324976.59,58,9,37660.0,4184.44,164,24
CUST06241,58,Male,530567.57,6,17,20420.0,1201.18,2,33
CUST06242,51,Male,573906.11,102,15,59690.0,3979.33,37,28
CUST06243,54,Female,994351.41,14,12,10010.0,834.17,26,14
CUST06244,39,Female,384939.51,63,9,11630.0,1292.22,1,25
CUST06245,34,Female,419957.6,118,7,19590.0,2798.57,11,30
CUST06246,40,Male,279658.25,101,0,0.0,0.0,9999,24
CUST06247,53,Male,408799.91,75,14,30760.0,2197.14,49,26
CUST06248,66,Male,310266.83,65,5,28230.0,5646.0,433,33
CUST06249,26,Female,821743.14,52,21,36040.0,1716.19,0,26
CUST06250,69,Female,630174.22,106,3,8000.0,2666.67,0,28
CUST06251,19,Male,307991.31,65,7,12760.0,1822.86,41,27
CUST06252,49,Male,322119.64,117,3,5060.0,1686.67,322,19
CUST06253,67,Female,389996.2,100,8,27260.0,3407.5,54,22
CUST06254,70,Female,896804.65,8,21,56240.0,2678.1,7,18
CUST06255,39,Male,379942.37,96,3,3130.0,1043.33,242,18
CUST06256,60,Male,462085.13,97,9,21030.0,2336.67,281,24
CUST06257,30,Male,996817.94,8,6,11220.0,1870.0,22,20
CUST06258,25,Female,602763.9,14,20,46790.0,2339.5,12,27
CUST06259,18,Female,260617.16,24,22,30700.0,1395.45,19,23
CUST06260,34,Female,219337.48,64,3,8430.0,2810.0,55,28
CUST06261,29,Female,521636.48,113,8,18830.0,2353.75,70,25
CUST06262,21,Other,1408392.25,105,6,34250.0,5708.33,18,24
CUST06263,70,Male,920293.09,93,17,16960.0,997.65,37,25
CUST06264,30,Male,592370.45,25,4,15210.0,3802.5,100,29
CUST06265,48,Male,711885.58,6,2,2820.0,1410.0,176,19
CUST06266,58,Male,736446.48,1,11,17780.0,1616.36,5,16
CUST06267,24,Female,239513.29,119,9,28350.0,3150.0,44,31
CUST06268,40,Female,548982.59,87,2,1180.0,590.0,523,20
CUST06269,41,Female,902895.66,105,15,24730.0,1648.67,9,29
CUST06270,22,Male,1281420.07,33,1,600.0,600.0,496,30
CUST06271,22,Male,627803.05,14,7,21760.0,3108.57,15,29
CUST06272,34,Male,271278.92,63,7,9970.0,1424.29,84,22
CUST06273,47,Female,646541.81,56,4,4230.0,1057.5,270,32
CUST06274,26,Male,641775.17,62,10,14600.0,1460.0,24,24
CUST06275,23,Male,739318.42,28,12,18440.0,1536.67,16,24
CUST06276,42,Male,600317.74,29,21,89000.0,4238.1,15,29
CUST06277,36,Other,1154832.1,107,2,2280.0,1140.0,140,28
CUST06278,33,Female,544676.5,104,7,13070.0,1867.14,44,35
CUST06279,38,Female,513535.52,23,1,1580.0,1580.0,334,23
CUST06280,19,Female,444351.96,44,0,0.0,0.0,9999,28
CUST06281,27,Female,522408.27,38,12,27120.0,2260.0,153,38
CUST06282,33,Male,567010.27,49,8,29540.0,3692.5,106,24
CUST06283,54,Male,528299.07,43,18,29640.0,1646.67,117,28
CUST06284,32,Female,711092.43,10,21,39510.0,1881.43,9,22
CUST06285,30,Female,196780.11,27,8,14520.0,1815.0,54,25
CUST06286,30,Male,470289.4,8,6,23850.0,3975.0,28,20
CUST06287,49,Male,631140.1,108,18,37760.0,2097.78,67,19
CUST06288,62,Female,567595.34,117,21,22190.0,1056.67,45,34
CUST06289,64,Male,281849.15,68,19,73010.0,3842.63,4,31
CUST06290,63,Female,634739.75,85,12,14850.0,1237.5,2,23
CUST06291,25,Male,511244.67,85,5,19750.0,3950.0,2,22
CUST06292,60,Male,705285.69,30,17,20540.0,1208.24,82,29
CUST06293,35,Male,648056.32,13,11,20870.0,1897.27,72,28
CUST06294,53,Female,578647.46,58,1,310.0,310.0,32,24
CUST06295,43,Female,500797.6,3,4,7570.0,1892.5,45,22
CUST06296,27,Male,568704.86,84,5,15590.0,3118.0,6,29
CUST06297,48,Female,569220.26,100,2,6540.0,3270.0,206,28
CUST06298,50,Male,908650.63,104,6,7470.0,1245.0,95,25
CUST06299,46,Male,1920337.2,5,7,13670.0,1952.86,8,24
CUST06300,22,Female,308358.0,22,4,11880.0,2970.0,158,25
CUST06301,30,Male,180000.0,58,12,23670.0,1972.5,127,18
CUST06302,18,Female,394297.05,66,15,31940.0,2129.33,35,26
CUST06303,40,Female,327371.17,89,14,29640.0,2117.14,78,25
CUST06304,57,Female,730049.39,40,21,24930.0,1187.14,83,26
CUST06305,20,Female,978540.03,88,2,6230.0,3115.0,136,26
CUST06306,20,Female,721659.54,5,8,25510.0,3188.75,29,25
CUST06307,24,Male,434112.37,16,18,37690.0,2093.89,8,33
CUST06308,53,Male,695168.64,117,6,15290.0,2548.33,255,27
CUST06309,52,Male,863769.7,15,9,19170.0,2130.0,16,22
CUST06310,32,Female,674563.56,115,8,13250.0,1656.25,22,22
CUST06311,57,Male,640836.24,77,10,10020.0,1002.0,5,32
CUST06312,20,Male,474780.69,75,12,20610.0,1717.5,37,23
CUST06313,46,Female,288972.12,80,10,21560.0,2156.0,32,21
CUST06314,47,Female,818984.9,18,0,0.0,0.0,9999,29
CUST06315,56,Other,1071824.37,89,2,2300.0,1150.0,248,16
CUST06316,35,Female,268987.74,47,13,14510.0,1116.15,30,23
CUST06317,28,Male,705784.21,102,3,12580.0,4193.33,178,33
CUST06318,60,Female,348515.73,104,13,8860.0,681.54,47,31
CUST06319,66,Male,616812.85,4,15,29680.0,1978.67,10,22
CUST06320,55,Male,266365.82,53,6,14450.0,2408.33,2,25
CUST06321,57,Female,710464.59,58,10,15110.0,1511.0,46,26
CUST06322,18,Female,606069.32,112,3,8770.0,2923.33,387,29
CUST06323,46,Female,725457.25,85,11,11830.0,1075.45,83,24
CUST06324,27,Other,669102.23,75,7,6330.0,904.29,73,23
CUST06325,45,Female,543808.53,58,2,5370.0,2685.0,90,17
CUST06326,48,Male,712892.54,116,26,35340.0,1359.23,27,31
CUST06327,36,Female,409132.93,59,7,24990.0,3570.0,90,22
CUST06328,20,Female,647835.25,34,1,2740.0,2740.0,565,30
CUST06329,53,Other,389903.0,30,9,19490.0,2165.56,56,22
CUST06330,60,Male,662396.47,54,4,9430.0,2357.5,356,27
CUST06331,32,Male,458762.76,68,19,48840.0,2570.53,25,28
CUST06332,50,Female,623055.93,78,4,9130.0,2282.5,399,27
CUST06333,58,Male,439431.12,75,11,21840.0,1985.45,30,30
CUST06334,60,Female,443265.06,68,8,19520.0,2440.0,61,20
CUST06335,68,Male,452202.4,26,12,32800.0,2733.33,11,25
CUST06336,62,Male,274685.7,3,6,12000.0,2000.0,7,23
CUST06337,43,Female,738117.95,120,7,6410.0,915.71,308,30
CUST06338,33,Male,510534.01,118,15,43330.0,2888.67,66,24
CUST06339,53,Female,279907.94,57,7,8370.0,1195.71,117,32
CUST06340,50,Male,391612.62,37,16,51910.0,3244.38,7,31
CUST06341,37,Male,381891.15,38,9,31520.0,3502.22,70,22
CUST06342,30,Male,598511.81,41,6,16630.0,2771.67,156,24
CUST06343,50,Female,455020.08,4,2,5740.0,2870.0,61,27
CUST06344,22,Male,752021.85,26,12,26420.0,2201.67,9,28
CUST06345,54,Female,292030.69,39,17,35960.0,2115.29,1,21
CUST06346,31,Female,607702.18,109,17,32200.0,1894.12,17,23
CUST06347,44,Female,586412.41,106,17,34740.0,2043.53,2,18
CUST06348,40,Female,413855.3,108,17,22450.0,1320.59,0,36
CUST06349,31,Male,560709.04,42,2,2250.0,1125.0,93,26
CUST06350,57,Male,491792.99,11,10,25200.0,2520.0,30,21
CUST06351,21,Female,861154.99,11,11,18040.0,1640.0,13,24
CUST06352,56,Male,519478.57,54,14,27260.0,1947.14,127,33
CUST06353,69,Female,834276.1,102,11,22980.0,2089.09,53,32
CUST06354,36,Female,727720.77,38,6,10230.0,1705.0,112,25
CUST06355,64,Male,285453.19,20,1,820.0,820.0,433,26
CUST06356,21,Female,481572.6,26,8,11520.0,1440.0,137,25
CUST06357,47,Female,727072.82,102,20,59760.0,2988.0,14,24
CUST06358,36,Male,558102.79,76,2,2640.0,1320.0,59,24
CUST06359,48,Female,518790.35,119,14,17350.0,1239.29,5,31
CUST06360,48,Male,533396.26,93,7,4180.0,597.14,22,23
CUST06361,26,Female,656939.52,14,5,11740.0,2348.0,145,23
CUST06362,70,Female,420074.05,50,15,14240.0,949.33,4,24
CUST06363,30,Female,439548.16,25,3,10770.0,3590.0,50,32
CUST06364,31,Female,729250.73,55,11,24970.0,2270.0,48,23
CUST06365,63,Female,549117.32,51,11,14790.0,1344.55,76,17
CUST06366,27,Female,461887.06,106,7,11420.0,1631.43,40,29
CUST06367,65,Female,508224.1,106,21,33270.0,1584.29,11,31
CUST06368,48,Female,629491.01,103,1,1280.0,1280.0,216,29
CUST06369,54,Female,496014.06,90,13,39920.0,3070.77,31,23
CUST06370,40,Female,537252.63,10,14,19360.0,1382.86,33,33
CUST06371,44,Other,231169.96,14,11,14240.0,1294.55,67,17
CUST06372,23,Female,558009.51,5,8,10750.0,1343.75,19,22
CUST06373,43,Female,471623.72,57,8,34730.0,4341.25,106,23
CUST06374,19,Male,756508.8,22,15,34160.0,2277.33,5,22
CUST06375,62,Female,488834.39,75,18,27720.0,1540.0,7,24
CUST06376,30,Female,974395.0,29,2,9510.0,4755.0,419,24
CUST06377,68,Female,658454.49,7,12,20090.0,1674.17,25,27
CUST06378,67,Male,357710.17,116,14,26320.0,1880.0,77,19
CUST06379,36,Female,286908.88,18,2,7600.0,3800.0,30,22
CUST06380,18,Male,481735.46,31,18,46700.0,2594.44,176,29
CUST06381,57,Male,506443.81,43,0,0.0,0.0,9999,16
CUST06382,49,Female,232926.8,84,4,9290.0,2322.5,291,31
CUST06383,39,Female,488440.8,35,5,12220.0,2444.0,155,23
CUST06384,65,Male,431180.53,71,7,18810.0,2687.14,50,28
CUST06385,46,Female,547370.37,94,11,12180.0,1107.27,131,24
CUST06386,19,Male,1239436.67,4,11,13870.0,1260.91,6,27
CUST06387,57,Male,235846.73,51,17,37520.0,2207.06,7,29
CUST06388,55,Male,764915.39,94,10,19720.0,1972.0,1,20
CUST06389,65,Female,622135.76,30,25,66300.0,2652.0,4,28
CUST06390,28,Male,399810.08,94,10,11610.0,1161.0,32,24
CUST06391,34,Male,505472.53,53,3,3780.0,1260.0,38,18
CUST06392,68,Female,754247.03,82,16,68770.0,4298.12,16,17
CUST06393,60,Male,525673.24,107,19,84290.0,4436.32,2,26
CUST06394,25,Female,209219.52,110,22,40950.0,1861.36,8,23
CUST06395,39,Female,589145.68,74,2,4090.0,2045.0,34,30
CUST06396,21,Female,691911.72,14,5,9490.0,1898.0,31,29
CUST06397,28,Male,415129.7,36,9,15060.0,1673.33,10,31
CUST06398,25,Female,737530.15,87,9,15960.0,1773.33,106,30
CUST06399,26,Female,764188.34,12,5,8990.0,1798.0,2,29
CUST06400,43,Male,899780.75,76,10,26750.0,2675.0,38,25
CUST06401,19,Male,785251.24,34,0,0.0,0.0,9999,25
CUST06402,33,Female,1571771.09,26,7,33160.0,4737.14,78,30
CUST06403,48,Male,844967.17,6,12,51770.0,4314.17,3,25
CUST06404,23,Female,539747.59,101,2,2820.0,1410.0,695,31
CUST06405,70,Female,717056.17,115,25,30310.0,1212.4,3,31
CUST06406,38,Male,530526.1,53,8,10250.0,1281.25,3,31
CUST06407,43,Male,447131.63,15,6,8190.0,1365.0,12,26
CUST06408,36,Other,312990.8,106,14,15490.0,1106.43,34,29
CUST06409,45,Male,473867.09,103,17,37580.0,2210.59,25,31
CUST06410,25,Female,748202.6,19,15,40190.0,2679.33,80,31
CUST06411,31,Male,348528.73,104,8,13790.0,1723.75,18,29
CUST06412,41,Female,603800.71,47,2,4260.0,2130.0,135,21
CUST06413,65,Female,429864.93,87,21,55910.0,2662.38,22,23
CUST06414,61,Male,511874.56,100,7,20150.0,2878.57,37,27
CUST06415,54,Male,499117.79,77,9,34800.0,3866.67,116,11
CUST06416,43,Female,558898.83,95,0,0.0,0.0,9999,29
CUST06417,48,Female,1420729.09,61,5,19130.0,3826.0,30,27
CUST06418,68,Male,405961.03,101,19,16940.0,891.58,40,25
CUST06419,49,Female,504938.82,90,5,12520.0,2504.0,305,22
CUST06420,67,Male,466215.72,107,6,11150.0,1858.33,62,29
CUST06421,58,Female,261389.38,112,18,44070.0,2448.33,42,29
CUST06422,19,Female,756136.7,52,10,15960.0,1596.0,4,21
CUST06423,42,Male,352996.31,18,18,39550.0,2197.22,33,21
CUST06424,69,Male,952389.57,60,7,6680.0,954.29,291,33
CUST06425,61,Male,360860.67,47,18,72660.0,4036.67,68,20
CUST06426,19,Female,610331.78,57,5,10860.0,2172.0,264,25
CUST06427,59,Male,1119858.99,33,9,31720.0,3524.44,7,30
CUST06428,18,Male,629961.0,104,16,52950.0,3309.38,116,20
CUST06429,53,Other,394007.47,32,1,1340.0,1340.0,122,19
CUST06430,29,Male,343340.32,4,4,10330.0,2582.5,28,25
CUST06431,26,Female,191096.2,41,3,3720.0,1240.0,301,23
CUST06432,53,Male,433627.0,19,23,85360.0,3711.3,12,30
CUST06433,58,Male,270735.66,7,6,10460.0,1743.33,72,26
CUST06434,45,Male,505742.28,111,5,9500.0,1900.0,0,30
CUST06435,55,Female,422859.59,99,9,40920.0,4546.67,57,23
CUST06436,50,Female,535560.04,26,16,49370.0,3085.62,13,31
CUST06437,59,Female,305002.33,108,3,7480.0,2493.33,38,25
CUST06438,63,Male,403929.51,87,17,20280.0,1192.94,24,23
CUST06439,39,Male,646966.39,98,10,20540.0,2054.0,100,12
CUST06440,42,Female,583500.94,51,6,10890.0,1815.0,344,24
CUST06441,35,Male,223694.17,56,7,45590.0,6512.86,67,22
CUST06442,23,Male,723815.33,71,1,1780.0,1780.0,210,17
CUST06443,35,Male,314223.65,75,6,25680.0,4280.0,88,19
CUST06444,69,Female,252486.32,51,12,35230.0,2935.83,39,25
CUST06445,33,Female,454779.97,8,7,12050.0,1721.43,6,18
CUST06446,32,Male,1491855.58,13,11,23250.0,2113.64,15,21
CUST06447,65,Male,432164.66,32,4,5920.0,1480.0,109,24
CUST06448,25,Female,524912.55,105,7,18410.0,2630.0,388,33
CUST06449,30,Female,683796.7,34,12,21560.0,1796.67,21,36
CUST06450,60,Male,339454.38,18,10,24490.0,2449.0,28,23
CUST06451,24,Female,576536.3,79,9,15300.0,1700.0,81,26
CUST06452,34,Male,346053.98,55,22,33760.0,1534.55,12,24
CUST06453,67,Male,643770.28,43,3,2550.0,850.0,123,16
CUST06454,49,Male,600030.16,24,1,2180.0,2180.0,607,20
CUST06455,39,Male,576344.58,111,16,25320.0,1582.5,42,18
CUST06456,68,Male,540896.49,21,9,24840.0,2760.0,47,18
CUST06457,30,Female,1238110.41,18,8,29700.0,3712.5,67,15
CUST06458,64,Male,556426.23,14,9,18200.0,2022.22,74,34
CUST06459,40,Male,635286.03,53,20,46860.0,2343.0,7,30
CUST06460,46,Male,590402.57,19,9,19470.0,2163.33,17,31
CUST06461,39,Female,318666.93,77,10,20500.0,2050.0,145,23
CUST06462,18,Female,353787.66,57,3,5830.0,1943.33,147,28
CUST06463,46,Male,307025.76,64,7,20380.0,2911.43,87,19
CUST06464,65,Male,351581.86,80,20,39100.0,1955.0,26,19
CUST06465,22,Male,398075.87,2,6,9690.0,1615.0,6,23
CUST06466,52,Male,456577.93,57,6,13780.0,2296.67,11,24
CUST06467,27,Male,454174.21,34,11,23840.0,2167.27,32,30
CUST06468,36,Female,648027.92,49,5,9710.0,1942.0,205,26
CUST06469,54,Female,918139.32,90,2,6080.0,3040.0,41,26
CUST06470,24,Female,836284.31,54,18,38860.0,2158.89,15,27
CUST06471,63,Male,566708.42,22,6,13060.0,2176.67,64,25
CUST06472,52,Male,344062.7,84,1,2240.0,2240.0,109,25
CUST06473,62,Female,801743.18,93,9,17940.0,1993.33,92,18
CUST06474,30,Female,390256.93,82,3,4930.0,1643.33,48,18
CUST06475,27,Male,607959.22,93,3,15490.0,5163.33,271,28
CUST06476,19,Female,567471.37,106,10,38170.0,3817.0,101,25
CUST06477,23,Male,310122.37,44,6,7120.0,1186.67,162,21
CUST06478,25,Male,394636.19,91,2,7080.0,3540.0,6,25
CUST06479,53,Male,629869.6,35,23,65720.0,2857.39,51,27
CUST06480,42,Other,466776.24,29,14,38620.0,2758.57,58,18
CUST06481,61,Male,1854062.79,6,6,22630.0,3771.67,24,18
CUST06482,64,Female,409231.28,116,23,28000.0,1217.39,7,15
CUST06483,57,Male,317652.61,37,15,14680.0,978.67,58,28
CUST06484,24,Male,516663.21,89,9,22720.0,2524.44,52,32
CUST06485,63,Female,432510.73,85,18,22630.0,1257.22,13,28
CUST06486,40,Male,231081.15,58,0,0.0,0.0,9999,29
CUST06487,36,Male,728185.11,64,6,13240.0,2206.67,253,15
CUST06488,63,Male,781086.27,31,16,24730.0,1545.62,2,21
CUST06489,39,Female,734219.31,104,14,28430.0,2030.71,14,23
CUST06490,30,Female,577553.07,50,13,39860.0,3066.15,8,30
CUST06491,38,Male,470531.16,80,5,11870.0,2374.0,528,24
CUST06492,18,Male,540385.51,60,7,5900.0,842.86,27,27
CUST06493,36,Female,473197.36,14,8,12430.0,1553.75,8,26
CUST06494,50,Male,375967.67,70,5,16000.0,3200.0,27,28
CUST06495,21,Male,1000101.4,11,3,4970.0,1656.67,7,21
CUST06496,59,Male,883459.1,27,14,18280.0,1305.71,19,31
CUST06497,20,Female,672972.21,102,3,6230.0,2076.67,43,21
CUST06498,44,Male,412683.4,69,9,20130.0,2236.67,30,42
CUST06499,69,Female,650509.27,79,1,1840.0,1840.0,260,37
CUST06500,58,Female,449168.41,38,4,8120.0,2030.0,252,20
CUST06501,52,Female,441296.98,62,5,25770.0,5154.0,164,25
CUST06502,45,Female,496391.12,53,15,49380.0,3292.0,56,28
CUST06503,23,Male,609758.93,80,4,9990.0,2497.5,42,30
CUST06504,23,Female,417499.37,18,14,17440.0,1245.71,30,31
CUST06505,61,Female,469669.01,117,8,32930.0,4116.25,19,23
CUST06506,40,Female,904498.86,97,4,12800.0,3200.0,57,15
CUST06507,50,Male,235419.72,99,9,17220.0,1913.33,0,31
CUST06508,33,Male,790181.32,119,4,6320.0,1580.0,92,24
CUST06509,41,Female,471243.72,52,0,0.0,0.0,9999,23
CUST06510,22,Male,406460.03,24,2,1190.0,595.0,195,24
CUST06511,58,Male,436313.17,99,9,30920.0,3435.56,32,24
CUST06512,59,Female,502557.63,7,19,39110.0,2058.42,3,23
CUST06513,30,Female,759264.89,14,7,27010.0,3858.57,101,25
CUST06514,64,Male,541079.83,50,10,15910.0,1591.0,122,31
CUST06515,29,Female,400746.0,94,2,4730.0,2365.0,299,29
CUST06516,22,Female,682311.19,24,15,36660.0,2444.0,8,22
CUST06517,54,Male,478856.88,79,1,1300.0,1300.0,146,21
CUST06518,48,Female,633839.37,13,3,3850.0,1283.33,10,29
CUST06519,45,Female,564971.84,19,16,22370.0,1398.12,29,22
CUST06520,45,Female,310053.55,29,6,10360.0,1726.67,152,25
CUST06521,47,Female,646705.96,22,12,26020.0,2168.33,24,30
CUST06522,35,Female,238582.42,2,10,25370.0,2537.0,8,29
CUST06523,61,Male,477962.26,103,3,15480.0,5160.0,123,23
CUST06524,44,Male,317413.61,77,4,8160.0,2040.0,251,27
CUST06525,52,Male,205801.48,36,8,19330.0,2416.25,146,31
CUST06526,43,Female,558622.15,38,0,0.0,0.0,9999,21
CUST06527,56,Female,727444.07,18,8,11260.0,1407.5,133,28
CUST06528,66,Male,492990.56,51,11,24640.0,2240.0,138,21
CUST06529,68,Male,891278.34,15,1,1510.0,1510.0,113,36
CUST06530,35,Male,500120.2,99,7,10320.0,1474.29,276,29
CUST06531,50,Male,541536.01,52,8,36740.0,4592.5,273,23
CUST06532,42,Male,342253.24,17,18,34670.0,1926.11,6,26
CUST06533,48,Male,649746.68,112,21,27930.0,1330.0,46,26
CUST06534,54,Female,636786.13,77,23,70020.0,3044.35,29,25
CUST06535,19,Male,414276.99,22,13,37660.0,2896.92,1,31
CUST06536,50,Female,280804.74,54,17,26890.0,1581.76,7,29
CUST06537,56,Female,255307.3,52,26,50070.0,1925.77,14,24
CUST06538,60,Female,786820.18,104,0,0.0,0.0,9999,29
CUST06539,60,Male,295874.21,85,8,14520.0,1815.0,97,21
CUST06540,49,Female,992037.45,90,1,2030.0,2030.0,478,29
CUST06541,35,Female,351359.5,46,15,33610.0,2240.67,44,19
CUST06542,34,Male,437188.8,4,0,0.0,0.0,9999,22
CUST06543,51,Male,1787915.61,7,20,39390.0,1969.5,9,27
CUST06544,56,Male,404525.59,10,18,17300.0,961.11,12,18
CUST06545,24,Female,323995.06,15,8,35040.0,4380.0,126,25
CUST06546,59,Female,429227.59,26,18,22530.0,1251.67,59,26
CUST06547,70,Male,252626.68,80,11,10610.0,964.55,21,25
CUST06548,52,Male,440359.51,40,5,5880.0,1176.0,137,20
CUST06549,47,Female,516513.3,98,18,35390.0,1966.11,10,28
CUST06550,29,Female,781925.55,61,2,3640.0,1820.0,389,29
CUST06551,52,Female,628890.33,81,24,26260.0,1094.17,2,24
CUST06552,28,Female,533887.87,102,9,15470.0,1718.89,184,28
CUST06553,61,Female,1315644.67,16,9,19610.0,2178.89,56,21
CUST06554,21,Female,655004.44,98,8,12090.0,1511.25,3,18
CUST06555,42,Male,953769.57,120,20,33850.0,1692.5,182,32
CUST06556,65,Male,746664.52,93,6,14020.0,2336.67,170,26
CUST06557,49,Female,937268.76,117,9,18290.0,2032.22,208,23
CUST06558,37,Male,837979.61,18,5,8550.0,1710.0,79,31
CUST06559,67,Male,727824.09,75,25,88500.0,3540.0,8,19
CUST06560,48,Female,657861.01,76,12,25900.0,2158.33,81,27
CUST06561,21,Female,975736.42,101,9,19240.0,2137.78,73,28
CUST06562,55,Female,384118.37,2,5,13020.0,2604.0,5,23
CUST06563,70,Female,359348.61,54,0,0.0,0.0,9999,27
CUST06564,64,Female,243772.33,120,11,17580.0,1598.18,131,28
CUST06565,18,Male,633030.16,18,6,16080.0,2680.0,30,30
CUST06566,20,Female,843420.59,54,6,25660.0,4276.67,23,23
CUST06567,54,Male,313195.48,38,2,2330.0,1165.0,530,23
CUST06568,39,Male,360902.31,97,12,17250.0,1437.5,90,18
CUST06569,34,Male,956283.97,73,22,32190.0,1463.18,2,23
CUST06570,31,Female,683350.56,15,11,26970.0,2451.82,32,25
CUST06571,58,Male,670104.08,64,9,19930.0,2214.44,24,21
CUST06572,52,Female,602645.58,92,0,0.0,0.0,9999,24
CUST06573,30,Male,454505.92,8,20,51860.0,2593.0,19,26
CUST06574,52,Male,248389.04,46,5,10740.0,2148.0,138,29
CUST06575,60,Female,652664.1,100,17,22050.0,1297.06,13,28
CUST06576,19,Female,1304853.67,39,1,1420.0,1420.0,389,25
CUST06577,64,Male,572082.92,52,3,11070.0,3690.0,32,26
CUST06578,30,Female,298875.29,8,12,26910.0,2242.5,5,21
CUST06579,68,Female,456909.95,106,11,27100.0,2463.64,99,31
CUST06580,33,Female,766716.77,50,6,11610.0,1935.0,64,34
CUST06581,35,Female,808855.24,50,4,6390.0,1597.5,25,31
CUST06582,24,Male,1007786.0,83,2,9730.0,4865.0,141,19
CUST06583,62,Female,805756.4,68,6,7280.0,1213.33,4,27
CUST06584,53,Male,203510.27,27,11,39410.0,3582.73,14,19
CUST06585,58,Male,554378.95,77,1,1950.0,1950.0,566,25
CUST06586,47,Female,261316.87,38,9,13870.0,1541.11,1,22
CUST06587,59,Male,665224.95,21,1,4950.0,4950.0,296,24
CUST06588,58,Male,695130.19,90,6,10590.0,1765.0,9,30
CUST06589,24,Female,345622.64,45,15,17930.0,1195.33,59,24
CUST06590,32,Female,436764.17,58,9,21960.0,2440.0,25,26
CUST06591,57,Female,374381.56,23,5,9550.0,1910.0,155,45
CUST06592,36,Female,723398.04,54,8,14920.0,1865.0,68,34
CUST06593,60,Male,482589.46,30,22,37200.0,1690.91,38,24
CUST06594,54,Female,374494.51,95,5,11610.0,2322.0,103,32
CUST06595,19,Female,711952.66,95,9,14020.0,1557.78,9,20
CUST06596,59,Male,657825.94,16,3,14430.0,4810.0,196,25
CUST06597,65,Male,722658.24,52,5,9730.0,1946.0,68,22
CUST06598,30,Male,249867.23,106,12,18200.0,1516.67,48,19
CUST06599,57,Female,385037.87,41,2,4430.0,2215.0,66,24
CUST06600,58,Male,678916.1,71,18,61930.0,3440.56,28,30
CUST06601,60,Female,236654.56,81,6,12830.0,2138.33,254,31
CUST06602,60,Male,239598.16,24,3,4750.0,1583.33,11,24
CUST06603,48,Male,359352.98,20,8,16090.0,2011.25,164,21
CUST06604,33,Male,708105.8,103,21,19650.0,935.71,5,31
CUST06605,59,Male,502552.46,27,5,13380.0,2676.0,292,18
CUST06606,61,Male,628111.15,2,3,7690.0,2563.33,41,19
CUST06607,23,Male,321146.42,60,5,11190.0,2238.0,310,30
CUST06608,45,Male,319688.4,51,4,1480.0,370.0,348,33
CUST06609,49,Other,935353.86,1,5,7740.0,1548.0,0,21
CUST06610,61,Female,605278.65,98,3,4960.0,1653.33,104,25
CUST06611,27,Female,308246.77,91,26,68280.0,2626.15,35,34
CUST06612,67,Female,205316.83,101,2,11890.0,5945.0,221,25
CUST06613,35,Female,265395.25,114,10,20350.0,2035.0,1,25
CUST06614,21,Female,310808.97,6,5,7720.0,1544.0,11,15
CUST06615,26,Male,282357.3,38,9,16410.0,1823.33,115,25
CUST06616,24,Female,492477.15,54,4,9320.0,2330.0,58,26
CUST06617,67,Female,676402.43,60,21,37470.0,1784.29,98,29
CUST06618,25,Female,480122.97,27,13,12840.0,987.69,19,36
CUST06619,60,Female,407415.49,112,8,30350.0,3793.75,159,27
CUST06620,24,Male,583567.61,80,18,40010.0,2222.78,48,28
CUST06621,58,Other,429371.51,62,5,7120.0,1424.0,169,23
CUST06622,57,Male,231216.64,63,5,22960.0,4592.0,30,23
CUST06623,20,Male,547764.12,99,8,18080.0,2260.0,80,21
CUST06624,34,Male,596602.52,91,5,12420.0,2484.0,28,37
CUST06625,19,Male,859356.99,35,5,9380.0,1876.0,51,27
CUST06626,32,Male,756907.28,58,3,6980.0,2326.67,440,30
CUST06627,63,Male,388673.86,119,14,58460.0,4175.71,51,22
CUST06628,46,Other,453487.42,61,4,12130.0,3032.5,57,29
CUST06629,67,Male,507989.12,36,7,5500.0,785.71,31,26
CUST06630,65,Female,550445.69,102,22,32620.0,1482.73,25,14
CUST06631,69,Female,979508.6,92,21,51380.0,2446.67,33,27
CUST06632,39,Female,485315.73,56,6,8150.0,1358.33,59,27
CUST06633,21,Male,395594.04,67,2,5280.0,2640.0,283,24
CUST06634,69,Female,874332.72,57,8,23010.0,2876.25,152,26
CUST06635,23,Male,864816.96,41,4,3800.0,950.0,53,26
CUST06636,55,Male,749652.21,31,17,28520.0,1677.65,89,25
CUST06637,43,Female,242998.66,3,7,13720.0,1960.0,13,30
CUST06638,28,Female,518511.66,38,13,18900.0,1453.85,16,30
CUST06639,43,Female,449992.6,53,14,28340.0,2024.29,22,21
CUST06640,34,Male,608521.16,52,2,6710.0,3355.0,187,24
CUST06641,41,Male,337880.47,24,7,13280.0,1897.14,177,27
CUST06642,45,Male,723134.56,26,5,6700.0,1340.0,26,25
CUST06643,52,Female,587304.91,105,1,1490.0,1490.0,505,20
CUST06644,48,Male,741361.43,111,20,37120.0,1856.0,0,30
CUST06645,30,Female,357105.24,92,4,13630.0,3407.5,485,27
CUST06646,52,Male,563345.34,73,5,5100.0,1020.0,103,35
CUST06647,33,Male,712975.62,37,8,41790.0,5223.75,61,20
CUST06648,32,Male,180000.0,117,15,25450.0,1696.67,10,28
CUST06649,60,Male,674991.38,91,2,5260.0,2630.0,50,21
CUST06650,35,Female,425120.01,48,17,34990.0,2058.24,139,44
CUST06651,64,Female,494704.17,67,4,15950.0,3987.5,126,25
CUST06652,54,Male,878535.13,41,6,15080.0,2513.33,22,25
CUST06653,65,Male,817140.19,49,0,0.0,0.0,9999,20
CUST06654,65,Other,385300.72,28,14,26820.0,1915.71,31,30
CUST06655,66,Female,233952.17,32,2,2340.0,1170.0,261,22
CUST06656,58,Female,483049.52,99,22,70200.0,3190.91,49,22
CUST06657,44,Male,806536.81,71,13,13580.0,1044.62,61,23
CUST06658,52,Male,903344.51,71,3,5690.0,1896.67,6,27
CUST06659,69,Male,194994.73,85,8,9670.0,1208.75,38,31
CUST06660,62,Male,654249.21,32,25,33790.0,1351.6,80,29
CUST06661,52,Female,615530.46,38,16,28020.0,1751.25,62,22
CUST06662,45,Male,707694.17,20,15,37220.0,2481.33,29,26
CUST06663,56,Female,502951.96,8,6,21750.0,3625.0,21,31
CUST06664,55,Male,225464.67,68,17,24510.0,1441.76,129,23
CUST06665,26,Female,406851.95,26,9,12110.0,1345.56,156,28
CUST06666,29,Male,330546.65,79,7,9260.0,1322.86,223,22
CUST06667,32,Male,313985.56,70,18,38560.0,2142.22,4,20
CUST06668,38,Female,711459.25,48,3,9000.0,3000.0,104,31
CUST06669,69,Male,463046.88,96,4,4260.0,1065.0,356,28
CUST06670,52,Male,596920.51,69,6,7550.0,1258.33,169,25
CUST06671,59,Male,804242.59,108,13,39410.0,3031.54,20,29
CUST06672,50,Female,230042.22,46,9,17000.0,1888.89,37,27
CUST06673,68,Female,1028761.05,58,6,13690.0,2281.67,240,24
CUST06674,36,Female,1117165.99,70,13,22670.0,1743.85,18,23
CUST06675,40,Female,224859.35,67,4,8860.0,2215.0,511,28
CUST06676,30,Other,682868.37,29,5,10320.0,2064.0,31,23
CUST06677,61,Female,1223956.19,83,9,16510.0,1834.44,287,27
CUST06678,18,Female,266708.83,10,8,12410.0,1551.25,42,26
CUST06679,68,Female,294976.29,71,8,26230.0,3278.75,7,17
CUST06680,46,Male,721055.64,109,10,12670.0,1267.0,249,25
CUST06681,41,Other,614587.11,65,5,6170.0,1234.0,198,24
CUST06682,33,Female,551601.02,65,26,40850.0,1571.15,25,32
CUST06683,42,Male,446744.04,17,10,14680.0,1468.0,12,24
CUST06684,40,Male,536182.78,22,3,6960.0,2320.0,117,31
CUST06685,45,Male,180000.0,100,22,77890.0,3540.45,85,24
CUST06686,64,Male,291412.51,14,10,24060.0,2406.0,0,26
CUST06687,33,Male,475418.1,6,2,3620.0,1810.0,100,28
CUST06688,60,Male,193446.97,30,9,13330.0,1481.11,100,26
CUST06689,55,Male,469387.55,110,15,34810.0,2320.67,147,25
CUST06690,28,Female,496153.32,47,10,20890.0,2089.0,32,27
CUST06691,20,Male,358825.55,97,2,1400.0,700.0,537,26
CUST06692,32,Male,368423.83,20,23,38190.0,1660.43,9,35
CUST06693,18,Male,312324.92,16,2,3490.0,1745.0,79,25
CUST06694,24,Female,402106.43,68,3,8300.0,2766.67,153,20
CUST06695,18,Male,587944.09,34,7,17110.0,2444.29,34,21
CUST06696,66,Male,606559.99,1,19,45000.0,2368.42,0,29
CUST06697,49,Female,792870.64,77,20,30020.0,1501.0,2,29
CUST06698,26,Male,465889.01,48,5,15710.0,3142.0,129,26
CUST06699,46,Male,614202.96,8,12,17040.0,1420.0,19,27
CUST06700,43,Male,260220.15,22,12,69300.0,5775.0,45,28
CUST06701,40,Female,549049.89,68,3,4220.0,1406.67,85,30
CUST06702,62,Female,452316.33,34,8,16390.0,2048.75,0,30
CUST06703,60,Female,625990.95,60,14,18970.0,1355.0,18,23
CUST06704,46,Male,440372.74,45,3,3440.0,1146.67,103,24
CUST06705,69,Female,422131.62,37,13,39210.0,3016.15,205,19
CUST06706,55,Male,345209.02,23,3,11060.0,3686.67,430,15
CUST06707,50,Male,786827.34,84,3,4560.0,1520.0,474,15
CUST06708,24,Male,379427.59,117,5,9090.0,1818.0,3,18
CUST06709,29,Female,1157028.57,24,1,1810.0,1810.0,602,27
CUST06710,48,Male,277124.36,91,5,10180.0,2036.0,248,26
CUST06711,49,Female,846966.14,13,1,1710.0,1710.0,329,15
CUST06712,37,Female,187774.79,69,2,7030.0,3515.0,361,29
CUST06713,68,Male,463329.54,80,12,14280.0,1190.0,46,20
CUST06714,34,Male,383765.94,60,17,52270.0,3074.71,2,27
CUST06715,53,Male,609335.97,38,26,73130.0,2812.69,28,26
CUST06716,20,Male,722093.92,48,25,53080.0,2123.2,7,21
CUST06717,18,Male,1193926.28,93,2,2790.0,1395.0,248,30
CUST06718,67,Female,393540.76,26,15,56390.0,3759.33,48,20
CUST06719,44,Male,358963.58,86,4,4980.0,1245.0,12,31
CUST06720,70,Female,743673.64,88,9,16270.0,1807.78,2,29
CUST06721,64,Male,470333.15,77,13,37220.0,2863.08,151,29
CUST06722,57,Female,375692.63,107,9,35220.0,3913.33,56,24
CUST06723,50,Female,409178.3,85,8,26700.0,3337.5,199,19
CUST06724,37,Female,363164.27,1,8,17290.0,2161.25,5,22
CUST06725,31,Female,235917.74,4,14,14940.0,1067.14,8,23
CUST06726,53,Male,1010263.18,67,2,3040.0,1520.0,406,30
CUST06727,22,Male,622895.65,114,10,22720.0,2272.0,60,29
CUST06728,40,Female,242209.46,87,5,6290.0,1258.0,172,35
CUST06729,62,Female,981878.53,80,15,49100.0,3273.33,34,34
CUST06730,32,Female,541481.6,109,15,37320.0,2488.0,27,33
CUST06731,23,Male,454567.29,13,7,18800.0,2685.71,15,32
CUST06732,50,Male,634581.59,39,13,16290.0,1253.08,8,26
CUST06733,36,Male,411037.49,31,1,1140.0,1140.0,438,24
CUST06734,30,Female,276607.81,24,7,12070.0,1724.29,18,27
CUST06735,46,Female,392310.89,111,2,5510.0,2755.0,105,33
CUST06736,23,Female,483805.77,79,6,15720.0,2620.0,91,29
CUST06737,32,Female,333513.2,5,5,10450.0,2090.0,15,24
CUST06738,33,Female,628599.63,49,11,17160.0,1560.0,8,32
CUST06739,41,Female,889263.85,86,6,14430.0,2405.0,195,23
CUST06740,40,Male,424206.98,86,9,37340.0,4148.89,19,23
CUST06741,65,Female,180000.0,11,20,33930.0,1696.5,8,28
CUST06742,27,Male,463979.73,24,14,33790.0,2413.57,28,26
CUST06743,58,Female,341051.36,45,4,8830.0,2207.5,161,18
CUST06744,58,Male,454045.42,74,6,13540.0,2256.67,139,29
CUST06745,66,Female,451375.39,111,8,14710.0,1838.75,9,22
CUST06746,34,Female,339349.86,34,2,2360.0,1180.0,193,26
CUST06747,66,Female,270254.93,11,1,800.0,800.0,8,27
CUST06748,61,Female,502799.57,57,5,18430.0,3686.0,210,20
CUST06749,62,Female,353913.25,107,13,20950.0,1611.54,25,22
CUST06750,47,Female,1095869.68,29,14,28500.0,2035.71,75,24
CUST06751,61,Male,558619.63,22,1,1900.0,1900.0,549,20
CUST06752,63,Female,359413.36,33,17,36730.0,2160.59,90,30
CUST06753,27,Male,403946.94,72,15,20700.0,1380.0,45,19
CUST06754,36,Female,467051.94,49,8,14660.0,1832.5,3,23
CUST06755,46,Female,522534.51,96,3,8210.0,2736.67,277,29
CUST06756,19,Female,659831.33,104,18,19570.0,1087.22,43,24
CUST06757,53,Female,837005.46,109,1,730.0,730.0,708,29
CUST06758,36,Female,484271.4,23,4,4460.0,1115.0,250,21
CUST06759,24,Female,613670.84,69,12,44810.0,3734.17,16,15
CUST06760,43,Female,605772.94,95,16,32510.0,2031.88,100,29
CUST06761,32,Female,522724.2,29,1,1090.0,1090.0,104,29
CUST06762,64,Female,455394.38,6,7,8790.0,1255.71,33,21
CUST06763,55,Male,532873.02,52,5,16240.0,3248.0,22,29
CUST06764,20,Female,372661.42,89,8,14780.0,1847.5,9,38
CUST06765,55,Female,300110.78,89,2,2630.0,1315.0,18,34
CUST06766,33,Other,957598.59,95,12,20150.0,1679.17,8,19
CUST06767,19,Female,550947.14,14,7,20480.0,2925.71,46,27
CUST06768,48,Male,565414.29,17,6,4260.0,710.0,64,27
CUST06769,45,Male,453584.55,80,10,32640.0,3264.0,7,19
CUST06770,24,Female,625653.73,28,11,27320.0,2483.64,67,28
CUST06771,47,Female,461122.81,9,10,11170.0,1117.0,8,27
CUST06772,60,Female,252620.36,115,6,21980.0,3663.33,1,28
CUST06773,24,Male,393090.37,66,23,50590.0,2199.57,0,27
CUST06774,53,Female,654276.55,4,5,20310.0,4062.0,10,35
CUST06775,46,Female,382792.12,20,0,0.0,0.0,9999,20
CUST06776,41,Male,219178.04,41,21,51250.0,2440.48,61,22
CUST06777,69,Male,438162.85,36,11,22070.0,2006.36,31,27
CUST06778,56,Male,229476.87,101,4,4620.0,1155.0,315,18
CUST06779,21,Male,435211.04,6,6,17020.0,2836.67,19,25
CUST06780,46,Male,852379.4,116,23,46870.0,2037.83,18,21
CUST06781,61,Male,282119.15,65,5,6760.0,1352.0,114,26
CUST06782,22,Female,669276.89,109,28,57700.0,2060.71,29,26
CUST06783,46,Male,1081691.91,50,5,19470.0,3894.0,301,22
CUST06784,47,Male,886662.09,64,0,0.0,0.0,9999,27
CUST06785,46,Male,451320.76,3,14,33610.0,2400.71,2,23
CUST06786,43,Male,331213.16,116,4,6210.0,1552.5,188,24
CUST06787,36,Female,540939.0,37,6,9500.0,1583.33,38,24
CUST06788,43,Male,544318.41,109,14,29270.0,2090.71,97,25
CUST06789,54,Female,756984.7,106,17,50120.0,2948.24,84,27
CUST06790,44,Female,511646.27,3,10,27270.0,2727.0,1,26
CUST06791,47,Male,599334.59,107,0,0.0,0.0,9999,28
CUST06792,68,Female,332147.45,33,4,10550.0,2637.5,172,25
CUST06793,70,Female,697469.69,59,2,760.0,380.0,386,23
CUST06794,47,Male,281571.84,15,1,2940.0,2940.0,2,25
CUST06795,20,Female,376992.37,120,9,18350.0,2038.89,81,27
CUST06796,60,Female,655234.08,56,14,24950.0,1782.14,132,19
CUST06797,24,Female,893846.84,61,1,4030.0,4030.0,132,41
CUST06798,66,Male,680168.63,68,6,27570.0,4595.0,85,19
CUST06799,26,Female,492764.6,79,2,4690.0,2345.0,26,23
CUST06800,70,Male,494819.76,71,19,41620.0,2190.53,2,16
CUST06801,58,Male,332312.32,111,3,3610.0,1203.33,16,19
CUST06802,59,Male,423420.75,68,0,0.0,0.0,9999,23
CUST06803,30,Female,211134.36,62,15,26640.0,1776.0,27,27
CUST06804,32,Female,1054839.54,67,7,20090.0,2870.0,109,25
CUST06805,22,Male,1355469.11,23,16,19010.0,1188.12,47,23
CUST06806,46,Male,208584.39,14,7,19560.0,2794.29,190,18
CUST06807,52,Female,262231.76,6,5,7440.0,1488.0,56,18
CUST06808,44,Female,923046.72,33,8,14840.0,1855.0,16,31
CUST06809,44,Male,351244.31,9,8,21700.0,2712.5,23,31
CUST06810,25,Female,932536.69,12,4,11730.0,2932.5,64,19
CUST06811,49,Male,701951.15,114,2,2880.0,1440.0,231,27
CUST06812,37,Female,432771.21,99,7,12570.0,1795.71,26,27
CUST06813,27,Female,764883.64,117,20,72010.0,3600.5,16,23
CUST06814,30,Male,491826.93,95,7,19240.0,2748.57,70,25
CUST06815,46,Female,487987.25,51,1,1410.0,1410.0,391,28
CUST06816,52,Female,634277.91,3,7,11150.0,1592.86,5,22
CUST06817,25,Male,714119.99,56,1,1740.0,1740.0,298,25
CUST06818,46,Male,784981.86,46,9,15510.0,1723.33,172,21
CUST06819,48,Male,1442868.98,36,3,4090.0,1363.33,76,27
CUST06820,58,Male,589156.6,13,11,24660.0,2241.82,64,26
CUST06821,47,Female,894621.74,13,20,21010.0,1050.5,7,23
CUST06822,39,Male,883495.55,58,4,3830.0,957.5,138,27
CUST06823,38,Female,680530.3,98,2,5880.0,2940.0,430,29
CUST06824,29,Male,394344.44,85,2,2030.0,1015.0,147,32
CUST06825,28,Other,819112.62,34,2,15660.0,7830.0,468,24
CUST06826,19,Male,611085.3,106,23,25500.0,1108.7,34,20
CUST06827,67,Male,279972.11,43,21,72610.0,3457.62,38,32
CUST06828,58,Male,788998.62,28,0,0.0,0.0,9999,28
CUST06829,19,Female,240523.86,56,15,39410.0,2627.33,34,24
CUST06830,51,Male,669158.25,47,13,15240.0,1172.31,63,24
CUST06831,20,Male,390005.06,35,6,11600.0,1933.33,124,24
CUST06832,33,Female,538117.35,78,19,25700.0,1352.63,152,28
CUST06833,68,Female,267001.1,82,15,30030.0,2002.0,3,33
CUST06834,21,Female,360987.33,19,13,55830.0,4294.62,21,39
CUST06835,40,Male,395062.55,83,1,5580.0,5580.0,524,27
CUST06836,67,Male,466883.07,97,4,7210.0,1802.5,33,20
CUST06837,37,Female,382594.89,51,10,26290.0,2629.0,272,21
CUST06838,42,Female,584722.34,99,16,55610.0,3475.62,53,26
CUST06839,47,Male,619705.95,20,9,31220.0,3468.89,57,23
CUST06840,35,Male,408981.43,29,19,28150.0,1481.58,55,23
CUST06841,59,Other,508863.75,72,1,1000.0,1000.0,520,24
CUST06842,28,Male,635115.93,89,27,50440.0,1868.15,45,32
CUST06843,46,Female,182101.84,81,3,5910.0,1970.0,141,23
CUST06844,34,Male,610074.74,65,25,50570.0,2022.8,2,23
CUST06845,43,Female,374591.06,38,7,11860.0,1694.29,67,25
CUST06846,40,Female,180000.0,49,2,2770.0,1385.0,386,24
CUST06847,69,Male,419174.85,117,9,13000.0,1444.44,28,22
CUST06848,65,Male,317698.28,94,5,7110.0,1422.0,43,28
CUST06849,37,Female,404819.03,28,17,61640.0,3625.88,52,26
CUST06850,62,Male,616946.99,33,25,44320.0,1772.8,15,31
CUST06851,19,Female,733134.22,13,9,13500.0,1500.0,33,29
CUST06852,41,Female,893310.1,88,20,43320.0,2166.0,2,30
CUST06853,48,Female,918210.78,44,15,26840.0,1789.33,19,34
CUST06854,44,Male,313615.49,101,7,10710.0,1530.0,67,21
CUST06855,19,Male,861868.44,86,6,11270.0,1878.33,139,18
CUST06856,31,Female,288331.85,52,3,14640.0,4880.0,51,21
CUST06857,21,Male,804902.47,77,8,26770.0,3346.25,47,32
CUST06858,66,Other,646506.19,104,9,16460.0,1828.89,178,18
CUST06859,30,Other,539914.66,76,4,15600.0,3900.0,82,22
CUST06860,53,Male,335555.07,41,4,7550.0,1887.5,94,23
CUST06861,52,Male,857057.19,49,15,63750.0,4250.0,23,28
CUST06862,61,Male,317721.71,110,2,3800.0,1900.0,562,31
CUST06863,25,Other,494945.35,7,10,20860.0,2086.0,11,17
CUST06864,19,Male,515523.7,36,9,13220.0,1468.89,14,31
CUST06865,23,Male,232894.35,93,5,8780.0,1756.0,12,16
CUST06866,48,Female,534673.48,93,16,40520.0,2532.5,45,20
CUST06867,27,Male,305420.28,26,3,14040.0,4680.0,163,25
CUST06868,61,Male,956214.12,27,9,20560.0,2284.44,43,28
CUST06869,38,Male,1688071.76,24,6,15720.0,2620.0,7,25
CUST06870,59,Female,359386.0,95,1,1820.0,1820.0,470,29
CUST06871,27,Male,418954.23,71,1,1360.0,1360.0,416,25
CUST06872,40,Female,538868.78,81,3,6050.0,2016.67,99,30
CUST06873,20,Female,197818.16,113,13,29490.0,2268.46,27,29
CUST06874,49,Female,1047496.12,33,17,21430.0,1260.59,11,27
CUST06875,37,Female,433196.2,98,18,46490.0,2582.78,6,29
CUST06876,27,Male,417676.53,18,5,8350.0,1670.0,17,34
CUST06877,46,Male,681955.0,105,7,16920.0,2417.14,51,30
CUST06878,58,Male,519488.83,5,11,19230.0,1748.18,3,32
CUST06879,69,Female,538416.24,1,4,6090.0,1522.5,16,35
CUST06880,68,Male,730854.01,71,1,1250.0,1250.0,475,17
CUST06881,63,Male,472642.22,98,15,26960.0,1797.33,7,29
CUST06882,51,Male,301584.82,3,25,80920.0,3236.8,2,28
CUST06883,54,Male,867322.28,36,2,4300.0,2150.0,171,39
CUST06884,37,Female,384189.37,35,16,39980.0,2498.75,62,24
CUST06885,25,Female,393771.87,51,10,17580.0,1758.0,2,33
CUST06886,24,Male,554709.31,12,6,8800.0,1466.67,17,27
CUST06887,23,Female,277784.92,15,2,1790.0,895.0,194,22
CUST06888,28,Female,556839.95,4,6,16460.0,2743.33,1,18
CUST06889,61,Female,765867.23,56,1,2490.0,2490.0,553,20
CUST06890,35,Female,1017968.97,97,1,2980.0,2980.0,503,30
CUST06891,68,Male,697620.15,16,16,65830.0,4114.38,100,23
CUST06892,59,Male,810351.72,93,1,1590.0,1590.0,710,27
CUST06893,46,Female,374960.06,6,4,9730.0,2432.5,5,30
CUST06894,42,Female,724893.16,63,6,15300.0,2550.0,78,19
CUST06895,38,Female,458796.04,113,23,40620.0,1766.09,16,14
CUST06896,63,Female,842485.96,101,18,101300.0,5627.78,0,19
CUST06897,20,Female,523615.68,23,16,29870.0,1866.88,7,28
CUST06898,35,Female,812010.26,77,9,22260.0,2473.33,151,28
CUST06899,41,Female,537641.86,44,3,7980.0,2660.0,184,29
CUST06900,64,Male,353992.66,1,7,16710.0,2387.14,8,29
CUST06901,55,Female,508984.89,57,1,1580.0,1580.0,656,24
CUST06902,27,Female,430854.45,76,3,9550.0,3183.33,66,27
CUST06903,44,Female,896374.86,27,22,40750.0,1852.27,31,30
CUST06904,29,Male,271610.21,25,19,33490.0,1762.63,13,30
CUST06905,24,Male,235057.7,86,11,18140.0,1649.09,168,24
CUST06906,34,Female,570261.37,62,5,5750.0,1150.0,20,31
CUST06907,18,Female,432296.37,98,21,53160.0,2531.43,4,17
CUST06908,67,Female,298583.27,18,12,24250.0,2020.83,61,26
CUST06909,43,Male,492149.57,105,10,16730.0,1673.0,22,22
CUST06910,32,Male,563645.26,80,14,25780.0,1841.43,24,21
CUST06911,68,Male,869093.75,93,0,0.0,0.0,9999,22
CUST06912,50,Female,217211.64,30,6,14730.0,2455.0,149,27
CUST06913,54,Male,543517.26,30,12,35700.0,2975.0,33,20
CUST06914,64,Female,1046465.63,84,5,8980.0,1796.0,28,24
CUST06915,48,Male,1024442.33,47,1,1050.0,1050.0,581,25
CUST06916,52,Female,521224.68,22,5,10210.0,2042.0,39,27
CUST06917,18,Female,383251.76,42,9,41410.0,4601.11,121,30
CUST06918,25,Female,442894.0,34,6,7190.0,1198.33,31,25
CUST06919,29,Male,321001.68,63,2,4780.0,2390.0,378,25
CUST06920,36,Female,409922.4,4,6,24490.0,4081.67,53,15
CUST06921,42,Male,517927.53,114,12,20990.0,1749.17,15,29
CUST06922,49,Male,617926.23,31,16,66480.0,4155.0,21,26
CUST06923,29,Male,734095.12,51,14,47590.0,3399.29,2,17
CUST06924,30,Female,475724.99,50,1,2120.0,2120.0,452,33
CUST06925,45,Male,460154.18,14,2,2100.0,1050.0,248,24
CUST06926,18,Female,741743.54,8,21,38780.0,1846.67,7,28
CUST06927,68,Male,428463.98,101,4,3700.0,925.0,7,15
CUST06928,23,Male,684729.71,69,5,12010.0,2402.0,46,22
CUST06929,25,Male,237760.16,8,6,13700.0,2283.33,31,20
CUST06930,21,Female,616954.13,11,10,17090.0,1709.0,13,26
CUST06931,22,Male,1294074.52,120,7,15060.0,2151.43,57,20
CUST06932,42,Female,329536.51,29,12,14010.0,1167.5,33,25
CUST06933,39,Female,952894.65,55,8,21000.0,2625.0,1,32
CUST06934,45,Female,683264.16,85,0,0.0,0.0,9999,29
CUST06935,56,Male,741138.5,39,6,9450.0,1575.0,223,17
CUST06936,40,Male,675810.51,13,3,10840.0,3613.33,33,28
CUST06937,21,Female,375684.48,64,9,8190.0,910.0,16,33
CUST06938,69,Female,278117.7,49,14,17850.0,1275.0,12,17
CUST06939,21,Male,619014.07,19,9,23740.0,2637.78,44,24
CUST06940,64,Female,473121.02,67,10,20790.0,2079.0,49,17
CUST06941,38,Male,267243.69,98,8,12210.0,1526.25,133,20
CUST06942,54,Female,407624.7,102,3,9440.0,3146.67,126,25
CUST06943,58,Male,311161.94,83,9,11790.0,1310.0,65,32
CUST06944,19,Male,1185156.39,96,17,23850.0,1402.94,5,22
CUST06945,24,Male,730273.77,111,1,1060.0,1060.0,27,28
CUST06946,66,Female,321998.88,100,1,590.0,590.0,151,35
CUST06947,33,Other,626575.45,115,2,4990.0,2495.0,186,25
CUST06948,34,Male,296867.37,103,10,14120.0,1412.0,1,23
CUST06949,37,Female,220636.32,52,11,32660.0,2969.09,13,31
CUST06950,40,Female,365156.95,117,9,12350.0,1372.22,16,22
CUST06951,51,Female,467228.6,78,13,26190.0,2014.62,50,24
CUST06952,28,Male,593943.71,71,4,17690.0,4422.5,153,26
CUST06953,51,Female,739554.64,20,3,2700.0,900.0,343,28
CUST06954,50,Male,425624.28,96,5,8530.0,1706.0,363,22
CUST06955,43,Male,677074.4,110,8,13420.0,1677.5,78,21
CUST06956,19,Female,243643.77,54,8,17790.0,2223.75,45,16
CUST06957,40,Female,967177.14,95,4,10120.0,2530.0,303,25
CUST06958,58,Female,247498.96,86,20,32030.0,1601.5,3,27
CUST06959,39,Female,400362.22,5,4,5500.0,1375.0,33,34
CUST06960,51,Female,364170.87,95,7,28970.0,4138.57,61,28
CUST06961,32,Male,261869.05,79,22,94120.0,4278.18,12,18
CUST06962,27,Male,580336.19,108,3,4640.0,1546.67,160,35
CUST06963,32,Female,1077928.47,62,22,48330.0,2196.82,85,20
CUST06964,59,Female,221037.86,17,20,69050.0,3452.5,1,24
CUST06965,46,Other,180000.0,120,8,10200.0,1275.0,152,33
CUST06966,40,Female,337296.51,53,10,10040.0,1004.0,0,25
CUST06967,34,Female,449782.99,37,4,14310.0,3577.5,33,21
CUST06968,26,Female,706009.13,19,8,34670.0,4333.75,22,26
CUST06969,67,Male,402876.29,10,5,18240.0,3648.0,87,23
CUST06970,53,Male,218135.19,44,5,15640.0,3128.0,90,27
CUST06971,26,Female,890699.82,98,4,6670.0,1667.5,109,21
CUST06972,33,Female,331289.87,49,1,2610.0,2610.0,151,24
CUST06973,53,Other,664055.2,89,13,20260.0,1558.46,112,29
CUST06974,65,Male,299591.21,37,3,7840.0,2613.33,317,30
CUST06975,68,Female,460396.82,58,5,11170.0,2234.0,81,25
CUST06976,50,Female,586811.15,92,11,42190.0,3835.45,40,30
CUST06977,48,Female,340139.55,15,20,37280.0,1864.0,38,27
CUST06978,23,Male,605344.62,20,9,23200.0,2577.78,42,32
CUST06979,27,Female,425496.31,55,6,12800.0,2133.33,88,25
CUST06980,33,Female,407125.76,13,22,51480.0,2340.0,28,21
CUST06981,21,Female,985814.87,20,10,23700.0,2370.0,47,20
CUST06982,39,Female,586613.56,43,4,17660.0,4415.0,221,22
CUST06983,30,Female,622975.14,95,4,10740.0,2685.0,45,24
CUST06984,33,Male,696478.06,82,1,1670.0,1670.0,505,26
CUST06985,69,Male,647907.92,41,3,2880.0,960.0,175,31
CUST06986,46,Female,587064.11,48,6,5270.0,878.33,113,29
CUST06987,23,Male,873772.54,56,12,22470.0,1872.5,80,25
CUST06988,43,Other,327935.66,92,1,1760.0,1760.0,580,26
CUST06989,28,Male,534472.27,111,1,4140.0,4140.0,622,25
CUST06990,41,Male,434949.41,68,9,15100.0,1677.78,85,25
CUST06991,46,Female,532764.57,88,6,7650.0,1275.0,41,23
CUST06992,20,Male,365160.63,44,14,28770.0,2055.0,0,27
CUST06993,69,Female,240905.26,109,9,14580.0,1620.0,69,21
CUST06994,27,Female,716701.63,73,7,15170.0,2167.14,11,23
CUST06995,18,Male,1480792.63,47,20,57420.0,2871.0,6,24
CUST06996,69,Female,811523.37,50,3,15200.0,5066.67,119,18
CUST06997,60,Male,738678.58,116,3,4710.0,1570.0,268,25
CUST06998,43,Female,560817.59,32,7,11010.0,1572.86,32,24
CUST06999,29,Male,466336.6,96,20,47620.0,2381.0,66,23
CUST07000,31,Male,478959.65,54,6,6340.0,1056.67,133,22
CUST07001,42,Female,476259.1,39,7,10750.0,1535.71,1,29
CUST07002,25,Female,373556.14,85,9,15640.0,1737.78,11,26
CUST07003,60,Male,237445.66,58,5,10900.0,2180.0,76,28
CUST07004,21,Female,546801.03,108,1,2030.0,2030.0,664,29
CUST07005,45,Female,441075.86,106,11,25570.0,2324.55,15,26
CUST07006,24,Female,834874.65,61,1,1810.0,1810.0,210,20
CUST07007,27,Male,697401.83,103,13,54520.0,4193.85,72,29
CUST07008,68,Female,200419.46,110,13,16660.0,1281.54,151,27
CUST07009,53,Female,1081174.54,91,6,7080.0,1180.0,69,35
CUST07010,19,Female,396390.06,111,13,27000.0,2076.92,26,26
CUST07011,43,Other,425022.87,100,5,8060.0,1612.0,86,25
CUST07012,70,Male,235063.03,72,7,11460.0,1637.14,110,34
CUST07013,67,Male,563706.3,83,2,2430.0,1215.0,156,20
CUST07014,31,Male,601624.35,93,1,2540.0,2540.0,435,42
CUST07015,33,Male,1081261.3,19,4,7540.0,1885.0,293,27
CUST07016,60,Male,733295.32,69,21,51120.0,2434.29,33,29
CUST07017,59,Female,398594.47,22,6,10520.0,1753.33,60,23
CUST07018,34,Male,225164.86,35,23,74320.0,3231.3,7,23
CUST07019,63,Male,385811.8,10,4,5750.0,1437.5,157,23
CUST07020,39,Male,799815.39,15,2,5650.0,2825.0,53,23
CUST07021,21,Male,418112.26,2,12,27070.0,2255.83,2,20
CUST07022,36,Male,305619.61,117,0,0.0,0.0,9999,29
CUST07023,19,Female,539555.0,106,22,22280.0,1012.73,9,26
CUST07024,56,Male,430117.46,22,24,78300.0,3262.5,10,34
CUST07025,26,Other,407156.0,112,10,5480.0,548.0,27,32
CUST07026,36,Male,357046.56,99,4,6500.0,1625.0,169,18
CUST07027,33,Female,525136.6,103,27,60390.0,2236.67,18,32
CUST07028,42,Male,793274.48,83,4,10310.0,2577.5,292,25
CUST07029,65,Female,630177.12,111,2,3580.0,1790.0,206,25
CUST07030,35,Female,210044.29,12,2,7270.0,3635.0,130,21
CUST07031,40,Female,1004858.25,98,1,750.0,750.0,319,24
CUST07032,70,Female,701168.64,62,14,64480.0,4605.71,7,31
CUST07033,38,Other,573266.89,45,8,7700.0,962.5,74,28
CUST07034,28,Female,605236.14,58,0,0.0,0.0,9999,27
CUST07035,56,Female,650459.62,20,4,14450.0,3612.5,12,27
CUST07036,58,Female,595702.22,51,2,1990.0,995.0,220,19
CUST07037,21,Female,324414.19,7,5,10480.0,2096.0,16,24
CUST07038,42,Female,628286.65,24,21,18720.0,891.43,68,37
CUST07039,49,Male,538050.36,67,17,49760.0,2927.06,1,20
CUST07040,47,Female,603459.55,70,4,7610.0,1902.5,215,22
CUST07041,62,Female,375590.32,97,4,6240.0,1560.0,240,26
CUST07042,43,Female,817187.97,53,4,13490.0,3372.5,107,29
CUST07043,53,Male,388474.73,34,6,11150.0,1858.33,68,29
CUST07044,68,Female,489264.77,33,25,59430.0,2377.2,4,28
CUST07045,51,Female,397853.7,93,4,11610.0,2902.5,63,25
CUST07046,26,Female,319163.26,23,2,4120.0,2060.0,77,22
CUST07047,29,Male,689975.95,58,1,2260.0,2260.0,63,22
CUST07048,19,Male,399078.99,68,4,8660.0,2165.0,113,16
CUST07049,55,Male,534026.44,69,14,19780.0,1412.86,12,28
CUST07050,22,Female,267519.22,98,18,88460.0,4914.44,58,16
CUST07051,22,Male,220648.23,80,6,10640.0,1773.33,37,22
CUST07052,69,Female,1089307.52,40,15,54270.0,3618.0,3,23
CUST07053,39,Female,1020969.31,47,5,5270.0,1054.0,34,32
CUST07054,22,Other,380933.95,43,15,27900.0,1860.0,175,25
CUST07055,21,Male,613764.66,61,15,53920.0,3594.67,34,20
CUST07056,26,Male,409100.0,42,15,54690.0,3646.0,51,24
CUST07057,46,Female,675181.3,62,6,18190.0,3031.67,110,19
CUST07058,39,Female,307296.37,67,14,59910.0,4279.29,56,20
CUST07059,44,Male,294345.18,55,9,21400.0,2377.78,121,19
CUST07060,27,Female,504892.94,107,17,24540.0,1443.53,24,27
CUST07061,33,Female,593861.66,49,1,1540.0,1540.0,64,25
CUST07062,59,Male,365186.77,106,1,3910.0,3910.0,65,23
CUST07063,59,Male,277986.96,49,16,62570.0,3910.62,21,18
CUST07064,68,Female,880853.28,78,7,13810.0,1972.86,249,18
CUST07065,27,Male,405716.62,119,0,0.0,0.0,9999,26
CUST07066,23,Male,407580.12,33,21,25970.0,1236.67,54,24
CUST07067,66,Male,870694.67,28,12,48220.0,4018.33,43,23
CUST07068,22,Female,1371029.36,57,3,4310.0,1436.67,84,20
CUST07069,23,Female,579413.94,41,8,15260.0,1907.5,94,25
CUST07070,64,Male,742802.03,120,14,29130.0,2080.71,77,23
CUST07071,42,Male,299594.39,120,10,12750.0,1275.0,22,28
CUST07072,68,Male,694708.49,79,4,5390.0,1347.5,56,27
CUST07073,67,Female,734432.12,4,3,4540.0,1513.33,13,25
CUST07074,21,Male,324984.95,20,2,2560.0,1280.0,64,22
CUST07075,57,Female,393074.68,117,4,4980.0,1245.0,136,25
CUST07076,65,Male,867011.51,89,22,35500.0,1613.64,27,22
CUST07077,49,Male,441570.22,35,5,7780.0,1556.0,152,30
CUST07078,68,Male,948994.91,116,2,3890.0,1945.0,318,31
CUST07079,69,Female,504376.39,53,3,5780.0,1926.67,3,21
CUST07080,52,Female,493475.74,39,11,22140.0,2012.73,106,30
CUST07081,27,Female,775836.03,53,3,3240.0,1080.0,533,25
CUST07082,51,Male,1259288.99,86,3,9030.0,3010.0,93,24
CUST07083,53,Male,672833.15,99,6,14480.0,2413.33,18,24
CUST07084,23,Female,540918.58,118,22,31580.0,1435.45,2,21
CUST07085,60,Female,884068.82,118,3,12280.0,4093.33,376,21
CUST07086,63,Female,912042.51,111,3,4290.0,1430.0,26,17
CUST07087,33,Male,635996.4,92,1,2180.0,2180.0,655,23
CUST07088,70,Male,592812.86,10,7,33670.0,4810.0,2,20
CUST07089,36,Male,685518.41,80,5,12140.0,2428.0,153,26
CUST07090,51,Female,262714.41,113,2,8100.0,4050.0,215,25
CUST07091,42,Female,312146.09,87,3,2650.0,883.33,124,29
CUST07092,48,Female,557218.31,83,14,43070.0,3076.43,28,31
CUST07093,66,Male,353533.96,65,18,39440.0,2191.11,3,24
CUST07094,58,Female,508247.62,1,3,2400.0,800.0,17,27
CUST07095,34,Male,547955.11,53,12,27140.0,2261.67,46,32
CUST07096,64,Male,321412.66,46,5,15480.0,3096.0,205,31
CUST07097,47,Other,653905.53,26,10,24300.0,2430.0,143,30
CUST07098,56,Female,212346.02,98,13,58850.0,4526.92,91,27
CUST07099,48,Female,432616.23,2,1,2400.0,2400.0,15,26
CUST07100,36,Female,250849.92,28,12,27360.0,2280.0,24,32
CUST07101,52,Male,432509.04,84,4,9000.0,2250.0,11,26
CUST07102,46,Female,768867.45,106,4,11650.0,2912.5,53,23
CUST07103,18,Female,358080.38,111,2,6410.0,3205.0,267,25
CUST07104,21,Male,201138.28,27,8,12630.0,1578.75,38,21
CUST07105,45,Female,449992.66,28,2,4900.0,2450.0,195,20
CUST07106,35,Female,344090.51,31,10,24870.0,2487.0,6,17
CUST07107,43,Male,500365.28,47,4,5230.0,1307.5,174,26
CUST07108,57,Male,449711.26,7,2,4380.0,2190.0,40,30
CUST07109,36,Male,541089.9,72,12,28640.0,2386.67,76,18
CUST07110,23,Female,847522.48,96,9,34910.0,3878.89,14,32
CUST07111,18,Female,421969.28,75,21,50440.0,2401.9,12,26
CUST07112,25,Female,519852.36,48,1,1240.0,1240.0,355,34
CUST07113,50,Male,432344.08,26,6,21400.0,3566.67,62,28
CUST07114,68,Female,787711.12,55,9,26700.0,2966.67,3,19
CUST07115,60,Female,536577.76,89,5,6360.0,1272.0,295,28
CUST07116,38,Male,631687.11,7,2,3260.0,1630.0,119,30
CUST07117,41,Female,703887.45,84,0,0.0,0.0,9999,23
CUST07118,42,Female,208438.52,105,5,13630.0,2726.0,164,17
CUST07119,64,Male,712457.45,57,24,34990.0,1457.92,31,32
CUST07120,60,Male,593375.99,115,8,10380.0,1297.5,50,30
CUST07121,36,Female,369110.96,58,13,28150.0,2165.38,71,27
CUST07122,46,Female,892821.71,94,1,4250.0,4250.0,640,28
CUST07123,70,Female,779606.32,120,8,12100.0,1512.5,6,24
CUST07124,27,Female,459045.03,1,9,29470.0,3274.44,6,30
CUST07125,29,Male,196994.62,82,12,38580.0,3215.0,89,22
CUST07126,50,Male,487254.71,72,2,2380.0,1190.0,238,27
CUST07127,24,Female,319010.71,29,13,31990.0,2460.77,19,27
CUST07128,34,Male,186184.75,104,2,7420.0,3710.0,553,30
CUST07129,27,Female,649580.82,22,6,7670.0,1278.33,5,29
CUST07130,48,Male,994004.74,96,10,24170.0,2417.0,56,18
CUST07131,23,Male,479291.54,40,10,21270.0,2127.0,29,27
CUST07132,34,Male,561864.21,62,16,21700.0,1356.25,94,24
CUST07133,67,Male,914931.6,14,2,1880.0,940.0,167,27
CUST07134,54,Female,541664.61,120,3,4110.0,1370.0,78,20
CUST07135,35,Male,380126.85,2,2,11520.0,5760.0,0,35
CUST07136,43,Female,183397.18,35,4,8160.0,2040.0,31,25
CUST07137,66,Female,721524.47,71,1,1420.0,1420.0,165,26
CUST07138,33,Female,603451.92,67,3,4720.0,1573.33,14,28
CUST07139,25,Male,758989.47,79,7,27520.0,3931.43,8,35
CUST07140,41,Female,180000.0,107,4,8220.0,2055.0,290,25
CUST07141,30,Male,1272967.86,98,15,34450.0,2296.67,41,24
CUST07142,46,Other,350311.95,22,11,22330.0,2030.0,6,30
CUST07143,49,Female,817511.89,18,6,25070.0,4178.33,59,24
CUST07144,41,Male,212663.81,46,11,17440.0,1585.45,29,30
CUST07145,33,Female,352820.13,82,6,14260.0,2376.67,92,29
CUST07146,28,Male,391409.28,63,15,19570.0,1304.67,152,26
CUST07147,49,Male,315695.9,98,8,16880.0,2110.0,80,22
CUST07148,23,Female,345294.01,36,17,55800.0,3282.35,134,13
CUST07149,52,Male,1036575.71,46,20,35940.0,1797.0,1,22
CUST07150,50,Female,429158.73,103,14,24080.0,1720.0,39,27
CUST07151,35,Other,1303319.94,111,0,0.0,0.0,9999,34
CUST07152,54,Male,804004.39,102,3,35060.0,11686.67,345,18
CUST07153,30,Male,202859.84,37,21,66530.0,3168.1,3,34
CUST07154,27,Male,428633.9,116,3,10370.0,3456.67,103,24
CUST07155,54,Male,420237.33,18,27,54410.0,2015.19,8,20
CUST07156,43,Male,326560.55,43,17,42810.0,2518.24,66,25
CUST07157,63,Female,865680.45,104,24,56000.0,2333.33,5,21
CUST07158,34,Female,736930.28,29,22,48910.0,2223.18,47,30
CUST07159,18,Female,1319878.43,76,3,3600.0,1200.0,187,18
CUST07160,42,Male,406788.5,18,14,30200.0,2157.14,1,27
CUST07161,51,Female,609016.28,95,7,21580.0,3082.86,407,21
CUST07162,56,Female,426686.04,15,12,15530.0,1294.17,3,34
CUST07163,27,Male,417957.98,59,4,16130.0,4032.5,443,30
CUST07164,37,Male,720278.89,104,1,830.0,830.0,676,30
CUST07165,24,Male,1346362.53,94,12,45490.0,3790.83,42,21
CUST07166,33,Female,778761.05,100,12,18760.0,1563.33,21,25
CUST07167,54,Female,742143.74,28,3,6030.0,2010.0,24,18
CUST07168,46,Female,486932.23,53,18,51710.0,2872.78,2,23
CUST07169,29,Female,732201.51,15,4,12610.0,3152.5,20,32
CUST07170,34,Female,849510.03,43,13,17730.0,1363.85,96,21
CUST07171,65,Male,339737.62,33,2,9050.0,4525.0,564,29
CUST07172,37,Female,509439.64,2,2,4500.0,2250.0,4,21
CUST07173,43,Female,432135.26,59,3,7700.0,2566.67,275,30
CUST07174,65,Male,376148.57,8,14,42850.0,3060.71,74,15
CUST07175,36,Female,778248.95,112,20,39030.0,1951.5,33,22
CUST07176,64,Male,449733.55,33,1,3140.0,3140.0,729,22
CUST07177,29,Male,618910.88,35,6,12310.0,2051.67,28,22
CUST07178,38,Female,621242.73,18,8,13590.0,1698.75,70,26
CUST07179,59,Female,442859.58,90,24,79800.0,3325.0,53,35
CUST07180,51,Male,259739.77,112,15,35860.0,2390.67,3,30
CUST07181,24,Female,427011.68,21,5,11280.0,2256.0,193,30
CUST07182,62,Female,634179.21,64,2,10310.0,5155.0,20,22
CUST07183,52,Female,572898.92,28,18,31150.0,1730.56,38,27
CUST07184,32,Male,207822.53,84,10,36570.0,3657.0,36,27
CUST07185,18,Male,720336.54,116,14,28820.0,2058.57,77,17
CUST07186,43,Male,389759.51,45,11,15460.0,1405.45,11,32
CUST07187,52,Male,646979.19,20,9,33460.0,3717.78,30,27
CUST07188,42,Male,721489.51,4,4,13420.0,3355.0,1,22
CUST07189,59,Female,617844.41,36,13,26180.0,2013.85,94,30
CUST07190,32,Male,1166296.29,118,4,12800.0,3200.0,51,25
CUST07191,39,Male,783935.75,98,20,61170.0,3058.5,1,14
CUST07192,23,Male,407705.69,109,11,32030.0,2911.82,117,22
CUST07193,69,Male,426852.72,77,8,24210.0,3026.25,5,22
CUST07194,32,Male,483346.39,95,14,33430.0,2387.86,68,30
CUST07195,41,Male,426852.49,52,4,5610.0,1402.5,379,22
CUST07196,38,Female,590455.64,39,5,11930.0,2386.0,147,24
CUST07197,24,Male,300178.26,71,10,21170.0,2117.0,61,27
CUST07198,46,Female,931325.32,81,16,12860.0,803.75,7,26
CUST07199,49,Female,509418.85,106,7,33390.0,4770.0,70,24
CUST07200,49,Male,919223.54,12,5,13170.0,2634.0,21,26
CUST07201,70,Male,293534.75,55,2,1830.0,915.0,449,24
CUST07202,22,Male,294006.7,118,11,39380.0,3580.0,68,21
CUST07203,21,Male,812663.34,94,3,5940.0,1980.0,399,32
CUST07204,39,Male,373645.93,48,11,15850.0,1440.91,27,37
CUST07205,35,Female,319268.38,98,15,23070.0,1538.0,16,28
CUST07206,52,Male,844242.59,86,16,41870.0,2616.88,42,29
CUST07207,34,Other,346941.95,85,7,10980.0,1568.57,264,28
CUST07208,67,Male,495796.36,9,2,3210.0,1605.0,129,19
CUST07209,67,Female,391873.99,12,2,3320.0,1660.0,136,18
CUST07210,41,Female,703152.13,81,15,56740.0,3782.67,4,20
CUST07211,19,Male,553681.5,80,7,18280.0,2611.43,8,34
CUST07212,30,Male,753464.36,69,22,56100.0,2550.0,61,33
CUST07213,32,Female,291517.73,83,3,7130.0,2376.67,389,20
CUST07214,22,Female,557293.29,57,7,15990.0,2284.29,48,16
CUST07215,20,Male,521028.03,28,9,16380.0,1820.0,34,24
CUST07216,54,Male,356944.12,17,13,30000.0,2307.69,21,20
CUST07217,54,Male,313731.92,22,6,8440.0,1406.67,77,19
CUST07218,54,Male,480765.46,35,13,56200.0,4323.08,74,12
CUST07219,20,Female,438635.55,113,10,22160.0,2216.0,0,26
CUST07220,52,Female,850275.9,59,1,3680.0,3680.0,541,21
CUST07221,69,Male,725027.79,79,4,8000.0,2000.0,238,23
CUST07222,40,Male,367169.02,19,14,41670.0,2976.43,45,32
CUST07223,45,Male,445403.21,111,1,2050.0,2050.0,174,27
CUST07224,47,Female,639544.25,50,9,13890.0,1543.33,99,21
CUST07225,35,Female,671987.14,26,15,34460.0,2297.33,28,25
CUST07226,69,Male,853619.75,108,4,8350.0,2087.5,239,19
CUST07227,53,Male,485841.1,60,6,11790.0,1965.0,29,30
CUST07228,50,Female,537133.63,44,2,3270.0,1635.0,177,24
CUST07229,43,Male,224428.5,56,18,29450.0,1636.11,20,22
CUST07230,65,Male,303389.95,99,9,24340.0,2704.44,2,14
CUST07231,57,Male,753414.57,43,0,0.0,0.0,9999,33
CUST07232,34,Male,305904.64,23,3,2490.0,830.0,56,16
CUST07233,57,Male,235235.13,74,2,1890.0,945.0,111,28
CUST07234,24,Female,706654.0,22,3,5150.0,1716.67,102,19
CUST07235,25,Female,418632.31,47,7,16460.0,2351.43,36,19
CUST07236,70,Male,349641.63,55,9,19170.0,2130.0,6,22
CUST07237,48,Male,256996.45,11,8,14790.0,1848.75,3,23
CUST07238,29,Female,257825.96,55,5,8050.0,1610.0,13,28
CUST07239,65,Male,408970.46,26,11,19230.0,1748.18,176,29
CUST07240,48,Male,469206.14,1,16,23420.0,1463.75,1,25
CUST07241,61,Male,875083.9,116,1,2840.0,2840.0,331,36
CUST07242,36,Female,470940.25,100,3,4870.0,1623.33,228,23
CUST07243,27,Male,432788.4,117,5,8460.0,1692.0,175,17
CUST07244,56,Male,438951.68,62,11,45790.0,4162.73,12,27
CUST07245,29,Male,181440.97,21,16,29450.0,1840.62,38,30
CUST07246,37,Male,401052.86,8,15,20320.0,1354.67,2,24
CUST07247,54,Other,665265.12,20,11,19210.0,1746.36,40,24
CUST07248,65,Female,519960.22,45,17,40180.0,2363.53,115,34
CUST07249,58,Male,708893.71,81,3,4750.0,1583.33,67,24
CUST07250,24,Male,813615.07,79,9,16750.0,1861.11,186,24
CUST07251,69,Female,238478.64,85,9,15290.0,1698.89,242,25
CUST07252,31,Male,373132.66,65,1,1390.0,1390.0,428,23
CUST07253,28,Female,785591.76,60,8,16210.0,2026.25,33,25
CUST07254,24,Female,524165.23,67,11,26810.0,2437.27,13,20
CUST07255,46,Male,467471.47,95,4,7570.0,1892.5,79,21
CUST07256,27,Other,796121.6,56,5,7970.0,1594.0,39,18
CUST07257,46,Male,350142.99,31,18,47720.0,2651.11,74,30
CUST07258,26,Male,359754.03,85,1,860.0,860.0,720,25
CUST07259,53,Female,349283.4,87,12,14740.0,1228.33,22,28
CUST07260,65,Female,274877.5,81,5,17270.0,3454.0,241,30
CUST07261,27,Female,452532.19,22,5,10380.0,2076.0,90,20
CUST07262,36,Female,542279.65,62,8,13490.0,1686.25,33,21
CUST07263,48,Male,312557.88,56,3,7620.0,2540.0,308,28
CUST07264,34,Male,476459.23,86,7,10660.0,1522.86,16,19
CUST07265,26,Male,382049.39,100,0,0.0,0.0,9999,27
CUST07266,62,Female,483020.24,72,0,0.0,0.0,9999,26
CUST07267,50,Male,957770.24,111,22,26140.0,1188.18,42,24
CUST07268,51,Male,519748.4,8,22,42750.0,1943.18,0,28
CUST07269,62,Female,524425.66,62,8,16430.0,2053.75,89,22
CUST07270,41,Male,1250967.66,78,6,18900.0,3150.0,56,31
CUST07271,26,Male,397935.71,102,3,14770.0,4923.33,192,32
CUST07272,24,Male,658756.68,24,7,14420.0,2060.0,50,26
CUST07273,33,Male,393689.57,22,20,70320.0,3516.0,64,27
CUST07274,36,Male,712084.58,15,26,107740.0,4143.85,22,22
CUST07275,56,Male,332771.15,84,9,23160.0,2573.33,124,34
CUST07276,23,Male,430060.32,91,12,22090.0,1840.83,3,20
CUST07277,67,Male,388422.5,28,11,45200.0,4109.09,16,30
CUST07278,68,Male,312624.59,22,13,35710.0,2746.92,0,19
CUST07279,28,Male,192050.69,31,12,37690.0,3140.83,19,29
CUST07280,29,Male,600618.19,73,12,45380.0,3781.67,13,14
CUST07281,59,Male,375413.65,120,1,1300.0,1300.0,428,17
CUST07282,30,Male,442471.18,62,6,20660.0,3443.33,286,20
CUST07283,29,Female,471693.71,87,3,11000.0,3666.67,60,19
CUST07284,38,Female,258518.55,69,1,3680.0,3680.0,381,22
CUST07285,27,Male,418950.01,109,1,700.0,700.0,93,24
CUST07286,37,Male,223766.75,39,9,18020.0,2002.22,9,18
CUST07287,67,Female,406583.55,81,10,37970.0,3797.0,41,25
CUST07288,53,Female,981220.59,40,4,9310.0,2327.5,341,27
CUST07289,45,Female,392504.3,69,5,8450.0,1690.0,18,17
CUST07290,41,Male,298333.45,55,14,21790.0,1556.43,1,26
CUST07291,22,Female,401029.45,71,14,30190.0,2156.43,7,20
CUST07292,54,Female,1012709.17,64,10,32330.0,3233.0,71,31
CUST07293,29,Male,408493.42,8,6,8750.0,1458.33,30,26
CUST07294,52,Male,248927.51,71,5,9090.0,1818.0,32,27
CUST07295,57,Male,219876.33,86,22,73850.0,3356.82,76,25
CUST07296,19,Male,416659.67,44,6,7740.0,1290.0,50,25
CUST07297,67,Male,720934.43,38,7,8880.0,1268.57,42,17
CUST07298,58,Female,609761.79,117,20,22060.0,1103.0,4,34
CUST07299,62,Male,819443.18,21,4,6310.0,1577.5,73,21
CUST07300,56,Male,663248.15,4,13,26990.0,2076.15,2,19
CUST07301,59,Female,502531.51,32,7,7010.0,1001.43,134,24
CUST07302,26,Male,180000.0,55,4,10160.0,2540.0,85,21
CUST07303,39,Male,932426.24,93,6,30420.0,5070.0,183,34
CUST07304,64,Male,259577.65,60,12,22690.0,1890.83,25,27
CUST07305,22,Male,1414287.12,59,7,20510.0,2930.0,33,26
CUST07306,29,Male,354084.13,94,10,26440.0,2644.0,103,22
CUST07307,18,Female,360745.04,67,7,12990.0,1855.71,76,24
CUST07308,61,Male,393404.85,5,13,22940.0,1764.62,28,22
CUST07309,39,Female,503093.75,83,14,32300.0,2307.14,36,23
CUST07310,55,Male,269819.91,72,14,34030.0,2430.71,54,20
CUST07311,68,Female,335773.85,37,1,1650.0,1650.0,434,28
CUST07312,36,Female,761378.61,95,2,2880.0,1440.0,31,26
CUST07313,33,Female,914222.96,27,17,39180.0,2304.71,2,21
CUST07314,48,Male,304069.87,13,13,18220.0,1401.54,2,27
CUST07315,68,Female,580971.23,106,7,10550.0,1507.14,62,30
CUST07316,20,Female,395072.27,6,4,7320.0,1830.0,18,31
CUST07317,40,Female,626756.5,65,8,23730.0,2966.25,104,23
CUST07318,59,Male,333872.16,30,4,7550.0,1887.5,348,30
CUST07319,35,Male,694793.01,75,19,59900.0,3152.63,16,32
CUST07320,43,Male,470895.48,52,8,12040.0,1505.0,86,30
CUST07321,30,Male,400644.77,41,11,9860.0,896.36,83,23
CUST07322,35,Female,491678.22,95,18,27140.0,1507.78,29,22
CUST07323,20,Female,957753.27,80,23,49240.0,2140.87,7,22
CUST07324,40,Female,479185.37,15,14,30780.0,2198.57,7,19
CUST07325,20,Male,568414.01,5,18,70450.0,3913.89,24,20
CUST07326,42,Male,520639.54,15,0,0.0,0.0,9999,23
CUST07327,44,Male,521653.18,1,1,1670.0,1670.0,1,30
CUST07328,61,Male,864982.2,15,7,16870.0,2410.0,72,26
CUST07329,44,Female,727168.78,100,1,1000.0,1000.0,504,22
CUST07330,69,Male,271120.03,60,10,38330.0,3833.0,36,21
CUST07331,56,Female,640021.58,48,14,30340.0,2167.14,81,33
CUST07332,42,Female,1032869.43,54,3,2380.0,793.33,81,29
CUST07333,41,Female,450276.66,103,2,5450.0,2725.0,149,23
CUST07334,25,Male,734524.46,55,3,4270.0,1423.33,4,26
CUST07335,26,Male,180000.0,72,22,72270.0,3285.0,24,22
CUST07336,63,Male,323709.74,117,14,82880.0,5920.0,18,16
CUST07337,54,Male,1468979.59,86,5,7210.0,1442.0,142,27
CUST07338,47,Female,704913.55,27,15,12420.0,828.0,43,25
CUST07339,70,Female,551596.77,98,3,6520.0,2173.33,315,14
CUST07340,36,Male,1144692.22,30,8,14010.0,1751.25,72,23
CUST07341,70,Male,303316.49,76,13,20140.0,1549.23,72,22
CUST07342,33,Female,885145.63,60,16,16060.0,1003.75,213,25
CUST07343,41,Male,339927.8,66,4,7030.0,1757.5,83,16
CUST07344,61,Female,521755.21,46,6,4880.0,813.33,199,20
CUST07345,38,Female,240669.63,115,6,9620.0,1603.33,84,26
CUST07346,53,Female,420725.82,52,8,17900.0,2237.5,0,24
CUST07347,57,Female,907099.77,102,1,1260.0,1260.0,41,14
CUST07348,56,Female,397359.62,86,1,2440.0,2440.0,186,22
CUST07349,64,Female,624213.4,115,12,23890.0,1990.83,9,28
CUST07350,23,Female,401646.0,81,10,16080.0,1608.0,65,18
CUST07351,22,Male,606925.14,35,2,1490.0,745.0,439,29
CUST07352,31,Male,699080.31,116,19,67480.0,3551.58,25,32
CUST07353,70,Other,368510.65,42,0,0.0,0.0,9999,34
CUST07354,62,Male,338722.63,56,11,18560.0,1687.27,15,22
CUST07355,59,Female,417216.56,45,3,7670.0,2556.67,144,29
CUST07356,67,Female,413142.29,52,2,3100.0,1550.0,13,23
CUST07357,21,Female,201099.55,23,6,9500.0,1583.33,108,24
CUST07358,25,Male,581335.47,29,4,8680.0,2170.0,240,27
CUST07359,41,Male,593682.03,29,2,3490.0,1745.0,329,20
CUST07360,28,Male,222761.93,57,5,11800.0,2360.0,160,31
CUST07361,34,Male,729340.14,114,2,3170.0,1585.0,448,23
CUST07362,67,Other,417677.81,19,10,19070.0,1907.0,67,23
CUST07363,38,Female,579597.83,81,1,1040.0,1040.0,53,35
CUST07364,43,Female,447160.82,8,7,9640.0,1377.14,30,16
CUST07365,60,Male,579016.9,50,10,12870.0,1287.0,214,23
CUST07366,65,Male,527070.38,7,15,28100.0,1873.33,34,29
CUST07367,61,Male,742221.75,119,11,14550.0,1322.73,62,21
CUST07368,62,Male,500428.67,11,15,30660.0,2044.0,49,23
CUST07369,44,Female,701979.62,67,11,32620.0,2965.45,14,27
CUST07370,33,Male,949334.77,66,7,15380.0,2197.14,305,18
CUST07371,43,Male,481883.3,83,9,16650.0,1850.0,118,26
CUST07372,70,Female,444110.18,28,7,23270.0,3324.29,105,28
CUST07373,50,Other,644056.23,56,15,23930.0,1595.33,93,30
CUST07374,48,Male,197807.43,28,9,11070.0,1230.0,72,29
CUST07375,65,Female,337397.42,89,5,10120.0,2024.0,18,17
CUST07376,64,Male,332122.46,75,9,37860.0,4206.67,234,26
CUST07377,23,Male,641032.58,40,5,12920.0,2584.0,12,23
CUST07378,61,Male,534941.89,107,8,29510.0,3688.75,42,25
CUST07379,25,Female,884710.03,2,16,56230.0,3514.38,0,21
CUST07380,24,Male,861153.97,76,11,21790.0,1980.91,133,23
CUST07381,51,Male,206874.2,61,16,32520.0,2032.5,26,28
CUST07382,61,Female,234077.53,105,20,32630.0,1631.5,93,25
CUST07383,70,Male,508772.05,102,8,18280.0,2285.0,158,20
CUST07384,31,Male,249257.22,76,14,22640.0,1617.14,11,22
CUST07385,33,Male,205840.13,114,7,17170.0,2452.86,59,35
CUST07386,60,Male,358715.98,25,10,22790.0,2279.0,7,31
CUST07387,69,Female,195653.15,101,6,19970.0,3328.33,152,22
CUST07388,26,Female,314870.58,95,14,19010.0,1357.86,14,20
CUST07389,27,Male,688653.29,54,7,12080.0,1725.71,11,29
CUST07390,34,Male,401778.47,17,23,63930.0,2779.57,35,29
CUST07391,29,Female,981013.36,48,24,60400.0,2516.67,46,21
CUST07392,23,Male,387198.27,12,11,22970.0,2088.18,4,15
CUST07393,36,Female,641306.89,61,5,11960.0,2392.0,37,22
CUST07394,60,Male,394003.04,94,15,25690.0,1712.67,152,14
CUST07395,58,Female,453671.89,2,8,15370.0,1921.25,8,21
CUST07396,70,Female,419090.61,80,11,20730.0,1884.55,8,21
CUST07397,46,Female,642188.64,65,7,15140.0,2162.86,48,21
CUST07398,23,Male,692714.58,52,2,3270.0,1635.0,348,25
CUST07399,42,Female,1264305.11,34,2,2860.0,1430.0,528,22
CUST07400,41,Female,503357.94,45,6,9910.0,1651.67,204,26
CUST07401,42,Female,639788.99,112,8,15690.0,1961.25,26,24
CUST07402,33,Male,314994.76,1,5,5690.0,1138.0,8,23
CUST07403,69,Female,681341.3,115,4,11580.0,2895.0,187,32
CUST07404,33,Male,505709.91,100,10,23950.0,2395.0,1,28
CUST07405,23,Male,180000.0,52,5,7960.0,1592.0,226,24
CUST07406,54,Female,338206.05,67,6,10500.0,1750.0,86,23
CUST07407,38,Male,196655.08,98,8,12670.0,1583.75,44,27
CUST07408,21,Female,358645.32,76,5,16620.0,3324.0,40,32
CUST07409,51,Female,573965.99,56,5,10820.0,2164.0,132,27
CUST07410,45,Female,437103.59,58,12,21650.0,1804.17,28,26
CUST07411,55,Female,659736.23,109,18,42600.0,2366.67,13,22
CUST07412,58,Female,180000.0,91,21,33570.0,1598.57,0,24
CUST07413,45,Male,769582.21,50,8,23140.0,2892.5,187,19
CUST07414,34,Female,558424.89,101,8,16450.0,2056.25,203,25
CUST07415,31,Male,282975.73,119,8,23750.0,2968.75,35,31
CUST07416,24,Male,494420.74,25,2,2720.0,1360.0,86,27
CUST07417,39,Female,1340194.15,12,14,23580.0,1684.29,52,27
CUST07418,68,Male,966770.8,115,13,31570.0,2428.46,185,27
CUST07419,18,Male,1063704.28,97,1,3570.0,3570.0,715,33
CUST07420,46,Female,454320.78,73,14,19290.0,1377.86,80,20
CUST07421,69,Male,833820.37,65,13,30400.0,2338.46,1,29
CUST07422,48,Male,901635.04,56,22,56850.0,2584.09,1,18
CUST07423,47,Male,312579.33,50,5,9890.0,1978.0,165,25
CUST07424,32,Female,893731.45,87,6,15440.0,2573.33,151,31
CUST07425,35,Female,807126.49,28,20,40060.0,2003.0,17,34
CUST07426,52,Female,369380.89,3,4,4170.0,1042.5,15,19
CUST07427,67,Male,521478.91,38,9,22620.0,2513.33,2,24
CUST07428,47,Female,921309.26,64,11,19010.0,1728.18,73,16
CUST07429,51,Female,487126.24,54,7,20000.0,2857.14,73,30
CUST07430,59,Male,744074.29,36,23,31630.0,1375.22,1,20
CUST07431,28,Male,404422.82,120,10,23050.0,2305.0,62,26
CUST07432,44,Female,305478.18,44,25,77490.0,3099.6,76,30
CUST07433,41,Female,291494.89,44,6,11870.0,1978.33,68,19
CUST07434,52,Female,440557.23,69,4,7120.0,1780.0,63,30
CUST07435,56,Male,609017.76,119,4,10230.0,2557.5,353,18
CUST07436,25,Female,226751.48,93,11,19450.0,1768.18,54,17
CUST07437,68,Male,1189654.58,53,4,6780.0,1695.0,395,25
CUST07438,35,Male,808440.89,13,8,19200.0,2400.0,6,28
CUST07439,30,Male,630062.47,44,11,14980.0,1361.82,64,21
CUST07440,62,Female,721773.29,4,3,8170.0,2723.33,2,21
CUST07441,41,Female,373586.8,70,20,41500.0,2075.0,23,29
CUST07442,68,Female,257359.16,51,14,26670.0,1905.0,58,27
CUST07443,40,Female,601266.2,102,7,36660.0,5237.14,84,22
CUST07444,29,Male,799891.58,70,2,4080.0,2040.0,245,24
CUST07445,66,Female,400373.95,11,13,28120.0,2163.08,2,21
CUST07446,47,Female,326924.35,91,6,15320.0,2553.33,11,22
CUST07447,48,Male,391783.28,54,1,4530.0,4530.0,494,31
CUST07448,45,Male,620871.46,110,5,15800.0,3160.0,148,30
CUST07449,39,Male,655555.58,62,7,11450.0,1635.71,70,32
CUST07450,61,Male,1129029.14,59,20,74080.0,3704.0,103,22
CUST07451,45,Male,611223.47,99,13,44150.0,3396.15,4,17
CUST07452,30,Male,343687.09,61,8,16590.0,2073.75,25,26
CUST07453,42,Female,437372.65,40,13,42580.0,3275.38,41,26
CUST07454,61,Male,312112.19,4,1,950.0,950.0,37,20
CUST07455,68,Male,822784.27,27,5,6120.0,1224.0,99,26
CUST07456,63,Female,302709.4,16,8,23860.0,2982.5,17,26
CUST07457,24,Male,387658.07,82,5,9780.0,1956.0,1,24
CUST07458,62,Female,620950.2,7,19,34340.0,1807.37,7,28
CUST07459,23,Female,1025044.22,11,1,740.0,740.0,5,26
CUST07460,41,Male,1807850.2,72,18,41550.0,2308.33,37,22
CUST07461,36,Male,273537.97,64,6,13650.0,2275.0,116,15
CUST07462,36,Male,666158.7,52,17,19380.0,1140.0,16,25
CUST07463,53,Male,494849.8,6,8,7120.0,890.0,6,22
CUST07464,68,Male,446940.12,120,19,55640.0,2928.42,10,34
CUST07465,26,Male,440236.93,48,20,50130.0,2506.5,112,23
CUST07466,65,Male,286863.6,69,15,35970.0,2398.0,0,22
CUST07467,53,Female,1058563.03,6,12,31370.0,2614.17,1,26
CUST07468,55,Male,196013.94,102,0,0.0,0.0,9999,24
CUST07469,57,Female,467866.75,61,7,14670.0,2095.71,8,27
CUST07470,46,Male,980856.81,66,2,2410.0,1205.0,121,24
CUST07471,41,Female,553795.98,95,8,26740.0,3342.5,151,27
CUST07472,65,Male,369805.16,103,3,1820.0,606.67,101,29
CUST07473,22,Female,376615.09,96,8,11230.0,1403.75,3,22
CUST07474,70,Male,742703.95,73,7,28770.0,4110.0,13,27
CUST07475,59,Female,435725.71,79,4,3220.0,805.0,205,23
CUST07476,62,Male,492842.32,85,5,16220.0,3244.0,68,20
CUST07477,43,Female,661559.13,110,3,6780.0,2260.0,34,29
CUST07478,31,Male,759906.09,53,9,18050.0,2005.56,51,27
CUST07479,56,Female,388955.18,28,10,38530.0,3853.0,19,15
CUST07480,46,Male,270444.71,109,1,6120.0,6120.0,169,23
CUST07481,69,Male,318403.57,91,7,29370.0,4195.71,68,23
CUST07482,23,Male,930809.79,5,14,39600.0,2828.57,2,29
CUST07483,24,Male,515647.21,81,3,2170.0,723.33,29,23
CUST07484,54,Female,284995.54,101,26,38510.0,1481.15,7,21
CUST07485,70,Other,328519.31,58,9,12850.0,1427.78,56,20
CUST07486,35,Male,844409.83,24,7,6200.0,885.71,140,25
CUST07487,40,Female,519921.13,31,2,1600.0,800.0,462,24
CUST07488,61,Female,235326.39,99,20,32820.0,1641.0,92,21
CUST07489,55,Female,304491.34,41,5,13080.0,2616.0,30,16
CUST07490,18,Male,839996.98,105,6,10480.0,1746.67,212,41
CUST07491,21,Male,387255.29,118,10,17300.0,1730.0,144,25
CUST07492,68,Female,1283398.74,68,9,21930.0,2436.67,12,34
CUST07493,61,Male,1183892.09,84,3,3140.0,1046.67,223,29
CUST07494,64,Female,977412.21,107,23,51890.0,2256.09,79,29
CUST07495,52,Female,625654.31,81,5,7100.0,1420.0,24,24
CUST07496,40,Male,795903.19,46,14,33540.0,2395.71,6,24
CUST07497,44,Male,487599.52,10,3,5300.0,1766.67,104,17
CUST07498,43,Female,493324.72,37,6,10890.0,1815.0,55,22
CUST07499,69,Male,291361.89,21,6,16500.0,2750.0,290,30
CUST07500,25,Male,490066.29,21,14,22030.0,1573.57,93,25
CUST07501,60,Male,282522.39,113,3,3910.0,1303.33,53,24
CUST07502,33,Other,501407.93,80,13,23860.0,1835.38,82,27
CUST07503,58,Male,289927.75,97,13,42410.0,3262.31,50,24
CUST07504,20,Female,338244.41,10,1,2060.0,2060.0,217,29
CUST07505,49,Male,180000.0,108,3,8520.0,2840.0,462,26
CUST07506,22,Male,351570.04,82,3,5430.0,1810.0,108,29
CUST07507,37,Female,361671.06,97,3,1720.0,573.33,27,24
CUST07508,31,Female,435095.24,93,8,15280.0,1910.0,72,20
CUST07509,49,Male,854396.7,95,25,51010.0,2040.4,20,31
CUST07510,43,Female,488272.97,24,20,62490.0,3124.5,35,28
CUST07511,64,Male,759189.68,12,3,3730.0,1243.33,165,29
CUST07512,23,Female,773186.54,20,10,15350.0,1535.0,4,27
CUST07513,53,Male,943070.73,70,22,42670.0,1939.55,9,23
CUST07514,57,Female,332594.34,8,17,6760.0,397.65,27,27
CUST07515,68,Female,293753.44,78,3,9040.0,3013.33,58,22
CUST07516,22,Male,474464.91,5,18,35320.0,1962.22,8,29
CUST07517,30,Female,312797.18,54,5,10010.0,2002.0,38,25
CUST07518,49,Other,450889.06,36,17,27040.0,1590.59,168,17
CUST07519,33,Male,326137.63,118,18,55210.0,3067.22,110,21
CUST07520,18,Female,288875.98,112,9,14810.0,1645.56,86,26
CUST07521,30,Female,586715.73,38,2,3380.0,1690.0,261,33
CUST07522,28,Female,1157375.51,3,15,27630.0,1842.0,0,33
CUST07523,70,Female,446749.28,36,5,7930.0,1586.0,157,33
CUST07524,25,Female,566441.24,22,15,28840.0,1922.67,7,32
CUST07525,42,Female,514837.26,8,2,2050.0,1025.0,102,29
CUST07526,57,Female,492301.5,61,1,4560.0,4560.0,589,30
CUST07527,49,Male,951119.67,78,4,13780.0,3445.0,319,29
CUST07528,41,Female,441478.54,7,8,20840.0,2605.0,82,25
CUST07529,45,Male,180000.0,68,11,19190.0,1744.55,8,31
CUST07530,31,Female,336908.32,62,14,20530.0,1466.43,12,31
CUST07531,62,Female,524598.19,19,7,20210.0,2887.14,125,30
CUST07532,20,Male,476510.63,107,7,9810.0,1401.43,10,19
CUST07533,53,Male,450924.17,47,16,76390.0,4774.38,34,24
CUST07534,44,Male,397434.95,24,4,20290.0,5072.5,4,26
CUST07535,37,Male,519725.22,80,9,11110.0,1234.44,50,25
CUST07536,64,Female,1260693.8,6,17,37670.0,2215.88,32,26
CUST07537,32,Male,431719.06,108,1,1500.0,1500.0,291,27
CUST07538,44,Female,1323631.81,8,19,48070.0,2530.0,31,26
CUST07539,70,Female,618234.43,25,10,11900.0,1190.0,194,31
CUST07540,62,Female,369800.41,96,8,18180.0,2272.5,61,28
CUST07541,58,Male,738575.39,89,5,4990.0,998.0,17,28
CUST07542,45,Other,180000.0,74,9,14860.0,1651.11,18,19
CUST07543,42,Male,496573.69,107,13,23520.0,1809.23,39,30
CUST07544,59,Female,631402.82,41,23,32540.0,1414.78,18,29
CUST07545,61,Female,634980.24,58,19,28490.0,1499.47,63,17
CUST07546,63,Male,665996.56,81,1,1620.0,1620.0,678,32
CUST07547,50,Male,692799.14,60,0,0.0,0.0,9999,30
CUST07548,63,Male,571561.94,110,8,15280.0,1910.0,24,26
CUST07549,31,Female,692223.23,3,13,41960.0,3227.69,1,27
CUST07550,25,Male,388659.04,9,9,21280.0,2364.44,36,19
CUST07551,65,Other,848923.94,52,4,12090.0,3022.5,116,20
CUST07552,31,Male,406498.14,58,0,0.0,0.0,9999,26
CUST07553,18,Other,841543.45,60,16,26710.0,1669.38,21,28
CUST07554,33,Male,495500.23,82,25,44790.0,1791.6,24,21
CUST07555,35,Male,551573.9,49,6,11500.0,1916.67,182,21
CUST07556,24,Male,743649.59,94,4,6590.0,1647.5,215,33
CUST07557,32,Female,984900.51,5,0,0.0,0.0,9999,28
CUST07558,41,Female,509210.03,62,6,11100.0,1850.0,9,30
CUST07559,66,Male,551073.3,116,3,8070.0,2690.0,422,27
CUST07560,68,Male,180000.0,32,7,6430.0,918.57,8,24
CUST07561,30,Male,338124.08,117,1,1880.0,1880.0,268,25
CUST07562,26,Female,253317.35,27,19,20630.0,1085.79,16,23
CUST07563,32,Male,416629.12,85,17,32210.0,1894.71,31,22
CUST07564,52,Female,370207.19,24,6,19020.0,3170.0,219,37
CUST07565,41,Female,350197.63,38,1,1180.0,1180.0,168,22
CUST07566,50,Female,314046.01,67,12,19830.0,1652.5,60,29
CUST07567,33,Female,633348.64,16,2,1800.0,900.0,426,30
CUST07568,25,Male,223404.99,15,20,33310.0,1665.5,13,29
CUST07569,46,Other,306020.35,25,1,780.0,780.0,671,18
CUST07570,40,Male,507515.42,72,1,5120.0,5120.0,68,19
CUST07571,62,Male,773534.31,105,15,31980.0,2132.0,10,16
CUST07572,48,Female,328990.91,4,15,74190.0,4946.0,0,22
CUST07573,57,Male,802133.3,32,3,5030.0,1676.67,27,35
CUST07574,66,Male,180000.0,45,19,40170.0,2114.21,7,27
CUST07575,31,Male,500480.1,56,11,34310.0,3119.09,0,26
CUST07576,70,Male,573839.05,35,9,22120.0,2457.78,70,32
CUST07577,47,Male,320496.12,53,14,25780.0,1841.43,0,22
CUST07578,70,Male,277316.76,30,3,2110.0,703.33,113,18
CUST07579,56,Male,529334.85,103,20,36410.0,1820.5,4,24
CUST07580,44,Female,492032.05,112,5,4570.0,914.0,67,30
CUST07581,64,Female,347032.63,49,0,0.0,0.0,9999,22
CUST07582,33,Female,439069.92,94,4,8450.0,2112.5,119,28
CUST07583,68,Female,381366.51,81,3,6730.0,2243.33,29,22
CUST07584,23,Female,877823.58,83,4,8720.0,2180.0,41,24
CUST07585,50,Female,678985.6,52,7,17030.0,2432.86,33,33
CUST07586,61,Female,545558.95,95,9,20650.0,2294.44,86,29
CUST07587,35,Female,1168934.17,81,14,24540.0,1752.86,34,16
CUST07588,33,Male,796537.59,120,5,11680.0,2336.0,16,20
CUST07589,29,Female,875142.06,2,10,41870.0,4187.0,3,15
CUST07590,37,Female,1018516.09,59,2,2800.0,1400.0,79,29
CUST07591,62,Female,466102.76,37,19,17900.0,942.11,5,33
CUST07592,57,Female,289049.06,112,3,5110.0,1703.33,117,27
CUST07593,46,Male,224051.13,29,5,11080.0,2216.0,108,22
CUST07594,47,Male,697314.19,30,13,9430.0,725.38,7,32
CUST07595,43,Female,323655.19,118,12,35440.0,2953.33,139,27
CUST07596,39,Female,2234246.56,107,5,8810.0,1762.0,206,27
CUST07597,50,Male,342271.31,22,2,2210.0,1105.0,4,35
CUST07598,70,Male,316687.24,102,8,20970.0,2621.25,48,21
CUST07599,56,Female,709519.11,75,12,29480.0,2456.67,10,27
CUST07600,64,Male,716161.26,97,1,6380.0,6380.0,352,21
CUST07601,46,Male,1122396.84,19,4,9150.0,2287.5,25,16
CUST07602,39,Male,446870.97,67,8,5800.0,725.0,133,21
CUST07603,62,Male,842732.16,104,6,8550.0,1425.0,31,29
CUST07604,30,Male,464756.17,86,3,6350.0,2116.67,171,36
CUST07605,26,Female,639231.27,18,11,17690.0,1608.18,241,22
CUST07606,41,Male,454176.38,109,20,27350.0,1367.5,124,30
CUST07607,32,Male,1183061.64,94,6,11530.0,1921.67,81,30
CUST07608,53,Female,1387191.86,65,7,19040.0,2720.0,29,20
CUST07609,30,Female,292714.5,84,6,13870.0,2311.67,58,23
CUST07610,44,Male,888263.01,113,12,35210.0,2934.17,12,30
CUST07611,61,Female,328986.27,5,14,34720.0,2480.0,10,19
CUST07612,54,Female,843469.78,76,19,71380.0,3756.84,47,32
CUST07613,24,Female,1045883.66,11,14,31590.0,2256.43,9,21
CUST07614,25,Female,324334.62,88,15,48450.0,3230.0,27,28
CUST07615,54,Female,288475.49,58,6,18330.0,3055.0,111,25
CUST07616,58,Male,400128.13,18,2,11670.0,5835.0,208,19
CUST07617,31,Female,845710.53,72,1,2980.0,2980.0,519,19
CUST07618,29,Female,619350.44,93,14,22730.0,1623.57,40,19
CUST07619,53,Male,447149.44,56,7,9800.0,1400.0,49,37
CUST07620,69,Female,691652.38,22,7,20020.0,2860.0,74,25
CUST07621,57,Female,438441.22,56,3,6880.0,2293.33,35,27
CUST07622,34,Female,530544.14,109,12,35130.0,2927.5,75,30
CUST07623,57,Male,638972.78,66,19,32170.0,1693.16,5,14
CUST07624,70,Male,619862.69,23,7,18780.0,2682.86,201,28
CUST07625,46,Female,1069904.99,16,2,3280.0,1640.0,258,25
CUST07626,44,Male,291076.9,44,2,3650.0,1825.0,31,29
CUST07627,18,Female,765597.07,72,11,35130.0,3193.64,5,25
CUST07628,69,Male,327492.73,68,9,21450.0,2383.33,222,19
CUST07629,51,Female,416714.87,14,5,3280.0,656.0,61,34
CUST07630,21,Female,465357.89,9,6,20840.0,3473.33,100,28
CUST07631,41,Male,413265.56,75,2,4810.0,2405.0,129,29
CUST07632,38,Male,272973.87,112,6,19290.0,3215.0,35,25
CUST07633,50,Male,408204.03,102,8,18830.0,2353.75,332,20
CUST07634,24,Male,565183.97,108,12,29890.0,2490.83,2,28
CUST07635,18,Female,470705.43,115,1,3170.0,3170.0,636,20
CUST07636,58,Female,969971.89,16,6,11450.0,1908.33,10,26
CUST07637,20,Male,476317.32,13,1,1950.0,1950.0,91,25
CUST07638,61,Male,503359.89,36,13,59380.0,4567.69,58,22
CUST07639,68,Male,542772.73,44,1,1650.0,1650.0,658,27
CUST07640,32,Female,470971.65,100,15,35360.0,2357.33,39,23
CUST07641,48,Male,619921.12,81,11,21360.0,1941.82,6,19
CUST07642,33,Female,396026.73,14,10,13850.0,1385.0,108,20
CUST07643,27,Female,295870.01,93,5,8370.0,1674.0,256,30
CUST07644,46,Female,484128.38,17,0,0.0,0.0,9999,26
CUST07645,23,Female,594504.05,65,1,1710.0,1710.0,553,11
CUST07646,46,Female,538071.3,84,7,14850.0,2121.43,108,25
CUST07647,34,Female,335195.63,97,6,8240.0,1373.33,395,24
CUST07648,70,Female,537433.85,54,13,31090.0,2391.54,18,28
CUST07649,39,Male,678606.19,2,24,60750.0,2531.25,2,19
CUST07650,41,Female,547697.05,17,2,4300.0,2150.0,310,26
CUST07651,34,Male,363254.94,23,24,38560.0,1606.67,65,33
CUST07652,38,Female,517550.09,86,6,8050.0,1341.67,3,26
CUST07653,68,Female,1075770.92,1,8,19460.0,2432.5,2,28
CUST07654,67,Female,313416.21,12,7,20680.0,2954.29,2,21
CUST07655,28,Female,818730.03,13,11,24660.0,2241.82,64,20
CUST07656,24,Male,182252.53,78,0,0.0,0.0,9999,25
CUST07657,59,Female,391223.25,74,7,12100.0,1728.57,40,23
CUST07658,56,Male,411965.94,12,1,1040.0,1040.0,218,28
CUST07659,22,Male,813265.75,57,3,6870.0,2290.0,277,30
CUST07660,61,Male,1110182.29,86,7,5010.0,715.71,38,32
CUST07661,65,Male,824912.56,18,19,30790.0,1620.53,9,28
CUST07662,38,Female,629438.14,103,2,3010.0,1505.0,345,28
CUST07663,35,Other,806625.48,83,11,25730.0,2339.09,256,29
CUST07664,52,Female,272046.5,94,5,6010.0,1202.0,98,31
CUST07665,37,Male,747571.53,15,8,20020.0,2502.5,20,30
CUST07666,32,Female,304496.86,39,3,3480.0,1160.0,241,19
CUST07667,22,Female,358523.97,78,16,27160.0,1697.5,68,22
CUST07668,30,Female,597444.61,73,6,13850.0,2308.33,31,29
CUST07669,68,Female,286716.25,69,25,30330.0,1213.2,12,33
CUST07670,29,Female,868038.05,33,14,35040.0,2502.86,55,27
CUST07671,38,Male,500323.17,48,10,10670.0,1067.0,103,27
CUST07672,54,Female,278377.82,5,8,20960.0,2620.0,8,29
CUST07673,23,Female,986259.87,88,7,30160.0,4308.57,160,32
CUST07674,24,Female,444204.95,8,10,13030.0,1303.0,8,30
CUST07675,43,Male,464489.98,19,5,6850.0,1370.0,208,23
CUST07676,59,Female,452782.17,52,8,23320.0,2915.0,168,27
CUST07677,65,Female,180000.0,12,18,42090.0,2338.33,50,16
CUST07678,25,Female,880734.24,72,9,19230.0,2136.67,163,31
CUST07679,26,Female,506346.32,8,7,15590.0,2227.14,20,31
CUST07680,44,Male,535671.25,55,6,6870.0,1145.0,39,18
CUST07681,21,Male,679285.81,102,11,23560.0,2141.82,225,26
CUST07682,38,Female,438104.88,84,4,5570.0,1392.5,106,21
CUST07683,48,Female,301865.34,93,16,51550.0,3221.88,15,28
CUST07684,38,Female,328890.76,105,0,0.0,0.0,9999,21
CUST07685,57,Male,740656.88,34,6,17600.0,2933.33,16,29
CUST07686,42,Female,497330.94,82,11,21100.0,1918.18,55,18
CUST07687,56,Male,786248.35,65,4,7510.0,1877.5,6,24
CUST07688,32,Female,851003.52,75,18,29170.0,1620.56,11,22
CUST07689,70,Male,745352.85,47,6,7590.0,1265.0,132,28
CUST07690,52,Female,880078.41,108,5,14090.0,2818.0,17,23
CUST07691,66,Male,362950.82,35,16,23510.0,1469.38,5,29
CUST07692,60,Other,655556.17,115,15,12980.0,865.33,12,28
CUST07693,58,Female,405166.11,116,5,14960.0,2992.0,40,23
CUST07694,54,Female,305567.06,32,9,9670.0,1074.44,24,27
CUST07695,59,Male,615226.77,51,7,8820.0,1260.0,112,21
CUST07696,64,Female,702043.5,106,5,13200.0,2640.0,417,24
CUST07697,45,Female,428244.19,80,17,38430.0,2260.59,37,24
CUST07698,31,Male,510830.05,6,14,46890.0,3349.29,17,25
CUST07699,21,Female,686058.79,9,12,19800.0,1650.0,39,36
CUST07700,70,Female,379643.45,40,18,31870.0,1770.56,3,21
CUST07701,37,Male,720107.54,86,4,6680.0,1670.0,0,24
CUST07702,51,Male,332517.58,48,21,53660.0,2555.24,19,24
CUST07703,29,Female,600708.7,72,2,3780.0,1890.0,373,20
CUST07704,50,Female,290193.77,120,6,20580.0,3430.0,220,18
CUST07705,41,Male,916259.06,96,11,12080.0,1098.18,14,13
CUST07706,37,Female,680487.89,26,2,4140.0,2070.0,3,32
CUST07707,22,Female,1235700.29,118,8,16890.0,2111.25,83,30
CUST07708,55,Male,328366.21,82,18,42010.0,2333.89,167,19
CUST07709,47,Male,674623.45,37,13,15630.0,1202.31,120,20
CUST07710,41,Female,495656.33,52,17,23860.0,1403.53,29,23
CUST07711,60,Female,258476.1,12,8,12020.0,1502.5,21,32
CUST07712,57,Female,525485.16,38,5,12130.0,2426.0,278,20
CUST07713,24,Male,645835.94,98,6,27040.0,4506.67,39,23
CUST07714,53,Male,1213403.37,68,6,14990.0,2498.33,113,34
CUST07715,55,Male,398452.67,16,5,9260.0,1852.0,0,31
CUST07716,33,Female,618993.72,61,4,8010.0,2002.5,456,20
CUST07717,69,Male,574034.16,24,5,13620.0,2724.0,11,33
CUST07718,32,Female,462347.77,78,5,8170.0,1634.0,86,27
CUST07719,63,Male,477947.4,17,9,18040.0,2004.44,11,22
CUST07720,40,Male,699616.71,115,7,14460.0,2065.71,17,15
CUST07721,29,Male,477865.45,95,3,8060.0,2686.67,109,24
CUST07722,46,Male,449777.05,4,3,7550.0,2516.67,57,22
CUST07723,61,Female,398070.28,50,1,990.0,990.0,324,29
CUST07724,65,Male,254406.01,108,6,8790.0,1465.0,188,34
CUST07725,32,Female,761119.68,98,7,31810.0,4544.29,16,18
CUST07726,46,Male,396195.05,102,4,7130.0,1782.5,197,23
CUST07727,62,Male,870848.57,102,5,8180.0,1636.0,14,33
CUST07728,60,Male,881878.71,3,14,28450.0,2032.14,3,21
CUST07729,66,Male,1471150.19,8,1,1280.0,1280.0,200,27
CUST07730,38,Male,610727.73,12,8,18380.0,2297.5,0,24
CUST07731,32,Female,643383.96,35,11,28550.0,2595.45,11,19
CUST07732,31,Male,658570.99,66,3,4420.0,1473.33,64,22
CUST07733,59,Male,562102.54,53,1,9630.0,9630.0,378,22
CUST07734,61,Female,850326.35,93,11,25760.0,2341.82,91,21
CUST07735,33,Male,481760.77,87,12,22760.0,1896.67,81,24
CUST07736,32,Female,641038.36,33,5,14030.0,2806.0,24,24
CUST07737,59,Male,476160.52,114,14,40460.0,2890.0,16,25
CUST07738,21,Male,277155.8,18,2,3840.0,1920.0,201,35
CUST07739,44,Female,698948.15,104,6,7790.0,1298.33,85,32
CUST07740,40,Other,180000.0,58,14,42520.0,3037.14,43,31
CUST07741,46,Male,640220.84,86,4,2540.0,635.0,57,29
CUST07742,58,Male,815581.11,78,6,6420.0,1070.0,11,29
CUST07743,70,Male,651452.41,93,8,7810.0,976.25,153,19
CUST07744,69,Male,350533.59,45,11,23740.0,2158.18,78,25
CUST07745,26,Female,1002710.62,15,22,33720.0,1532.73,21,28
CUST07746,70,Male,1131365.09,15,9,32200.0,3577.78,20,26
CUST07747,69,Female,674597.85,45,24,68310.0,2846.25,16,31
CUST07748,60,Male,1152016.45,68,2,2340.0,1170.0,110,20
CUST07749,60,Female,1297992.47,100,0,0.0,0.0,9999,31
CUST07750,24,Female,374611.36,69,0,0.0,0.0,9999,30
CUST07751,70,Female,331847.56,67,10,24360.0,2436.0,100,26
CUST07752,59,Male,698574.98,76,12,29350.0,2445.83,141,39
CUST07753,21,Female,180000.0,62,3,3560.0,1186.67,193,27
CUST07754,22,Female,452560.07,84,22,26060.0,1184.55,15,15
CUST07755,22,Female,371678.49,44,16,17840.0,1115.0,26,27
CUST07756,28,Female,459208.33,20,16,29470.0,1841.88,63,29
CUST07757,58,Female,287824.39,39,8,18870.0,2358.75,97,23
CUST07758,45,Female,466811.26,39,1,2350.0,2350.0,481,29
CUST07759,33,Male,656730.25,1,5,8800.0,1760.0,7,21
CUST07760,58,Female,1087017.34,108,3,9930.0,3310.0,282,27
CUST07761,47,Female,617383.01,67,10,20130.0,2013.0,0,23
CUST07762,21,Male,224993.45,47,2,4230.0,2115.0,376,28
CUST07763,19,Female,514927.9,73,0,0.0,0.0,9999,19
CUST07764,63,Other,946923.22,118,3,4370.0,1456.67,94,23
CUST07765,20,Male,455478.53,54,18,35150.0,1952.78,9,24
CUST07766,67,Male,680652.12,20,17,60590.0,3564.12,7,25
CUST07767,38,Male,862971.71,9,26,64820.0,2493.08,21,20
CUST07768,23,Female,540335.96,95,8,47310.0,5913.75,63,35
CUST07769,60,Female,587630.23,110,9,18800.0,2088.89,69,21
CUST07770,70,Female,651939.01,28,10,21190.0,2119.0,5,22
CUST07771,35,Female,414694.13,64,11,25320.0,2301.82,56,20
CUST07772,61,Female,456062.8,35,15,63780.0,4252.0,38,21
CUST07773,22,Male,336811.79,40,3,4830.0,1610.0,294,20
CUST07774,26,Male,401926.28,102,20,43320.0,2166.0,7,39
CUST07775,37,Male,720297.97,108,13,25240.0,1941.54,74,30
CUST07776,45,Male,637272.82,2,1,860.0,860.0,7,22
CUST07777,43,Female,300248.61,3,1,850.0,850.0,6,24
CUST07778,35,Female,325851.22,14,7,18470.0,2638.57,10,21
CUST07779,36,Female,384663.25,81,10,14510.0,1451.0,124,29
CUST07780,20,Other,265112.22,99,3,3650.0,1216.67,50,26
CUST07781,26,Female,561091.65,68,11,16730.0,1520.91,12,28
CUST07782,53,Female,377386.9,47,4,4130.0,1032.5,271,28
CUST07783,48,Male,630697.36,94,9,16120.0,1791.11,13,26
CUST07784,66,Male,789780.04,54,4,12240.0,3060.0,131,26
CUST07785,34,Female,235509.04,58,2,7860.0,3930.0,391,25
CUST07786,40,Male,377471.42,62,6,15800.0,2633.33,20,24
CUST07787,51,Male,249424.52,103,6,28110.0,4685.0,311,23
CUST07788,58,Female,218710.07,51,12,22340.0,1861.67,3,22
CUST07789,58,Male,638835.31,78,1,1210.0,1210.0,704,29
CUST07790,22,Male,549849.69,48,16,32340.0,2021.25,2,24
CUST07791,32,Female,387600.53,27,3,7590.0,2530.0,212,31
CUST07792,64,Female,326022.38,77,16,32420.0,2026.25,0,23
CUST07793,20,Male,307351.72,55,2,4290.0,2145.0,92,20
CUST07794,36,Male,541336.15,84,6,11450.0,1908.33,190,25
CUST07795,45,Other,450440.71,113,9,21360.0,2373.33,50,22
CUST07796,20,Male,334057.65,49,8,32380.0,4047.5,232,22
CUST07797,55,Female,603340.72,24,2,3630.0,1815.0,50,29
CUST07798,21,Male,567797.83,10,12,32740.0,2728.33,24,24
CUST07799,41,Male,323056.93,7,4,8060.0,2015.0,74,26
CUST07800,48,Male,403911.39,116,5,11720.0,2344.0,79,25
CUST07801,62,Female,736485.16,17,12,14860.0,1238.33,40,31
CUST07802,62,Female,700210.61,22,11,18930.0,1720.91,70,23
CUST07803,28,Male,372160.59,59,1,1560.0,1560.0,686,21
CUST07804,54,Male,1056042.47,44,9,16700.0,1855.56,235,27
CUST07805,18,Male,462078.46,11,15,47880.0,3192.0,33,32
CUST07806,26,Female,712960.33,42,5,8880.0,1776.0,264,31
CUST07807,34,Male,311536.4,23,12,27910.0,2325.83,13,28
CUST07808,18,Male,466895.13,118,11,18380.0,1670.91,135,15
CUST07809,20,Male,331146.4,60,10,29540.0,2954.0,73,19
CUST07810,64,Female,237585.79,86,15,19700.0,1313.33,66,24
CUST07811,43,Female,490542.47,104,24,87940.0,3664.17,50,23
CUST07812,70,Female,431389.75,62,5,29760.0,5952.0,106,17
CUST07813,48,Male,809996.86,111,17,37040.0,2178.82,17,25
CUST07814,43,Male,385569.9,54,5,9340.0,1868.0,59,28
CUST07815,40,Male,564284.33,82,6,14060.0,2343.33,156,26
CUST07816,47,Male,416542.28,119,9,13290.0,1476.67,192,20
CUST07817,27,Female,322695.0,109,3,4640.0,1546.67,273,29
CUST07818,25,Male,718769.89,90,4,6990.0,1747.5,468,19
CUST07819,61,Male,379270.29,112,1,1370.0,1370.0,78,20
CUST07820,42,Female,411264.74,94,12,9610.0,800.83,72,22
CUST07821,39,Female,293043.42,13,6,5400.0,900.0,68,18
CUST07822,32,Female,233866.48,68,25,60740.0,2429.6,5,24
CUST07823,58,Female,613109.04,107,16,28420.0,1776.25,45,28
CUST07824,27,Female,478189.14,27,11,18430.0,1675.45,70,23
CUST07825,37,Female,755823.47,115,13,51920.0,3993.85,1,26
CUST07826,58,Female,628686.73,40,14,29690.0,2120.71,48,18
CUST07827,64,Male,285539.84,74,6,8840.0,1473.33,203,23
CUST07828,40,Male,500722.82,108,4,6820.0,1705.0,120,26
CUST07829,70,Female,492082.46,92,3,3720.0,1240.0,547,25
CUST07830,70,Female,788060.94,85,4,9010.0,2252.5,440,27
CUST07831,18,Female,870859.6,116,8,22310.0,2788.75,19,32
CUST07832,19,Female,229647.68,75,8,9210.0,1151.25,308,26
CUST07833,36,Male,819741.59,84,0,0.0,0.0,9999,24
CUST07834,31,Female,771614.14,117,10,32720.0,3272.0,120,25
CUST07835,25,Other,346997.98,100,3,4850.0,1616.67,220,24
CUST07836,55,Female,489854.71,83,14,40080.0,2862.86,61,24
CUST07837,29,Male,194060.72,116,3,6350.0,2116.67,57,19
CUST07838,43,Male,488814.54,10,7,36290.0,5184.29,1,22
CUST07839,44,Female,311746.8,15,7,20020.0,2860.0,45,17
CUST07840,46,Male,632084.08,109,7,11230.0,1604.29,52,18
CUST07841,32,Male,602200.38,45,5,7090.0,1418.0,382,23
CUST07842,63,Female,479277.12,53,9,10110.0,1123.33,18,25
CUST07843,70,Male,546251.86,82,18,49780.0,2765.56,13,32
CUST07844,18,Female,350432.18,7,4,5050.0,1262.5,5,21
CUST07845,60,Female,300909.27,30,2,6200.0,3100.0,462,30
CUST07846,45,Female,1294734.28,78,6,12210.0,2035.0,180,32
CUST07847,20,Female,792857.29,101,5,13830.0,2766.0,189,18
CUST07848,68,Female,530314.02,105,2,1860.0,930.0,15,24
CUST07849,35,Female,454082.94,30,8,23740.0,2967.5,18,26
CUST07850,69,Female,1474225.05,118,9,16540.0,1837.78,120,31
CUST07851,51,Female,1061803.36,27,7,9820.0,1402.86,59,33
CUST07852,49,Male,439865.32,49,2,3400.0,1700.0,74,23
CUST07853,46,Female,323057.17,57,5,27860.0,5572.0,26,20
CUST07854,42,Male,511939.67,64,7,13780.0,1968.57,98,22
CUST07855,43,Male,421782.99,101,11,32470.0,2951.82,44,28
CUST07856,56,Male,326490.6,63,8,9670.0,1208.75,159,29
CUST07857,25,Female,927044.25,48,2,5380.0,2690.0,366,24
CUST07858,36,Male,633063.9,41,10,21980.0,2198.0,14,28
CUST07859,64,Female,416268.77,81,13,25750.0,1980.77,6,29
CUST07860,59,Female,413690.56,30,14,29400.0,2100.0,8,26
CUST07861,39,Male,502898.1,82,3,2040.0,680.0,592,21
CUST07862,46,Female,401777.03,3,13,26650.0,2050.0,3,28
CUST07863,50,Male,386446.15,92,6,15120.0,2520.0,201,20
CUST07864,55,Female,1259925.65,37,4,7680.0,1920.0,49,24
CUST07865,62,Female,331700.54,30,5,8830.0,1766.0,54,26
CUST07866,63,Male,184828.25,54,15,29570.0,1971.33,84,25
CUST07867,52,Other,671190.19,85,4,7780.0,1945.0,199,22
CUST07868,60,Female,826334.13,113,1,2140.0,2140.0,388,25
CUST07869,20,Female,535914.75,84,6,12960.0,2160.0,89,20
CUST07870,36,Female,242160.69,86,7,21030.0,3004.29,63,26
CUST07871,27,Female,470337.23,100,2,2330.0,1165.0,258,28
CUST07872,44,Male,397696.11,100,2,3390.0,1695.0,58,22
CUST07873,32,Male,912616.64,85,0,0.0,0.0,9999,28
CUST07874,28,Female,341828.42,88,4,11880.0,2970.0,34,24
CUST07875,64,Female,554640.28,85,8,36900.0,4612.5,83,27
CUST07876,43,Male,654392.05,7,24,107920.0,4496.67,7,38
CUST07877,41,Other,339913.49,8,1,2140.0,2140.0,4,26
CUST07878,30,Male,382555.36,86,7,14460.0,2065.71,46,27
CUST07879,49,Male,607641.89,86,3,7190.0,2396.67,102,24
CUST07880,54,Male,180000.0,63,7,15550.0,2221.43,6,25
CUST07881,21,Female,922871.55,63,8,8310.0,1038.75,20,17
CUST07882,30,Female,317184.96,64,10,13350.0,1335.0,190,19
CUST07883,26,Male,510053.89,30,13,18620.0,1432.31,17,27
CUST07884,66,Female,272031.33,98,6,11480.0,1913.33,97,29
CUST07885,51,Male,904944.76,93,7,9860.0,1408.57,51,23
CUST07886,54,Female,500116.32,10,9,26290.0,2921.11,140,25
CUST07887,65,Male,550519.48,69,6,6290.0,1048.33,368,27
CUST07888,24,Female,643118.76,49,11,29570.0,2688.18,18,23
CUST07889,18,Female,816518.07,39,9,15750.0,1750.0,32,32
CUST07890,29,Female,302230.31,34,12,38060.0,3171.67,68,19
CUST07891,38,Male,442896.37,102,3,6950.0,2316.67,84,36
CUST07892,28,Male,882490.89,10,12,17770.0,1480.83,21,21
CUST07893,61,Female,410348.19,9,6,10460.0,1743.33,26,38
CUST07894,68,Female,924930.44,60,1,2380.0,2380.0,77,22
CUST07895,61,Female,548586.02,96,9,26300.0,2922.22,34,23
CUST07896,61,Female,413154.01,5,25,64290.0,2571.6,8,30
CUST07897,31,Other,683089.08,35,6,16970.0,2828.33,116,20
CUST07898,51,Male,466587.37,11,4,5690.0,1422.5,32,17
CUST07899,51,Male,733032.57,42,5,9790.0,1958.0,56,23
CUST07900,42,Male,403048.02,80,1,3570.0,3570.0,538,12
CUST07901,21,Male,735192.68,91,16,43490.0,2718.12,47,27
CUST07902,69,Female,608800.1,20,21,16870.0,803.33,28,23
CUST07903,43,Female,429334.68,51,14,21460.0,1532.86,216,35
CUST07904,33,Male,220133.4,1,9,17080.0,1897.78,1,26
CUST07905,27,Female,620131.92,90,10,26650.0,2665.0,87,29
CUST07906,62,Female,811101.92,11,4,18220.0,4555.0,12,25
CUST07907,19,Female,545173.65,61,2,1950.0,975.0,500,35
CUST07908,52,Male,182099.6,79,17,27280.0,1604.71,17,35
CUST07909,36,Female,835023.86,39,10,14900.0,1490.0,34,22
CUST07910,23,Male,598077.96,104,2,5160.0,2580.0,204,14
CUST07911,36,Female,660239.28,48,12,27770.0,2314.17,4,14
CUST07912,70,Female,482413.47,82,6,9110.0,1518.33,109,17
CUST07913,69,Male,209606.08,88,22,33110.0,1505.0,5,25
CUST07914,68,Male,649262.88,28,2,7800.0,3900.0,82,17
CUST07915,25,Female,452975.23,89,20,39310.0,1965.5,22,25
CUST07916,31,Male,359842.33,87,11,20330.0,1848.18,95,29
CUST07917,27,Male,1095516.28,75,14,35260.0,2518.57,30,22
CUST07918,20,Female,651642.79,97,18,44500.0,2472.22,9,28
CUST07919,55,Male,551781.52,80,12,43920.0,3660.0,6,26
CUST07920,46,Male,339123.22,36,15,15980.0,1065.33,1,30
CUST07921,32,Female,320541.96,87,1,820.0,820.0,235,27
CUST07922,40,Male,626694.83,70,8,14930.0,1866.25,34,32
CUST07923,40,Male,203736.42,107,15,61080.0,4072.0,142,18
CUST07924,35,Female,640645.27,62,9,21510.0,2390.0,11,20
CUST07925,63,Male,658664.8,88,5,6040.0,1208.0,0,24
CUST07926,36,Female,928325.13,102,11,23180.0,2107.27,74,41
CUST07927,45,Other,777789.83,106,2,2100.0,1050.0,94,23
CUST07928,43,Female,835162.8,70,9,14580.0,1620.0,127,34
CUST07929,27,Male,382125.44,10,8,17050.0,2131.25,29,21
CUST07930,64,Male,258545.04,86,4,9600.0,2400.0,14,23
CUST07931,21,Female,541116.32,87,17,37470.0,2204.12,32,24
CUST07932,19,Female,610448.37,5,4,7910.0,1977.5,0,25
CUST07933,20,Female,788171.51,28,11,13280.0,1207.27,25,20
CUST07934,24,Female,976170.52,59,10,35040.0,3504.0,79,32
CUST07935,33,Male,296091.3,9,6,7600.0,1266.67,48,22
CUST07936,48,Male,735249.42,39,7,18750.0,2678.57,12,30
CUST07937,27,Female,182152.19,113,15,30950.0,2063.33,22,33
CUST07938,36,Female,565926.17,108,0,0.0,0.0,9999,27
CUST07939,45,Male,685098.26,92,23,40870.0,1776.96,16,22
CUST07940,34,Female,251550.51,62,9,14510.0,1612.22,99,22
CUST07941,45,Male,662076.53,89,5,9920.0,1984.0,11,20
CUST07942,36,Female,309637.62,107,15,18710.0,1247.33,60,20
CUST07943,54,Male,418781.16,38,4,15050.0,3762.5,335,30
CUST07944,40,Female,736171.63,91,3,2320.0,773.33,49,17
CUST07945,37,Female,433396.1,24,12,16210.0,1350.83,268,27
CUST07946,30,Female,430404.15,64,7,16190.0,2312.86,13,38
CUST07947,30,Other,577289.04,107,12,15900.0,1325.0,5,29
CUST07948,60,Male,716068.0,43,14,43050.0,3075.0,46,24
CUST07949,28,Female,499761.52,110,10,7630.0,763.0,29,23
CUST07950,65,Female,1018725.4,16,1,1700.0,1700.0,344,23
CUST07951,32,Female,429911.15,66,5,8890.0,1778.0,187,28
CUST07952,34,Female,870703.08,66,13,53390.0,4106.92,103,27
CUST07953,67,Male,634582.46,69,3,4260.0,1420.0,460,22
CUST07954,45,Female,676557.98,46,5,11570.0,2314.0,43,24
CUST07955,36,Male,296574.19,21,10,12320.0,1232.0,5,30
CUST07956,21,Male,864310.45,60,2,2120.0,1060.0,460,25
CUST07957,39,Male,527759.59,10,6,11560.0,1926.67,9,23
CUST07958,39,Male,1415354.95,106,9,40700.0,4522.22,2,20
CUST07959,54,Male,561338.38,18,4,11170.0,2792.5,22,20
CUST07960,56,Male,495481.9,90,16,29840.0,1865.0,22,26
CUST07961,51,Male,396742.81,84,10,23440.0,2344.0,122,13
CUST07962,50,Male,501088.01,41,14,39050.0,2789.29,370,29
CUST07963,61,Male,943577.48,36,16,37500.0,2343.75,27,17
CUST07964,59,Female,711129.46,113,8,9420.0,1177.5,190,22
CUST07965,57,Female,570929.78,85,5,10380.0,2076.0,58,19
CUST07966,50,Female,734885.53,66,5,13450.0,2690.0,66,22
CUST07967,29,Female,409744.79,46,1,590.0,590.0,299,30
CUST07968,19,Male,395854.55,118,6,29400.0,4900.0,156,29
CUST07969,45,Male,377074.76,97,7,16920.0,2417.14,112,28
CUST07970,27,Male,779956.67,23,11,35290.0,3208.18,0,22
CUST07971,39,Female,815854.92,39,20,40370.0,2018.5,25,28
CUST07972,34,Female,349027.57,95,10,21010.0,2101.0,25,25
CUST07973,43,Male,368979.31,4,7,16240.0,2320.0,13,21
CUST07974,20,Male,470356.85,41,8,22510.0,2813.75,51,25
CUST07975,24,Female,315530.62,3,16,23030.0,1439.38,3,21
CUST07976,61,Male,555873.88,101,1,4110.0,4110.0,500,16
CUST07977,25,Female,954095.52,53,2,4720.0,2360.0,319,19
CUST07978,37,Female,590046.71,120,0,0.0,0.0,9999,37
CUST07979,29,Female,793792.62,74,22,44620.0,2028.18,3,29
CUST07980,52,Female,275974.27,106,1,1210.0,1210.0,608,29
CUST07981,34,Male,398659.99,96,22,46240.0,2101.82,5,29
CUST07982,45,Female,212960.34,36,1,2940.0,2940.0,594,29
CUST07983,58,Female,486161.13,49,4,7830.0,1957.5,465,23
CUST07984,27,Female,1334776.51,27,11,26090.0,2371.82,95,30
CUST07985,39,Female,1109237.32,53,9,37210.0,4134.44,156,23
CUST07986,55,Female,594949.97,49,21,70780.0,3370.48,10,31
CUST07987,50,Female,518505.83,83,7,9100.0,1300.0,22,25
CUST07988,39,Male,620667.45,102,12,15640.0,1303.33,6,25
CUST07989,61,Male,294180.16,1,1,1410.0,1410.0,0,29
CUST07990,54,Male,558010.13,90,8,18210.0,2276.25,63,31
CUST07991,30,Female,190496.97,46,4,7350.0,1837.5,96,30
CUST07992,44,Female,180000.0,62,18,29580.0,1643.33,31,29
CUST07993,32,Male,427832.28,77,6,18960.0,3160.0,295,28
CUST07994,39,Male,1455084.46,99,18,24330.0,1351.67,13,17
CUST07995,47,Female,1058315.49,119,3,5210.0,1736.67,501,19
CUST07996,60,Male,837005.47,66,4,8480.0,2120.0,253,21
CUST07997,57,Male,503910.05,22,7,6260.0,894.29,1,32
CUST07998,54,Male,1008556.72,39,2,14070.0,7035.0,207,23
CUST07999,51,Male,397084.56,92,8,27820.0,3477.5,43,27
CUST08000,61,Female,293527.08,44,9,14660.0,1628.89,8,22
CUST08001,51,Male,386805.29,2,14,17820.0,1272.86,0,26
CUST08002,65,Female,242657.94,75,10,20200.0,2020.0,108,21
CUST08003,70,Female,1386404.68,112,5,8790.0,1758.0,18,30
CUST08004,52,Male,638408.75,59,7,17400.0,2485.71,9,25
CUST08005,59,Male,337915.64,101,24,60570.0,2523.75,6,30
CUST08006,36,Female,482492.24,90,3,4060.0,1353.33,417,22
CUST08007,25,Female,475782.64,28,15,39950.0,2663.33,203,26
CUST08008,56,Male,953624.59,90,11,25560.0,2323.64,83,19
CUST08009,50,Male,1368961.92,81,4,7000.0,1750.0,77,35
CUST08010,61,Male,814812.09,67,12,25770.0,2147.5,104,31
CUST08011,45,Female,698294.1,14,19,36720.0,1932.63,12,34
CUST08012,54,Male,577292.16,16,18,39990.0,2221.67,41,21
CUST08013,65,Female,526755.5,113,5,17010.0,3402.0,5,27
CUST08014,42,Male,521157.51,51,20,33150.0,1657.5,44,21
CUST08015,53,Female,526293.7,100,7,30180.0,4311.43,39,24
CUST08016,34,Male,457402.88,28,3,7890.0,2630.0,40,18
CUST08017,41,Female,408614.45,92,2,1630.0,815.0,176,21
CUST08018,38,Male,310305.68,53,19,47550.0,2502.63,92,29
CUST08019,19,Male,449873.74,52,23,40570.0,1763.91,26,20
CUST08020,48,Female,277136.4,116,18,32940.0,1830.0,8,26
CUST08021,61,Female,388044.83,25,22,50280.0,2285.45,50,32
CUST08022,50,Female,475852.57,57,1,3730.0,3730.0,295,24
CUST08023,47,Female,562070.62,9,7,27020.0,3860.0,106,16
CUST08024,29,Male,557688.77,11,11,17130.0,1557.27,7,25
CUST08025,61,Female,624590.98,101,15,36180.0,2412.0,6,35
CUST08026,29,Male,601020.98,107,4,16390.0,4097.5,11,29
CUST08027,68,Male,1120672.5,45,12,42410.0,3534.17,18,25
CUST08028,66,Female,1054313.02,85,8,19360.0,2420.0,61,20
CUST08029,69,Female,420557.97,2,7,8760.0,1251.43,1,22
CUST08030,41,Female,756085.69,54,19,37480.0,1972.63,12,29
CUST08031,41,Female,462035.1,34,13,10540.0,810.77,97,26
CUST08032,28,Other,235667.95,42,2,8370.0,4185.0,11,26
CUST08033,30,Male,674420.74,77,25,40040.0,1601.6,67,29
CUST08034,44,Other,394312.58,69,12,12870.0,1072.5,44,27
CUST08035,25,Female,368340.31,11,14,29740.0,2124.29,11,24
CUST08036,27,Female,384573.21,29,19,23020.0,1211.58,17,23
CUST08037,25,Female,356042.89,111,21,24560.0,1169.52,150,23
CUST08038,37,Female,1140494.55,92,8,33790.0,4223.75,0,22
CUST08039,25,Female,290691.93,92,7,11130.0,1590.0,215,20
CUST08040,26,Male,466582.13,5,8,27600.0,3450.0,34,24
CUST08041,24,Female,233880.91,20,5,6720.0,1344.0,3,21
CUST08042,31,Male,359736.69,101,4,9840.0,2460.0,448,22
CUST08043,45,Male,276849.97,39,5,12010.0,2402.0,211,25
CUST08044,19,Male,630844.96,74,17,19560.0,1150.59,79,20
CUST08045,60,Male,251874.05,32,16,42780.0,2673.75,44,20
CUST08046,25,Male,951975.75,29,6,5550.0,925.0,153,23
CUST08047,30,Male,276759.58,66,9,16660.0,1851.11,26,22
CUST08048,38,Female,313270.19,1,5,9340.0,1868.0,4,26
CUST08049,64,Male,677310.74,84,15,37130.0,2475.33,23,25
CUST08050,45,Male,1164338.56,119,9,32020.0,3557.78,100,34
CUST08051,52,Male,410806.96,1,14,55690.0,3977.86,1,35
CUST08052,40,Female,653318.11,4,9,14900.0,1655.56,1,23
CUST08053,63,Male,312481.43,15,1,2360.0,2360.0,120,30
CUST08054,32,Male,397325.05,47,18,28260.0,1570.0,1,27
CUST08055,19,Male,476146.9,30,17,39890.0,2346.47,198,26
CUST08056,68,Male,344521.96,6,28,41140.0,1469.29,6,27
CUST08057,29,Female,835290.2,102,21,32350.0,1540.48,11,21
CUST08058,69,Male,717325.27,1,5,8090.0,1618.0,1,31
CUST08059,53,Male,393620.98,71,4,8010.0,2002.5,158,28
CUST08060,20,Male,180000.0,62,20,41460.0,2073.0,7,24
CUST08061,22,Female,360668.48,64,23,27100.0,1178.26,21,35
CUST08062,20,Female,881093.18,5,1,1850.0,1850.0,109,19
CUST08063,64,Male,472687.35,54,16,36970.0,2310.62,15,20
CUST08064,36,Male,792496.97,49,20,44950.0,2247.5,93,16
CUST08065,19,Male,1051367.46,7,8,22550.0,2818.75,10,27
CUST08066,61,Female,657001.21,100,24,47660.0,1985.83,9,19
CUST08067,54,Male,831482.7,3,7,14850.0,2121.43,17,24
CUST08068,34,Female,387017.69,76,11,26290.0,2390.0,25,8
CUST08069,31,Male,843924.38,61,25,64480.0,2579.2,7,24
CUST08070,45,Male,454593.2,79,18,24780.0,1376.67,84,18
CUST08071,44,Male,354101.31,84,17,44010.0,2588.82,96,23
CUST08072,27,Male,1294884.82,41,14,27480.0,1962.86,27,27
CUST08073,20,Male,495508.34,21,5,10700.0,2140.0,167,19
CUST08074,53,Male,362838.04,32,8,18660.0,2332.5,231,16
CUST08075,55,Female,605397.79,12,2,3840.0,1920.0,56,22
CUST08076,42,Male,306742.95,101,13,28400.0,2184.62,155,22
CUST08077,39,Female,284169.96,104,5,7790.0,1558.0,302,17
CUST08078,65,Female,454951.92,111,8,19570.0,2446.25,102,27
CUST08079,56,Female,261533.91,7,3,5650.0,1883.33,39,33
CUST08080,64,Female,403874.9,51,20,61990.0,3099.5,30,24
CUST08081,47,Male,277083.46,45,5,8910.0,1782.0,26,29
CUST08082,38,Male,777242.74,95,17,34570.0,2033.53,38,28
CUST08083,47,Female,1067057.93,65,14,24460.0,1747.14,44,13
CUST08084,45,Female,267541.69,60,2,6710.0,3355.0,71,27
CUST08085,48,Female,1304823.68,75,13,36770.0,2828.46,134,27
CUST08086,69,Male,704038.51,45,3,7210.0,2403.33,261,21
CUST08087,43,Female,557778.65,34,19,28040.0,1475.79,5,21
CUST08088,60,Female,251981.98,83,10,13940.0,1394.0,50,14
CUST08089,39,Male,238881.53,11,10,23040.0,2304.0,89,24
CUST08090,38,Other,491953.3,97,1,3620.0,3620.0,263,20
CUST08091,18,Male,462622.9,33,6,20040.0,3340.0,160,25
CUST08092,54,Male,437888.27,8,22,26450.0,1202.27,12,21
CUST08093,30,Male,511078.35,45,19,46580.0,2451.58,62,36
CUST08094,38,Female,362532.16,72,6,13590.0,2265.0,26,24
CUST08095,63,Female,452076.62,98,4,8090.0,2022.5,71,23
CUST08096,26,Female,499006.04,104,17,30990.0,1822.94,46,26
CUST08097,34,Female,1590184.75,91,21,50140.0,2387.62,31,26
CUST08098,64,Male,180049.71,93,11,15690.0,1426.36,137,30
CUST08099,38,Male,592004.25,78,7,10670.0,1524.29,132,29
CUST08100,48,Male,519354.76,34,8,16980.0,2122.5,47,22
CUST08101,56,Other,504621.07,45,3,7150.0,2383.33,293,35
CUST08102,39,Male,589637.22,101,12,47300.0,3941.67,135,25
CUST08103,29,Female,1220406.53,65,12,24150.0,2012.5,38,21
CUST08104,23,Male,584059.86,73,4,16200.0,4050.0,54,18
CUST08105,70,Male,255190.74,52,13,23100.0,1776.92,167,30
CUST08106,33,Male,587740.64,10,22,54670.0,2485.0,0,32
CUST08107,43,Male,465316.74,94,3,4730.0,1576.67,162,22
CUST08108,22,Other,378867.4,43,5,10550.0,2110.0,180,21
CUST08109,26,Female,543902.07,82,1,7540.0,7540.0,440,26
CUST08110,63,Female,474155.08,81,15,13840.0,922.67,50,26
CUST08111,57,Female,451424.27,70,1,5760.0,5760.0,430,26
CUST08112,31,Female,477553.36,11,8,21680.0,2710.0,27,25
CUST08113,61,Female,294675.29,88,4,5690.0,1422.5,248,27
CUST08114,59,Female,690347.5,36,24,60120.0,2505.0,16,27
CUST08115,47,Female,469950.57,97,12,15370.0,1280.83,16,22
CUST08116,69,Male,563209.75,97,19,18770.0,987.89,146,32
CUST08117,69,Male,338704.51,118,25,39140.0,1565.6,26,26
CUST08118,43,Female,302136.05,18,11,14870.0,1351.82,10,25
CUST08119,70,Male,422993.61,63,2,9190.0,4595.0,346,22
CUST08120,62,Female,493527.05,5,10,15710.0,1571.0,7,28
CUST08121,46,Female,415577.52,31,2,2580.0,1290.0,392,32
CUST08122,36,Female,519695.38,16,0,0.0,0.0,9999,28
CUST08123,64,Female,189792.78,66,5,3910.0,782.0,156,31
CUST08124,25,Male,1231873.4,9,9,24970.0,2774.44,140,24
CUST08125,40,Female,354188.92,2,15,25510.0,1700.67,1,18
CUST08126,70,Male,296835.57,37,17,57720.0,3395.29,58,39
CUST08127,59,Female,836458.47,84,16,12930.0,808.12,15,23
CUST08128,52,Other,296284.05,59,16,54620.0,3413.75,61,29
CUST08129,48,Female,547570.94,81,20,24210.0,1210.5,48,29
CUST08130,70,Male,296266.69,58,23,36050.0,1567.39,0,29
CUST08131,52,Male,436094.15,89,24,40410.0,1683.75,1,20
CUST08132,49,Female,438548.92,83,15,54610.0,3640.67,143,24
CUST08133,22,Female,356719.05,106,1,2010.0,2010.0,723,29
CUST08134,33,Female,741288.27,8,5,19860.0,3972.0,16,22
CUST08135,34,Female,946049.03,52,2,2360.0,1180.0,78,19
CUST08136,49,Female,354319.46,75,3,11360.0,3786.67,103,18
CUST08137,55,Male,530295.3,77,34,45000.0,1323.53,10,26
CUST08138,49,Female,276050.57,77,9,17320.0,1924.44,32,27
CUST08139,69,Female,524374.69,73,13,30970.0,2382.31,64,31
CUST08140,37,Male,723485.7,69,23,44360.0,1928.7,16,24
CUST08141,65,Male,525997.08,82,3,2820.0,940.0,310,25
CUST08142,19,Female,387479.4,104,3,9230.0,3076.67,205,21
CUST08143,37,Female,445586.92,52,18,57690.0,3205.0,28,17
CUST08144,64,Male,402572.47,78,1,1170.0,1170.0,314,32
CUST08145,35,Male,454737.85,34,15,27600.0,1840.0,17,21
CUST08146,18,Male,372733.72,86,8,8520.0,1065.0,82,20
CUST08147,46,Male,540485.33,48,6,7160.0,1193.33,120,23
CUST08148,46,Female,291395.13,97,7,12400.0,1771.43,4,31
CUST08149,36,Female,180000.0,24,4,9970.0,2492.5,247,20
CUST08150,61,Female,807610.54,119,8,22300.0,2787.5,11,24
CUST08151,57,Female,487061.61,93,6,7170.0,1195.0,128,27
CUST08152,23,Male,527354.06,13,5,11020.0,2204.0,25,15
CUST08153,61,Female,356915.85,50,13,26240.0,2018.46,40,15
CUST08154,56,Other,411964.15,91,23,34530.0,1501.3,21,20
CUST08155,67,Female,309489.57,65,11,19220.0,1747.27,95,26
CUST08156,63,Male,849283.89,71,27,63460.0,2350.37,33,21
CUST08157,25,Female,398921.41,4,3,6690.0,2230.0,9,25
CUST08158,41,Female,249503.8,64,16,22880.0,1430.0,69,28
CUST08159,37,Male,677674.85,74,20,41470.0,2073.5,12,28
CUST08160,31,Male,833308.76,104,18,16960.0,942.22,1,26
CUST08161,22,Female,460567.16,99,24,56900.0,2370.83,25,32
CUST08162,58,Female,986329.35,119,6,15480.0,2580.0,32,24
CUST08163,57,Female,570825.45,39,6,15660.0,2610.0,23,24
CUST08164,51,Male,472603.35,63,3,4460.0,1486.67,31,32
CUST08165,33,Male,479730.23,58,2,5520.0,2760.0,381,36
CUST08166,62,Female,625921.05,16,7,11770.0,1681.43,123,25
CUST08167,24,Female,812051.67,91,7,9630.0,1375.71,116,20
CUST08168,33,Male,631899.12,84,13,45330.0,3486.92,32,31
CUST08169,24,Male,562249.07,62,7,12450.0,1778.57,281,27
CUST08170,44,Female,516236.6,10,6,13820.0,2303.33,30,30
CUST08171,31,Male,685537.62,109,0,0.0,0.0,9999,34
CUST08172,31,Female,375324.64,62,7,13160.0,1880.0,34,22
CUST08173,61,Male,253593.46,33,19,53160.0,2797.89,43,19
CUST08174,50,Female,543528.24,71,2,5490.0,2745.0,107,33
CUST08175,50,Other,317098.86,42,5,18320.0,3664.0,167,21
CUST08176,61,Male,255400.14,44,8,14730.0,1841.25,33,29
CUST08177,37,Female,1035949.56,46,10,35330.0,3533.0,80,23
CUST08178,70,Other,180000.0,86,9,25130.0,2792.22,5,21
CUST08179,64,Other,662189.54,107,4,10420.0,2605.0,212,29
CUST08180,53,Male,308238.6,81,18,35510.0,1972.78,7,23
CUST08181,24,Female,348431.89,73,6,14820.0,2470.0,257,21
CUST08182,49,Male,607294.51,104,3,9380.0,3126.67,336,19
CUST08183,65,Male,1425220.46,74,8,9760.0,1220.0,84,35
CUST08184,20,Female,685475.78,100,8,30430.0,3803.75,20,29
CUST08185,56,Male,316005.86,95,6,10510.0,1751.67,60,18
CUST08186,46,Female,489869.12,31,7,29740.0,4248.57,78,28
CUST08187,41,Female,439135.56,5,5,5800.0,1160.0,17,30
CUST08188,39,Female,196690.47,120,20,34680.0,1734.0,12,18
CUST08189,23,Female,513160.48,18,7,22650.0,3235.71,130,27
CUST08190,65,Male,369368.93,6,19,30460.0,1603.16,11,30
CUST08191,41,Female,697343.96,106,5,9490.0,1898.0,177,23
CUST08192,57,Female,435238.9,50,8,20320.0,2540.0,89,29
CUST08193,40,Male,1002798.92,28,11,51250.0,4659.09,70,32
CUST08194,55,Male,585943.1,107,17,32930.0,1937.06,39,28
CUST08195,27,Female,550397.18,24,5,9080.0,1816.0,27,29
CUST08196,33,Male,1210713.97,69,1,2540.0,2540.0,655,26
CUST08197,28,Female,572344.03,28,10,20430.0,2043.0,0,24
CUST08198,49,Female,1047672.02,58,6,10470.0,1745.0,61,34
CUST08199,62,Male,300611.38,67,17,21520.0,1265.88,33,16
CUST08200,23,Female,201698.19,18,15,42730.0,2848.67,53,28
CUST08201,41,Male,553128.86,4,9,10920.0,1213.33,14,22
CUST08202,50,Female,858208.51,104,11,28210.0,2564.55,2,29
CUST08203,70,Female,298444.99,49,20,59480.0,2974.0,73,23
CUST08204,68,Male,410303.95,106,6,12300.0,2050.0,124,29
CUST08205,29,Female,235175.26,32,23,50690.0,2203.91,17,18
CUST08206,44,Female,492978.82,96,6,14450.0,2408.33,259,18
CUST08207,55,Male,497293.79,83,20,48160.0,2408.0,60,29
CUST08208,35,Other,657722.44,93,15,31650.0,2110.0,82,22
CUST08209,62,Male,398997.52,97,11,21210.0,1928.18,15,24
CUST08210,56,Female,443756.79,66,7,12960.0,1851.43,20,29
CUST08211,30,Male,663348.03,58,8,13720.0,1715.0,95,19
CUST08212,70,Female,550985.41,11,1,4510.0,4510.0,56,16
CUST08213,57,Female,599944.34,111,10,19480.0,1948.0,34,24
CUST08214,47,Female,733802.17,119,16,45530.0,2845.62,46,29
CUST08215,70,Female,695386.78,97,21,29900.0,1423.81,21,22
CUST08216,66,Female,1292271.32,105,19,33140.0,1744.21,147,29
CUST08217,58,Male,610827.56,104,19,40960.0,2155.79,20,27
CUST08218,69,Male,611681.15,65,3,6110.0,2036.67,136,26
CUST08219,30,Male,436037.6,106,13,20070.0,1543.85,2,21
CUST08220,51,Male,514330.59,17,23,48330.0,2101.3,12,19
CUST08221,53,Male,280636.07,114,9,20810.0,2312.22,9,21
CUST08222,47,Female,378537.54,80,2,8370.0,4185.0,302,22
CUST08223,42,Other,830754.59,66,25,40670.0,1626.8,21,32
CUST08224,19,Male,248829.51,118,20,47480.0,2374.0,18,26
CUST08225,53,Male,937202.07,113,15,16420.0,1094.67,24,20
CUST08226,35,Male,436813.76,4,5,16090.0,3218.0,25,27
CUST08227,22,Female,332176.7,32,14,25610.0,1829.29,14,30
CUST08228,36,Female,441519.21,71,11,20480.0,1861.82,71,18
CUST08229,59,Female,652193.12,29,16,34920.0,2182.5,101,23
CUST08230,35,Female,520223.57,61,10,23920.0,2392.0,26,37
CUST08231,49,Female,1181420.77,60,3,11480.0,3826.67,301,24
CUST08232,38,Male,608181.78,73,2,3580.0,1790.0,259,20
CUST08233,27,Male,629118.95,58,7,10520.0,1502.86,0,28
CUST08234,54,Male,637419.73,99,18,42260.0,2347.78,35,27
CUST08235,66,Male,532096.35,116,9,26910.0,2990.0,186,19
CUST08236,39,Female,447824.97,53,3,5060.0,1686.67,74,26
CUST08237,30,Male,523531.42,5,15,31230.0,2082.0,1,29
CUST08238,34,Male,554252.7,114,5,8480.0,1696.0,64,23
CUST08239,26,Female,488006.21,61,5,24730.0,4946.0,6,35
CUST08240,41,Male,879992.13,21,17,18100.0,1064.71,22,24
CUST08241,61,Male,840126.88,58,1,2570.0,2570.0,483,28
CUST08242,31,Female,293491.61,81,9,37890.0,4210.0,157,28
CUST08243,63,Female,773267.95,103,13,19780.0,1521.54,36,21
CUST08244,25,Male,495716.6,14,17,33690.0,1981.76,45,29
CUST08245,54,Female,435898.61,96,6,23300.0,3883.33,46,21
CUST08246,36,Female,688061.1,79,6,9180.0,1530.0,150,17
CUST08247,45,Male,568382.26,85,16,22220.0,1388.75,0,28
CUST08248,63,Female,334022.27,54,5,8660.0,1732.0,13,27
CUST08249,58,Female,718913.3,78,11,15570.0,1415.45,23,36
CUST08250,47,Other,480990.74,41,10,20760.0,2076.0,162,21
CUST08251,24,Other,713528.33,16,3,14160.0,4720.0,9,29
CUST08252,43,Male,496764.78,51,1,1670.0,1670.0,599,24
CUST08253,57,Female,718002.36,1,6,7590.0,1265.0,2,27
CUST08254,63,Male,765746.86,40,3,4040.0,1346.67,34,25
CUST08255,63,Male,856394.04,18,17,22530.0,1325.29,34,29
CUST08256,28,Male,379892.14,34,21,43630.0,2077.62,58,23
CUST08257,31,Female,1137978.17,90,21,51150.0,2435.71,54,17
CUST08258,38,Female,469081.24,61,16,48780.0,3048.75,11,30
CUST08259,25,Male,291737.14,100,5,14950.0,2990.0,278,26
CUST08260,20,Female,542803.46,21,7,17770.0,2538.57,16,22
CUST08261,45,Female,461245.16,1,6,18300.0,3050.0,5,15
CUST08262,46,Female,384549.64,27,9,41910.0,4656.67,0,29
CUST08263,40,Male,511759.51,51,20,81760.0,4088.0,6,24
CUST08264,35,Female,701317.45,11,23,66630.0,2896.96,6,23
CUST08265,52,Female,581421.23,120,4,9370.0,2342.5,14,23
CUST08266,30,Male,911288.42,102,0,0.0,0.0,9999,23
CUST08267,29,Male,473455.37,115,1,4590.0,4590.0,322,30
CUST08268,64,Other,605438.14,14,8,27920.0,3490.0,65,17
CUST08269,67,Female,559353.52,92,5,16810.0,3362.0,69,33
CUST08270,22,Female,1154735.85,55,1,3680.0,3680.0,502,22
CUST08271,56,Male,316680.77,27,9,20040.0,2226.67,9,24
CUST08272,28,Female,387710.47,22,8,13450.0,1681.25,124,23
CUST08273,28,Male,1275891.76,21,15,57840.0,3856.0,3,24
CUST08274,64,Male,452463.55,120,12,24140.0,2011.67,101,26
CUST08275,59,Male,246394.42,24,10,19710.0,1971.0,3,27
CUST08276,64,Male,1221319.56,19,3,9260.0,3086.67,400,33
CUST08277,48,Female,323000.38,24,5,4620.0,924.0,177,19
CUST08278,48,Other,522617.38,26,18,48960.0,2720.0,48,16
CUST08279,30,Male,812021.24,25,2,5510.0,2755.0,616,22
CUST08280,31,Female,749948.19,45,18,47580.0,2643.33,56,24
CUST08281,66,Male,337135.8,108,6,8470.0,1411.67,42,30
CUST08282,62,Male,1463156.5,29,3,15680.0,5226.67,429,24
CUST08283,59,Other,633843.76,74,17,24870.0,1462.94,58,25
CUST08284,42,Male,490647.48,115,16,26930.0,1683.12,46,30
CUST08285,50,Male,319130.1,11,15,28240.0,1882.67,20,27
CUST08286,50,Male,620939.22,24,0,0.0,0.0,9999,21
CUST08287,32,Female,982354.37,24,21,40080.0,1908.57,2,27
CUST08288,33,Male,440065.61,12,3,11860.0,3953.33,23,14
CUST08289,61,Male,227443.97,7,16,35270.0,2204.38,1,28
CUST08290,55,Female,364166.2,40,15,21280.0,1418.67,0,33
CUST08291,23,Male,430533.89,81,16,41780.0,2611.25,12,24
CUST08292,61,Male,251755.92,99,3,8670.0,2890.0,136,29
CUST08293,42,Male,632920.98,70,13,27840.0,2141.54,8,23
CUST08294,32,Male,695901.86,76,8,11820.0,1477.5,7,33
CUST08295,21,Female,362323.52,79,2,4550.0,2275.0,168,28
CUST08296,21,Female,730833.43,96,9,23920.0,2657.78,2,29
CUST08297,47,Female,331203.21,23,8,20340.0,2542.5,167,29
CUST08298,51,Male,274661.94,71,19,21810.0,1147.89,10,26
CUST08299,44,Male,311036.96,38,9,51970.0,5774.44,197,20
CUST08300,48,Male,344479.07,31,18,35020.0,1945.56,15,21
CUST08301,49,Male,713065.84,29,20,54210.0,2710.5,40,29
CUST08302,61,Male,642371.93,44,12,31850.0,2654.17,40,36
CUST08303,56,Male,331206.63,28,24,94260.0,3927.5,25,24
CUST08304,69,Male,369328.59,76,8,23920.0,2990.0,94,21
CUST08305,26,Female,1108716.06,91,5,14610.0,2922.0,9,15
CUST08306,58,Male,722604.76,68,8,14500.0,1812.5,7,20
CUST08307,25,Male,265017.74,21,10,8510.0,851.0,39,19
CUST08308,31,Male,908274.52,9,6,10670.0,1778.33,44,25
CUST08309,50,Male,1380186.12,49,16,58800.0,3675.0,0,16
CUST08310,40,Female,494223.31,98,5,19530.0,3906.0,36,28
CUST08311,38,Male,436227.9,37,15,35390.0,2359.33,163,31
CUST08312,29,Male,412664.09,21,14,20020.0,1430.0,81,22
CUST08313,19,Male,434845.53,60,11,30800.0,2800.0,0,16
CUST08314,30,Male,706544.08,23,3,4620.0,1540.0,15,33
CUST08315,21,Female,376107.76,88,8,15800.0,1975.0,0,27
CUST08316,37,Other,705542.74,10,7,19680.0,2811.43,2,21
CUST08317,67,Male,500115.99,102,20,35610.0,1780.5,40,26
CUST08318,68,Female,383453.04,70,7,8930.0,1275.71,94,21
CUST08319,65,Male,587403.13,21,15,18370.0,1224.67,29,29
CUST08320,31,Male,453735.35,101,11,14550.0,1322.73,20,15
CUST08321,47,Male,375133.17,29,7,7690.0,1098.57,119,25
CUST08322,46,Female,493580.2,59,3,4660.0,1553.33,294,28
CUST08323,25,Male,496626.08,40,10,11060.0,1106.0,36,28
CUST08324,29,Other,403386.29,21,12,32980.0,2748.33,52,27
CUST08325,58,Male,346480.98,86,1,590.0,590.0,583,32
CUST08326,55,Male,520636.87,99,2,2760.0,1380.0,235,27
CUST08327,43,Female,548738.63,63,4,10160.0,2540.0,166,27
CUST08328,67,Female,598595.86,46,14,12770.0,912.14,122,16
CUST08329,19,Female,590046.16,5,2,2770.0,1385.0,58,15
CUST08330,57,Female,905397.53,15,5,5650.0,1130.0,16,29
CUST08331,31,Male,306478.6,105,24,36550.0,1522.92,45,24
CUST08332,23,Male,1020894.36,111,21,43450.0,2069.05,57,26
CUST08333,59,Male,273852.33,83,4,9170.0,2292.5,295,26
CUST08334,57,Male,876678.66,80,9,14700.0,1633.33,220,24
CUST08335,48,Female,626594.99,40,20,44420.0,2221.0,19,19
CUST08336,34,Female,396401.93,111,13,33310.0,2562.31,10,28
CUST08337,42,Female,180000.0,107,3,5780.0,1926.67,472,23
CUST08338,49,Male,255149.73,87,3,6480.0,2160.0,264,19
CUST08339,29,Female,375913.3,4,13,25030.0,1925.38,11,27
CUST08340,66,Female,611079.29,85,2,6650.0,3325.0,460,27
CUST08341,30,Male,393149.18,24,11,30820.0,2801.82,64,17
CUST08342,36,Male,491347.09,42,1,2940.0,2940.0,567,26
CUST08343,61,Female,410810.87,119,7,15370.0,2195.71,316,19
CUST08344,65,Female,539380.37,26,6,15940.0,2656.67,1,27
CUST08345,42,Other,268233.85,106,10,19320.0,1932.0,75,31
CUST08346,48,Male,443991.94,66,14,20580.0,1470.0,14,23
CUST08347,54,Male,633601.33,104,6,8480.0,1413.33,165,27
CUST08348,42,Male,1558705.28,8,6,11510.0,1918.33,22,29
CUST08349,33,Male,730569.81,73,7,19640.0,2805.71,3,30
CUST08350,55,Female,460021.87,66,11,23040.0,2094.55,41,21
CUST08351,60,Male,375086.82,78,11,28960.0,2632.73,11,24
CUST08352,66,Female,614261.95,20,14,30640.0,2188.57,27,24
CUST08353,40,Female,342910.01,66,9,32510.0,3612.22,4,28
CUST08354,31,Male,533528.02,68,32,75180.0,2349.38,1,22
CUST08355,23,Male,576588.39,99,10,35760.0,3576.0,14,18
CUST08356,42,Female,457518.23,55,5,14820.0,2964.0,23,30
CUST08357,40,Female,774349.1,78,7,14670.0,2095.71,161,28
CUST08358,60,Male,479290.21,85,3,2240.0,746.67,109,22
CUST08359,29,Male,408355.25,112,12,23080.0,1923.33,54,16
CUST08360,30,Female,397463.71,79,9,17440.0,1937.78,57,26
CUST08361,53,Female,279643.6,39,3,5950.0,1983.33,263,26
CUST08362,56,Male,263703.79,50,13,32510.0,2500.77,61,19
CUST08363,51,Female,654744.32,20,22,45790.0,2081.36,18,25
CUST08364,23,Female,972516.54,70,6,8860.0,1476.67,70,24
CUST08365,55,Male,1314797.13,28,10,26910.0,2691.0,65,24
CUST08366,67,Female,826742.45,117,11,23150.0,2104.55,140,19
CUST08367,69,Male,631999.96,112,14,15910.0,1136.43,18,25
CUST08368,57,Male,574264.57,43,14,44230.0,3159.29,43,18
CUST08369,25,Male,901538.05,66,3,1590.0,530.0,131,23
CUST08370,25,Male,423558.64,28,16,47600.0,2975.0,0,21
CUST08371,57,Female,1124481.87,119,1,710.0,710.0,681,20
CUST08372,50,Female,491132.66,98,21,72850.0,3469.05,0,24
CUST08373,51,Male,561857.26,78,6,14150.0,2358.33,134,14
CUST08374,61,Male,505587.9,73,5,10410.0,2082.0,53,28
CUST08375,32,Female,829612.86,23,6,11700.0,1950.0,55,21
CUST08376,53,Male,497383.0,108,12,26670.0,2222.5,60,29
CUST08377,52,Male,599906.58,35,10,26060.0,2606.0,8,28
CUST08378,63,Female,288861.27,22,4,7560.0,1890.0,167,35
CUST08379,39,Female,458283.56,5,29,88230.0,3042.41,6,34
CUST08380,40,Male,800951.38,60,0,0.0,0.0,9999,19
CUST08381,57,Female,341852.94,41,4,21030.0,5257.5,120,17
CUST08382,62,Male,493997.03,29,5,7790.0,1558.0,39,38
CUST08383,68,Female,491092.94,35,13,55880.0,4298.46,19,21
CUST08384,39,Female,384375.84,114,8,12690.0,1586.25,105,24
CUST08385,22,Female,790617.44,98,7,12560.0,1794.29,77,26
CUST08386,48,Female,624735.87,68,4,4920.0,1230.0,116,22
CUST08387,30,Male,750355.65,45,8,34060.0,4257.5,128,23
CUST08388,45,Male,802534.97,113,17,26010.0,1530.0,26,19
CUST08389,37,Male,507029.49,9,13,32410.0,2493.08,15,26
CUST08390,50,Female,1015250.69,51,3,12100.0,4033.33,471,24
CUST08391,33,Female,289221.15,14,6,17410.0,2901.67,85,19
CUST08392,46,Female,467339.78,109,12,16160.0,1346.67,19,21
CUST08393,40,Female,534663.1,69,9,13660.0,1517.78,95,23
CUST08394,41,Male,228590.08,114,8,15130.0,1891.25,8,29
CUST08395,51,Male,945090.87,56,10,38520.0,3852.0,51,20
CUST08396,24,Male,338253.84,111,5,5910.0,1182.0,392,25
CUST08397,55,Male,515545.66,91,2,7700.0,3850.0,140,36
CUST08398,54,Male,702242.59,11,6,22950.0,3825.0,19,24
CUST08399,21,Female,1419111.7,30,18,98320.0,5462.22,16,17
CUST08400,51,Male,236369.61,115,7,10490.0,1498.57,91,17
CUST08401,59,Female,653914.81,101,5,14600.0,2920.0,147,19
CUST08402,39,Female,441615.94,39,19,27960.0,1471.58,4,27
CUST08403,22,Male,669272.86,98,4,6670.0,1667.5,117,28
CUST08404,67,Female,762386.44,115,22,73630.0,3346.82,2,32
CUST08405,59,Male,603539.59,24,11,35200.0,3200.0,54,14
CUST08406,40,Male,518180.39,80,5,18960.0,3792.0,184,24
CUST08407,32,Male,310744.1,58,15,30670.0,2044.67,5,23
CUST08408,48,Male,320834.88,30,7,13930.0,1990.0,6,20
CUST08409,26,Female,718464.56,24,16,23570.0,1473.12,34,29
CUST08410,60,Female,339672.41,67,7,21100.0,3014.29,103,25
CUST08411,70,Male,605492.91,29,10,25250.0,2525.0,27,28
CUST08412,42,Male,898410.99,42,3,9560.0,3186.67,224,29
CUST08413,42,Male,278834.28,76,9,18890.0,2098.89,113,26
CUST08414,66,Female,899870.06,119,3,13070.0,4356.67,81,24
CUST08415,38,Male,886104.01,62,3,6710.0,2236.67,166,28
CUST08416,26,Female,583336.56,27,8,19090.0,2386.25,14,16
CUST08417,65,Female,379064.96,29,4,7760.0,1940.0,494,21
CUST08418,55,Male,635292.28,66,5,11270.0,2254.0,243,25
CUST08419,39,Other,461512.04,57,27,70430.0,2608.52,2,27
CUST08420,60,Male,363568.7,61,2,4180.0,2090.0,147,33
CUST08421,40,Other,532089.28,29,1,710.0,710.0,178,22
CUST08422,66,Male,337149.27,104,2,4190.0,2095.0,47,14
CUST08423,21,Male,293659.18,57,5,9000.0,1800.0,267,25
CUST08424,46,Female,391560.58,73,4,2240.0,560.0,41,35
CUST08425,32,Female,230490.06,55,7,12630.0,1804.29,13,24
CUST08426,18,Female,857560.4,116,10,16820.0,1682.0,77,20
CUST08427,47,Male,630891.98,44,17,26370.0,1551.18,105,25
CUST08428,46,Female,339465.56,28,8,12790.0,1598.75,244,22
CUST08429,37,Male,397518.68,37,6,11440.0,1906.67,25,27
CUST08430,50,Male,703483.28,23,3,4370.0,1456.67,462,29
CUST08431,58,Male,886695.93,77,7,17810.0,2544.29,201,23
CUST08432,61,Female,524716.55,69,2,5310.0,2655.0,227,19
CUST08433,53,Female,445181.34,96,1,2200.0,2200.0,190,37
CUST08434,39,Male,239700.16,92,10,13310.0,1331.0,15,29
CUST08435,30,Male,432664.0,58,8,18320.0,2290.0,14,23
CUST08436,24,Male,299602.64,79,5,16420.0,3284.0,298,22
CUST08437,25,Male,295665.87,88,14,20030.0,1430.71,19,25
CUST08438,45,Male,870859.13,32,4,3260.0,815.0,187,27
CUST08439,62,Female,474341.77,85,9,11660.0,1295.56,150,30
CUST08440,60,Female,532691.63,69,3,5680.0,1893.33,128,25
CUST08441,26,Female,600379.54,101,18,29130.0,1618.33,104,31
CUST08442,42,Male,461491.24,36,8,20470.0,2558.75,69,27
CUST08443,33,Male,515495.36,92,19,33080.0,1741.05,78,26
CUST08444,27,Female,504393.77,32,5,8490.0,1698.0,260,35
CUST08445,28,Female,412701.29,59,11,20300.0,1845.45,111,19
CUST08446,48,Female,565590.62,60,2,1990.0,995.0,55,30
CUST08447,29,Female,480506.26,87,13,30080.0,2313.85,5,32
CUST08448,48,Female,520290.88,80,10,11340.0,1134.0,47,33
CUST08449,31,Male,500933.66,114,13,16840.0,1295.38,78,32
CUST08450,68,Male,1205465.46,74,5,9140.0,1828.0,220,32
CUST08451,61,Female,780553.39,93,3,4640.0,1546.67,23,17
CUST08452,49,Female,708927.17,116,6,6200.0,1033.33,44,20
CUST08453,67,Male,617780.75,27,7,6750.0,964.29,25,28
CUST08454,70,Male,605684.73,99,11,20790.0,1890.0,113,33
CUST08455,34,Female,440375.88,106,4,9920.0,2480.0,48,22
CUST08456,52,Female,827928.81,109,11,47130.0,4284.55,83,19
CUST08457,18,Male,579862.27,24,22,36520.0,1660.0,0,20
CUST08458,46,Male,650197.72,87,16,25310.0,1581.88,9,23
CUST08459,68,Male,438079.24,67,3,3000.0,1000.0,54,24
CUST08460,21,Female,337903.25,36,28,62530.0,2233.21,8,25
CUST08461,40,Male,833469.79,109,6,11460.0,1910.0,177,22
CUST08462,45,Female,529933.8,14,5,6320.0,1264.0,149,20
CUST08463,33,Female,403035.66,68,12,20520.0,1710.0,98,30
CUST08464,29,Male,583403.12,44,2,5470.0,2735.0,232,27
CUST08465,70,Female,476932.44,48,24,81930.0,3413.75,8,22
CUST08466,38,Male,1004342.81,106,9,17040.0,1893.33,147,17
CUST08467,62,Female,425970.2,119,4,2730.0,682.5,81,24
CUST08468,34,Female,611234.93,32,3,9120.0,3040.0,187,28
CUST08469,57,Male,815452.38,120,10,11820.0,1182.0,12,34
CUST08470,30,Male,671675.57,84,14,14590.0,1042.14,83,25
CUST08471,69,Female,638160.81,120,16,20770.0,1298.12,137,34
CUST08472,49,Male,398040.75,17,16,19920.0,1245.0,8,25
CUST08473,54,Female,527016.8,93,15,31100.0,2073.33,57,26
CUST08474,67,Male,615377.69,57,2,5130.0,2565.0,97,28
CUST08475,32,Female,539631.24,39,1,2150.0,2150.0,666,22
CUST08476,29,Female,974023.16,32,1,2720.0,2720.0,715,29
CUST08477,66,Female,464055.23,68,9,16360.0,1817.78,73,21
CUST08478,32,Male,507576.6,88,16,54060.0,3378.75,3,36
CUST08479,51,Male,1598814.99,108,3,4540.0,1513.33,186,28
CUST08480,23,Male,726488.91,106,17,66340.0,3902.35,8,33
CUST08481,34,Male,323418.5,2,5,8840.0,1768.0,8,23
CUST08482,65,Female,625585.79,78,11,17230.0,1566.36,48,34
CUST08483,66,Female,714434.68,104,19,43090.0,2267.89,79,24
CUST08484,37,Male,348650.74,42,16,69180.0,4323.75,76,30
CUST08485,26,Female,436663.17,38,19,42170.0,2219.47,70,32
CUST08486,22,Male,292517.71,55,8,7650.0,956.25,5,26
CUST08487,40,Male,570638.67,55,6,19040.0,3173.33,64,16
CUST08488,50,Female,241019.3,34,1,9180.0,9180.0,86,19
CUST08489,55,Female,350679.52,46,17,46730.0,2748.82,10,25
CUST08490,31,Female,268328.3,43,13,32090.0,2468.46,0,25
CUST08491,34,Male,579664.09,2,8,27730.0,3466.25,4,18
CUST08492,36,Male,429313.45,36,2,3750.0,1875.0,298,19
CUST08493,50,Male,597856.55,70,26,61190.0,2353.46,45,20
CUST08494,18,Female,218924.94,36,9,40750.0,4527.78,22,29
CUST08495,30,Female,351788.84,22,7,8240.0,1177.14,118,21
CUST08496,63,Male,713396.18,69,10,34540.0,3454.0,148,24
CUST08497,44,Female,298002.26,38,14,30230.0,2159.29,69,23
CUST08498,23,Male,792177.01,105,8,21060.0,2632.5,31,27
CUST08499,23,Female,466894.14,54,2,3430.0,1715.0,137,28
CUST08500,50,Male,343112.31,22,2,2420.0,1210.0,220,24
CUST08501,47,Male,353091.74,112,15,27670.0,1844.67,61,27
CUST08502,63,Male,550619.98,75,11,39090.0,3553.64,11,26
CUST08503,52,Male,1342464.84,107,10,25870.0,2587.0,16,25
CUST08504,40,Female,1698694.61,120,7,16110.0,2301.43,47,30
CUST08505,27,Female,274167.16,31,16,45890.0,2868.12,39,39
CUST08506,68,Female,676762.96,53,6,13110.0,2185.0,57,17
CUST08507,36,Female,1058491.86,117,9,13410.0,1490.0,9,28
CUST08508,68,Male,285502.85,106,7,25780.0,3682.86,47,25
CUST08509,45,Female,377477.02,93,17,61540.0,3620.0,33,24
CUST08510,40,Female,569868.81,59,4,8810.0,2202.5,347,23
CUST08511,21,Male,509282.45,97,8,29370.0,3671.25,90,25
CUST08512,37,Male,268163.29,86,11,21810.0,1982.73,129,23
CUST08513,36,Female,700019.97,49,15,36000.0,2400.0,17,21
CUST08514,59,Male,607991.72,27,9,19420.0,2157.78,112,24
CUST08515,44,Female,763738.98,72,7,17270.0,2467.14,4,32
CUST08516,51,Male,635622.16,112,2,8500.0,4250.0,390,34
CUST08517,21,Female,633968.26,57,2,2810.0,1405.0,531,26
CUST08518,55,Female,506551.82,6,5,7460.0,1492.0,11,24
CUST08519,24,Male,861375.8,46,7,10050.0,1435.71,118,21
CUST08520,65,Male,275181.26,25,4,11460.0,2865.0,85,26
CUST08521,24,Male,305036.12,98,6,20210.0,3368.33,25,27
CUST08522,67,Male,819012.75,9,22,67680.0,3076.36,8,34
CUST08523,69,Female,440231.47,64,12,25340.0,2111.67,13,27
CUST08524,43,Male,332360.53,100,19,67740.0,3565.26,7,17
CUST08525,43,Female,731151.06,31,6,12950.0,2158.33,124,30
CUST08526,36,Male,677595.73,19,21,48570.0,2312.86,40,27
CUST08527,26,Female,204275.66,113,8,20080.0,2510.0,5,27
CUST08528,37,Female,679635.55,65,21,55420.0,2639.05,9,26
CUST08529,59,Male,376408.58,88,6,17750.0,2958.33,26,17
CUST08530,62,Female,623519.5,98,4,13840.0,3460.0,480,23
CUST08531,67,Female,482665.59,17,2,8170.0,4085.0,260,23
CUST08532,33,Male,659117.01,34,9,28290.0,3143.33,102,22
CUST08533,34,Female,497538.93,99,4,13680.0,3420.0,216,21
CUST08534,39,Male,285239.06,36,4,10520.0,2630.0,23,16
CUST08535,30,Male,242323.13,13,8,29340.0,3667.5,66,28
CUST08536,29,Female,272779.43,59,3,8840.0,2946.67,17,29
CUST08537,27,Female,302969.09,89,20,37410.0,1870.5,19,21
CUST08538,18,Female,609037.77,119,15,30790.0,2052.67,17,35
CUST08539,49,Male,770238.58,76,15,35110.0,2340.67,138,26
CUST08540,47,Female,434645.83,21,14,45030.0,3216.43,4,30
CUST08541,25,Female,334055.49,101,16,30070.0,1879.38,31,29
CUST08542,38,Female,506907.26,110,5,10510.0,2102.0,282,28
CUST08543,39,Male,205714.56,102,13,54360.0,4181.54,56,25
CUST08544,35,Female,660688.44,65,15,16580.0,1105.33,25,28
CUST08545,19,Female,484166.69,112,19,33060.0,1740.0,46,36
CUST08546,65,Male,516864.84,6,8,22220.0,2777.5,33,26
CUST08547,61,Other,392731.11,109,3,3110.0,1036.67,218,22
CUST08548,26,Male,377613.12,109,2,5510.0,2755.0,66,20
CUST08549,20,Male,238027.43,11,5,8810.0,1762.0,83,29
CUST08550,43,Female,738886.81,80,11,30300.0,2754.55,88,29
CUST08551,38,Other,283571.98,22,15,22610.0,1507.33,60,27
CUST08552,47,Male,361490.12,110,17,26260.0,1544.71,9,25
CUST08553,45,Male,326386.1,11,12,18350.0,1529.17,23,28
CUST08554,53,Female,727333.81,37,6,18510.0,3085.0,28,18
CUST08555,43,Female,384393.19,26,9,22720.0,2524.44,89,19
CUST08556,51,Female,771348.88,57,9,30590.0,3398.89,24,20
CUST08557,25,Female,649970.4,26,13,46250.0,3557.69,41,29
CUST08558,27,Female,326903.08,106,1,1060.0,1060.0,76,24
CUST08559,65,Male,477751.74,21,11,29140.0,2649.09,3,22
CUST08560,60,Other,233026.02,57,8,13160.0,1645.0,65,30
CUST08561,67,Male,598473.74,26,18,34500.0,1916.67,2,26
CUST08562,31,Female,372291.49,15,14,24970.0,1783.57,2,30
CUST08563,57,Male,310858.61,103,10,31920.0,3192.0,12,31
CUST08564,32,Male,442046.64,63,16,20970.0,1310.62,20,34
CUST08565,34,Female,405769.19,35,1,2180.0,2180.0,421,18
CUST08566,70,Other,567819.79,11,13,35930.0,2763.85,15,23
CUST08567,35,Female,1175644.65,73,13,21810.0,1677.69,1,25
CUST08568,49,Female,906642.65,106,2,4840.0,2420.0,146,20
CUST08569,55,Male,292200.4,87,5,10050.0,2010.0,304,28
CUST08570,40,Female,997720.24,68,4,4920.0,1230.0,270,21
CUST08571,63,Male,510641.24,94,17,47010.0,2765.29,93,22
CUST08572,40,Male,180000.0,92,5,5430.0,1086.0,195,31
CUST08573,52,Male,451410.72,89,23,56000.0,2434.78,33,16
CUST08574,56,Female,248013.94,86,4,8370.0,2092.5,34,27
CUST08575,32,Other,410539.71,89,21,60510.0,2881.43,210,24
CUST08576,70,Female,1180237.0,116,7,9820.0,1402.86,70,28
CUST08577,41,Male,277243.46,90,4,11540.0,2885.0,35,30
CUST08578,45,Male,273597.87,50,8,11710.0,1463.75,26,28
CUST08579,33,Female,478340.39,29,19,28360.0,1492.63,9,29
CUST08580,33,Male,346077.21,110,9,18970.0,2107.78,20,28
CUST08581,57,Male,445677.74,64,9,17670.0,1963.33,52,29
CUST08582,56,Female,525065.22,41,5,9680.0,1936.0,3,20
CUST08583,23,Other,256804.45,96,0,0.0,0.0,9999,18
CUST08584,19,Male,554117.38,26,1,1850.0,1850.0,470,24
CUST08585,30,Male,354988.5,28,11,18550.0,1686.36,190,27
CUST08586,61,Female,810039.27,84,5,16700.0,3340.0,70,23
CUST08587,64,Female,337480.95,48,19,44480.0,2341.05,62,30
CUST08588,26,Female,363051.7,66,8,12030.0,1503.75,57,31
CUST08589,51,Male,328837.09,23,5,10350.0,2070.0,81,29
CUST08590,34,Male,414956.19,39,1,2330.0,2330.0,507,37
CUST08591,44,Other,261401.13,69,1,2620.0,2620.0,556,25
CUST08592,46,Male,632427.38,21,3,3480.0,1160.0,434,23
CUST08593,54,Female,394392.99,120,6,4140.0,690.0,19,22
CUST08594,60,Male,720507.61,86,12,40570.0,3380.83,146,22
CUST08595,39,Female,513356.13,49,1,390.0,390.0,491,19
CUST08596,68,Female,1080416.9,75,4,11150.0,2787.5,356,18
CUST08597,41,Female,445166.18,94,15,25110.0,1674.0,10,19
CUST08598,24,Female,425649.03,92,7,11520.0,1645.71,8,29
CUST08599,51,Male,651619.31,36,6,20010.0,3335.0,4,34
CUST08600,65,Other,196414.45,81,5,6660.0,1332.0,218,23
CUST08601,29,Male,402919.45,85,12,27140.0,2261.67,56,27
CUST08602,40,Male,480824.86,37,9,17400.0,1933.33,22,23
CUST08603,32,Male,692700.77,100,16,23070.0,1441.88,46,20
CUST08604,50,Female,759970.56,89,4,10840.0,2710.0,160,20
CUST08605,30,Female,827331.75,88,10,16270.0,1627.0,60,22
CUST08606,40,Male,437830.48,94,13,22090.0,1699.23,111,27
CUST08607,55,Female,358912.57,42,2,4380.0,2190.0,201,22
CUST08608,49,Female,513421.28,62,17,42850.0,2520.59,100,15
CUST08609,62,Female,443569.23,99,7,20850.0,2978.57,233,22
CUST08610,67,Female,235309.19,85,2,2240.0,1120.0,52,24
CUST08611,52,Female,538295.13,6,0,0.0,0.0,9999,29
CUST08612,18,Female,331257.44,85,1,2480.0,2480.0,168,27
CUST08613,64,Male,451289.79,8,17,44930.0,2642.94,8,18
CUST08614,62,Male,439110.43,69,11,21060.0,1914.55,62,24
CUST08615,22,Other,1310684.18,40,19,22940.0,1207.37,266,25
CUST08616,30,Male,749471.34,10,14,12610.0,900.71,2,20
CUST08617,22,Male,667167.01,31,9,19340.0,2148.89,3,18
CUST08618,49,Female,774327.2,30,19,53840.0,2833.68,110,24
CUST08619,68,Male,427904.33,51,4,9630.0,2407.5,100,21
CUST08620,38,Female,285673.42,85,13,31170.0,2397.69,47,25
CUST08621,41,Female,189085.83,36,0,0.0,0.0,9999,33
CUST08622,35,Other,637795.97,61,18,81000.0,4500.0,17,30
CUST08623,38,Male,641556.55,27,0,0.0,0.0,9999,20
CUST08624,27,Male,355185.41,102,14,47140.0,3367.14,120,20
CUST08625,41,Female,375365.82,35,4,6850.0,1712.5,173,22
CUST08626,57,Male,348666.66,60,4,6110.0,1527.5,24,19
CUST08627,64,Female,348977.82,32,19,89920.0,4732.63,9,15
CUST08628,38,Female,398470.55,90,6,9320.0,1553.33,64,32
CUST08629,42,Male,581639.19,4,11,20400.0,1854.55,5,24
CUST08630,69,Female,806367.05,91,6,9500.0,1583.33,47,27
CUST08631,40,Female,494690.92,100,21,53560.0,2550.48,2,28
CUST08632,39,Male,884009.44,101,6,14370.0,2395.0,8,26
CUST08633,21,Male,1453519.19,27,5,10200.0,2040.0,133,26
CUST08634,51,Male,598455.98,47,3,2760.0,920.0,7,29
CUST08635,23,Male,486338.92,112,1,1370.0,1370.0,297,26
CUST08636,45,Female,180000.0,6,5,3390.0,678.0,34,28
CUST08637,48,Male,656179.38,82,6,8830.0,1471.67,174,22
CUST08638,52,Male,514258.58,26,21,28590.0,1361.43,1,22
CUST08639,56,Female,520094.5,108,6,13910.0,2318.33,94,25
CUST08640,59,Female,452315.39,24,8,8410.0,1051.25,17,34
CUST08641,40,Male,411148.49,116,5,9820.0,1964.0,39,19
CUST08642,23,Female,318954.8,71,14,30500.0,2178.57,47,17
CUST08643,33,Male,719101.88,119,7,9380.0,1340.0,154,22
CUST08644,19,Female,180000.0,44,7,12170.0,1738.57,268,25
CUST08645,41,Female,610414.19,14,2,2680.0,1340.0,282,23
CUST08646,34,Female,252781.43,13,10,23040.0,2304.0,28,34
CUST08647,62,Female,889081.79,26,20,76220.0,3811.0,6,18
CUST08648,18,Female,430477.66,43,9,22770.0,2530.0,84,25
CUST08649,23,Female,643142.1,43,6,13770.0,2295.0,2,23
CUST08650,22,Female,544966.27,66,8,20910.0,2613.75,257,27
CUST08651,62,Male,855952.96,110,1,2170.0,2170.0,423,23
CUST08652,67,Male,1146935.07,111,7,25690.0,3670.0,186,30
CUST08653,46,Female,842467.58,87,1,2370.0,2370.0,579,28
CUST08654,29,Female,660496.31,28,11,11050.0,1004.55,105,31
CUST08655,56,Female,440058.89,1,19,44650.0,2350.0,0,20
CUST08656,64,Female,622053.69,96,5,6870.0,1374.0,68,24
CUST08657,20,Female,794308.3,12,1,1210.0,1210.0,198,27
CUST08658,65,Male,420270.55,110,2,8070.0,4035.0,365,23
CUST08659,18,Male,515601.17,50,13,25240.0,1941.54,51,26
CUST08660,44,Female,354782.9,53,2,4180.0,2090.0,20,23
CUST08661,65,Female,738581.46,120,9,34570.0,3841.11,87,20
CUST08662,41,Female,626532.6,60,7,22760.0,3251.43,58,28
CUST08663,61,Female,282281.11,55,11,22430.0,2039.09,24,29
CUST08664,36,Female,582113.8,35,2,1560.0,780.0,53,25
CUST08665,25,Female,457899.23,61,4,10110.0,2527.5,202,20
CUST08666,61,Male,529449.3,26,7,16830.0,2404.29,119,23
CUST08667,64,Female,364863.78,31,21,28180.0,1341.9,14,24
CUST08668,19,Male,904611.32,57,15,22330.0,1488.67,116,34
CUST08669,47,Female,372349.03,12,8,14880.0,1860.0,5,26
CUST08670,47,Male,1301274.7,93,3,14080.0,4693.33,148,28
CUST08671,66,Male,534856.03,5,2,7310.0,3655.0,50,21
CUST08672,56,Male,438126.98,99,1,5600.0,5600.0,567,18
CUST08673,62,Male,611940.11,7,23,40630.0,1766.52,1,21
CUST08674,49,Male,574620.86,16,4,7750.0,1937.5,116,19
CUST08675,18,Other,1218580.27,96,5,8230.0,1646.0,16,26
CUST08676,55,Male,616276.9,52,14,32080.0,2291.43,160,24
CUST08677,30,Female,217053.17,81,2,7240.0,3620.0,190,23
CUST08678,28,Female,375832.87,21,9,15460.0,1717.78,120,32
CUST08679,27,Male,720001.38,27,13,31610.0,2431.54,151,22
CUST08680,65,Male,462390.71,104,1,3570.0,3570.0,75,18
CUST08681,43,Male,398883.47,111,15,33070.0,2204.67,96,24
CUST08682,37,Female,369781.24,116,7,12030.0,1718.57,75,21
CUST08683,34,Male,330501.81,79,3,12430.0,4143.33,213,22
CUST08684,34,Male,560695.44,23,15,22350.0,1490.0,29,25
CUST08685,21,Male,370669.21,72,8,12460.0,1557.5,16,29
CUST08686,22,Female,915770.7,25,8,29020.0,3627.5,48,35
CUST08687,40,Female,344330.77,11,12,20750.0,1729.17,7,25
CUST08688,63,Male,278255.29,63,0,0.0,0.0,9999,30
CUST08689,69,Female,495738.2,57,19,41180.0,2167.37,12,25
CUST08690,27,Male,200051.77,85,11,17330.0,1575.45,15,17
CUST08691,63,Male,180000.0,54,18,80710.0,4483.89,32,20
CUST08692,45,Male,662283.1,119,2,5760.0,2880.0,215,30
CUST08693,50,Female,512456.28,10,12,41360.0,3446.67,7,25
CUST08694,60,Female,195539.47,50,12,17660.0,1471.67,36,29
CUST08695,43,Female,520859.69,73,16,48200.0,3012.5,36,36
CUST08696,67,Female,438485.31,112,4,6860.0,1715.0,92,18
CUST08697,65,Male,251926.75,1,27,38500.0,1425.93,3,27
CUST08698,46,Male,694823.92,86,3,14160.0,4720.0,153,26
CUST08699,44,Male,990225.53,70,23,53290.0,2316.96,10,26
CUST08700,35,Female,1188975.85,30,2,2220.0,1110.0,46,33
CUST08701,57,Male,579230.59,55,3,12750.0,4250.0,22,29
CUST08702,27,Female,505071.53,98,8,19250.0,2406.25,117,20
CUST08703,59,Female,1110978.23,77,7,23780.0,3397.14,90,20
CUST08704,22,Male,560124.22,86,2,1860.0,930.0,216,26
CUST08705,27,Female,428938.12,6,4,3260.0,815.0,49,15
CUST08706,67,Male,372202.39,105,1,1410.0,1410.0,241,20
CUST08707,38,Female,641488.66,110,3,9950.0,3316.67,106,28
CUST08708,41,Female,239396.46,24,1,1810.0,1810.0,202,27
CUST08709,55,Male,842541.47,85,8,20120.0,2515.0,27,37
CUST08710,20,Female,267407.62,103,4,10080.0,2520.0,359,17
CUST08711,57,Female,341418.11,87,17,25340.0,1490.59,0,26
CUST08712,48,Male,574638.59,5,1,950.0,950.0,139,21
CUST08713,58,Male,1096777.56,7,5,7980.0,1596.0,25,29
CUST08714,54,Male,443073.14,3,21,76240.0,3630.48,5,25
CUST08715,19,Female,311605.61,119,9,40970.0,4552.22,138,35
CUST08716,19,Male,808321.94,13,2,5240.0,2620.0,108,26
CUST08717,56,Male,410012.8,54,11,11660.0,1060.0,104,25
CUST08718,66,Male,234855.49,63,4,10190.0,2547.5,133,20
CUST08719,59,Male,656788.8,76,5,11090.0,2218.0,117,31
CUST08720,61,Female,452418.47,6,11,13030.0,1184.55,7,33
CUST08721,51,Female,448007.67,98,7,16710.0,2387.14,44,22
CUST08722,59,Female,696651.84,79,1,1040.0,1040.0,607,20
CUST08723,37,Female,725646.79,47,6,18410.0,3068.33,135,25
CUST08724,50,Female,356531.77,82,5,10620.0,2124.0,3,33
CUST08725,21,Male,528298.5,55,13,30860.0,2373.85,18,20
CUST08726,62,Male,247986.83,49,15,35300.0,2353.33,62,21
CUST08727,61,Male,445369.29,57,6,8610.0,1435.0,137,27
CUST08728,28,Female,336875.13,3,12,18580.0,1548.33,11,30
CUST08729,59,Female,454852.41,22,1,850.0,850.0,579,30
CUST08730,64,Male,415825.33,35,11,20320.0,1847.27,11,26
CUST08731,22,Male,460710.52,28,18,16180.0,898.89,13,21
CUST08732,42,Male,235678.57,105,6,15400.0,2566.67,330,36
CUST08733,66,Female,276310.93,42,22,43820.0,1991.82,10,26
CUST08734,54,Female,453525.53,12,24,26090.0,1087.08,13,29
CUST08735,51,Male,979553.92,119,1,1410.0,1410.0,610,17
CUST08736,26,Female,695074.41,1,9,23930.0,2658.89,3,30
CUST08737,23,Female,607836.41,100,7,7060.0,1008.57,239,19
CUST08738,35,Male,382471.99,94,15,44720.0,2981.33,21,30
CUST08739,31,Male,326869.91,117,9,19700.0,2188.89,17,25
CUST08740,36,Female,662295.11,119,3,5090.0,1696.67,59,24
CUST08741,31,Male,296002.87,23,7,7320.0,1045.71,13,25
CUST08742,57,Male,1042082.51,101,14,27060.0,1932.86,26,25
CUST08743,34,Male,490327.45,28,3,8440.0,2813.33,41,37
CUST08744,52,Female,1237904.51,113,3,5170.0,1723.33,89,32
CUST08745,46,Female,1076122.75,117,3,6460.0,2153.33,104,24
CUST08746,59,Female,604374.75,69,3,13090.0,4363.33,134,32
CUST08747,34,Male,593695.04,36,13,23370.0,1797.69,89,19
CUST08748,60,Male,374037.06,54,14,31610.0,2257.86,73,16
CUST08749,25,Female,906435.3,47,13,29510.0,2270.0,33,24
CUST08750,18,Male,421148.51,56,20,91700.0,4585.0,15,17
CUST08751,62,Female,233884.6,10,12,18510.0,1542.5,2,22
CUST08752,70,Male,840396.06,5,2,2820.0,1410.0,116,19
CUST08753,53,Female,639188.33,14,16,38950.0,2434.38,15,28
CUST08754,24,Female,396583.37,24,7,19650.0,2807.14,124,17
CUST08755,63,Female,563313.0,63,17,32820.0,1930.59,31,27
CUST08756,22,Male,507415.56,28,14,27910.0,1993.57,21,21
CUST08757,41,Female,972439.16,21,5,12860.0,2572.0,189,25
CUST08758,45,Male,317817.22,109,5,6710.0,1342.0,46,29
CUST08759,60,Female,977608.97,115,19,50850.0,2676.32,33,31
CUST08760,34,Male,909752.99,104,11,36040.0,3276.36,24,30
CUST08761,54,Female,374798.77,76,2,2200.0,1100.0,48,19
CUST08762,37,Male,604177.08,20,5,12590.0,2518.0,5,24
CUST08763,20,Female,639770.48,62,8,11850.0,1481.25,5,15
CUST08764,54,Female,1910268.11,115,13,47450.0,3650.0,123,31
CUST08765,43,Male,351875.84,96,7,10940.0,1562.86,76,24
CUST08766,32,Female,210216.25,51,9,7650.0,850.0,9,22
CUST08767,68,Male,202360.47,102,6,15790.0,2631.67,18,24
CUST08768,65,Other,549842.4,40,7,24970.0,3567.14,144,30
CUST08769,25,Female,792939.38,106,13,17130.0,1317.69,33,15
CUST08770,30,Other,335056.75,85,6,9590.0,1598.33,157,21
CUST08771,65,Male,458768.23,81,16,39260.0,2453.75,8,25
CUST08772,20,Male,409661.13,65,2,3160.0,1580.0,315,27
CUST08773,18,Female,298938.8,115,5,16820.0,3364.0,144,23
CUST08774,26,Female,655956.75,108,14,27010.0,1929.29,36,28
CUST08775,48,Male,227828.24,28,0,0.0,0.0,9999,19
CUST08776,58,Male,666308.3,54,5,28820.0,5764.0,222,34
CUST08777,43,Male,411992.04,2,5,14660.0,2932.0,11,32
CUST08778,34,Female,778737.01,81,13,45740.0,3518.46,68,29
CUST08779,51,Female,540366.97,103,16,46340.0,2896.25,6,29
CUST08780,26,Male,248888.89,14,19,36140.0,1902.11,16,22
CUST08781,68,Male,575544.08,14,10,16620.0,1662.0,50,27
CUST08782,30,Female,420850.73,44,16,71870.0,4491.88,5,21
CUST08783,22,Male,817682.28,112,22,67710.0,3077.73,7,22
CUST08784,58,Female,693639.99,82,7,15030.0,2147.14,265,33
CUST08785,30,Male,836574.53,40,14,32620.0,2330.0,7,31
CUST08786,18,Female,428050.88,34,8,20180.0,2522.5,170,24
CUST08787,42,Female,331084.74,107,5,10940.0,2188.0,51,24
CUST08788,64,Female,496729.63,65,7,16810.0,2401.43,87,22
CUST08789,21,Male,695404.24,106,6,21040.0,3506.67,75,29
CUST08790,53,Female,324814.14,18,5,9260.0,1852.0,37,27
CUST08791,69,Male,574526.91,112,19,34150.0,1797.37,59,31
CUST08792,27,Female,592180.41,34,14,29290.0,2092.14,32,31
CUST08793,45,Male,928453.02,87,6,7730.0,1288.33,103,26
CUST08794,23,Female,312805.17,49,4,5110.0,1277.5,62,28
CUST08795,44,Male,624040.54,80,4,7540.0,1885.0,251,26
CUST08796,29,Male,400712.64,83,8,23830.0,2978.75,10,23
CUST08797,69,Male,355945.49,101,14,46190.0,3299.29,30,30
CUST08798,65,Female,1198346.1,55,14,34140.0,2438.57,39,25
CUST08799,20,Other,610942.62,62,8,27690.0,3461.25,68,27
CUST08800,63,Male,998474.22,70,19,32480.0,1709.47,19,21
CUST08801,50,Male,357249.89,24,13,55660.0,4281.54,23,14
CUST08802,27,Male,1063236.6,81,4,8030.0,2007.5,85,27
CUST08803,48,Male,416207.16,48,10,23310.0,2331.0,65,32
CUST08804,32,Female,715060.41,80,19,55510.0,2921.58,44,30
CUST08805,24,Male,326779.6,39,3,8430.0,2810.0,622,27
CUST08806,53,Female,308523.94,48,6,7710.0,1285.0,100,26
CUST08807,31,Female,494054.81,105,6,10000.0,1666.67,318,19
CUST08808,65,Female,1003898.12,119,1,1750.0,1750.0,313,33
CUST08809,31,Female,882998.94,70,18,27790.0,1543.89,81,22
CUST08810,20,Male,532829.38,80,12,11390.0,949.17,12,34
CUST08811,66,Male,432337.53,9,6,9440.0,1573.33,3,17
CUST08812,70,Female,577036.14,29,5,14260.0,2852.0,14,30
CUST08813,63,Male,311427.78,68,6,8000.0,1333.33,165,23
CUST08814,67,Male,532515.11,60,7,10260.0,1465.71,58,28
CUST08815,20,Female,510761.8,26,17,45030.0,2648.82,3,24
CUST08816,39,Female,511780.2,118,22,32340.0,1470.0,30,23
CUST08817,36,Male,616225.12,38,25,56340.0,2253.6,115,22
CUST08818,52,Female,714102.69,62,0,0.0,0.0,9999,28
CUST08819,29,Male,180000.0,26,12,22600.0,1883.33,81,21
CUST08820,22,Female,344021.47,14,5,4260.0,852.0,86,31
CUST08821,27,Male,372267.24,99,23,42260.0,1837.39,96,34
CUST08822,58,Female,465613.44,119,4,4010.0,1002.5,18,21
CUST08823,50,Female,484440.78,49,3,3620.0,1206.67,118,22
CUST08824,30,Male,665130.5,43,0,0.0,0.0,9999,25
CUST08825,52,Female,577964.49,88,1,1930.0,1930.0,724,29
CUST08826,68,Female,857326.22,8,1,1980.0,1980.0,56,21
CUST08827,49,Female,436828.67,40,3,3870.0,1290.0,427,21
CUST08828,28,Male,368332.23,25,2,3690.0,1845.0,210,28
CUST08829,65,Female,469491.18,63,9,14760.0,1640.0,52,20
CUST08830,55,Female,506747.12,4,19,49870.0,2624.74,0,22
CUST08831,41,Male,522878.44,15,4,9970.0,2492.5,113,19
CUST08832,52,Female,445603.25,16,3,4860.0,1620.0,53,25
CUST08833,36,Male,815030.63,54,2,5310.0,2655.0,609,20
CUST08834,23,Male,778989.71,11,22,55000.0,2500.0,0,25
CUST08835,57,Male,815673.83,28,0,0.0,0.0,9999,27
CUST08836,62,Female,320731.32,7,18,39640.0,2202.22,4,34
CUST08837,61,Female,692771.52,114,25,33120.0,1324.8,46,25
CUST08838,59,Male,1029888.5,38,12,24520.0,2043.33,0,20
CUST08839,52,Female,827446.05,24,17,39290.0,2311.18,24,19
CUST08840,21,Female,396812.82,95,3,8560.0,2853.33,293,32
CUST08841,50,Female,430649.47,68,10,19680.0,1968.0,92,29
CUST08842,30,Male,246705.46,37,4,16030.0,4007.5,334,28
CUST08843,53,Female,891817.26,120,6,11250.0,1875.0,201,22
CUST08844,60,Female,322179.0,35,9,10830.0,1203.33,77,20
CUST08845,36,Female,403018.57,6,17,20800.0,1223.53,12,31
CUST08846,60,Male,642977.54,110,5,4140.0,828.0,131,31
CUST08847,29,Male,533596.68,33,14,47430.0,3387.86,17,30
CUST08848,28,Male,589124.84,116,6,15420.0,2570.0,227,31
CUST08849,23,Female,385782.11,96,9,14400.0,1600.0,49,23
CUST08850,29,Male,283772.78,110,3,4910.0,1636.67,83,20
CUST08851,44,Female,551076.03,102,13,50970.0,3920.77,67,27
CUST08852,58,Male,336439.32,99,14,22550.0,1610.71,40,28
CUST08853,42,Male,631949.07,81,2,5920.0,2960.0,175,28
CUST08854,59,Male,334744.38,54,20,52020.0,2601.0,14,23
CUST08855,20,Female,467475.63,96,8,23760.0,2970.0,58,27
CUST08856,20,Female,1082249.52,14,5,5290.0,1058.0,159,31
CUST08857,37,Female,551620.75,19,5,11520.0,2304.0,18,17
CUST08858,45,Female,348856.3,88,0,0.0,0.0,9999,30
CUST08859,40,Male,625906.86,103,2,2600.0,1300.0,181,18
CUST08860,65,Female,469081.33,11,5,8820.0,1764.0,53,19
CUST08861,20,Male,350628.42,71,23,44660.0,1941.74,22,30
CUST08862,59,Female,505508.36,45,0,0.0,0.0,9999,23
CUST08863,41,Male,873658.16,60,14,37640.0,2688.57,19,29
CUST08864,60,Female,656157.75,88,4,3670.0,917.5,243,35
CUST08865,57,Male,460684.82,119,21,40860.0,1945.71,0,23
CUST08866,23,Male,289698.79,117,4,18540.0,4635.0,26,26
CUST08867,37,Male,695797.27,58,4,7780.0,1945.0,70,32
CUST08868,28,Male,619986.83,88,7,14260.0,2037.14,81,28
CUST08869,49,Male,240498.15,78,10,27920.0,2792.0,54,25
CUST08870,44,Female,256708.0,24,3,6860.0,2286.67,0,30
CUST08871,38,Female,1014682.79,11,3,5030.0,1676.67,62,18
CUST08872,61,Male,577457.65,72,2,3660.0,1830.0,393,24
CUST08873,65,Male,267215.1,44,1,2150.0,2150.0,671,24
CUST08874,67,Male,833968.51,79,7,15390.0,2198.57,23,20
CUST08875,30,Female,864410.91,106,3,5090.0,1696.67,490,23
CUST08876,39,Male,363289.09,118,11,16980.0,1543.64,55,19
CUST08877,52,Female,330108.02,66,6,5260.0,876.67,41,17
CUST08878,64,Male,518214.51,88,8,5250.0,656.25,243,18
CUST08879,39,Male,537352.62,45,5,8130.0,1626.0,132,22
CUST08880,45,Male,465643.48,74,8,18820.0,2352.5,212,19
CUST08881,38,Male,308573.5,32,17,18460.0,1085.88,26,24
CUST08882,63,Male,426810.82,17,1,1810.0,1810.0,243,25
CUST08883,35,Male,413088.51,54,8,24610.0,3076.25,40,21
CUST08884,48,Male,255967.76,10,17,53700.0,3158.82,8,25
CUST08885,63,Female,781182.57,86,13,14180.0,1090.77,117,26
CUST08886,54,Male,310127.43,6,15,41770.0,2784.67,2,21
CUST08887,38,Male,899919.51,91,7,14900.0,2128.57,43,21
CUST08888,31,Male,535727.26,20,22,56200.0,2554.55,12,25
CUST08889,42,Female,374543.98,1,1,760.0,760.0,7,26
CUST08890,44,Female,595275.03,64,22,32990.0,1499.55,25,22
CUST08891,57,Female,470960.17,81,12,40170.0,3347.5,144,25
CUST08892,40,Male,907324.64,1,1,1080.0,1080.0,9,24
CUST08893,48,Male,1298626.24,101,19,23780.0,1251.58,9,19
CUST08894,64,Male,596592.83,61,1,3260.0,3260.0,25,21
CUST08895,46,Female,461351.94,79,0,0.0,0.0,9999,30
CUST08896,64,Female,1028527.27,119,8,14020.0,1752.5,89,25
CUST08897,47,Female,455988.84,1,4,9700.0,2425.0,6,24
CUST08898,68,Female,394471.77,81,1,680.0,680.0,555,32
CUST08899,43,Male,869884.25,46,15,15490.0,1032.67,18,27
CUST08900,37,Male,729541.05,109,22,35320.0,1605.45,9,36
CUST08901,55,Male,396734.3,60,4,15080.0,3770.0,292,23
CUST08902,36,Male,576125.33,43,7,16150.0,2307.14,30,19
CUST08903,44,Female,428315.26,44,15,58130.0,3875.33,44,26
CUST08904,42,Male,656230.07,38,19,34080.0,1793.68,3,28
CUST08905,57,Other,627388.02,107,12,31560.0,2630.0,12,24
CUST08906,55,Female,281291.76,2,3,7400.0,2466.67,8,28
CUST08907,69,Male,509399.83,82,4,11560.0,2890.0,123,26
CUST08908,40,Male,256457.84,12,3,8340.0,2780.0,163,19
CUST08909,46,Female,263591.31,93,15,34620.0,2308.0,1,31
CUST08910,32,Male,400409.92,23,2,8190.0,4095.0,428,25
CUST08911,20,Male,382227.3,111,18,68850.0,3825.0,4,38
CUST08912,27,Male,231650.66,9,7,18780.0,2682.86,31,21
CUST08913,32,Male,293137.13,8,4,3070.0,767.5,58,21
CUST08914,33,Female,249873.42,50,3,12300.0,4100.0,171,23
CUST08915,34,Male,358199.56,80,3,5640.0,1880.0,149,26
CUST08916,36,Female,633582.38,62,15,31450.0,2096.67,27,23
CUST08917,28,Female,971757.69,23,6,7380.0,1230.0,65,21
CUST08918,65,Male,804808.09,117,9,10120.0,1124.44,86,31
CUST08919,22,Female,607823.7,93,5,7120.0,1424.0,184,25
CUST08920,22,Male,592558.52,59,21,32360.0,1540.95,6,25
CUST08921,31,Female,476733.53,10,5,4590.0,918.0,6,31
CUST08922,67,Male,478016.63,12,4,10150.0,2537.5,139,25
CUST08923,43,Male,932297.77,62,7,20760.0,2965.71,25,22
CUST08924,25,Male,660460.57,116,5,7370.0,1474.0,37,18
CUST08925,22,Female,546911.61,76,4,13630.0,3407.5,267,17
CUST08926,24,Male,226937.58,30,18,41330.0,2296.11,116,20
CUST08927,33,Male,693954.04,74,8,8500.0,1062.5,132,27
CUST08928,31,Male,697993.38,78,17,26020.0,1530.59,83,27
CUST08929,54,Male,378288.33,68,1,4590.0,4590.0,716,27
CUST08930,58,Female,553619.04,47,15,47810.0,3187.33,20,21
CUST08931,21,Female,470821.37,84,1,2900.0,2900.0,657,27
CUST08932,53,Female,392446.28,41,17,32340.0,1902.35,44,23
CUST08933,65,Male,601371.88,103,9,17640.0,1960.0,52,30
CUST08934,34,Male,307412.55,7,19,23500.0,1236.84,59,32
CUST08935,64,Female,1251505.45,94,1,1040.0,1040.0,680,23
CUST08936,53,Female,635022.17,116,6,13030.0,2171.67,126,28
CUST08937,23,Male,475901.13,105,13,26370.0,2028.46,39,24
CUST08938,33,Female,769780.46,88,8,12500.0,1562.5,121,31
CUST08939,46,Female,711438.75,74,6,9570.0,1595.0,50,18
CUST08940,53,Male,357613.14,52,18,38640.0,2146.67,8,18
CUST08941,55,Female,398340.39,45,3,4290.0,1430.0,184,31
CUST08942,54,Male,180000.0,38,5,14580.0,2916.0,18,24
CUST08943,65,Female,308636.01,36,3,11240.0,3746.67,134,26
CUST08944,65,Female,674989.4,81,5,12750.0,2550.0,147,27
CUST08945,27,Male,542982.85,85,2,14580.0,7290.0,404,32
CUST08946,58,Male,400473.81,58,5,8000.0,1600.0,27,22
CUST08947,53,Other,584508.6,46,4,10080.0,2520.0,141,26
CUST08948,46,Female,393569.1,67,3,5850.0,1950.0,70,22
CUST08949,31,Male,260273.48,65,18,77250.0,4291.67,17,15
CUST08950,21,Female,326546.22,18,5,6200.0,1240.0,125,17
CUST08951,61,Female,1404417.61,2,5,6650.0,1330.0,12,25
CUST08952,59,Male,466953.94,104,7,14410.0,2058.57,102,30
CUST08953,53,Male,479209.09,112,8,12620.0,1577.5,110,36
CUST08954,67,Female,632755.04,4,12,19770.0,1647.5,9,32
CUST08955,62,Male,776720.42,96,17,59860.0,3521.18,1,35
CUST08956,30,Male,451668.13,83,7,17710.0,2530.0,160,23
CUST08957,63,Female,823738.25,84,16,27140.0,1696.25,14,21
CUST08958,35,Female,452835.87,42,9,13360.0,1484.44,82,28
CUST08959,50,Male,497626.14,49,7,20270.0,2895.71,20,19
CUST08960,38,Male,402510.05,49,13,30870.0,2374.62,39,27
CUST08961,33,Female,706691.49,117,9,7140.0,793.33,71,27
CUST08962,32,Female,268495.3,7,12,12400.0,1033.33,28,21
CUST08963,22,Female,554260.49,9,25,65360.0,2614.4,16,20
CUST08964,23,Male,652697.02,71,6,26210.0,4368.33,17,34
CUST08965,55,Female,793102.88,27,4,7280.0,1820.0,183,22
CUST08966,20,Female,639343.66,21,0,0.0,0.0,9999,28
CUST08967,65,Male,330508.14,35,7,13600.0,1942.86,31,23
CUST08968,29,Male,648265.55,88,5,17110.0,3422.0,46,21
CUST08969,53,Female,697599.17,96,7,22180.0,3168.57,63,20
CUST08970,50,Male,669603.47,76,17,25550.0,1502.94,12,21
CUST08971,53,Male,448932.74,87,8,34140.0,4267.5,45,26
CUST08972,50,Male,466832.27,36,21,37940.0,1806.67,26,30
CUST08973,48,Male,782670.85,113,11,26980.0,2452.73,18,19
CUST08974,38,Male,500471.6,93,3,9030.0,3010.0,55,32
CUST08975,44,Male,325478.9,67,5,11110.0,2222.0,25,20
CUST08976,44,Female,415869.31,43,9,25290.0,2810.0,104,27
CUST08977,25,Female,978263.16,8,15,66130.0,4408.67,1,28
CUST08978,54,Female,273133.47,98,6,10420.0,1736.67,87,29
CUST08979,49,Male,897608.43,78,15,21340.0,1422.67,59,26
CUST08980,43,Female,505458.77,36,0,0.0,0.0,9999,26
CUST08981,19,Male,275363.33,48,6,10070.0,1678.33,64,29
CUST08982,29,Female,714136.28,46,10,26250.0,2625.0,4,22
CUST08983,39,Female,362994.14,32,5,8130.0,1626.0,44,31
CUST08984,34,Female,521553.64,7,20,45100.0,2255.0,2,21
CUST08985,24,Female,218722.98,74,0,0.0,0.0,9999,25
CUST08986,60,Female,915994.8,12,3,5420.0,1806.67,28,34
CUST08987,21,Female,438019.23,55,3,9880.0,3293.33,317,26
CUST08988,54,Male,379386.53,104,7,25680.0,3668.57,210,20
CUST08989,55,Male,544961.14,23,11,26330.0,2393.64,46,22
CUST08990,49,Female,744722.57,75,5,8280.0,1656.0,26,26
CUST08991,28,Male,459267.42,52,19,42110.0,2216.32,113,23
CUST08992,18,Female,734207.19,13,19,51460.0,2708.42,29,20
CUST08993,42,Male,494236.72,76,19,89430.0,4706.84,5,28
CUST08994,59,Male,520230.64,71,1,2140.0,2140.0,25,26
CUST08995,69,Female,348727.85,53,5,9980.0,1996.0,365,23
CUST08996,41,Male,804409.4,63,18,21860.0,1214.44,107,26
CUST08997,70,Female,676057.34,108,12,38780.0,3231.67,45,29
CUST08998,60,Female,640124.58,74,8,26460.0,3307.5,81,27
CUST08999,34,Female,808114.27,71,9,30860.0,3428.89,58,26
CUST09000,25,Female,311819.43,51,16,38490.0,2405.62,31,24
CUST09001,62,Male,516272.62,58,0,0.0,0.0,9999,25
CUST09002,44,Male,823475.99,27,0,0.0,0.0,9999,23
CUST09003,69,Male,492165.16,7,6,13930.0,2321.67,59,21
CUST09004,35,Male,534350.61,119,17,27750.0,1632.35,17,23
CUST09005,44,Female,527527.62,50,5,7650.0,1530.0,29,20
CUST09006,39,Female,618574.36,24,10,38380.0,3838.0,0,18
CUST09007,33,Female,210402.8,87,17,27220.0,1601.18,40,22
CUST09008,19,Female,527518.17,25,19,37630.0,1980.53,29,20
CUST09009,22,Male,597791.14,44,15,20330.0,1355.33,122,31
CUST09010,35,Female,596649.53,36,15,23110.0,1540.67,127,15
CUST09011,20,Female,1027314.91,57,8,33100.0,4137.5,23,30
CUST09012,44,Male,384302.31,97,17,44630.0,2625.29,32,20
CUST09013,34,Female,1049558.46,37,17,30970.0,1821.76,88,15
CUST09014,33,Female,424690.16,106,7,15490.0,2212.86,51,24
CUST09015,23,Male,272468.2,103,2,2640.0,1320.0,111,33
CUST09016,68,Female,984464.1,52,6,14990.0,2498.33,24,30
CUST09017,24,Male,802971.49,63,2,4310.0,2155.0,286,22
CUST09018,67,Male,531578.96,7,25,55810.0,2232.4,0,19
CUST09019,31,Female,384191.31,94,8,14250.0,1781.25,137,26
CUST09020,55,Female,455180.44,60,11,19740.0,1794.55,1,21
CUST09021,57,Female,560903.84,95,6,11120.0,1853.33,271,22
CUST09022,32,Female,933609.06,109,10,20080.0,2008.0,21,29
CUST09023,64,Female,276529.91,110,10,20640.0,2064.0,19,23
CUST09024,64,Female,454850.32,37,11,30910.0,2810.0,100,30
CUST09025,65,Male,444121.8,21,8,7960.0,995.0,85,32
CUST09026,50,Male,402035.34,98,17,27470.0,1615.88,67,20
CUST09027,60,Male,373568.36,46,11,29540.0,2685.45,58,28
CUST09028,44,Female,1030565.98,21,4,4860.0,1215.0,123,24
CUST09029,46,Female,348534.3,104,5,20420.0,4084.0,105,31
CUST09030,54,Male,531256.1,84,3,7150.0,2383.33,224,23
CUST09031,22,Female,294019.71,98,3,2570.0,856.67,77,19
CUST09032,46,Female,738943.88,72,23,60370.0,2624.78,20,29
CUST09033,49,Male,400522.71,96,7,22100.0,3157.14,229,29
CUST09034,70,Male,185486.66,52,19,48090.0,2531.05,23,21
CUST09035,23,Male,774818.32,94,14,26340.0,1881.43,19,33
CUST09036,19,Male,389573.09,29,0,0.0,0.0,9999,24
CUST09037,23,Female,901697.03,69,1,2260.0,2260.0,207,20
CUST09038,63,Female,816228.9,94,17,24820.0,1460.0,38,29
CUST09039,60,Female,475582.93,76,2,4060.0,2030.0,48,25
CUST09040,21,Male,597565.45,39,6,9290.0,1548.33,164,27
CUST09041,46,Female,521750.38,27,5,7760.0,1552.0,76,25
CUST09042,42,Male,266176.05,117,13,32410.0,2493.08,6,23
CUST09043,26,Female,948734.73,77,20,48110.0,2405.5,1,23
CUST09044,20,Male,445618.04,111,13,26580.0,2044.62,9,25
CUST09045,43,Female,505341.37,10,17,31990.0,1881.76,11,26
CUST09046,65,Female,508598.9,36,22,30500.0,1386.36,86,18
CUST09047,60,Female,451641.54,95,4,2360.0,590.0,222,30
CUST09048,44,Male,666766.82,16,12,30340.0,2528.33,2,27
CUST09049,53,Male,478583.3,103,1,2200.0,2200.0,551,26
CUST09050,49,Male,396929.47,109,4,6970.0,1742.5,85,23
CUST09051,18,Male,414925.56,36,7,18800.0,2685.71,128,31
CUST09052,70,Female,1056596.21,90,15,46650.0,3110.0,7,25
CUST09053,33,Male,513512.43,108,8,23330.0,2916.25,73,21
CUST09054,68,Other,1038784.44,84,22,46320.0,2105.45,23,28
CUST09055,65,Female,325152.58,34,9,9460.0,1051.11,8,29
CUST09056,28,Male,373938.15,37,11,24710.0,2246.36,69,23
CUST09057,43,Female,402284.96,72,4,10180.0,2545.0,24,28
CUST09058,57,Male,481858.19,68,9,24970.0,2774.44,11,20
CUST09059,18,Male,362516.28,59,2,2840.0,1420.0,190,20
CUST09060,43,Male,471950.66,29,17,30810.0,1812.35,50,18
CUST09061,45,Female,547392.69,31,3,5720.0,1906.67,45,21
CUST09062,70,Female,785970.63,66,17,65640.0,3861.18,10,26
CUST09063,26,Female,273220.05,89,5,19030.0,3806.0,180,32
CUST09064,61,Male,759472.48,102,4,6800.0,1700.0,124,28
CUST09065,39,Female,697174.47,3,15,32770.0,2184.67,4,35
CUST09066,25,Male,322535.43,110,11,42270.0,3842.73,96,23
CUST09067,66,Male,350655.2,106,14,39710.0,2836.43,100,26
CUST09068,59,Male,587534.71,107,2,2720.0,1360.0,403,18
CUST09069,44,Male,376568.3,69,8,11350.0,1418.75,266,31
CUST09070,56,Female,926627.19,22,15,28100.0,1873.33,4,21
CUST09071,36,Male,498515.12,80,13,22120.0,1701.54,109,27
CUST09072,42,Other,290106.62,73,8,17030.0,2128.75,36,31
CUST09073,55,Male,302455.82,53,6,14670.0,2445.0,12,29
CUST09074,38,Female,255724.78,48,7,13700.0,1957.14,131,29
CUST09075,41,Male,476955.74,73,1,900.0,900.0,691,35
CUST09076,41,Male,487265.55,113,4,6740.0,1685.0,61,28
CUST09077,36,Female,629768.51,76,13,55040.0,4233.85,15,30
CUST09078,67,Female,882620.0,47,7,13690.0,1955.71,100,30
CUST09079,64,Female,502735.77,42,3,10500.0,3500.0,66,22
CUST09080,19,Female,884368.26,4,17,54880.0,3228.24,0,26
CUST09081,31,Female,360156.26,113,16,37590.0,2349.38,26,24
CUST09082,70,Female,257795.86,82,7,21370.0,3052.86,34,15
CUST09083,49,Female,714476.02,82,18,69890.0,3882.78,80,18
CUST09084,59,Male,692782.08,42,8,49590.0,6198.75,70,18
CUST09085,49,Female,560339.92,43,18,30580.0,1698.89,7,20
CUST09086,45,Female,679379.44,117,6,15590.0,2598.33,13,32
CUST09087,65,Male,180000.0,97,0,0.0,0.0,9999,24
CUST09088,56,Female,404786.77,42,6,10910.0,1818.33,13,22
CUST09089,57,Male,827233.82,3,5,8200.0,1640.0,1,25
CUST09090,59,Female,445180.53,59,15,54080.0,3605.33,154,28
CUST09091,64,Male,670017.14,102,4,9320.0,2330.0,41,30
CUST09092,57,Male,1612931.88,81,23,96900.0,4213.04,12,34
CUST09093,30,Male,792054.83,76,3,3760.0,1253.33,8,21
CUST09094,29,Female,425194.04,11,4,16960.0,4240.0,36,32
CUST09095,25,Male,225827.48,81,7,17210.0,2458.57,272,22
CUST09096,32,Female,690040.99,35,9,15990.0,1776.67,42,22
CUST09097,43,Female,201156.35,105,3,18550.0,6183.33,39,21
CUST09098,29,Male,350439.93,50,6,10260.0,1710.0,105,31
CUST09099,60,Other,358339.27,63,20,32210.0,1610.5,5,23
CUST09100,68,Male,473562.73,70,2,4330.0,2165.0,187,26
CUST09101,63,Female,565865.05,99,3,7040.0,2346.67,461,24
CUST09102,44,Male,339118.21,6,1,2680.0,2680.0,97,29
CUST09103,35,Male,802961.15,32,2,2540.0,1270.0,230,28
CUST09104,62,Male,946547.03,11,11,24050.0,2186.36,20,17
CUST09105,53,Female,448367.24,43,12,32230.0,2685.83,8,19
CUST09106,66,Female,809926.93,39,9,7870.0,874.44,8,19
CUST09107,68,Male,366511.04,13,13,38650.0,2973.08,37,17
CUST09108,44,Male,313672.89,13,5,9950.0,1990.0,199,28
CUST09109,26,Other,813121.97,39,18,58430.0,3246.11,31,26
CUST09110,56,Male,563623.91,46,0,0.0,0.0,9999,22
CUST09111,18,Female,596583.7,34,6,10810.0,1801.67,185,40
CUST09112,24,Female,1144686.04,67,1,3120.0,3120.0,468,14
CUST09113,43,Male,674847.45,32,1,2800.0,2800.0,229,21
CUST09114,24,Female,1473852.74,68,13,20010.0,1539.23,6,27
CUST09115,69,Female,521398.27,104,3,20090.0,6696.67,126,29
CUST09116,24,Male,987139.27,117,19,26680.0,1404.21,3,22
CUST09117,25,Female,488634.33,65,21,25410.0,1210.0,20,24
CUST09118,33,Female,297504.24,73,4,4280.0,1070.0,101,30
CUST09119,20,Male,727091.36,113,6,11480.0,1913.33,195,23
CUST09120,62,Male,491777.11,114,20,29570.0,1478.5,15,29
CUST09121,27,Female,1271523.53,7,21,53790.0,2561.43,19,15
CUST09122,67,Male,644412.7,91,1,940.0,940.0,199,18
CUST09123,24,Male,767320.37,3,1,4740.0,4740.0,83,22
CUST09124,38,Female,246862.59,86,8,9430.0,1178.75,259,29
CUST09125,70,Female,692891.26,80,20,34980.0,1749.0,21,20
CUST09126,54,Other,484362.78,72,10,16240.0,1624.0,36,29
CUST09127,48,Male,352612.99,69,25,75210.0,3008.4,34,27
CUST09128,40,Female,940719.74,49,19,46720.0,2458.95,77,22
CUST09129,44,Female,279465.77,58,21,52450.0,2497.62,6,21
CUST09130,39,Other,586623.7,94,17,54830.0,3225.29,64,26
CUST09131,56,Female,379254.58,28,11,16950.0,1540.91,44,18
CUST09132,44,Other,565485.07,115,17,30830.0,1813.53,36,22
CUST09133,66,Female,440869.38,27,8,19800.0,2475.0,74,23
CUST09134,21,Male,460974.6,114,5,14470.0,2894.0,72,30
CUST09135,41,Female,513152.72,22,5,11610.0,2322.0,27,28
CUST09136,40,Male,324720.91,94,7,17650.0,2521.43,183,24
CUST09137,65,Female,793805.24,101,12,37700.0,3141.67,47,23
CUST09138,36,Other,674666.88,71,6,10520.0,1753.33,119,16
CUST09139,59,Male,320566.35,114,13,14880.0,1144.62,142,29
CUST09140,20,Female,943661.59,94,11,26740.0,2430.91,6,27
CUST09141,44,Female,704196.53,13,6,12320.0,2053.33,98,25
CUST09142,20,Male,523470.64,22,4,15720.0,3930.0,156,26
CUST09143,45,Male,263763.78,75,6,6660.0,1110.0,10,29
CUST09144,34,Male,373983.56,5,15,32580.0,2172.0,0,27
CUST09145,48,Male,213863.91,22,15,15770.0,1051.33,47,34
CUST09146,27,Female,542162.62,79,8,18530.0,2316.25,2,29
CUST09147,66,Female,731910.8,53,1,2060.0,2060.0,133,30
CUST09148,39,Male,361071.09,39,22,46960.0,2134.55,24,37
CUST09149,47,Other,501325.52,37,1,4720.0,4720.0,403,29
CUST09150,66,Female,781535.39,31,3,10160.0,3386.67,67,27
CUST09151,38,Female,377657.13,62,1,2020.0,2020.0,357,27
CUST09152,53,Male,642598.57,93,12,16950.0,1412.5,92,28
CUST09153,70,Female,1289040.99,103,10,15010.0,1501.0,9,32
CUST09154,40,Male,696373.8,81,1,2980.0,2980.0,524,29
CUST09155,55,Female,314379.52,105,13,78480.0,6036.92,26,31
CUST09156,29,Female,494378.4,6,10,11150.0,1115.0,5,20
CUST09157,42,Male,692558.08,105,6,14180.0,2363.33,172,18
CUST09158,37,Female,626112.46,81,14,20450.0,1460.71,22,26
CUST09159,66,Female,308553.23,34,14,13550.0,967.86,10,23
CUST09160,66,Male,609056.61,87,2,6800.0,3400.0,347,21
CUST09161,59,Female,454443.25,52,11,55610.0,5055.45,50,22
CUST09162,24,Male,407377.14,30,20,22850.0,1142.5,38,24
CUST09163,46,Female,641327.74,13,5,11260.0,2252.0,118,25
CUST09164,65,Female,1105758.74,58,3,2900.0,966.67,49,24
CUST09165,46,Male,357441.28,94,2,4380.0,2190.0,302,19
CUST09166,30,Other,612964.47,113,18,53230.0,2957.22,46,26
CUST09167,20,Male,482197.01,53,9,17670.0,1963.33,4,22
CUST09168,19,Male,657913.59,20,16,25330.0,1583.12,36,30
CUST09169,33,Female,524683.18,6,9,17880.0,1986.67,40,24
CUST09170,47,Female,385584.25,55,4,6390.0,1597.5,34,22
CUST09171,55,Female,378901.85,31,25,45760.0,1830.4,70,26
CUST09172,23,Female,615374.54,59,26,31170.0,1198.85,4,20
CUST09173,62,Male,530183.28,19,5,8660.0,1732.0,6,21
CUST09174,24,Male,661224.43,70,7,21470.0,3067.14,20,27
CUST09175,22,Male,243802.43,98,4,17220.0,4305.0,51,25
CUST09176,24,Female,817618.37,28,12,20020.0,1668.33,1,19
CUST09177,51,Male,945405.26,13,4,7610.0,1902.5,74,22
CUST09178,49,Male,535376.53,52,4,5770.0,1442.5,87,25
CUST09179,66,Male,673070.0,74,7,21040.0,3005.71,156,25
CUST09180,30,Male,775801.08,61,14,24930.0,1780.71,1,28
CUST09181,47,Female,460957.56,41,16,32410.0,2025.62,218,27
CUST09182,42,Female,555022.72,45,18,71090.0,3949.44,1,24
CUST09183,38,Male,622050.98,7,12,26860.0,2238.33,11,24
CUST09184,38,Male,395090.27,82,1,1800.0,1800.0,616,19
CUST09185,45,Female,531880.58,86,1,2570.0,2570.0,254,19
CUST09186,65,Male,201510.18,14,14,28810.0,2057.86,9,27
CUST09187,37,Female,377440.65,36,7,7790.0,1112.86,33,15
CUST09188,51,Female,966591.69,8,11,14710.0,1337.27,17,24
CUST09189,22,Male,594948.08,12,25,47770.0,1910.8,10,27
CUST09190,35,Other,349426.43,40,7,14820.0,2117.14,213,27
CUST09191,56,Male,286975.91,112,9,9150.0,1016.67,11,19
CUST09192,60,Male,1555806.92,97,4,9930.0,2482.5,89,22
CUST09193,28,Male,364629.85,88,11,26650.0,2422.73,48,26
CUST09194,34,Other,399690.54,106,3,7570.0,2523.33,63,26
CUST09195,65,Female,654744.35,103,2,3530.0,1765.0,174,28
CUST09196,62,Male,344024.18,62,16,19220.0,1201.25,66,28
CUST09197,39,Female,592255.2,14,23,77240.0,3358.26,4,17
CUST09198,54,Female,506409.7,49,14,17550.0,1253.57,17,27
CUST09199,37,Male,294966.08,51,1,1900.0,1900.0,391,22
CUST09200,65,Female,511391.43,62,3,5950.0,1983.33,122,29
CUST09201,65,Female,579062.85,5,7,19240.0,2748.57,0,24
CUST09202,65,Female,310717.64,83,7,15600.0,2228.57,14,31
CUST09203,63,Male,632095.99,67,2,6820.0,3410.0,158,22
CUST09204,23,Male,684210.23,1,5,4850.0,970.0,1,16
CUST09205,51,Female,315583.3,104,5,8480.0,1696.0,28,28
CUST09206,31,Female,622053.37,105,25,23310.0,932.4,32,21
CUST09207,65,Female,554493.02,101,6,9530.0,1588.33,268,24
CUST09208,40,Female,428358.64,97,2,1740.0,870.0,299,20
CUST09209,37,Female,444954.11,49,7,16830.0,2404.29,6,19
CUST09210,30,Female,597143.41,110,2,3270.0,1635.0,95,22
CUST09211,64,Male,383310.28,17,17,22070.0,1298.24,92,23
CUST09212,61,Male,648621.7,73,13,11830.0,910.0,62,28
CUST09213,58,Male,348523.09,95,9,21670.0,2407.78,51,24
CUST09214,49,Male,360165.05,35,15,42950.0,2863.33,113,28
CUST09215,43,Female,280354.37,67,1,1570.0,1570.0,234,25
CUST09216,67,Female,230593.28,13,7,9280.0,1325.71,21,25
CUST09217,70,Male,535188.98,116,4,13870.0,3467.5,62,24
CUST09218,31,Female,207387.44,37,1,980.0,980.0,327,23
CUST09219,69,Female,579285.01,38,2,3980.0,1990.0,544,31
CUST09220,53,Female,481271.38,78,4,10680.0,2670.0,377,25
CUST09221,25,Female,1168371.29,6,11,30540.0,2776.36,6,20
CUST09222,57,Male,657152.23,93,7,15050.0,2150.0,56,16
CUST09223,39,Male,629081.79,63,5,12430.0,2486.0,120,24
CUST09224,39,Female,369365.66,49,9,54770.0,6085.56,10,19
CUST09225,33,Female,387868.83,9,12,29800.0,2483.33,2,22
CUST09226,44,Female,413764.55,36,19,27330.0,1438.42,59,26
CUST09227,27,Male,492097.46,23,7,14490.0,2070.0,87,28
CUST09228,42,Male,384435.47,79,22,34310.0,1559.55,12,25
CUST09229,48,Other,646358.59,118,2,8690.0,4345.0,154,36
CUST09230,38,Female,419632.27,57,10,47290.0,4729.0,5,29
CUST09231,44,Female,825921.27,50,9,27790.0,3087.78,133,27
CUST09232,34,Female,345435.29,111,23,81400.0,3539.13,6,32
CUST09233,50,Female,699510.1,59,15,30060.0,2004.0,84,22
CUST09234,48,Female,1191883.41,114,4,5730.0,1432.5,15,23
CUST09235,67,Male,1107956.63,7,9,16020.0,1780.0,3,28
CUST09236,59,Female,339621.34,47,3,8240.0,2746.67,263,12
CUST09237,43,Female,839838.15,89,3,8270.0,2756.67,249,27
CUST09238,38,Female,183995.89,101,15,15750.0,1050.0,17,34
CUST09239,53,Female,248220.6,87,8,17790.0,2223.75,178,37
CUST09240,18,Male,655188.31,75,4,4710.0,1177.5,29,21
CUST09241,21,Female,608798.97,56,23,56060.0,2437.39,4,19
CUST09242,21,Male,655539.28,110,5,9810.0,1962.0,286,25
CUST09243,43,Male,401711.29,8,4,8850.0,2212.5,71,25
CUST09244,21,Female,302625.58,36,4,6210.0,1552.5,166,25
CUST09245,66,Male,221652.59,42,1,980.0,980.0,271,21
CUST09246,26,Female,339311.34,39,8,19450.0,2431.25,110,26
CUST09247,47,Male,669966.63,65,8,22580.0,2822.5,120,25
CUST09248,68,Male,736389.11,116,8,13910.0,1738.75,118,20
CUST09249,62,Male,571373.21,44,4,5950.0,1487.5,177,17
CUST09250,21,Male,546108.57,77,16,27040.0,1690.0,103,17
CUST09251,22,Female,1071186.68,80,13,33090.0,2545.38,43,23
CUST09252,62,Female,941600.19,46,3,15260.0,5086.67,112,19
CUST09253,40,Female,764610.31,13,14,15780.0,1127.14,103,24
CUST09254,33,Male,841140.94,37,10,19710.0,1971.0,104,22
CUST09255,39,Female,585150.88,14,24,45310.0,1887.92,32,24
CUST09256,54,Female,620079.6,13,13,21300.0,1638.46,19,31
CUST09257,25,Male,353104.56,110,15,21250.0,1416.67,28,27
CUST09258,65,Female,593137.06,12,3,10130.0,3376.67,137,31
CUST09259,50,Female,373902.12,55,6,15320.0,2553.33,273,30
CUST09260,55,Male,873794.52,28,4,9650.0,2412.5,41,22
CUST09261,60,Female,662386.03,22,9,7460.0,828.89,195,26
CUST09262,33,Male,412407.69,84,14,21220.0,1515.71,6,30
CUST09263,22,Male,685755.51,111,14,46280.0,3305.71,3,28
CUST09264,33,Male,828363.23,19,2,2200.0,1100.0,112,32
CUST09265,24,Female,337794.75,75,10,15840.0,1584.0,77,22
CUST09266,68,Male,445380.66,30,4,6410.0,1602.5,223,29
CUST09267,18,Male,322860.0,54,17,31260.0,1838.82,29,22
CUST09268,26,Female,491148.57,90,2,5580.0,2790.0,542,26
CUST09269,35,Female,911628.99,15,1,1860.0,1860.0,293,31
CUST09270,62,Female,500138.06,30,15,22360.0,1490.67,41,28
CUST09271,64,Male,649313.8,29,14,30840.0,2202.86,47,23
CUST09272,20,Female,391135.03,32,2,2860.0,1430.0,480,21
CUST09273,41,Male,732977.42,117,6,10700.0,1783.33,188,24
CUST09274,45,Female,485968.85,30,15,47550.0,3170.0,113,22
CUST09275,27,Female,704747.08,108,6,16580.0,2763.33,36,21
CUST09276,26,Female,738868.41,115,8,10590.0,1323.75,70,27
CUST09277,30,Female,311078.25,16,0,0.0,0.0,9999,20
CUST09278,65,Female,367606.39,36,3,3240.0,1080.0,70,22
CUST09279,52,Female,415394.1,82,6,14970.0,2495.0,31,33
CUST09280,40,Male,1111526.24,105,14,32360.0,2311.43,84,21
CUST09281,64,Male,921091.49,48,20,46070.0,2303.5,100,31
CUST09282,34,Female,523052.17,103,10,23470.0,2347.0,78,29
CUST09283,63,Male,1715733.07,28,7,22040.0,3148.57,1,23
CUST09284,24,Female,277182.57,62,8,10660.0,1332.5,4,22
CUST09285,69,Female,449679.42,83,8,5780.0,722.5,196,23
CUST09286,33,Male,848464.37,56,6,19020.0,3170.0,101,20
CUST09287,70,Female,510039.54,56,2,2380.0,1190.0,440,29
CUST09288,57,Female,341308.64,75,11,11890.0,1080.91,34,31
CUST09289,53,Female,598006.18,17,0,0.0,0.0,9999,31
CUST09290,37,Male,1666970.9,62,6,11680.0,1946.67,215,24
CUST09291,41,Female,343271.12,21,1,2750.0,2750.0,409,18
CUST09292,64,Male,359706.16,37,2,2420.0,1210.0,614,34
CUST09293,22,Female,308147.01,108,12,23750.0,1979.17,30,21
CUST09294,62,Female,413943.85,115,1,1890.0,1890.0,581,35
CUST09295,23,Male,813912.71,34,17,23350.0,1373.53,3,23
CUST09296,45,Female,1012350.58,97,26,95890.0,3688.08,4,25
CUST09297,22,Male,282915.74,29,8,24890.0,3111.25,81,18
CUST09298,66,Female,657579.65,68,11,40660.0,3696.36,16,23
CUST09299,56,Female,708228.99,96,5,8750.0,1750.0,392,22
CUST09300,55,Male,367800.36,60,9,15920.0,1768.89,74,28
CUST09301,19,Male,698167.18,11,12,49630.0,4135.83,15,40
CUST09302,60,Female,592160.31,90,7,4230.0,604.29,176,31
CUST09303,56,Male,817299.7,82,15,18840.0,1256.0,23,32
CUST09304,38,Male,183593.21,117,8,10400.0,1300.0,103,19
CUST09305,57,Male,569999.4,96,4,4680.0,1170.0,163,18
CUST09306,54,Male,721273.98,60,11,33550.0,3050.0,48,27
CUST09307,35,Female,800863.13,91,20,38160.0,1908.0,66,21
CUST09308,65,Female,718700.18,80,6,14530.0,2421.67,173,29
CUST09309,63,Male,290479.95,74,2,3620.0,1810.0,369,27
CUST09310,29,Male,950300.29,108,11,19790.0,1799.09,12,17
CUST09311,34,Male,699328.47,34,10,18320.0,1832.0,270,26
CUST09312,54,Female,504262.28,33,18,24470.0,1359.44,42,22
CUST09313,63,Female,508161.73,10,8,18150.0,2268.75,38,25
CUST09314,55,Female,1105760.57,106,18,31830.0,1768.33,33,27
CUST09315,32,Female,688938.07,60,20,30540.0,1527.0,85,21
CUST09316,24,Female,536274.96,26,1,730.0,730.0,663,29
CUST09317,31,Female,341107.65,106,9,11350.0,1261.11,70,30
CUST09318,67,Male,451507.2,25,3,5240.0,1746.67,59,22
CUST09319,18,Other,340692.24,2,21,28370.0,1350.95,1,25
CUST09320,55,Female,227387.98,90,8,18380.0,2297.5,11,31
CUST09321,20,Male,552977.25,84,7,30290.0,4327.14,185,31
CUST09322,54,Female,227107.88,3,3,5010.0,1670.0,18,23
CUST09323,61,Female,376740.87,32,3,9920.0,3306.67,97,21
CUST09324,48,Female,435029.55,1,7,4390.0,627.14,0,32
CUST09325,60,Male,259239.4,24,3,5250.0,1750.0,241,26
CUST09326,30,Female,790791.17,50,18,54170.0,3009.44,77,31
CUST09327,65,Male,474951.78,43,14,29030.0,2073.57,55,31
CUST09328,35,Female,180000.0,120,7,7050.0,1007.14,200,25
CUST09329,34,Female,729632.04,44,8,16990.0,2123.75,45,30
CUST09330,34,Female,1108547.19,33,7,7840.0,1120.0,55,37
CUST09331,28,Female,542190.0,38,12,41440.0,3453.33,106,21
CUST09332,37,Female,660736.88,112,7,9950.0,1421.43,22,16
CUST09333,27,Male,578391.45,52,2,4460.0,2230.0,81,40
CUST09334,46,Female,646427.16,35,3,13050.0,4350.0,133,31
CUST09335,65,Female,392229.25,17,3,8650.0,2883.33,121,24
CUST09336,51,Male,357372.45,58,5,12560.0,2512.0,98,23
CUST09337,34,Male,311239.55,48,14,20850.0,1489.29,22,32
CUST09338,69,Female,527799.34,43,9,16980.0,1886.67,18,30
CUST09339,59,Male,668464.62,48,22,54190.0,2463.18,22,18
CUST09340,30,Female,664605.61,44,7,18710.0,2672.86,25,25
CUST09341,61,Male,414000.87,33,2,2660.0,1330.0,330,31
CUST09342,64,Male,458186.24,75,10,28310.0,2831.0,34,29
CUST09343,56,Female,457352.71,87,20,89970.0,4498.5,28,20
CUST09344,44,Female,398564.5,102,5,10620.0,2124.0,154,16
CUST09345,70,Female,210032.87,96,2,2510.0,1255.0,138,22
CUST09346,43,Female,458052.02,83,0,0.0,0.0,9999,24
CUST09347,45,Female,437099.33,76,2,3220.0,1610.0,94,29
CUST09348,30,Female,489430.98,92,3,4330.0,1443.33,375,33
CUST09349,29,Male,393433.96,2,11,16090.0,1462.73,2,21
CUST09350,61,Male,569835.4,10,17,28240.0,1661.18,20,25
CUST09351,45,Male,1691531.1,83,7,20020.0,2860.0,53,21
CUST09352,19,Male,711226.23,28,0,0.0,0.0,9999,19
CUST09353,54,Male,403788.69,47,8,15710.0,1963.75,126,23
CUST09354,51,Male,452409.55,8,8,17450.0,2181.25,7,21
CUST09355,40,Other,475053.5,107,13,13770.0,1059.23,113,18
CUST09356,69,Male,526747.46,23,19,30760.0,1618.95,83,27
CUST09357,62,Male,498864.05,48,9,29140.0,3237.78,101,21
CUST09358,46,Female,407932.04,109,1,6500.0,6500.0,200,27
CUST09359,52,Male,398560.82,94,17,36480.0,2145.88,49,26
CUST09360,28,Male,668469.17,92,3,5000.0,1666.67,45,21
CUST09361,65,Male,444296.96,63,0,0.0,0.0,9999,23
CUST09362,50,Male,646789.44,77,7,5970.0,852.86,45,22
CUST09363,68,Male,453288.96,119,6,8630.0,1438.33,91,31
CUST09364,28,Male,222029.76,37,14,32040.0,2288.57,35,26
CUST09365,26,Female,310754.2,12,11,43000.0,3909.09,46,15
CUST09366,31,Male,243327.22,74,22,28720.0,1305.45,50,22
CUST09367,26,Male,548777.39,115,6,14990.0,2498.33,6,22
CUST09368,56,Female,232751.67,81,7,13170.0,1881.43,26,27
CUST09369,65,Male,399398.04,65,13,27130.0,2086.92,46,26
CUST09370,20,Male,423513.48,86,12,13920.0,1160.0,46,41
CUST09371,46,Female,447467.26,15,5,13380.0,2676.0,67,31
CUST09372,36,Female,743093.8,80,1,460.0,460.0,99,28
CUST09373,53,Female,803503.73,84,24,45420.0,1892.5,2,19
CUST09374,49,Male,357899.18,119,6,14040.0,2340.0,36,33
CUST09375,24,Other,495701.4,10,5,12710.0,2542.0,49,28
CUST09376,45,Male,413623.59,42,22,60450.0,2747.73,49,23
CUST09377,61,Male,604544.38,26,1,1280.0,1280.0,692,43
CUST09378,35,Female,481637.17,49,4,5540.0,1385.0,163,26
CUST09379,22,Female,613053.63,118,4,9070.0,2267.5,369,25
CUST09380,40,Male,300245.89,23,9,19130.0,2125.56,76,21
CUST09381,39,Female,554055.94,64,1,2570.0,2570.0,479,27
CUST09382,43,Female,265934.01,17,11,43940.0,3994.55,41,24
CUST09383,59,Male,351855.77,34,3,9420.0,3140.0,11,18
CUST09384,29,Female,523308.49,105,3,8930.0,2976.67,236,29
CUST09385,57,Male,207800.91,57,9,32500.0,3611.11,53,21
CUST09386,36,Male,186836.29,86,5,15720.0,3144.0,21,30
CUST09387,64,Male,297066.34,4,9,20440.0,2271.11,1,28
CUST09388,18,Female,327678.94,71,11,14360.0,1305.45,121,29
CUST09389,20,Male,343407.78,69,14,18840.0,1345.71,6,20
CUST09390,44,Female,394930.13,95,6,22730.0,3788.33,63,29
CUST09391,35,Other,573976.03,83,25,45110.0,1804.4,9,25
CUST09392,67,Female,1207689.72,68,4,14460.0,3615.0,133,23
CUST09393,47,Male,376891.0,50,6,11980.0,1996.67,7,25
CUST09394,19,Male,593612.47,86,14,47080.0,3362.86,69,26
CUST09395,22,Male,875667.84,67,4,9700.0,2425.0,347,25
CUST09396,46,Female,807986.81,87,4,3660.0,915.0,396,29
CUST09397,50,Other,351144.09,68,2,2260.0,1130.0,246,20
CUST09398,59,Female,740633.86,110,11,25970.0,2360.91,31,21
CUST09399,37,Female,893728.63,88,15,19380.0,1292.0,36,29
CUST09400,47,Male,995778.07,59,7,16680.0,2382.86,0,20
CUST09401,59,Female,1012769.4,78,13,47760.0,3673.85,68,29
CUST09402,22,Male,304755.05,113,4,6400.0,1600.0,429,18
CUST09403,67,Male,556948.63,105,1,14160.0,14160.0,112,23
CUST09404,38,Female,366482.09,115,12,25480.0,2123.33,5,31
CUST09405,32,Female,277756.48,63,1,1670.0,1670.0,81,30
CUST09406,37,Male,620160.05,67,9,33440.0,3715.56,144,34
CUST09407,25,Male,547350.64,111,4,9370.0,2342.5,191,20
CUST09408,66,Male,539967.06,85,1,890.0,890.0,558,22
CUST09409,48,Female,403801.45,26,7,9030.0,1290.0,27,23
CUST09410,29,Male,1505211.44,1,25,44520.0,1780.8,3,17
CUST09411,38,Female,985951.69,94,5,10420.0,2084.0,119,28
CUST09412,47,Male,414158.33,115,6,25670.0,4278.33,62,22
CUST09413,44,Female,494728.22,68,3,7470.0,2490.0,298,20
CUST09414,61,Male,624832.31,78,17,37360.0,2197.65,1,21
CUST09415,43,Male,793859.0,18,23,65810.0,2861.3,11,21
CUST09416,50,Female,621168.46,12,3,12420.0,4140.0,56,27
CUST09417,43,Female,526489.37,38,6,15420.0,2570.0,274,22
CUST09418,43,Male,264212.1,42,26,75300.0,2896.15,28,12
CUST09419,53,Female,1209473.81,36,3,9670.0,3223.33,329,22
CUST09420,57,Female,376384.75,16,6,10060.0,1676.67,23,23
CUST09421,18,Male,806066.79,65,5,5910.0,1182.0,411,20
CUST09422,32,Male,507116.04,67,4,11320.0,2830.0,149,25
CUST09423,67,Male,877593.02,39,9,7190.0,798.89,161,23
CUST09424,18,Female,278429.44,99,7,10780.0,1540.0,56,21
CUST09425,28,Male,375681.39,118,9,10360.0,1151.11,10,31
CUST09426,19,Male,469414.33,59,9,8900.0,988.89,64,26
CUST09427,18,Female,330985.94,79,10,17210.0,1721.0,90,32
CUST09428,48,Female,392715.38,38,4,4240.0,1060.0,249,30
CUST09429,61,Male,893926.55,16,2,5280.0,2640.0,268,19
CUST09430,33,Male,641133.28,81,18,24580.0,1365.56,15,34
CUST09431,39,Female,959164.61,98,23,15110.0,656.96,19,25
CUST09432,59,Male,514932.22,74,1,1800.0,1800.0,346,29
CUST09433,35,Male,465510.64,11,2,2200.0,1100.0,178,25
CUST09434,64,Female,277584.1,28,7,13390.0,1912.86,69,35
CUST09435,34,Female,801169.1,91,2,6120.0,3060.0,106,18
CUST09436,47,Female,465014.14,102,9,16230.0,1803.33,115,18
CUST09437,27,Male,545764.78,82,4,6650.0,1662.5,244,28
CUST09438,52,Female,388739.97,111,1,3340.0,3340.0,33,35
CUST09439,38,Male,1799456.21,112,19,28060.0,1476.84,82,24
CUST09440,33,Male,528463.0,94,3,5020.0,1673.33,31,17
CUST09441,23,Female,362447.2,77,20,83860.0,4193.0,11,28
CUST09442,20,Female,296762.07,80,11,30240.0,2749.09,4,21
CUST09443,58,Male,634188.55,2,12,24240.0,2020.0,3,32
CUST09444,60,Male,356239.17,20,7,10230.0,1461.43,244,34
CUST09445,38,Male,408127.66,76,6,13690.0,2281.67,58,24
CUST09446,30,Female,251406.83,93,6,14890.0,2481.67,89,17
CUST09447,35,Female,515320.67,110,9,14510.0,1612.22,161,17
CUST09448,41,Male,512825.64,72,5,6540.0,1308.0,68,19
CUST09449,44,Male,1153633.09,38,14,52790.0,3770.71,21,22
CUST09450,21,Male,392862.14,110,3,5030.0,1676.67,591,18
CUST09451,39,Male,186027.85,56,12,17340.0,1445.0,8,30
CUST09452,41,Female,452401.94,111,12,24900.0,2075.0,151,29
CUST09453,57,Female,898679.65,84,9,23470.0,2607.78,2,23
CUST09454,62,Male,658075.75,99,8,33570.0,4196.25,6,23
CUST09455,27,Male,815199.37,39,11,14960.0,1360.0,6,24
CUST09456,19,Male,612791.82,31,4,7660.0,1915.0,30,19
CUST09457,57,Male,410408.93,80,8,13130.0,1641.25,86,25
CUST09458,23,Male,301473.82,23,4,6640.0,1660.0,24,23
CUST09459,65,Female,321306.69,34,13,35180.0,2706.15,45,26
CUST09460,35,Male,381326.62,96,8,14500.0,1812.5,32,15
CUST09461,34,Male,665086.95,17,9,10160.0,1128.89,1,27
CUST09462,55,Female,482223.78,107,14,23190.0,1656.43,67,31
CUST09463,62,Male,222505.53,24,3,6060.0,2020.0,295,22
CUST09464,40,Female,577485.17,35,16,22810.0,1425.62,135,23
CUST09465,63,Female,866811.5,118,12,23210.0,1934.17,88,27
CUST09466,47,Female,245791.55,23,23,25700.0,1117.39,83,22
CUST09467,38,Male,640333.66,8,5,10170.0,2034.0,60,23
CUST09468,27,Female,193379.02,54,5,5100.0,1020.0,27,19
CUST09469,60,Male,337147.02,87,7,6470.0,924.29,189,16
CUST09470,30,Female,280601.83,21,11,24270.0,2206.36,20,28
CUST09471,29,Female,680417.89,19,4,6460.0,1615.0,150,28
CUST09472,26,Male,1057509.71,31,1,4720.0,4720.0,730,25
CUST09473,21,Male,806383.76,50,10,18110.0,1811.0,5,30
CUST09474,56,Female,794189.08,71,9,12700.0,1411.11,146,14
CUST09475,41,Female,328808.57,112,18,19720.0,1095.56,13,25
CUST09476,51,Female,649956.46,24,6,8240.0,1373.33,40,28
CUST09477,56,Female,556899.4,46,12,28560.0,2380.0,116,23
CUST09478,58,Female,294609.97,8,4,2350.0,587.5,78,23
CUST09479,22,Female,811449.77,77,7,11400.0,1628.57,29,20
CUST09480,32,Male,607766.22,3,9,18010.0,2001.11,8,29
CUST09481,67,Male,453111.34,34,14,17670.0,1262.14,135,29
CUST09482,21,Female,723547.41,77,6,11400.0,1900.0,117,23
CUST09483,68,Male,534421.54,57,3,10620.0,3540.0,359,29
CUST09484,69,Female,858466.33,118,8,11790.0,1473.75,130,22
CUST09485,56,Male,1169367.99,58,13,26300.0,2023.08,65,23
CUST09486,25,Female,440977.11,96,3,4320.0,1440.0,428,25
CUST09487,66,Male,438794.07,35,6,9140.0,1523.33,84,19
CUST09488,62,Male,400919.21,21,8,10980.0,1372.5,129,30
CUST09489,41,Male,503929.52,65,14,38240.0,2731.43,72,31
CUST09490,70,Male,918329.0,66,2,12750.0,6375.0,61,26
CUST09491,45,Female,310189.93,57,4,14300.0,3575.0,47,19
CUST09492,60,Female,269863.74,42,2,1930.0,965.0,7,21
CUST09493,44,Female,556011.8,43,2,8940.0,4470.0,207,26
CUST09494,18,Male,491642.81,26,4,4640.0,1160.0,330,28
CUST09495,51,Male,545378.25,67,1,1090.0,1090.0,452,24
CUST09496,34,Male,207308.72,88,24,81210.0,3383.75,29,30
CUST09497,54,Male,1000439.15,26,6,21410.0,3568.33,254,27
CUST09498,55,Male,548395.34,8,8,13450.0,1681.25,2,20
CUST09499,43,Male,1503739.52,47,6,15080.0,2513.33,31,28
CUST09500,41,Female,602259.16,37,19,55220.0,2906.32,56,16
CUST09501,56,Female,417365.94,72,3,4960.0,1653.33,312,21
CUST09502,38,Female,560785.64,82,3,2800.0,933.33,123,23
CUST09503,47,Female,973024.06,18,15,26650.0,1776.67,57,21
CUST09504,64,Female,361549.18,76,2,3690.0,1845.0,514,17
CUST09505,68,Female,650428.77,36,3,6260.0,2086.67,457,22
CUST09506,65,Male,608870.57,104,0,0.0,0.0,9999,24
CUST09507,30,Male,653235.27,2,7,16080.0,2297.14,2,23
CUST09508,54,Female,332144.72,84,6,10190.0,1698.33,91,18
CUST09509,20,Female,666147.83,120,4,19060.0,4765.0,43,26
CUST09510,49,Female,643972.13,3,12,24230.0,2019.17,4,48
CUST09511,52,Female,1011963.85,104,2,9720.0,4860.0,277,22
CUST09512,36,Male,1110356.71,108,3,9140.0,3046.67,82,26
CUST09513,31,Male,591367.0,34,8,11000.0,1375.0,74,27
CUST09514,65,Male,554311.83,113,8,12120.0,1515.0,95,31
CUST09515,39,Other,324519.21,110,23,42850.0,1863.04,17,18
CUST09516,34,Female,457638.85,46,26,45200.0,1738.46,6,33
CUST09517,21,Female,407284.85,62,3,5260.0,1753.33,80,27
CUST09518,62,Male,775621.49,70,12,19470.0,1622.5,26,27
CUST09519,57,Male,574157.85,104,4,4750.0,1187.5,107,39
CUST09520,36,Male,321415.17,57,3,4820.0,1606.67,29,19
CUST09521,54,Female,342355.99,10,12,24800.0,2066.67,53,30
CUST09522,19,Male,1576521.52,88,23,71210.0,3096.09,7,21
CUST09523,32,Male,412284.33,18,8,17430.0,2178.75,82,23
CUST09524,19,Male,678109.79,33,3,3770.0,1256.67,171,31
CUST09525,28,Female,505012.94,103,26,67420.0,2593.08,25,21
CUST09526,62,Female,446930.54,7,3,4730.0,1576.67,147,19
CUST09527,40,Female,847429.78,45,6,12700.0,2116.67,13,22
CUST09528,27,Male,407482.08,112,5,9080.0,1816.0,1,37
CUST09529,20,Male,436470.57,108,16,30640.0,1915.0,17,22
CUST09530,22,Male,928240.37,29,9,15030.0,1670.0,159,24
CUST09531,20,Female,420520.35,83,9,14690.0,1632.22,37,23
CUST09532,55,Female,265570.7,38,20,41150.0,2057.5,23,24
CUST09533,30,Female,300990.53,39,16,16090.0,1005.62,0,17
CUST09534,59,Male,630256.01,25,12,32210.0,2684.17,66,27
CUST09535,36,Female,364702.46,17,2,4170.0,2085.0,138,20
CUST09536,57,Female,831364.43,61,6,13810.0,2301.67,20,29
CUST09537,67,Male,504733.48,51,24,33640.0,1401.67,7,32
CUST09538,52,Male,704618.09,37,20,37410.0,1870.5,10,24
CUST09539,41,Female,586297.44,67,4,11580.0,2895.0,205,31
CUST09540,41,Female,805536.27,24,2,13070.0,6535.0,627,30
CUST09541,34,Other,1167117.54,118,17,35440.0,2084.71,27,22
CUST09542,57,Female,644671.09,82,1,1440.0,1440.0,162,22
CUST09543,27,Male,630672.47,49,15,27870.0,1858.0,71,21
CUST09544,19,Female,824747.57,90,20,45900.0,2295.0,0,24
CUST09545,61,Male,387935.97,21,18,51940.0,2885.56,18,21
CUST09546,40,Female,637973.47,75,12,42260.0,3521.67,15,27
CUST09547,23,Female,330212.74,57,5,15360.0,3072.0,62,20
CUST09548,19,Female,355348.75,41,13,28770.0,2213.08,18,23
CUST09549,38,Female,403637.49,17,11,31940.0,2903.64,121,32
CUST09550,52,Female,884896.73,115,10,30120.0,3012.0,17,24
CUST09551,66,Female,469406.64,109,2,2700.0,1350.0,548,22
CUST09552,46,Male,351884.88,102,13,37750.0,2903.85,118,26
CUST09553,24,Male,703643.9,21,6,7990.0,1331.67,51,24
CUST09554,46,Female,238254.57,68,6,10120.0,1686.67,54,23
CUST09555,70,Other,215424.98,96,11,19610.0,1782.73,97,23
CUST09556,54,Male,446205.67,82,8,16950.0,2118.75,43,28
CUST09557,40,Male,443117.72,64,12,14870.0,1239.17,120,28
CUST09558,50,Male,799635.52,44,2,1070.0,535.0,371,19
CUST09559,25,Female,858142.83,28,3,17060.0,5686.67,103,28
CUST09560,29,Female,477676.33,36,18,30720.0,1706.67,33,31
CUST09561,63,Female,455322.14,37,7,14400.0,2057.14,72,19
CUST09562,65,Other,352574.18,44,1,1340.0,1340.0,154,34
CUST09563,27,Female,475879.54,50,17,32680.0,1922.35,54,29
CUST09564,32,Male,180000.0,90,18,27710.0,1539.44,47,23
CUST09565,70,Female,408085.57,113,0,0.0,0.0,9999,27
CUST09566,41,Female,482147.1,55,4,7710.0,1927.5,12,20
CUST09567,43,Other,351193.42,119,14,27510.0,1965.0,35,29
CUST09568,64,Male,374259.29,88,7,14810.0,2115.71,119,28
CUST09569,59,Male,437086.79,10,11,26730.0,2430.0,31,26
CUST09570,70,Male,498542.25,38,8,13090.0,1636.25,46,26
CUST09571,56,Female,737215.5,49,3,4990.0,1663.33,181,38
CUST09572,20,Male,605766.5,72,6,7260.0,1210.0,27,31
CUST09573,19,Female,743323.2,2,4,9810.0,2452.5,6,23
CUST09574,23,Female,646993.58,44,10,23830.0,2383.0,209,26
CUST09575,38,Male,526487.53,35,10,31280.0,3128.0,7,30
CUST09576,26,Female,1364852.62,120,2,2270.0,1135.0,46,21
CUST09577,27,Female,362258.23,116,6,9030.0,1505.0,137,34
CUST09578,53,Female,331535.67,21,11,29910.0,2719.09,125,20
CUST09579,20,Male,466815.3,57,2,10880.0,5440.0,377,27
CUST09580,58,Male,486632.93,91,7,12980.0,1854.29,32,36
CUST09581,41,Female,532020.58,23,5,9820.0,1964.0,191,20
CUST09582,39,Male,325434.8,32,2,1700.0,850.0,147,24
CUST09583,66,Female,1206380.47,90,6,19120.0,3186.67,171,34
CUST09584,31,Other,428040.78,71,6,14260.0,2376.67,50,21
CUST09585,59,Female,324068.69,33,5,13730.0,2746.0,18,19
CUST09586,62,Male,563137.24,17,2,1650.0,825.0,29,21
CUST09587,61,Male,818632.65,72,2,3390.0,1695.0,401,27
CUST09588,44,Female,1032272.97,42,10,15630.0,1563.0,4,27
CUST09589,50,Female,180000.0,17,10,20240.0,2024.0,99,24
CUST09590,39,Male,706190.05,48,10,15300.0,1530.0,5,20
CUST09591,46,Male,1102367.13,106,17,51080.0,3004.71,55,25
CUST09592,36,Female,382505.84,111,17,18900.0,1111.76,14,22
CUST09593,36,Male,450505.98,48,8,18990.0,2373.75,65,37
CUST09594,23,Male,326271.27,82,2,4540.0,2270.0,48,27
CUST09595,62,Male,388746.39,100,11,23770.0,2160.91,39,24
CUST09596,36,Male,309591.49,57,6,16090.0,2681.67,26,22
CUST09597,30,Male,761470.34,103,7,21050.0,3007.14,50,32
CUST09598,43,Male,476664.92,61,19,36630.0,1927.89,17,24
CUST09599,39,Male,180000.0,44,16,41790.0,2611.88,101,23
CUST09600,38,Female,381192.03,23,4,7740.0,1935.0,53,23
CUST09601,53,Female,366431.56,76,5,11300.0,2260.0,42,24
CUST09602,19,Male,734775.79,87,14,25310.0,1807.86,9,26
CUST09603,64,Female,484989.84,53,8,24940.0,3117.5,156,20
CUST09604,61,Male,479196.54,33,1,1630.0,1630.0,539,24
CUST09605,47,Male,667752.37,117,2,4580.0,2290.0,519,20
CUST09606,44,Male,804817.1,56,6,11620.0,1936.67,8,28
CUST09607,24,Female,563971.39,28,14,19430.0,1387.86,24,22
CUST09608,37,Male,372521.96,108,4,18800.0,4700.0,103,30
CUST09609,67,Male,254005.21,23,5,10300.0,2060.0,32,20
CUST09610,48,Female,960163.25,63,9,20630.0,2292.22,40,25
CUST09611,40,Female,2297802.88,7,7,17080.0,2440.0,38,28
CUST09612,30,Female,528706.24,111,11,20270.0,1842.73,14,21
CUST09613,34,Female,576506.04,2,9,25960.0,2884.44,1,29
CUST09614,21,Female,983869.41,65,0,0.0,0.0,9999,21
CUST09615,31,Male,231341.46,4,3,7090.0,2363.33,86,23
CUST09616,37,Male,768143.26,8,1,1600.0,1600.0,139,29
CUST09617,30,Other,592110.52,49,3,5420.0,1806.67,76,19
CUST09618,20,Female,353714.18,29,20,32380.0,1619.0,6,22
CUST09619,43,Female,395670.24,82,1,3000.0,3000.0,497,20
CUST09620,43,Male,276617.03,55,10,32400.0,3240.0,8,20
CUST09621,35,Male,829557.01,37,5,11820.0,2364.0,297,20
CUST09622,49,Male,313159.98,95,7,12420.0,1774.29,159,28
CUST09623,31,Male,601859.27,6,16,40530.0,2533.12,5,30
CUST09624,64,Male,240503.66,108,19,29010.0,1526.84,28,21
CUST09625,20,Male,936472.25,24,2,3270.0,1635.0,340,27
CUST09626,18,Female,455965.8,112,15,26270.0,1751.33,66,25
CUST09627,43,Male,810060.62,105,16,33520.0,2095.0,20,25
CUST09628,41,Male,454527.53,79,16,24230.0,1514.38,18,23
CUST09629,66,Male,380498.53,40,1,2420.0,2420.0,730,22
CUST09630,52,Male,273519.52,12,6,23430.0,3905.0,37,21
CUST09631,31,Male,803363.04,64,5,14450.0,2890.0,59,28
CUST09632,20,Male,424514.25,46,16,40320.0,2520.0,32,30
CUST09633,30,Male,571485.92,113,14,27970.0,1997.86,67,24
CUST09634,64,Female,363583.89,14,8,19440.0,2430.0,67,25
CUST09635,67,Male,496183.15,27,5,10750.0,2150.0,184,39
CUST09636,31,Female,548413.45,116,10,17320.0,1732.0,46,25
CUST09637,38,Female,226938.36,37,15,24760.0,1650.67,99,22
CUST09638,43,Female,367845.52,77,4,19620.0,4905.0,270,27
CUST09639,20,Male,1015726.49,102,4,12170.0,3042.5,9,22
CUST09640,68,Male,346119.51,110,2,3460.0,1730.0,232,25
CUST09641,57,Female,750458.52,102,14,22390.0,1599.29,16,29
CUST09642,21,Other,579084.7,62,11,34550.0,3140.91,34,26
CUST09643,53,Female,629356.91,67,3,4450.0,1483.33,378,29
CUST09644,68,Male,665007.23,80,5,9690.0,1938.0,167,20
CUST09645,60,Female,504596.69,76,17,33150.0,1950.0,35,27
CUST09646,18,Female,387043.53,14,4,15960.0,3990.0,174,31
CUST09647,57,Female,357596.12,98,11,10270.0,933.64,12,26
CUST09648,64,Male,430858.84,114,5,8680.0,1736.0,32,19
CUST09649,50,Male,877722.71,95,5,10620.0,2124.0,14,18
CUST09650,24,Male,271632.08,39,11,33150.0,3013.64,1,27
CUST09651,70,Female,434597.38,5,24,44320.0,1846.67,6,17
CUST09652,69,Female,252907.17,76,3,4640.0,1546.67,501,22
CUST09653,69,Other,384768.84,26,10,21570.0,2157.0,49,28
CUST09654,28,Female,472814.86,81,8,16750.0,2093.75,51,27
CUST09655,44,Male,936644.07,108,16,57550.0,3596.88,20,28
CUST09656,31,Female,983464.69,53,0,0.0,0.0,9999,20
CUST09657,39,Male,222690.86,63,16,49380.0,3086.25,22,29
CUST09658,33,Female,253235.17,11,2,1800.0,900.0,214,21
CUST09659,63,Female,464069.01,33,6,24790.0,4131.67,282,17
CUST09660,29,Male,704345.64,41,5,18250.0,3650.0,107,33
CUST09661,66,Male,243068.79,40,23,72090.0,3134.35,40,25
CUST09662,63,Male,423230.22,46,2,4950.0,2475.0,20,22
CUST09663,27,Male,796831.09,4,7,14960.0,2137.14,13,22
CUST09664,41,Female,841574.84,96,15,34370.0,2291.33,26,32
CUST09665,63,Male,435995.48,95,2,3260.0,1630.0,297,24
CUST09666,35,Male,203174.19,11,16,17010.0,1063.12,10,21
CUST09667,39,Male,801702.34,81,4,6620.0,1655.0,39,22
CUST09668,26,Female,330408.59,27,5,14400.0,2880.0,109,21
CUST09669,34,Male,636887.5,8,8,13030.0,1628.75,3,34
CUST09670,55,Male,333597.1,21,11,20060.0,1823.64,5,14
CUST09671,57,Female,523217.37,97,18,42760.0,2375.56,7,20
CUST09672,30,Male,574868.25,114,4,10570.0,2642.5,525,23
CUST09673,67,Male,891137.71,5,11,13260.0,1205.45,3,26
CUST09674,54,Female,265368.11,62,1,1400.0,1400.0,602,25
CUST09675,23,Male,336251.93,32,5,13680.0,2736.0,94,16
CUST09676,38,Female,1033537.89,89,20,36770.0,1838.5,94,26
CUST09677,68,Female,554906.69,58,9,10130.0,1125.56,41,25
CUST09678,53,Female,339597.91,72,20,48300.0,2415.0,24,23
CUST09679,24,Male,692255.09,27,8,18870.0,2358.75,39,20
CUST09680,53,Female,318930.32,26,2,2940.0,1470.0,159,34
CUST09681,42,Female,545962.62,40,7,18800.0,2685.71,44,17
CUST09682,28,Male,367475.79,29,2,6240.0,3120.0,301,27
CUST09683,61,Male,874741.26,73,6,13110.0,2185.0,102,34
CUST09684,31,Male,340097.45,82,4,10090.0,2522.5,522,30
CUST09685,62,Female,180000.0,7,7,19730.0,2818.57,13,27
CUST09686,46,Female,408611.15,106,0,0.0,0.0,9999,23
CUST09687,27,Female,370322.68,21,17,40920.0,2407.06,85,35
CUST09688,67,Female,447966.15,80,13,23630.0,1817.69,27,23
CUST09689,65,Male,642420.09,67,10,32380.0,3238.0,2,24
CUST09690,22,Female,293759.88,96,8,20290.0,2536.25,276,22
CUST09691,25,Other,352442.27,10,7,18650.0,2664.29,53,25
CUST09692,63,Male,498680.53,62,16,21480.0,1342.5,62,29
CUST09693,22,Male,371614.65,96,0,0.0,0.0,9999,31
CUST09694,41,Male,514842.58,8,3,4730.0,1576.67,71,28
CUST09695,57,Male,636884.76,96,1,6630.0,6630.0,45,26
CUST09696,43,Female,503060.87,114,17,18590.0,1093.53,41,24
CUST09697,23,Female,820293.28,4,15,30030.0,2002.0,2,23
CUST09698,33,Male,326320.86,29,9,12590.0,1398.89,128,22
CUST09699,53,Male,385386.31,12,5,14280.0,2856.0,44,23
CUST09700,29,Female,979054.17,117,6,6920.0,1153.33,90,33
CUST09701,28,Female,359316.48,101,2,1300.0,650.0,221,36
CUST09702,20,Male,1506110.37,100,11,12990.0,1180.91,63,21
CUST09703,61,Male,772356.98,51,3,3720.0,1240.0,147,21
CUST09704,54,Male,345438.24,19,3,7410.0,2470.0,32,23
CUST09705,23,Male,650694.06,101,3,4910.0,1636.67,0,18
CUST09706,36,Female,571350.21,111,8,13710.0,1713.75,40,26
CUST09707,35,Male,259815.9,31,6,9360.0,1560.0,50,28
CUST09708,33,Female,1001764.55,108,19,51400.0,2705.26,1,21
CUST09709,40,Female,723590.44,26,17,36340.0,2137.65,73,20
CUST09710,60,Male,971770.29,109,10,11720.0,1172.0,5,27
CUST09711,54,Male,800888.89,6,12,18800.0,1566.67,31,27
CUST09712,26,Female,585021.33,29,10,13960.0,1396.0,0,26
CUST09713,20,Female,812852.46,17,14,27820.0,1987.14,50,25
CUST09714,25,Female,274082.33,20,13,9290.0,714.62,30,24
CUST09715,55,Female,1220811.09,42,10,24720.0,2472.0,45,23
CUST09716,21,Other,699199.62,110,8,17730.0,2216.25,177,21
CUST09717,29,Male,207612.78,47,15,30580.0,2038.67,0,25
CUST09718,61,Male,255241.85,74,10,30500.0,3050.0,86,25
CUST09719,48,Male,569108.85,70,17,26970.0,1586.47,3,24
CUST09720,42,Male,335049.95,112,7,11630.0,1661.43,102,22
CUST09721,70,Male,631801.05,96,9,17120.0,1902.22,51,25
CUST09722,33,Other,320879.6,2,8,32050.0,4006.25,24,33
CUST09723,59,Female,282006.35,74,13,22420.0,1724.62,109,17
CUST09724,31,Male,392075.92,37,7,7410.0,1058.57,118,27
CUST09725,30,Male,2176611.18,91,7,12110.0,1730.0,129,31
CUST09726,58,Male,305505.77,105,8,12190.0,1523.75,8,17
CUST09727,24,Female,880245.32,19,10,16500.0,1650.0,115,22
CUST09728,29,Male,355527.91,115,7,14190.0,2027.14,185,20
CUST09729,54,Female,480403.68,41,7,12170.0,1738.57,175,24
CUST09730,67,Female,528853.86,16,10,36360.0,3636.0,26,23
CUST09731,21,Male,486219.8,115,10,22280.0,2228.0,90,26
CUST09732,19,Female,512905.48,84,9,33540.0,3726.67,59,18
CUST09733,52,Male,582177.46,60,8,24180.0,3022.5,37,16
CUST09734,61,Female,255296.14,57,7,14050.0,2007.14,64,22
CUST09735,20,Male,471123.84,100,5,10570.0,2114.0,88,25
CUST09736,21,Male,487603.16,64,11,9900.0,900.0,100,21
CUST09737,55,Other,641873.37,5,8,11100.0,1387.5,3,28
CUST09738,29,Female,440563.83,18,0,0.0,0.0,9999,31
CUST09739,36,Male,634241.37,72,9,18150.0,2016.67,275,29
CUST09740,27,Male,372731.54,13,14,35390.0,2527.86,2,19
CUST09741,18,Male,389987.82,105,7,17780.0,2540.0,56,27
CUST09742,34,Female,575293.06,74,14,19850.0,1417.86,123,24
CUST09743,33,Male,314740.81,36,15,35870.0,2391.33,45,27
CUST09744,26,Female,387795.6,19,20,26260.0,1313.0,2,27
CUST09745,70,Male,400214.01,31,3,5150.0,1716.67,469,19
CUST09746,26,Male,409822.3,100,5,8410.0,1682.0,25,32
CUST09747,26,Female,513057.02,93,14,36650.0,2617.86,1,27
CUST09748,29,Female,334917.91,109,8,16860.0,2107.5,28,32
CUST09749,58,Female,662548.67,23,11,17810.0,1619.09,154,29
CUST09750,32,Female,442446.08,32,15,44900.0,2993.33,35,31
CUST09751,19,Male,599640.31,113,12,27300.0,2275.0,4,20
CUST09752,28,Female,287730.68,11,5,10300.0,2060.0,30,22
CUST09753,28,Male,180000.0,66,23,86680.0,3768.7,17,18
CUST09754,25,Male,764310.75,96,1,1280.0,1280.0,406,30
CUST09755,49,Male,549247.8,5,2,3260.0,1630.0,61,23
CUST09756,23,Female,639426.42,95,7,13450.0,1921.43,23,30
CUST09757,70,Male,904626.23,13,6,7230.0,1205.0,73,18
CUST09758,37,Male,327600.03,86,4,6960.0,1740.0,159,28
CUST09759,56,Male,221565.46,64,1,2680.0,2680.0,502,45
CUST09760,52,Male,776485.88,35,10,25450.0,2545.0,118,32
CUST09761,25,Male,670502.23,83,5,15410.0,3082.0,65,24
CUST09762,67,Male,822463.23,29,9,19250.0,2138.89,51,27
CUST09763,66,Male,1054605.45,23,6,23620.0,3936.67,63,19
CUST09764,60,Male,294880.68,83,9,15300.0,1700.0,160,24
CUST09765,51,Male,762187.34,80,5,17000.0,3400.0,124,24
CUST09766,70,Female,446075.66,95,10,22210.0,2221.0,140,34
CUST09767,36,Female,772355.97,16,6,13270.0,2211.67,36,27
CUST09768,24,Female,1142310.55,26,1,1590.0,1590.0,503,28
CUST09769,48,Female,506216.46,3,0,0.0,0.0,9999,23
CUST09770,35,Male,357482.75,23,5,6850.0,1370.0,64,23
CUST09771,57,Male,271630.02,57,19,54880.0,2888.42,62,27
CUST09772,31,Female,181335.16,9,5,11480.0,2296.0,30,22
CUST09773,56,Female,960929.27,51,11,17380.0,1580.0,17,26
CUST09774,70,Other,988490.96,88,3,5300.0,1766.67,356,17
CUST09775,53,Female,788210.08,33,8,25000.0,3125.0,49,25
CUST09776,34,Male,436799.92,78,12,34190.0,2849.17,118,21
CUST09777,54,Other,712636.51,92,4,11480.0,2870.0,23,29
CUST09778,61,Female,573786.93,24,1,2030.0,2030.0,403,25
CUST09779,26,Male,296562.73,107,25,59020.0,2360.8,10,27
CUST09780,37,Other,838356.76,50,12,30290.0,2524.17,129,23
CUST09781,62,Male,628898.77,52,2,6550.0,3275.0,290,24
CUST09782,45,Female,696449.74,71,1,2410.0,2410.0,576,25
CUST09783,67,Male,579086.12,38,5,11910.0,2382.0,110,25
CUST09784,37,Male,530947.44,44,18,16740.0,930.0,16,22
CUST09785,58,Female,586153.47,89,10,21070.0,2107.0,9,19
CUST09786,53,Male,439848.17,56,1,1820.0,1820.0,213,32
CUST09787,70,Female,657060.7,66,7,20550.0,2935.71,205,17
CUST09788,44,Female,1203145.8,45,23,32530.0,1414.35,65,26
CUST09789,25,Male,615810.15,52,9,30170.0,3352.22,145,23
CUST09790,49,Male,826477.29,1,6,19080.0,3180.0,0,22
CUST09791,18,Female,293883.99,87,16,25530.0,1595.62,9,32
CUST09792,34,Female,720898.19,111,9,21420.0,2380.0,20,22
CUST09793,26,Female,628946.26,116,9,31800.0,3533.33,153,17
CUST09794,37,Female,811262.69,104,15,45900.0,3060.0,47,20
CUST09795,62,Female,413032.86,82,2,2220.0,1110.0,277,28
CUST09796,49,Male,778857.43,64,1,2020.0,2020.0,388,23
CUST09797,19,Male,361739.83,111,15,30390.0,2026.0,32,27
CUST09798,49,Other,834626.83,8,8,16380.0,2047.5,6,26
CUST09799,62,Female,860846.89,98,14,51690.0,3692.14,2,28
CUST09800,26,Male,304013.99,43,7,9770.0,1395.71,142,20
CUST09801,47,Male,589018.53,8,5,11320.0,2264.0,51,30
CUST09802,37,Female,452872.15,29,18,18660.0,1036.67,5,27
CUST09803,55,Female,622543.15,13,16,31280.0,1955.0,50,22
CUST09804,18,Male,508966.19,1,1,3060.0,3060.0,29,18
CUST09805,22,Female,452005.37,29,12,34890.0,2907.5,52,17
CUST09806,52,Male,384830.26,50,3,7040.0,2346.67,205,18
CUST09807,53,Male,956679.95,37,6,7220.0,1203.33,23,25
CUST09808,18,Female,358106.57,1,4,12970.0,3242.5,6,34
CUST09809,31,Male,391190.7,108,8,15710.0,1963.75,84,29
CUST09810,26,Other,284150.02,69,1,3040.0,3040.0,291,19
CUST09811,47,Male,735010.97,117,7,10050.0,1435.71,234,31
CUST09812,41,Male,797432.24,48,9,16010.0,1778.89,18,29
CUST09813,21,Male,596679.43,55,13,8820.0,678.46,4,27
CUST09814,67,Female,353571.35,114,13,41000.0,3153.85,3,19
CUST09815,31,Female,232209.84,66,24,138760.0,5781.67,69,27
CUST09816,42,Male,643229.81,111,1,600.0,600.0,419,25
CUST09817,21,Male,749313.36,63,5,13890.0,2778.0,251,32
CUST09818,42,Female,397488.23,22,22,73540.0,3342.73,97,21
CUST09819,27,Male,517086.16,94,5,10740.0,2148.0,81,17
CUST09820,52,Male,246513.58,11,1,1300.0,1300.0,46,25
CUST09821,24,Female,350395.2,29,6,20130.0,3355.0,114,24
CUST09822,59,Female,595043.93,106,1,1970.0,1970.0,650,32
CUST09823,30,Male,476986.64,3,16,32580.0,2036.25,11,16
CUST09824,21,Male,544418.26,45,4,6660.0,1665.0,190,21
CUST09825,67,Male,834778.1,77,7,13710.0,1958.57,254,22
CUST09826,60,Male,285892.2,120,13,31160.0,2396.92,35,37
CUST09827,53,Female,548515.9,3,2,3780.0,1890.0,69,22
CUST09828,31,Female,368154.61,74,0,0.0,0.0,9999,24
CUST09829,35,Male,462115.18,68,2,4890.0,2445.0,64,26
CUST09830,25,Male,569782.88,14,9,11970.0,1330.0,1,24
CUST09831,49,Male,282921.8,87,4,4160.0,1040.0,196,29
CUST09832,44,Female,372720.24,81,3,3840.0,1280.0,283,22
CUST09833,59,Male,415036.48,65,16,25800.0,1612.5,24,21
CUST09834,54,Other,597776.22,57,24,34380.0,1432.5,13,34
CUST09835,40,Male,820617.81,15,12,31390.0,2615.83,21,24
CUST09836,24,Male,235665.8,60,5,10080.0,2016.0,8,22
CUST09837,29,Male,370261.36,54,7,9640.0,1377.14,47,28
CUST09838,42,Female,468073.27,117,5,7120.0,1424.0,61,22
CUST09839,20,Female,467262.01,2,10,39930.0,3993.0,2,21
CUST09840,43,Female,602836.35,82,22,39140.0,1779.09,60,24
CUST09841,21,Male,286126.84,64,13,18510.0,1423.85,40,26
CUST09842,59,Male,456395.39,103,27,80090.0,2966.3,1,24
CUST09843,53,Male,415372.96,86,1,2680.0,2680.0,282,20
CUST09844,32,Male,691888.33,28,8,10880.0,1360.0,187,25
CUST09845,49,Male,516951.35,94,15,19920.0,1328.0,92,24
CUST09846,46,Female,409392.03,77,6,10790.0,1798.33,48,21
CUST09847,27,Male,864959.87,120,15,25980.0,1732.0,140,20
CUST09848,38,Male,393924.71,67,4,17350.0,4337.5,6,20
CUST09849,33,Male,348979.09,3,17,69140.0,4067.06,6,32
CUST09850,64,Male,651761.01,109,6,10920.0,1820.0,30,24
CUST09851,36,Female,403682.17,53,8,18570.0,2321.25,67,18
CUST09852,46,Male,515010.36,26,4,4460.0,1115.0,99,30
CUST09853,69,Male,1090092.22,4,19,31700.0,1668.42,7,33
CUST09854,68,Female,401110.33,16,2,7950.0,3975.0,215,24
CUST09855,35,Male,323718.08,92,7,13690.0,1955.71,59,23
CUST09856,61,Male,453882.6,72,18,27020.0,1501.11,64,36
CUST09857,33,Female,435412.91,54,3,5440.0,1813.33,201,28
CUST09858,18,Male,705961.79,104,4,10740.0,2685.0,66,22
CUST09859,65,Female,270154.77,16,13,32930.0,2533.08,30,30
CUST09860,19,Male,1675806.03,31,8,19170.0,2396.25,114,23
CUST09861,32,Female,361599.49,87,11,20040.0,1821.82,10,26
CUST09862,56,Female,633376.3,2,16,23450.0,1465.62,3,24
CUST09863,45,Female,761352.17,73,4,6560.0,1640.0,201,40
CUST09864,18,Female,545015.95,91,2,2410.0,1205.0,71,25
CUST09865,22,Male,660683.65,45,7,17050.0,2435.71,24,22
CUST09866,59,Female,516149.44,54,2,4930.0,2465.0,153,20
CUST09867,39,Male,664547.59,59,8,19060.0,2382.5,177,18
CUST09868,70,Female,412949.39,59,3,6230.0,2076.67,78,34
CUST09869,53,Male,372589.13,22,13,18480.0,1421.54,48,17
CUST09870,63,Female,224426.79,108,14,26640.0,1902.86,23,26
CUST09871,30,Female,608173.98,34,1,2260.0,2260.0,135,19
CUST09872,18,Female,428446.91,73,9,32920.0,3657.78,50,25
CUST09873,33,Male,591650.56,97,4,3570.0,892.5,101,28
CUST09874,58,Female,433466.17,102,14,22820.0,1630.0,124,29
CUST09875,39,Male,873824.25,56,22,48950.0,2225.0,91,27
CUST09876,49,Male,464358.79,34,6,7430.0,1238.33,4,30
CUST09877,33,Female,378007.9,99,6,11450.0,1908.33,54,22
CUST09878,68,Female,417905.46,111,11,18200.0,1654.55,71,28
CUST09879,32,Female,626517.09,26,0,0.0,0.0,9999,26
CUST09880,63,Female,1859960.98,71,1,2790.0,2790.0,652,28
CUST09881,69,Male,926812.29,45,6,7410.0,1235.0,3,23
CUST09882,59,Female,290355.55,112,3,5170.0,1723.33,19,27
CUST09883,70,Male,556084.9,109,8,21420.0,2677.5,60,37
CUST09884,29,Male,351360.14,91,4,18340.0,4585.0,164,34
CUST09885,18,Male,418785.48,76,10,19610.0,1961.0,60,22
CUST09886,70,Female,435682.29,81,5,9680.0,1936.0,98,28
CUST09887,34,Female,480979.36,21,9,30960.0,3440.0,45,38
CUST09888,58,Male,742293.02,43,7,9800.0,1400.0,222,25
CUST09889,68,Female,444465.22,86,2,7050.0,3525.0,464,30
CUST09890,67,Male,539201.18,90,20,23240.0,1162.0,18,23
CUST09891,45,Female,498174.93,39,3,4840.0,1613.33,100,22
CUST09892,24,Female,365127.4,13,7,20970.0,2995.71,108,29
CUST09893,26,Male,391964.39,106,10,19880.0,1988.0,105,29
CUST09894,39,Other,380108.82,42,1,2600.0,2600.0,590,19
CUST09895,43,Male,673883.38,45,10,13200.0,1320.0,29,24
CUST09896,70,Female,423019.55,87,10,16270.0,1627.0,88,22
CUST09897,29,Male,1108327.11,51,23,62370.0,2711.74,9,30
CUST09898,24,Male,351561.48,94,11,32050.0,2913.64,79,39
CUST09899,63,Female,351183.97,119,11,26210.0,2382.73,135,23
CUST09900,64,Male,309261.92,17,4,12750.0,3187.5,73,34
CUST09901,32,Female,476480.88,91,4,7590.0,1897.5,292,26
CUST09902,55,Male,392287.11,84,2,6180.0,3090.0,176,24
CUST09903,38,Male,426683.97,63,8,20200.0,2525.0,20,23
CUST09904,31,Female,792846.72,7,7,25180.0,3597.14,50,17
CUST09905,19,Male,463852.32,55,6,9940.0,1656.67,98,28
CUST09906,25,Male,422336.36,4,4,8090.0,2022.5,44,28
CUST09907,62,Female,568627.77,113,3,5820.0,1940.0,103,20
CUST09908,23,Female,543878.36,31,16,34060.0,2128.75,29,28
CUST09909,54,Male,701966.68,94,23,55380.0,2407.83,66,27
CUST09910,54,Female,728515.0,95,16,39070.0,2441.88,36,28
CUST09911,50,Female,612990.38,56,9,10720.0,1191.11,17,21
CUST09912,58,Male,762469.77,4,20,33470.0,1673.5,5,26
CUST09913,23,Female,368332.09,82,7,14550.0,2078.57,1,24
CUST09914,69,Male,473832.66,84,8,20120.0,2515.0,46,21
CUST09915,43,Female,528529.8,40,2,2520.0,1260.0,217,25
CUST09916,56,Female,520109.45,104,16,32900.0,2056.25,83,30
CUST09917,58,Female,1999634.65,117,4,13430.0,3357.5,72,27
CUST09918,54,Female,819428.15,112,2,9440.0,4720.0,342,32
CUST09919,31,Male,805769.25,47,13,38970.0,2997.69,45,24
CUST09920,54,Male,439348.39,50,15,45910.0,3060.67,14,21
CUST09921,25,Male,485217.34,23,17,36290.0,2134.71,57,22
CUST09922,56,Male,705559.29,51,19,23410.0,1232.11,28,29
CUST09923,30,Female,983322.25,38,5,3870.0,774.0,13,23
CUST09924,30,Female,340455.22,9,5,5640.0,1128.0,33,16
CUST09925,57,Male,404179.28,61,5,8200.0,1640.0,236,34
CUST09926,60,Male,457257.29,80,2,11790.0,5895.0,324,24
CUST09927,45,Female,561957.9,21,21,41890.0,1994.76,33,23
CUST09928,35,Male,707925.88,9,0,0.0,0.0,9999,22
CUST09929,36,Male,690309.22,116,13,47860.0,3681.54,7,22
CUST09930,55,Female,613357.26,25,0,0.0,0.0,9999,23
CUST09931,49,Male,355152.05,113,6,9300.0,1550.0,35,16
CUST09932,39,Female,462941.01,36,3,12080.0,4026.67,286,19
CUST09933,19,Male,273915.0,111,15,19050.0,1270.0,169,26
CUST09934,30,Female,776688.56,43,0,0.0,0.0,9999,29
CUST09935,40,Female,507707.13,78,17,36200.0,2129.41,38,19
CUST09936,42,Male,296112.51,81,2,3200.0,1600.0,46,26
CUST09937,45,Male,1441684.46,28,16,23620.0,1476.25,43,28
CUST09938,28,Male,180000.0,64,15,22440.0,1496.0,18,31
CUST09939,50,Male,486087.42,45,14,34250.0,2446.43,90,36
CUST09940,41,Male,903355.98,105,9,29410.0,3267.78,85,27
CUST09941,19,Female,401924.5,56,16,16510.0,1031.88,60,24
CUST09942,47,Female,538649.21,48,20,34880.0,1744.0,30,23
CUST09943,34,Female,620193.11,8,7,10900.0,1557.14,4,20
CUST09944,57,Male,180000.0,14,19,45390.0,2388.95,7,23
CUST09945,51,Female,306184.89,15,21,50290.0,2394.76,9,30
CUST09946,55,Male,486588.34,39,16,25350.0,1584.38,61,28
CUST09947,39,Female,481883.8,25,14,30280.0,2162.86,2,16
CUST09948,22,Female,272797.08,63,28,28560.0,1020.0,38,19
CUST09949,65,Female,495534.88,59,1,610.0,610.0,434,17
CUST09950,57,Female,636181.74,75,9,24210.0,2690.0,174,33
CUST09951,68,Male,893440.0,29,3,4300.0,1433.33,135,30
CUST09952,33,Male,549127.69,3,4,5480.0,1370.0,27,24
CUST09953,30,Female,332189.3,39,8,8700.0,1087.5,144,37
CUST09954,43,Male,646792.41,22,7,27930.0,3990.0,225,23
CUST09955,48,Male,681775.74,101,4,13120.0,3280.0,29,20
CUST09956,69,Female,464533.37,41,3,11040.0,3680.0,94,31
CUST09957,56,Female,422107.63,20,9,13330.0,1481.11,19,28
CUST09958,65,Male,406839.55,19,13,28410.0,2185.38,120,22
CUST09959,40,Male,662945.67,13,17,26570.0,1562.94,2,31
CUST09960,65,Male,469140.74,91,2,1770.0,885.0,156,28
CUST09961,29,Female,581080.38,19,6,24000.0,4000.0,58,25
CUST09962,31,Female,357462.08,80,17,66120.0,3889.41,38,26
CUST09963,35,Female,516781.0,66,6,19740.0,3290.0,9,25
CUST09964,44,Female,304586.19,65,6,5850.0,975.0,74,30
CUST09965,45,Male,384381.47,3,7,11920.0,1702.86,4,24
CUST09966,35,Male,510622.58,24,7,25700.0,3671.43,63,24
CUST09967,33,Female,357854.34,108,14,24390.0,1742.14,61,18
CUST09968,69,Female,418252.78,38,5,7520.0,1504.0,499,23
CUST09969,33,Male,703667.07,2,15,32940.0,2196.0,5,30
CUST09970,30,Female,437388.35,56,14,47570.0,3397.86,53,24
CUST09971,46,Male,424356.23,80,7,12260.0,1751.43,74,36
CUST09972,26,Male,335205.56,93,11,30580.0,2780.0,109,33
CUST09973,43,Female,395443.83,37,13,10420.0,801.54,28,30
CUST09974,45,Male,498571.8,108,5,9100.0,1820.0,125,29
CUST09975,58,Female,664781.86,4,3,4530.0,1510.0,18,28
CUST09976,30,Male,250556.29,78,7,15240.0,2177.14,366,27
CUST09977,53,Female,717852.45,81,6,10650.0,1775.0,49,25
CUST09978,26,Female,421064.72,44,6,13850.0,2308.33,34,19
CUST09979,64,Female,479225.77,45,25,63370.0,2534.8,22,23
CUST09980,31,Male,686545.72,81,6,7190.0,1198.33,298,22
CUST09981,68,Male,1360819.59,84,18,45920.0,2551.11,25,24
CUST09982,29,Female,638869.13,47,9,27660.0,3073.33,15,32
CUST09983,70,Male,400825.45,93,11,25080.0,2280.0,36,30
CUST09984,49,Female,543427.83,105,21,96230.0,4582.38,12,13
CUST09985,55,Female,604329.29,26,12,31120.0,2593.33,22,17
CUST09986,20,Male,265976.62,106,2,4110.0,2055.0,174,23
CUST09987,69,Female,307010.64,102,23,45470.0,1976.96,107,26
CUST09988,33,Female,599339.18,81,3,9840.0,3280.0,38,22
CUST09989,37,Other,634402.55,76,19,26920.0,1416.84,6,24
CUST09990,49,Male,592764.21,120,15,27480.0,1832.0,46,31
CUST09991,40,Male,670315.62,92,3,7310.0,2436.67,86,15
CUST09992,34,Male,423306.79,9,8,19430.0,2428.75,50,27
CUST09993,33,Male,813092.46,96,3,11270.0,3756.67,499,28
CUST09994,55,Male,1134926.85,98,4,6500.0,1625.0,28,20
CUST09995,25,Other,374097.39,80,9,31710.0,3523.33,27,32
CUST09996,36,Male,283713.67,48,17,64570.0,3798.24,36,25
CUST09997,47,Male,483767.4,118,4,8760.0,2190.0,135,22
CUST09998,51,Male,742395.14,31,8,33330.0,4166.25,106,27
CUST09999,31,Male,673247.5,55,3,3160.0,1053.33,240,20
CUST10000,39,Male,533271.33,91,5,9460.0,1892.0,18,29
