item_id,name,category,brand,price,rating,user_id
ITEM_10000,Fashion Product 1,Footwear,Levi's,116.5,4.5,CUST_1197
ITEM_10001,Fashion Product 2,Outerwear,Gucci,168.33,2.7,CUST_1212
ITEM_10002,Fashion Product 3,Dresses,H&M,240.33,3.2,CUST_1499
ITEM_10003,Fashion Product 4,Outerwear,Gucci,34.0,5.0,CUST_1071
ITEM_10004,Fashion Product 5,Outerwear,Uniqlo,125.75,4.5,CUST_1235
ITEM_10005,Fashion Product 6,Bottoms,H&M,21.91,4.8,CUST_1279
ITEM_10006,Fashion Product 7,Dresses,Puma,129.89,4.0,CUST_1449
ITEM_10007,Fashion Product 8,Dresses,Mango,70.54,3.5,CUST_1167
ITEM_10008,Fashion Product 9,Dresses,Adidas,228.66,4.9,CUST_1195
ITEM_10009,Fashion Product 10,Outerwear,Zara,105.64,3.3,CUST_1173
ITEM_10010,Fashion Product 11,Footwear,H&M,162.13,4.4,CUST_1195
ITEM_10011,Fashion Product 12,Dresses,Gucci,216.47,3.9,CUST_1063
ITEM_10012,Fashion Product 13,Accessories,Zara,246.09,3.1,CUST_1070
ITEM_10013,Fashion Product 14,Outerwear,Nike,130.92,2.5,CUST_1223
ITEM_10014,Fashion Product 15,Bottoms,H&M,119.38,3.5,CUST_1310
ITEM_10015,Fashion Product 16,Footwear,Adidas,28.18,3.9,CUST_1283
ITEM_10016,Fashion Product 17,Accessories,Uniqlo,13.06,3.0,CUST_1349
ITEM_10017,Fashion Product 18,Accessories,Puma,156.11,3.5,CUST_1079
ITEM_10018,Fashion Product 19,Bottoms,Adidas,25.71,4.0,CUST_1036
ITEM_10019,Fashion Product 20,Footwear,Gucci,101.29,4.3,CUST_1389
ITEM_10020,Fashion Product 21,Outerwear,Uniqlo,10.87,2.6,CUST_1195
ITEM_10021,Fashion Product 22,Tops,Mango,157.65,4.2,CUST_1435
ITEM_10022,Fashion Product 23,Footwear,Uniqlo,112.1,2.6,CUST_1217
ITEM_10023,Fashion Product 24,Bottoms,H&M,40.48,2.6,CUST_1288
ITEM_10024,Fashion Product 25,Accessories,Zara,81.13,2.9,CUST_1149
ITEM_10025,Fashion Product 26,Outerwear,Zara,146.72,4.1,CUST_1496
ITEM_10026,Fashion Product 27,Footwear,Gucci,167.61,2.6,CUST_1273
ITEM_10027,Fashion Product 28,Tops,Uniqlo,120.96,2.6,CUST_1201
ITEM_10028,Fashion Product 29,Tops,Adidas,202.95,2.8,CUST_1154
ITEM_10029,Fashion Product 30,Dresses,Gucci,36.99,4.9,CUST_1022
ITEM_10030,Fashion Product 31,Dresses,Puma,30.29,4.8,CUST_1297
ITEM_10031,Fashion Product 32,Bottoms,Gucci,20.62,2.7,CUST_1494
ITEM_10032,Fashion Product 33,Footwear,Gucci,138.6,3.3,CUST_1315
ITEM_10033,Fashion Product 34,Footwear,Mango,179.5,4.9,CUST_1215
ITEM_10034,Fashion Product 35,Accessories,H&M,41.33,2.7,CUST_1331
ITEM_10035,Fashion Product 36,Accessories,Mango,163.35,2.7,CUST_1122
ITEM_10036,Fashion Product 37,Accessories,Zara,124.47,2.7,CUST_1266
ITEM_10037,Fashion Product 38,Dresses,Zara,246.96,4.9,CUST_1343
ITEM_10038,Fashion Product 39,Footwear,Nike,182.19,4.4,CUST_1261
ITEM_10039,Fashion Product 40,Footwear,Nike,167.79,3.0,CUST_1055
ITEM_10040,Fashion Product 41,Tops,Adidas,146.91,2.6,CUST_1282
ITEM_10041,Fashion Product 42,Dresses,Zara,249.37,4.9,CUST_1260
ITEM_10042,Fashion Product 43,Outerwear,Mango,245.31,3.6,CUST_1363
ITEM_10043,Fashion Product 44,Dresses,Puma,139.15,4.0,CUST_1283
ITEM_10044,Fashion Product 45,Outerwear,Nike,119.24,3.2,CUST_1230
ITEM_10045,Fashion Product 46,Tops,Uniqlo,120.91,4.4,CUST_1482
ITEM_10046,Fashion Product 47,Bottoms,Nike,112.8,3.0,CUST_1126
ITEM_10047,Fashion Product 48,Footwear,Zara,137.54,4.5,CUST_1442
ITEM_10048,Fashion Product 49,Tops,Gucci,75.66,3.1,CUST_1259
ITEM_10049,Fashion Product 50,Footwear,H&M,232.43,2.7,CUST_1050
ITEM_10050,Fashion Product 51,Accessories,Zara,127.66,3.7,CUST_1224
ITEM_10051,Fashion Product 52,Bottoms,Gucci,212.08,4.5,CUST_1381
ITEM_10052,Fashion Product 53,Bottoms,Puma,124.07,3.5,CUST_1282
ITEM_10053,Fashion Product 54,Tops,Puma,182.39,2.6,CUST_1146
ITEM_10054,Fashion Product 55,Bottoms,Uniqlo,90.85,3.9,CUST_1391
ITEM_10055,Fashion Product 56,Outerwear,Levi's,159.95,4.2,CUST_1373
ITEM_10056,Fashion Product 57,Bottoms,Mango,129.61,4.4,CUST_1045
ITEM_10057,Fashion Product 58,Footwear,H&M,98.11,3.5,CUST_1397
ITEM_10058,Fashion Product 59,Footwear,Zara,221.57,2.7,CUST_1262
ITEM_10059,Fashion Product 60,Footwear,Zara,37.05,4.0,CUST_1419
ITEM_10060,Fashion Product 61,Footwear,Levi's,126.86,3.3,CUST_1479
ITEM_10061,Fashion Product 62,Outerwear,Uniqlo,56.65,4.9,CUST_1234
ITEM_10062,Fashion Product 63,Dresses,Adidas,216.65,3.8,CUST_1053
ITEM_10063,Fashion Product 64,Accessories,Nike,70.83,3.7,CUST_1485
ITEM_10064,Fashion Product 65,Tops,Uniqlo,162.02,3.3,CUST_1235
ITEM_10065,Fashion Product 66,Footwear,Gucci,49.74,3.3,CUST_1196
ITEM_10066,Fashion Product 67,Bottoms,Uniqlo,107.18,3.8,CUST_1426
ITEM_10067,Fashion Product 68,Footwear,Levi's,225.85,3.3,CUST_1004
ITEM_10068,Fashion Product 69,Bottoms,Levi's,49.86,4.7,CUST_1060
ITEM_10069,Fashion Product 70,Accessories,Mango,169.17,3.6,CUST_1173
ITEM_10070,Fashion Product 71,Accessories,H&M,59.08,3.2,CUST_1072
ITEM_10071,Fashion Product 72,Accessories,Puma,109.78,2.9,CUST_1486
ITEM_10072,Fashion Product 73,Bottoms,Levi's,139.75,4.2,CUST_1075
ITEM_10073,Fashion Product 74,Footwear,Mango,148.55,2.6,CUST_1322
ITEM_10074,Fashion Product 75,Accessories,Nike,154.6,3.6,CUST_1466
ITEM_10075,Fashion Product 76,Outerwear,Puma,163.63,3.9,CUST_1466
ITEM_10076,Fashion Product 77,Bottoms,Adidas,75.22,3.3,CUST_1022
ITEM_10077,Fashion Product 78,Bottoms,Zara,106.33,4.4,CUST_1396
ITEM_10078,Fashion Product 79,Footwear,Nike,18.96,4.2,CUST_1209
ITEM_10079,Fashion Product 80,Bottoms,Adidas,194.5,4.9,CUST_1051
ITEM_10080,Fashion Product 81,Bottoms,Puma,210.9,3.8,CUST_1145
ITEM_10081,Fashion Product 82,Accessories,Nike,57.82,3.8,CUST_1420
ITEM_10082,Fashion Product 83,Footwear,Mango,58.35,3.1,CUST_1349
ITEM_10083,Fashion Product 84,Accessories,Adidas,20.09,3.5,CUST_1305
ITEM_10084,Fashion Product 85,Accessories,Zara,242.89,2.6,CUST_1272
ITEM_10085,Fashion Product 86,Footwear,Mango,203.72,4.2,CUST_1489
ITEM_10086,Fashion Product 87,Tops,Gucci,96.57,3.3,CUST_1459
ITEM_10087,Fashion Product 88,Accessories,Zara,125.66,3.9,CUST_1044
ITEM_10088,Fashion Product 89,Outerwear,H&M,80.07,3.1,CUST_1107
ITEM_10089,Fashion Product 90,Outerwear,Uniqlo,153.34,4.1,CUST_1493
ITEM_10090,Fashion Product 91,Bottoms,H&M,182.15,3.6,CUST_1150
ITEM_10091,Fashion Product 92,Outerwear,Levi's,117.37,3.7,CUST_1094
ITEM_10092,Fashion Product 93,Bottoms,Gucci,219.66,4.9,CUST_1264
ITEM_10093,Fashion Product 94,Tops,Gucci,134.09,4.3,CUST_1110
ITEM_10094,Fashion Product 95,Footwear,Uniqlo,44.62,3.2,CUST_1018
ITEM_10095,Fashion Product 96,Footwear,Adidas,159.35,3.8,CUST_1238
ITEM_10096,Fashion Product 97,Footwear,Uniqlo,120.94,3.7,CUST_1336
ITEM_10097,Fashion Product 98,Outerwear,Levi's,234.56,4.5,CUST_1239
ITEM_10098,Fashion Product 99,Tops,H&M,104.05,4.6,CUST_1374
ITEM_10099,Fashion Product 100,Outerwear,Gucci,106.69,3.2,CUST_1212
ITEM_10100,Fashion Product 101,Outerwear,H&M,166.19,4.6,CUST_1231
ITEM_10101,Fashion Product 102,Tops,Zara,136.48,2.9,CUST_1328
ITEM_10102,Fashion Product 103,Tops,Nike,99.87,4.4,CUST_1350
ITEM_10103,Fashion Product 104,Tops,Levi's,247.55,3.1,CUST_1294
ITEM_10104,Fashion Product 105,Tops,Nike,82.52,3.2,CUST_1413
ITEM_10105,Fashion Product 106,Footwear,Levi's,76.61,4.6,CUST_1461
ITEM_10106,Fashion Product 107,Dresses,Puma,217.46,3.6,CUST_1081
ITEM_10107,Fashion Product 108,Dresses,Zara,10.81,5.0,CUST_1255
ITEM_10108,Fashion Product 109,Tops,Adidas,58.3,2.9,CUST_1232
ITEM_10109,Fashion Product 110,Dresses,Levi's,151.71,3.7,CUST_1363
ITEM_10110,Fashion Product 111,Dresses,Nike,48.99,4.3,CUST_1209
ITEM_10111,Fashion Product 112,Tops,Levi's,246.59,2.5,CUST_1457
ITEM_10112,Fashion Product 113,Dresses,Adidas,121.41,2.9,CUST_1386
ITEM_10113,Fashion Product 114,Outerwear,Levi's,153.37,2.6,CUST_1443
ITEM_10114,Fashion Product 115,Bottoms,Mango,48.49,5.0,CUST_1298
ITEM_10115,Fashion Product 116,Bottoms,Levi's,79.45,4.4,CUST_1374
ITEM_10116,Fashion Product 117,Tops,Puma,157.51,3.4,CUST_1472
ITEM_10117,Fashion Product 118,Footwear,Puma,141.89,2.9,CUST_1021
ITEM_10118,Fashion Product 119,Tops,Gucci,198.25,2.7,CUST_1238
ITEM_10119,Fashion Product 120,Footwear,Puma,74.62,3.8,CUST_1386
ITEM_10120,Fashion Product 121,Bottoms,Levi's,166.85,4.9,CUST_1261
ITEM_10121,Fashion Product 122,Tops,Levi's,79.83,4.2,CUST_1273
ITEM_10122,Fashion Product 123,Accessories,Mango,150.82,3.4,CUST_1280
ITEM_10123,Fashion Product 124,Outerwear,Puma,155.21,3.8,CUST_1392
ITEM_10124,Fashion Product 125,Dresses,H&M,39.24,5.0,CUST_1414
ITEM_10125,Fashion Product 126,Footwear,Levi's,141.67,3.8,CUST_1434
ITEM_10126,Fashion Product 127,Accessories,Zara,12.87,4.9,CUST_1150
ITEM_10127,Fashion Product 128,Dresses,Zara,130.29,2.5,CUST_1315
ITEM_10128,Fashion Product 129,Dresses,Nike,177.41,4.3,CUST_1152
ITEM_10129,Fashion Product 130,Tops,Mango,27.48,4.1,CUST_1282
ITEM_10130,Fashion Product 131,Dresses,Adidas,235.29,4.2,CUST_1061
ITEM_10131,Fashion Product 132,Outerwear,H&M,120.1,3.9,CUST_1136
ITEM_10132,Fashion Product 133,Accessories,Levi's,235.22,2.6,CUST_1012
ITEM_10133,Fashion Product 134,Dresses,Uniqlo,35.78,2.9,CUST_1014
ITEM_10134,Fashion Product 135,Tops,Uniqlo,237.98,4.8,CUST_1030
ITEM_10135,Fashion Product 136,Outerwear,Adidas,36.21,3.1,CUST_1439
ITEM_10136,Fashion Product 137,Bottoms,Gucci,120.76,5.0,CUST_1355
ITEM_10137,Fashion Product 138,Accessories,Uniqlo,235.12,4.2,CUST_1445
ITEM_10138,Fashion Product 139,Dresses,Adidas,65.85,3.6,CUST_1318
ITEM_10139,Fashion Product 140,Tops,Uniqlo,18.35,4.8,CUST_1287
ITEM_10140,Fashion Product 141,Bottoms,Mango,200.35,4.5,CUST_1220
ITEM_10141,Fashion Product 142,Bottoms,Nike,153.01,3.6,CUST_1238
ITEM_10142,Fashion Product 143,Footwear,Gucci,133.34,2.7,CUST_1027
ITEM_10143,Fashion Product 144,Outerwear,Mango,18.24,4.7,CUST_1484
ITEM_10144,Fashion Product 145,Dresses,Adidas,166.78,4.4,CUST_1257
ITEM_10145,Fashion Product 146,Tops,H&M,51.19,4.5,CUST_1297
ITEM_10146,Fashion Product 147,Footwear,Puma,233.49,4.4,CUST_1142
ITEM_10147,Fashion Product 148,Outerwear,H&M,174.57,3.2,CUST_1250
ITEM_10148,Fashion Product 149,Footwear,Zara,179.69,4.6,CUST_1074
ITEM_10149,Fashion Product 150,Accessories,Puma,65.82,2.5,CUST_1434
ITEM_10150,Fashion Product 151,Outerwear,Adidas,221.38,3.1,CUST_1298
ITEM_10151,Fashion Product 152,Outerwear,Zara,139.06,2.6,CUST_1199
ITEM_10152,Fashion Product 153,Dresses,Uniqlo,215.7,2.8,CUST_1296
ITEM_10153,Fashion Product 154,Outerwear,Uniqlo,75.03,3.8,CUST_1014
ITEM_10154,Fashion Product 155,Footwear,Puma,191.31,2.6,CUST_1100
ITEM_10155,Fashion Product 156,Outerwear,Levi's,147.9,3.0,CUST_1091
ITEM_10156,Fashion Product 157,Dresses,H&M,21.62,3.1,CUST_1395
ITEM_10157,Fashion Product 158,Dresses,Zara,107.28,4.1,CUST_1191
ITEM_10158,Fashion Product 159,Accessories,H&M,54.14,3.7,CUST_1362
ITEM_10159,Fashion Product 160,Footwear,Puma,96.2,3.6,CUST_1305
ITEM_10160,Fashion Product 161,Bottoms,Mango,102.0,4.4,CUST_1421
ITEM_10161,Fashion Product 162,Bottoms,Uniqlo,123.98,3.6,CUST_1106
ITEM_10162,Fashion Product 163,Outerwear,Zara,154.07,3.4,CUST_1394
ITEM_10163,Fashion Product 164,Accessories,Zara,147.03,4.9,CUST_1438
ITEM_10164,Fashion Product 165,Tops,Adidas,19.36,2.5,CUST_1007
ITEM_10165,Fashion Product 166,Outerwear,Zara,190.17,3.3,CUST_1081
ITEM_10166,Fashion Product 167,Accessories,Puma,237.8,4.0,CUST_1253
ITEM_10167,Fashion Product 168,Footwear,Zara,93.68,4.5,CUST_1140
ITEM_10168,Fashion Product 169,Footwear,Zara,53.14,4.5,CUST_1485
ITEM_10169,Fashion Product 170,Footwear,H&M,139.6,2.6,CUST_1357
ITEM_10170,Fashion Product 171,Footwear,Nike,179.18,4.3,CUST_1311
ITEM_10171,Fashion Product 172,Footwear,Zara,172.94,4.3,CUST_1420
ITEM_10172,Fashion Product 173,Accessories,Levi's,156.91,3.0,CUST_1007
ITEM_10173,Fashion Product 174,Accessories,Gucci,45.1,2.8,CUST_1152
ITEM_10174,Fashion Product 175,Dresses,Adidas,210.84,4.4,CUST_1290
ITEM_10175,Fashion Product 176,Bottoms,H&M,112.15,3.1,CUST_1126
ITEM_10176,Fashion Product 177,Footwear,Adidas,63.15,2.5,CUST_1449
ITEM_10177,Fashion Product 178,Tops,Mango,30.7,3.1,CUST_1285
ITEM_10178,Fashion Product 179,Accessories,Zara,110.01,2.6,CUST_1282
ITEM_10179,Fashion Product 180,Tops,Uniqlo,158.31,3.1,CUST_1074
ITEM_10180,Fashion Product 181,Tops,Levi's,169.69,3.3,CUST_1449
ITEM_10181,Fashion Product 182,Tops,H&M,241.06,3.2,CUST_1045
ITEM_10182,Fashion Product 183,Dresses,Adidas,46.76,4.8,CUST_1017
ITEM_10183,Fashion Product 184,Accessories,Zara,246.59,3.1,CUST_1233
ITEM_10184,Fashion Product 185,Tops,Uniqlo,167.12,3.7,CUST_1164
ITEM_10185,Fashion Product 186,Footwear,Uniqlo,119.01,4.9,CUST_1457
ITEM_10186,Fashion Product 187,Outerwear,Mango,223.17,4.7,CUST_1487
ITEM_10187,Fashion Product 188,Tops,Levi's,176.68,3.3,CUST_1063
ITEM_10188,Fashion Product 189,Dresses,Nike,93.69,3.3,CUST_1407
ITEM_10189,Fashion Product 190,Accessories,Levi's,222.18,4.0,CUST_1093
ITEM_10190,Fashion Product 191,Dresses,Mango,169.99,4.8,CUST_1322
ITEM_10191,Fashion Product 192,Tops,Puma,177.72,2.5,CUST_1466
ITEM_10192,Fashion Product 193,Accessories,H&M,225.13,3.5,CUST_1092
ITEM_10193,Fashion Product 194,Outerwear,Mango,117.62,4.6,CUST_1373
ITEM_10194,Fashion Product 195,Tops,Mango,167.66,3.5,CUST_1495
ITEM_10195,Fashion Product 196,Dresses,H&M,188.73,4.3,CUST_1042
ITEM_10196,Fashion Product 197,Bottoms,H&M,118.95,4.2,CUST_1241
ITEM_10197,Fashion Product 198,Footwear,H&M,30.03,3.0,CUST_1327
ITEM_10198,Fashion Product 199,Dresses,Zara,195.15,3.6,CUST_1255
ITEM_10199,Fashion Product 200,Accessories,Adidas,21.48,3.9,CUST_1331
ITEM_10200,Fashion Product 201,Tops,Gucci,182.3,4.3,CUST_1071
ITEM_10201,Fashion Product 202,Footwear,H&M,228.61,4.6,CUST_1299
ITEM_10202,Fashion Product 203,Tops,Adidas,93.27,4.4,CUST_1216
ITEM_10203,Fashion Product 204,Accessories,Gucci,34.49,2.6,CUST_1311
ITEM_10204,Fashion Product 205,Tops,Adidas,65.89,4.2,CUST_1056
ITEM_10205,Fashion Product 206,Bottoms,H&M,144.95,3.7,CUST_1079
ITEM_10206,Fashion Product 207,Footwear,Nike,236.24,3.9,CUST_1415
ITEM_10207,Fashion Product 208,Footwear,Mango,132.95,3.4,CUST_1499
ITEM_10208,Fashion Product 209,Accessories,Adidas,37.06,4.3,CUST_1339
ITEM_10209,Fashion Product 210,Bottoms,Uniqlo,160.67,4.2,CUST_1440
ITEM_10210,Fashion Product 211,Dresses,Uniqlo,185.88,3.9,CUST_1121
ITEM_10211,Fashion Product 212,Tops,Adidas,104.39,4.7,CUST_1202
ITEM_10212,Fashion Product 213,Outerwear,H&M,183.16,2.8,CUST_1432
ITEM_10213,Fashion Product 214,Tops,Levi's,87.96,3.3,CUST_1436
ITEM_10214,Fashion Product 215,Tops,H&M,199.38,3.7,CUST_1328
ITEM_10215,Fashion Product 216,Dresses,H&M,91.86,4.9,CUST_1257
ITEM_10216,Fashion Product 217,Tops,Levi's,71.47,2.7,CUST_1130
ITEM_10217,Fashion Product 218,Bottoms,Nike,221.0,3.3,CUST_1349
ITEM_10218,Fashion Product 219,Bottoms,Puma,141.63,4.8,CUST_1042
ITEM_10219,Fashion Product 220,Footwear,Uniqlo,78.44,4.7,CUST_1074
ITEM_10220,Fashion Product 221,Accessories,Mango,234.42,4.7,CUST_1234
ITEM_10221,Fashion Product 222,Outerwear,Uniqlo,175.8,3.3,CUST_1009
ITEM_10222,Fashion Product 223,Tops,Puma,62.97,4.6,CUST_1370
ITEM_10223,Fashion Product 224,Tops,Zara,157.51,3.8,CUST_1031
ITEM_10224,Fashion Product 225,Dresses,Nike,218.89,4.0,CUST_1096
ITEM_10225,Fashion Product 226,Accessories,Nike,177.08,3.1,CUST_1258
ITEM_10226,Fashion Product 227,Bottoms,Zara,68.74,4.3,CUST_1280
ITEM_10227,Fashion Product 228,Outerwear,Mango,165.72,3.3,CUST_1229
ITEM_10228,Fashion Product 229,Footwear,Levi's,158.6,3.4,CUST_1245
ITEM_10229,Fashion Product 230,Bottoms,Gucci,207.0,4.1,CUST_1427
ITEM_10230,Fashion Product 231,Accessories,Puma,52.75,3.1,CUST_1198
ITEM_10231,Fashion Product 232,Footwear,Gucci,177.91,3.1,CUST_1456
ITEM_10232,Fashion Product 233,Dresses,Mango,16.57,3.4,CUST_1232
ITEM_10233,Fashion Product 234,Dresses,Levi's,177.08,4.4,CUST_1473
ITEM_10234,Fashion Product 235,Tops,Nike,240.5,3.1,CUST_1490
ITEM_10235,Fashion Product 236,Accessories,Levi's,51.85,4.5,CUST_1299
ITEM_10236,Fashion Product 237,Outerwear,Uniqlo,84.71,4.2,CUST_1051
ITEM_10237,Fashion Product 238,Footwear,Puma,149.89,4.2,CUST_1217
ITEM_10238,Fashion Product 239,Bottoms,Levi's,185.77,3.7,CUST_1174
ITEM_10239,Fashion Product 240,Accessories,H&M,92.65,4.4,CUST_1075
ITEM_10240,Fashion Product 241,Accessories,H&M,169.42,2.5,CUST_1099
ITEM_10241,Fashion Product 242,Dresses,Levi's,225.83,3.3,CUST_1001
ITEM_10242,Fashion Product 243,Tops,Nike,184.37,4.2,CUST_1124
ITEM_10243,Fashion Product 244,Tops,Levi's,180.65,5.0,CUST_1117
ITEM_10244,Fashion Product 245,Footwear,Adidas,101.67,2.5,CUST_1343
ITEM_10245,Fashion Product 246,Dresses,Mango,228.74,3.8,CUST_1195
ITEM_10246,Fashion Product 247,Accessories,H&M,76.56,4.8,CUST_1233
ITEM_10247,Fashion Product 248,Outerwear,Gucci,59.27,4.7,CUST_1129
ITEM_10248,Fashion Product 249,Dresses,Levi's,97.41,2.6,CUST_1374
ITEM_10249,Fashion Product 250,Footwear,H&M,166.04,3.8,CUST_1063
ITEM_10250,Fashion Product 251,Footwear,Mango,216.8,2.5,CUST_1236
ITEM_10251,Fashion Product 252,Dresses,Mango,41.7,4.5,CUST_1332
ITEM_10252,Fashion Product 253,Footwear,Gucci,205.31,3.3,CUST_1230
ITEM_10253,Fashion Product 254,Dresses,Adidas,205.08,4.4,CUST_1190
ITEM_10254,Fashion Product 255,Bottoms,Levi's,150.86,4.9,CUST_1189
ITEM_10255,Fashion Product 256,Dresses,Zara,192.56,4.9,CUST_1168
ITEM_10256,Fashion Product 257,Dresses,Levi's,53.65,4.7,CUST_1095
ITEM_10257,Fashion Product 258,Footwear,Puma,50.7,3.0,CUST_1157
ITEM_10258,Fashion Product 259,Footwear,Uniqlo,217.07,3.0,CUST_1291
ITEM_10259,Fashion Product 260,Tops,Nike,129.56,4.1,CUST_1348
ITEM_10260,Fashion Product 261,Tops,Mango,69.02,3.9,CUST_1341
ITEM_10261,Fashion Product 262,Bottoms,Zara,175.3,2.5,CUST_1395
ITEM_10262,Fashion Product 263,Tops,Nike,224.05,3.5,CUST_1474
ITEM_10263,Fashion Product 264,Dresses,H&M,161.76,4.8,CUST_1139
ITEM_10264,Fashion Product 265,Footwear,Levi's,93.36,4.7,CUST_1191
ITEM_10265,Fashion Product 266,Tops,Nike,125.98,3.0,CUST_1453
ITEM_10266,Fashion Product 267,Tops,H&M,190.54,3.5,CUST_1056
ITEM_10267,Fashion Product 268,Bottoms,Uniqlo,26.2,3.9,CUST_1007
ITEM_10268,Fashion Product 269,Accessories,H&M,62.12,4.6,CUST_1051
ITEM_10269,Fashion Product 270,Bottoms,Zara,121.02,3.8,CUST_1479
ITEM_10270,Fashion Product 271,Dresses,Mango,155.02,4.9,CUST_1039
ITEM_10271,Fashion Product 272,Footwear,Gucci,91.4,4.5,CUST_1298
ITEM_10272,Fashion Product 273,Bottoms,H&M,81.61,4.9,CUST_1072
ITEM_10273,Fashion Product 274,Tops,Levi's,19.93,4.3,CUST_1256
ITEM_10274,Fashion Product 275,Footwear,Nike,17.82,4.7,CUST_1309
ITEM_10275,Fashion Product 276,Footwear,Gucci,76.89,4.6,CUST_1091
ITEM_10276,Fashion Product 277,Tops,Gucci,137.32,3.1,CUST_1149
ITEM_10277,Fashion Product 278,Bottoms,Nike,143.53,3.1,CUST_1030
ITEM_10278,Fashion Product 279,Tops,Nike,128.57,4.7,CUST_1462
ITEM_10279,Fashion Product 280,Accessories,Mango,108.37,2.7,CUST_1123
ITEM_10280,Fashion Product 281,Footwear,Zara,70.55,3.5,CUST_1385
ITEM_10281,Fashion Product 282,Outerwear,Uniqlo,106.17,4.6,CUST_1237
ITEM_10282,Fashion Product 283,Outerwear,Zara,43.3,4.5,CUST_1280
ITEM_10283,Fashion Product 284,Dresses,Nike,37.66,2.8,CUST_1125
ITEM_10284,Fashion Product 285,Tops,Levi's,81.99,3.7,CUST_1134
ITEM_10285,Fashion Product 286,Tops,Adidas,248.88,3.7,CUST_1006
ITEM_10286,Fashion Product 287,Dresses,Adidas,88.36,3.3,CUST_1383
ITEM_10287,Fashion Product 288,Dresses,Uniqlo,234.75,4.8,CUST_1373
ITEM_10288,Fashion Product 289,Dresses,Nike,104.14,4.1,CUST_1197
ITEM_10289,Fashion Product 290,Footwear,Adidas,115.36,5.0,CUST_1190
ITEM_10290,Fashion Product 291,Accessories,Uniqlo,201.3,2.7,CUST_1291
ITEM_10291,Fashion Product 292,Tops,Gucci,32.47,3.5,CUST_1384
ITEM_10292,Fashion Product 293,Footwear,Uniqlo,53.76,4.6,CUST_1236
ITEM_10293,Fashion Product 294,Dresses,Gucci,243.72,3.6,CUST_1079
ITEM_10294,Fashion Product 295,Tops,Mango,131.42,3.2,CUST_1035
ITEM_10295,Fashion Product 296,Footwear,Adidas,20.63,5.0,CUST_1304
ITEM_10296,Fashion Product 297,Accessories,Uniqlo,21.37,4.7,CUST_1370
ITEM_10297,Fashion Product 298,Footwear,Uniqlo,227.74,3.9,CUST_1361
ITEM_10298,Fashion Product 299,Accessories,Uniqlo,219.61,3.9,CUST_1072
ITEM_10299,Fashion Product 300,Dresses,Levi's,120.02,2.5,CUST_1043
ITEM_10300,Fashion Product 301,Accessories,Uniqlo,49.17,5.0,CUST_1291
ITEM_10301,Fashion Product 302,Tops,Levi's,209.27,4.5,CUST_1133
ITEM_10302,Fashion Product 303,Dresses,Mango,87.9,2.6,CUST_1287
ITEM_10303,Fashion Product 304,Tops,Puma,110.57,2.9,CUST_1106
ITEM_10304,Fashion Product 305,Outerwear,Nike,173.79,4.6,CUST_1159
ITEM_10305,Fashion Product 306,Bottoms,Gucci,94.82,2.7,CUST_1357
ITEM_10306,Fashion Product 307,Accessories,Nike,160.88,4.9,CUST_1008
ITEM_10307,Fashion Product 308,Bottoms,Zara,222.47,5.0,CUST_1262
ITEM_10308,Fashion Product 309,Bottoms,Adidas,201.37,4.7,CUST_1343
ITEM_10309,Fashion Product 310,Accessories,H&M,101.59,4.3,CUST_1437
ITEM_10310,Fashion Product 311,Dresses,Mango,79.1,3.7,CUST_1080
ITEM_10311,Fashion Product 312,Outerwear,Levi's,78.52,2.7,CUST_1044
ITEM_10312,Fashion Product 313,Tops,Zara,93.66,4.3,CUST_1177
ITEM_10313,Fashion Product 314,Footwear,Uniqlo,128.44,3.5,CUST_1392
ITEM_10314,Fashion Product 315,Tops,Zara,109.98,3.9,CUST_1064
ITEM_10315,Fashion Product 316,Footwear,Zara,41.92,3.2,CUST_1388
ITEM_10316,Fashion Product 317,Tops,Gucci,49.23,3.1,CUST_1288
ITEM_10317,Fashion Product 318,Accessories,H&M,92.3,3.3,CUST_1309
ITEM_10318,Fashion Product 319,Outerwear,Zara,144.9,4.5,CUST_1113
ITEM_10319,Fashion Product 320,Footwear,Gucci,152.24,3.6,CUST_1451
ITEM_10320,Fashion Product 321,Dresses,Uniqlo,126.69,3.3,CUST_1319
ITEM_10321,Fashion Product 322,Tops,Nike,187.31,3.6,CUST_1370
ITEM_10322,Fashion Product 323,Tops,Uniqlo,186.94,2.6,CUST_1208
ITEM_10323,Fashion Product 324,Footwear,Adidas,112.63,4.7,CUST_1444
ITEM_10324,Fashion Product 325,Dresses,Zara,39.87,3.9,CUST_1226
ITEM_10325,Fashion Product 326,Dresses,Zara,137.24,2.8,CUST_1333
ITEM_10326,Fashion Product 327,Accessories,Nike,101.55,3.2,CUST_1417
ITEM_10327,Fashion Product 328,Accessories,Mango,43.1,5.0,CUST_1278
ITEM_10328,Fashion Product 329,Accessories,Zara,245.64,4.0,CUST_1383
ITEM_10329,Fashion Product 330,Accessories,H&M,98.74,3.2,CUST_1287
ITEM_10330,Fashion Product 331,Accessories,Puma,160.19,3.6,CUST_1280
ITEM_10331,Fashion Product 332,Accessories,Zara,127.63,3.1,CUST_1003
ITEM_10332,Fashion Product 333,Outerwear,Puma,44.28,2.6,CUST_1033
ITEM_10333,Fashion Product 334,Dresses,Uniqlo,23.33,4.6,CUST_1478
ITEM_10334,Fashion Product 335,Accessories,Mango,160.18,3.2,CUST_1410
ITEM_10335,Fashion Product 336,Dresses,Gucci,69.29,4.6,CUST_1482
ITEM_10336,Fashion Product 337,Dresses,Levi's,68.48,3.7,CUST_1307
ITEM_10337,Fashion Product 338,Bottoms,Mango,239.67,3.0,CUST_1214
ITEM_10338,Fashion Product 339,Outerwear,Levi's,120.83,4.5,CUST_1030
ITEM_10339,Fashion Product 340,Accessories,Uniqlo,17.06,3.4,CUST_1419
ITEM_10340,Fashion Product 341,Tops,Mango,91.56,4.3,CUST_1025
ITEM_10341,Fashion Product 342,Footwear,Gucci,150.28,4.6,CUST_1028
ITEM_10342,Fashion Product 343,Tops,Levi's,88.86,4.9,CUST_1097
ITEM_10343,Fashion Product 344,Outerwear,Nike,16.44,2.7,CUST_1087
ITEM_10344,Fashion Product 345,Footwear,H&M,116.63,2.5,CUST_1026
ITEM_10345,Fashion Product 346,Outerwear,Mango,35.42,3.9,CUST_1120
ITEM_10346,Fashion Product 347,Dresses,Uniqlo,158.6,3.2,CUST_1201
ITEM_10347,Fashion Product 348,Footwear,Zara,158.7,3.7,CUST_1392
ITEM_10348,Fashion Product 349,Dresses,Gucci,19.06,2.7,CUST_1357
ITEM_10349,Fashion Product 350,Tops,Levi's,79.76,3.8,CUST_1353
ITEM_10350,Fashion Product 351,Tops,Levi's,109.28,2.8,CUST_1015
ITEM_10351,Fashion Product 352,Footwear,H&M,142.06,4.6,CUST_1305
ITEM_10352,Fashion Product 353,Footwear,Levi's,81.06,4.4,CUST_1254
ITEM_10353,Fashion Product 354,Accessories,Puma,79.06,2.7,CUST_1111
ITEM_10354,Fashion Product 355,Outerwear,Adidas,245.92,4.6,CUST_1008
ITEM_10355,Fashion Product 356,Accessories,Puma,20.05,3.3,CUST_1439
ITEM_10356,Fashion Product 357,Outerwear,Levi's,247.37,3.4,CUST_1341
ITEM_10357,Fashion Product 358,Accessories,Gucci,21.46,2.9,CUST_1128
ITEM_10358,Fashion Product 359,Dresses,Mango,79.2,4.6,CUST_1186
ITEM_10359,Fashion Product 360,Footwear,Uniqlo,128.49,3.5,CUST_1387
ITEM_10360,Fashion Product 361,Tops,Zara,44.39,2.6,CUST_1393
ITEM_10361,Fashion Product 362,Outerwear,Mango,42.36,4.9,CUST_1014
ITEM_10362,Fashion Product 363,Outerwear,Nike,71.52,3.1,CUST_1230
ITEM_10363,Fashion Product 364,Tops,Mango,243.64,4.8,CUST_1091
ITEM_10364,Fashion Product 365,Accessories,Mango,101.23,3.3,CUST_1404
ITEM_10365,Fashion Product 366,Outerwear,Uniqlo,145.84,4.6,CUST_1004
ITEM_10366,Fashion Product 367,Dresses,H&M,179.03,4.2,CUST_1152
ITEM_10367,Fashion Product 368,Footwear,Levi's,188.13,4.7,CUST_1219
ITEM_10368,Fashion Product 369,Tops,H&M,175.13,4.9,CUST_1076
ITEM_10369,Fashion Product 370,Footwear,Nike,90.86,4.7,CUST_1284
ITEM_10370,Fashion Product 371,Outerwear,Zara,36.81,3.5,CUST_1355
ITEM_10371,Fashion Product 372,Outerwear,Puma,77.61,4.5,CUST_1216
ITEM_10372,Fashion Product 373,Tops,Zara,60.47,4.3,CUST_1159
ITEM_10373,Fashion Product 374,Dresses,Levi's,42.71,2.7,CUST_1251
ITEM_10374,Fashion Product 375,Bottoms,Zara,15.88,4.8,CUST_1067
ITEM_10375,Fashion Product 376,Tops,Adidas,234.57,3.7,CUST_1222
ITEM_10376,Fashion Product 377,Bottoms,Puma,231.05,2.8,CUST_1192
ITEM_10377,Fashion Product 378,Accessories,Nike,22.1,3.6,CUST_1219
ITEM_10378,Fashion Product 379,Bottoms,Levi's,51.54,4.0,CUST_1373
ITEM_10379,Fashion Product 380,Dresses,Gucci,43.48,3.9,CUST_1017
ITEM_10380,Fashion Product 381,Accessories,Nike,77.49,3.9,CUST_1390
ITEM_10381,Fashion Product 382,Bottoms,Adidas,58.98,3.1,CUST_1495
ITEM_10382,Fashion Product 383,Accessories,Puma,237.0,4.1,CUST_1107
ITEM_10383,Fashion Product 384,Bottoms,Uniqlo,30.2,4.8,CUST_1466
ITEM_10384,Fashion Product 385,Dresses,Adidas,60.8,3.5,CUST_1444
ITEM_10385,Fashion Product 386,Bottoms,Nike,29.37,4.1,CUST_1227
ITEM_10386,Fashion Product 387,Bottoms,Levi's,245.29,3.1,CUST_1475
ITEM_10387,Fashion Product 388,Bottoms,Levi's,230.42,2.6,CUST_1081
ITEM_10388,Fashion Product 389,Tops,Puma,181.99,4.0,CUST_1267
ITEM_10389,Fashion Product 390,Tops,H&M,112.23,2.6,CUST_1166
ITEM_10390,Fashion Product 391,Tops,Puma,55.64,4.3,CUST_1357
ITEM_10391,Fashion Product 392,Dresses,Puma,63.16,4.2,CUST_1234
ITEM_10392,Fashion Product 393,Accessories,Adidas,116.33,3.4,CUST_1162
ITEM_10393,Fashion Product 394,Outerwear,Levi's,194.37,3.5,CUST_1175
ITEM_10394,Fashion Product 395,Bottoms,Nike,73.54,4.8,CUST_1160
ITEM_10395,Fashion Product 396,Bottoms,Uniqlo,84.59,2.5,CUST_1363
ITEM_10396,Fashion Product 397,Dresses,Zara,153.99,3.9,CUST_1376
ITEM_10397,Fashion Product 398,Bottoms,Mango,67.06,4.8,CUST_1185
ITEM_10398,Fashion Product 399,Tops,Uniqlo,150.21,4.8,CUST_1174
ITEM_10399,Fashion Product 400,Outerwear,Zara,102.91,4.0,CUST_1238
ITEM_10400,Fashion Product 401,Footwear,H&M,18.25,3.5,CUST_1163
ITEM_10401,Fashion Product 402,Bottoms,Nike,106.65,2.7,CUST_1476
ITEM_10402,Fashion Product 403,Tops,Levi's,230.69,2.9,CUST_1406
ITEM_10403,Fashion Product 404,Footwear,Gucci,80.35,4.2,CUST_1400
ITEM_10404,Fashion Product 405,Outerwear,Puma,87.48,2.5,CUST_1238
ITEM_10405,Fashion Product 406,Footwear,Uniqlo,25.83,4.7,CUST_1106
ITEM_10406,Fashion Product 407,Tops,Zara,157.61,4.0,CUST_1118
ITEM_10407,Fashion Product 408,Accessories,Gucci,213.82,2.6,CUST_1232
ITEM_10408,Fashion Product 409,Accessories,Uniqlo,94.7,3.1,CUST_1076
ITEM_10409,Fashion Product 410,Footwear,Nike,67.66,4.0,CUST_1005
ITEM_10410,Fashion Product 411,Dresses,Levi's,239.59,2.6,CUST_1218
ITEM_10411,Fashion Product 412,Footwear,Uniqlo,188.82,4.4,CUST_1282
ITEM_10412,Fashion Product 413,Bottoms,Uniqlo,146.12,4.8,CUST_1333
ITEM_10413,Fashion Product 414,Bottoms,Levi's,83.33,4.9,CUST_1408
ITEM_10414,Fashion Product 415,Accessories,H&M,62.99,4.3,CUST_1236
ITEM_10415,Fashion Product 416,Dresses,Adidas,181.78,4.6,CUST_1323
ITEM_10416,Fashion Product 417,Tops,Uniqlo,135.23,4.0,CUST_1032
ITEM_10417,Fashion Product 418,Bottoms,Levi's,134.94,3.6,CUST_1407
ITEM_10418,Fashion Product 419,Accessories,Adidas,27.69,4.3,CUST_1177
ITEM_10419,Fashion Product 420,Outerwear,Levi's,132.93,3.1,CUST_1485
ITEM_10420,Fashion Product 421,Accessories,Levi's,207.46,2.8,CUST_1119
ITEM_10421,Fashion Product 422,Bottoms,H&M,237.23,4.4,CUST_1190
ITEM_10422,Fashion Product 423,Bottoms,Levi's,35.6,4.9,CUST_1102
ITEM_10423,Fashion Product 424,Accessories,Nike,161.48,3.9,CUST_1365
ITEM_10424,Fashion Product 425,Tops,Uniqlo,146.4,3.7,CUST_1486
ITEM_10425,Fashion Product 426,Footwear,Zara,223.67,3.8,CUST_1461
ITEM_10426,Fashion Product 427,Bottoms,Zara,190.3,3.7,CUST_1079
ITEM_10427,Fashion Product 428,Accessories,Zara,241.66,3.6,CUST_1322
ITEM_10428,Fashion Product 429,Accessories,Levi's,240.41,4.9,CUST_1139
ITEM_10429,Fashion Product 430,Dresses,Gucci,64.16,3.7,CUST_1336
ITEM_10430,Fashion Product 431,Footwear,Adidas,184.08,2.7,CUST_1402
ITEM_10431,Fashion Product 432,Outerwear,Adidas,137.33,4.4,CUST_1226
ITEM_10432,Fashion Product 433,Tops,Levi's,61.5,3.5,CUST_1266
ITEM_10433,Fashion Product 434,Outerwear,Nike,56.77,4.3,CUST_1333
ITEM_10434,Fashion Product 435,Footwear,Nike,29.46,3.9,CUST_1224
ITEM_10435,Fashion Product 436,Footwear,Puma,200.93,4.3,CUST_1060
ITEM_10436,Fashion Product 437,Footwear,Levi's,87.88,2.7,CUST_1264
ITEM_10437,Fashion Product 438,Outerwear,Mango,215.67,2.6,CUST_1455
ITEM_10438,Fashion Product 439,Footwear,H&M,156.0,3.4,CUST_1048
ITEM_10439,Fashion Product 440,Accessories,Zara,171.67,4.2,CUST_1081
ITEM_10440,Fashion Product 441,Outerwear,H&M,80.0,3.1,CUST_1297
ITEM_10441,Fashion Product 442,Footwear,Zara,119.75,3.6,CUST_1475
ITEM_10442,Fashion Product 443,Accessories,Levi's,108.96,5.0,CUST_1379
ITEM_10443,Fashion Product 444,Dresses,Gucci,66.57,3.0,CUST_1008
ITEM_10444,Fashion Product 445,Footwear,Puma,209.8,4.6,CUST_1349
ITEM_10445,Fashion Product 446,Outerwear,Nike,159.3,4.6,CUST_1249
ITEM_10446,Fashion Product 447,Bottoms,Gucci,18.98,4.7,CUST_1244
ITEM_10447,Fashion Product 448,Footwear,H&M,206.78,4.8,CUST_1165
ITEM_10448,Fashion Product 449,Bottoms,H&M,35.45,3.8,CUST_1347
ITEM_10449,Fashion Product 450,Accessories,Nike,106.89,4.2,CUST_1421
ITEM_10450,Fashion Product 451,Dresses,Puma,147.1,4.0,CUST_1320
ITEM_10451,Fashion Product 452,Tops,Zara,11.84,3.3,CUST_1187
ITEM_10452,Fashion Product 453,Dresses,Gucci,166.7,3.2,CUST_1249
ITEM_10453,Fashion Product 454,Footwear,Puma,168.33,3.4,CUST_1127
ITEM_10454,Fashion Product 455,Bottoms,Uniqlo,166.61,3.0,CUST_1088
ITEM_10455,Fashion Product 456,Bottoms,Adidas,49.23,4.4,CUST_1045
ITEM_10456,Fashion Product 457,Outerwear,Zara,71.38,4.9,CUST_1400
ITEM_10457,Fashion Product 458,Bottoms,Uniqlo,69.37,4.7,CUST_1282
ITEM_10458,Fashion Product 459,Outerwear,Zara,240.42,3.0,CUST_1246
ITEM_10459,Fashion Product 460,Accessories,Zara,26.21,2.6,CUST_1415
ITEM_10460,Fashion Product 461,Tops,Zara,112.9,4.4,CUST_1411
ITEM_10461,Fashion Product 462,Footwear,Puma,219.1,3.5,CUST_1218
ITEM_10462,Fashion Product 463,Outerwear,Puma,194.67,4.6,CUST_1427
ITEM_10463,Fashion Product 464,Tops,Uniqlo,207.39,4.4,CUST_1015
ITEM_10464,Fashion Product 465,Bottoms,H&M,243.35,4.1,CUST_1256
ITEM_10465,Fashion Product 466,Bottoms,Nike,102.94,3.1,CUST_1314
ITEM_10466,Fashion Product 467,Tops,Gucci,84.32,2.8,CUST_1177
ITEM_10467,Fashion Product 468,Bottoms,Gucci,17.36,3.1,CUST_1335
ITEM_10468,Fashion Product 469,Accessories,Mango,46.0,3.8,CUST_1215
ITEM_10469,Fashion Product 470,Accessories,Levi's,144.88,4.9,CUST_1025
ITEM_10470,Fashion Product 471,Tops,Levi's,47.84,2.7,CUST_1492
ITEM_10471,Fashion Product 472,Outerwear,Uniqlo,186.71,3.0,CUST_1324
ITEM_10472,Fashion Product 473,Outerwear,Zara,18.94,4.1,CUST_1292
ITEM_10473,Fashion Product 474,Tops,Zara,72.28,3.3,CUST_1117
ITEM_10474,Fashion Product 475,Outerwear,Adidas,176.91,4.6,CUST_1080
ITEM_10475,Fashion Product 476,Outerwear,H&M,71.32,2.8,CUST_1175
ITEM_10476,Fashion Product 477,Accessories,Mango,184.9,4.9,CUST_1232
ITEM_10477,Fashion Product 478,Outerwear,Puma,249.01,4.8,CUST_1315
ITEM_10478,Fashion Product 479,Dresses,Zara,201.3,4.7,CUST_1469
ITEM_10479,Fashion Product 480,Footwear,Mango,92.04,2.9,CUST_1436
ITEM_10480,Fashion Product 481,Bottoms,Gucci,226.14,3.3,CUST_1040
ITEM_10481,Fashion Product 482,Dresses,Adidas,22.28,4.5,CUST_1171
ITEM_10482,Fashion Product 483,Outerwear,Puma,184.0,4.5,CUST_1117
ITEM_10483,Fashion Product 484,Accessories,Mango,15.6,4.3,CUST_1184
ITEM_10484,Fashion Product 485,Tops,Uniqlo,51.89,3.6,CUST_1081
ITEM_10485,Fashion Product 486,Outerwear,Puma,247.02,3.3,CUST_1387
ITEM_10486,Fashion Product 487,Accessories,Levi's,96.61,4.9,CUST_1071
ITEM_10487,Fashion Product 488,Footwear,Puma,206.92,2.8,CUST_1140
ITEM_10488,Fashion Product 489,Outerwear,Adidas,100.26,2.6,CUST_1193
ITEM_10489,Fashion Product 490,Tops,Puma,211.61,2.5,CUST_1171
ITEM_10490,Fashion Product 491,Accessories,Nike,241.71,4.4,CUST_1101
ITEM_10491,Fashion Product 492,Accessories,H&M,114.53,2.6,CUST_1070
ITEM_10492,Fashion Product 493,Accessories,Adidas,144.24,3.8,CUST_1174
ITEM_10493,Fashion Product 494,Footwear,Uniqlo,160.87,3.4,CUST_1444
ITEM_10494,Fashion Product 495,Outerwear,Adidas,234.36,2.9,CUST_1189
ITEM_10495,Fashion Product 496,Footwear,Gucci,71.62,4.4,CUST_1433
ITEM_10496,Fashion Product 497,Bottoms,Uniqlo,156.7,2.6,CUST_1215
ITEM_10497,Fashion Product 498,Bottoms,Levi's,87.93,3.3,CUST_1025
ITEM_10498,Fashion Product 499,Outerwear,Puma,62.06,3.9,CUST_1089
ITEM_10499,Fashion Product 500,Footwear,Puma,30.38,3.5,CUST_1131
ITEM_10500,Fashion Product 501,Tops,Gucci,158.97,3.1,CUST_1196
ITEM_10501,Fashion Product 502,Accessories,Mango,221.7,4.8,CUST_1319
ITEM_10502,Fashion Product 503,Accessories,Gucci,94.33,4.8,CUST_1286
ITEM_10503,Fashion Product 504,Outerwear,Nike,142.64,3.5,CUST_1225
ITEM_10504,Fashion Product 505,Bottoms,Zara,164.11,3.5,CUST_1349
ITEM_10505,Fashion Product 506,Bottoms,Mango,109.52,3.3,CUST_1388
ITEM_10506,Fashion Product 507,Accessories,Zara,226.8,4.6,CUST_1334
ITEM_10507,Fashion Product 508,Outerwear,Levi's,97.06,3.9,CUST_1341
ITEM_10508,Fashion Product 509,Footwear,H&M,40.0,2.7,CUST_1327
ITEM_10509,Fashion Product 510,Bottoms,H&M,44.56,4.6,CUST_1149
ITEM_10510,Fashion Product 511,Footwear,Puma,223.81,3.8,CUST_1071
ITEM_10511,Fashion Product 512,Bottoms,H&M,247.12,3.5,CUST_1129
ITEM_10512,Fashion Product 513,Bottoms,Gucci,79.35,3.3,CUST_1444
ITEM_10513,Fashion Product 514,Dresses,Mango,44.46,2.7,CUST_1290
ITEM_10514,Fashion Product 515,Bottoms,Puma,125.73,4.9,CUST_1087
ITEM_10515,Fashion Product 516,Tops,Puma,180.29,4.4,CUST_1387
ITEM_10516,Fashion Product 517,Outerwear,Mango,156.98,2.8,CUST_1018
ITEM_10517,Fashion Product 518,Outerwear,Levi's,238.27,3.8,CUST_1043
ITEM_10518,Fashion Product 519,Footwear,Levi's,206.27,3.9,CUST_1076
ITEM_10519,Fashion Product 520,Bottoms,Puma,218.55,2.9,CUST_1334
ITEM_10520,Fashion Product 521,Tops,Levi's,140.0,3.6,CUST_1041
ITEM_10521,Fashion Product 522,Footwear,Nike,88.55,4.1,CUST_1476
ITEM_10522,Fashion Product 523,Dresses,Nike,178.42,3.2,CUST_1362
ITEM_10523,Fashion Product 524,Footwear,Zara,115.37,3.3,CUST_1365
ITEM_10524,Fashion Product 525,Footwear,Adidas,79.06,2.8,CUST_1280
ITEM_10525,Fashion Product 526,Bottoms,Uniqlo,46.54,3.5,CUST_1280
ITEM_10526,Fashion Product 527,Dresses,H&M,136.69,4.0,CUST_1259
ITEM_10527,Fashion Product 528,Footwear,Levi's,152.62,2.8,CUST_1443
ITEM_10528,Fashion Product 529,Tops,Nike,146.51,4.0,CUST_1442
ITEM_10529,Fashion Product 530,Tops,Gucci,37.97,3.5,CUST_1329
ITEM_10530,Fashion Product 531,Outerwear,Mango,146.8,4.2,CUST_1024
ITEM_10531,Fashion Product 532,Dresses,Adidas,50.42,3.3,CUST_1450
ITEM_10532,Fashion Product 533,Dresses,Zara,169.29,3.9,CUST_1375
ITEM_10533,Fashion Product 534,Outerwear,Uniqlo,113.05,4.0,CUST_1296
ITEM_10534,Fashion Product 535,Footwear,Nike,213.71,4.2,CUST_1476
ITEM_10535,Fashion Product 536,Dresses,Zara,196.78,4.4,CUST_1327
ITEM_10536,Fashion Product 537,Tops,Adidas,183.85,2.8,CUST_1393
ITEM_10537,Fashion Product 538,Tops,Mango,178.18,4.9,CUST_1109
ITEM_10538,Fashion Product 539,Bottoms,H&M,144.52,4.6,CUST_1359
ITEM_10539,Fashion Product 540,Dresses,Nike,24.67,3.9,CUST_1444
ITEM_10540,Fashion Product 541,Footwear,Mango,167.32,4.7,CUST_1423
ITEM_10541,Fashion Product 542,Outerwear,Uniqlo,122.06,3.5,CUST_1289
ITEM_10542,Fashion Product 543,Outerwear,Levi's,122.69,2.6,CUST_1418
ITEM_10543,Fashion Product 544,Footwear,Adidas,100.97,4.3,CUST_1318
ITEM_10544,Fashion Product 545,Accessories,Uniqlo,232.98,4.9,CUST_1341
ITEM_10545,Fashion Product 546,Bottoms,H&M,69.87,2.9,CUST_1317
ITEM_10546,Fashion Product 547,Outerwear,Mango,85.98,4.1,CUST_1349
ITEM_10547,Fashion Product 548,Dresses,H&M,241.13,4.5,CUST_1027
ITEM_10548,Fashion Product 549,Bottoms,Puma,204.44,4.8,CUST_1126
ITEM_10549,Fashion Product 550,Dresses,Nike,13.38,3.2,CUST_1401
ITEM_10550,Fashion Product 551,Tops,Levi's,227.47,2.8,CUST_1316
ITEM_10551,Fashion Product 552,Bottoms,Adidas,64.4,3.1,CUST_1170
ITEM_10552,Fashion Product 553,Outerwear,Gucci,179.42,3.9,CUST_1047
ITEM_10553,Fashion Product 554,Bottoms,Mango,142.74,4.8,CUST_1368
ITEM_10554,Fashion Product 555,Bottoms,Gucci,138.83,4.0,CUST_1343
ITEM_10555,Fashion Product 556,Bottoms,Nike,182.3,4.8,CUST_1181
ITEM_10556,Fashion Product 557,Accessories,Nike,59.72,4.4,CUST_1365
ITEM_10557,Fashion Product 558,Bottoms,Adidas,48.17,4.0,CUST_1405
ITEM_10558,Fashion Product 559,Dresses,Nike,166.46,2.6,CUST_1392
ITEM_10559,Fashion Product 560,Tops,Gucci,79.74,3.3,CUST_1073
ITEM_10560,Fashion Product 561,Footwear,Gucci,243.75,2.6,CUST_1122
ITEM_10561,Fashion Product 562,Bottoms,H&M,118.36,3.3,CUST_1353
ITEM_10562,Fashion Product 563,Outerwear,Uniqlo,36.78,2.7,CUST_1186
ITEM_10563,Fashion Product 564,Bottoms,Zara,174.6,2.9,CUST_1324
ITEM_10564,Fashion Product 565,Outerwear,Uniqlo,83.48,3.5,CUST_1319
ITEM_10565,Fashion Product 566,Dresses,Uniqlo,45.66,3.8,CUST_1443
ITEM_10566,Fashion Product 567,Outerwear,Levi's,111.48,3.0,CUST_1082
ITEM_10567,Fashion Product 568,Footwear,Nike,241.41,4.3,CUST_1480
ITEM_10568,Fashion Product 569,Tops,H&M,108.74,4.0,CUST_1030
ITEM_10569,Fashion Product 570,Outerwear,Levi's,93.36,4.2,CUST_1281
ITEM_10570,Fashion Product 571,Outerwear,Levi's,116.68,4.3,CUST_1121
ITEM_10571,Fashion Product 572,Tops,Zara,12.91,4.3,CUST_1353
ITEM_10572,Fashion Product 573,Footwear,Mango,41.94,4.8,CUST_1355
ITEM_10573,Fashion Product 574,Bottoms,Gucci,213.92,3.1,CUST_1106
ITEM_10574,Fashion Product 575,Outerwear,Nike,244.73,3.2,CUST_1312
ITEM_10575,Fashion Product 576,Tops,Levi's,47.91,2.7,CUST_1418
ITEM_10576,Fashion Product 577,Dresses,H&M,138.52,4.0,CUST_1434
ITEM_10577,Fashion Product 578,Tops,Mango,241.92,3.5,CUST_1130
ITEM_10578,Fashion Product 579,Dresses,Zara,47.58,3.7,CUST_1205
ITEM_10579,Fashion Product 580,Footwear,Puma,54.71,2.9,CUST_1053
ITEM_10580,Fashion Product 581,Bottoms,Nike,232.44,4.1,CUST_1382
ITEM_10581,Fashion Product 582,Tops,Puma,179.37,4.0,CUST_1297
ITEM_10582,Fashion Product 583,Accessories,Uniqlo,46.47,3.2,CUST_1279
ITEM_10583,Fashion Product 584,Outerwear,Levi's,104.44,3.7,CUST_1189
ITEM_10584,Fashion Product 585,Footwear,Adidas,23.5,4.7,CUST_1215
ITEM_10585,Fashion Product 586,Tops,Nike,113.84,4.4,CUST_1031
ITEM_10586,Fashion Product 587,Outerwear,Gucci,196.7,3.1,CUST_1450
ITEM_10587,Fashion Product 588,Tops,Mango,142.95,4.7,CUST_1258
ITEM_10588,Fashion Product 589,Dresses,H&M,165.39,2.7,CUST_1453
ITEM_10589,Fashion Product 590,Tops,Nike,88.44,3.5,CUST_1060
ITEM_10590,Fashion Product 591,Accessories,Gucci,48.74,2.7,CUST_1078
ITEM_10591,Fashion Product 592,Tops,Puma,13.15,4.8,CUST_1023
ITEM_10592,Fashion Product 593,Tops,Mango,207.11,2.6,CUST_1185
ITEM_10593,Fashion Product 594,Accessories,Zara,162.8,2.9,CUST_1035
ITEM_10594,Fashion Product 595,Footwear,Levi's,65.04,4.8,CUST_1494
ITEM_10595,Fashion Product 596,Tops,Nike,110.42,4.0,CUST_1001
ITEM_10596,Fashion Product 597,Accessories,Adidas,202.35,4.5,CUST_1105
ITEM_10597,Fashion Product 598,Outerwear,Puma,139.29,2.5,CUST_1176
ITEM_10598,Fashion Product 599,Dresses,Puma,82.04,3.5,CUST_1049
ITEM_10599,Fashion Product 600,Dresses,Nike,74.12,5.0,CUST_1168
ITEM_10600,Fashion Product 601,Tops,Uniqlo,62.23,3.9,CUST_1318
ITEM_10601,Fashion Product 602,Footwear,Puma,207.7,4.6,CUST_1271
ITEM_10602,Fashion Product 603,Footwear,Gucci,149.65,4.9,CUST_1158
ITEM_10603,Fashion Product 604,Outerwear,H&M,180.2,4.2,CUST_1021
ITEM_10604,Fashion Product 605,Tops,Levi's,216.43,3.3,CUST_1392
ITEM_10605,Fashion Product 606,Dresses,Puma,246.85,3.3,CUST_1391
ITEM_10606,Fashion Product 607,Footwear,Gucci,69.88,2.7,CUST_1105
ITEM_10607,Fashion Product 608,Tops,Mango,53.42,3.6,CUST_1290
ITEM_10608,Fashion Product 609,Footwear,Mango,120.88,4.8,CUST_1121
ITEM_10609,Fashion Product 610,Accessories,Levi's,18.42,3.7,CUST_1192
ITEM_10610,Fashion Product 611,Footwear,Uniqlo,200.01,4.8,CUST_1426
ITEM_10611,Fashion Product 612,Dresses,Adidas,222.1,4.5,CUST_1229
ITEM_10612,Fashion Product 613,Bottoms,Levi's,174.65,5.0,CUST_1496
ITEM_10613,Fashion Product 614,Outerwear,Zara,74.32,4.9,CUST_1181
ITEM_10614,Fashion Product 615,Outerwear,Uniqlo,39.56,4.3,CUST_1352
ITEM_10615,Fashion Product 616,Dresses,Puma,101.71,4.7,CUST_1225
ITEM_10616,Fashion Product 617,Footwear,Levi's,210.0,4.4,CUST_1454
ITEM_10617,Fashion Product 618,Tops,Mango,93.48,4.3,CUST_1234
ITEM_10618,Fashion Product 619,Footwear,Gucci,18.22,4.3,CUST_1266
ITEM_10619,Fashion Product 620,Dresses,Levi's,75.83,4.3,CUST_1346
ITEM_10620,Fashion Product 621,Outerwear,Uniqlo,247.59,3.4,CUST_1314
ITEM_10621,Fashion Product 622,Footwear,Zara,172.4,3.6,CUST_1499
ITEM_10622,Fashion Product 623,Outerwear,Gucci,226.21,3.2,CUST_1365
ITEM_10623,Fashion Product 624,Tops,H&M,195.97,2.9,CUST_1218
ITEM_10624,Fashion Product 625,Outerwear,Zara,139.53,3.6,CUST_1211
ITEM_10625,Fashion Product 626,Outerwear,Puma,45.69,4.7,CUST_1099
ITEM_10626,Fashion Product 627,Bottoms,Levi's,93.67,4.1,CUST_1109
ITEM_10627,Fashion Product 628,Bottoms,Levi's,150.1,2.6,CUST_1388
ITEM_10628,Fashion Product 629,Accessories,Nike,218.95,4.5,CUST_1345
ITEM_10629,Fashion Product 630,Bottoms,Mango,74.48,4.8,CUST_1253
ITEM_10630,Fashion Product 631,Outerwear,Puma,39.09,4.6,CUST_1392
ITEM_10631,Fashion Product 632,Dresses,Levi's,144.12,4.3,CUST_1012
ITEM_10632,Fashion Product 633,Outerwear,H&M,52.36,2.9,CUST_1118
ITEM_10633,Fashion Product 634,Dresses,Gucci,156.49,3.4,CUST_1088
ITEM_10634,Fashion Product 635,Dresses,Puma,73.25,3.9,CUST_1344
ITEM_10635,Fashion Product 636,Bottoms,Uniqlo,65.43,2.7,CUST_1209
ITEM_10636,Fashion Product 637,Footwear,H&M,105.8,2.8,CUST_1409
ITEM_10637,Fashion Product 638,Tops,Gucci,152.37,4.8,CUST_1481
ITEM_10638,Fashion Product 639,Bottoms,Adidas,140.88,4.3,CUST_1411
ITEM_10639,Fashion Product 640,Bottoms,Mango,68.74,3.2,CUST_1130
ITEM_10640,Fashion Product 641,Footwear,Puma,223.87,3.3,CUST_1329
ITEM_10641,Fashion Product 642,Tops,Zara,36.37,3.5,CUST_1183
ITEM_10642,Fashion Product 643,Outerwear,Gucci,19.47,2.7,CUST_1442
ITEM_10643,Fashion Product 644,Accessories,Uniqlo,154.65,4.3,CUST_1417
ITEM_10644,Fashion Product 645,Accessories,Levi's,39.62,2.9,CUST_1083
ITEM_10645,Fashion Product 646,Outerwear,Zara,131.17,4.5,CUST_1254
ITEM_10646,Fashion Product 647,Bottoms,H&M,238.43,4.6,CUST_1433
ITEM_10647,Fashion Product 648,Tops,Mango,177.66,4.1,CUST_1005
ITEM_10648,Fashion Product 649,Bottoms,Zara,158.19,4.4,CUST_1303
ITEM_10649,Fashion Product 650,Dresses,Uniqlo,147.95,2.9,CUST_1468
ITEM_10650,Fashion Product 651,Bottoms,Gucci,53.09,3.9,CUST_1024
ITEM_10651,Fashion Product 652,Bottoms,Adidas,113.84,4.2,CUST_1121
ITEM_10652,Fashion Product 653,Outerwear,Levi's,92.21,4.2,CUST_1095
ITEM_10653,Fashion Product 654,Outerwear,Mango,238.74,2.8,CUST_1428
ITEM_10654,Fashion Product 655,Outerwear,Zara,68.16,3.4,CUST_1452
ITEM_10655,Fashion Product 656,Accessories,Mango,123.16,3.3,CUST_1224
ITEM_10656,Fashion Product 657,Dresses,Mango,235.14,3.9,CUST_1239
ITEM_10657,Fashion Product 658,Outerwear,Mango,199.4,4.4,CUST_1227
ITEM_10658,Fashion Product 659,Tops,Gucci,241.48,3.9,CUST_1142
ITEM_10659,Fashion Product 660,Accessories,Mango,156.0,4.4,CUST_1420
ITEM_10660,Fashion Product 661,Footwear,Adidas,90.11,2.7,CUST_1051
ITEM_10661,Fashion Product 662,Tops,H&M,208.4,4.7,CUST_1390
ITEM_10662,Fashion Product 663,Tops,Uniqlo,79.95,3.8,CUST_1145
ITEM_10663,Fashion Product 664,Outerwear,Adidas,49.55,2.6,CUST_1338
ITEM_10664,Fashion Product 665,Footwear,Uniqlo,179.51,4.1,CUST_1328
ITEM_10665,Fashion Product 666,Footwear,H&M,163.35,3.8,CUST_1307
ITEM_10666,Fashion Product 667,Accessories,Puma,220.95,3.1,CUST_1052
ITEM_10667,Fashion Product 668,Footwear,H&M,240.86,4.4,CUST_1012
ITEM_10668,Fashion Product 669,Dresses,Zara,215.73,4.8,CUST_1337
ITEM_10669,Fashion Product 670,Outerwear,Adidas,24.41,3.3,CUST_1095
ITEM_10670,Fashion Product 671,Footwear,Zara,169.48,3.7,CUST_1371
ITEM_10671,Fashion Product 672,Accessories,Zara,198.34,2.8,CUST_1129
ITEM_10672,Fashion Product 673,Dresses,Zara,245.66,4.8,CUST_1011
ITEM_10673,Fashion Product 674,Bottoms,Mango,99.92,3.3,CUST_1490
ITEM_10674,Fashion Product 675,Bottoms,Levi's,50.77,3.0,CUST_1272
ITEM_10675,Fashion Product 676,Dresses,Zara,214.7,3.7,CUST_1357
ITEM_10676,Fashion Product 677,Accessories,Adidas,86.19,2.6,CUST_1369
ITEM_10677,Fashion Product 678,Dresses,Levi's,153.57,3.1,CUST_1092
ITEM_10678,Fashion Product 679,Outerwear,Levi's,103.57,2.7,CUST_1009
ITEM_10679,Fashion Product 680,Outerwear,Zara,106.56,2.8,CUST_1375
ITEM_10680,Fashion Product 681,Bottoms,Gucci,185.79,2.8,CUST_1123
ITEM_10681,Fashion Product 682,Footwear,Zara,96.75,4.7,CUST_1264
ITEM_10682,Fashion Product 683,Accessories,Gucci,176.34,4.8,CUST_1281
ITEM_10683,Fashion Product 684,Bottoms,Zara,13.44,3.7,CUST_1458
ITEM_10684,Fashion Product 685,Footwear,Adidas,87.92,4.1,CUST_1424
ITEM_10685,Fashion Product 686,Footwear,Gucci,86.57,4.2,CUST_1451
ITEM_10686,Fashion Product 687,Outerwear,Mango,189.72,3.5,CUST_1119
ITEM_10687,Fashion Product 688,Tops,Levi's,85.49,3.4,CUST_1407
ITEM_10688,Fashion Product 689,Tops,Zara,162.0,4.2,CUST_1190
ITEM_10689,Fashion Product 690,Dresses,Levi's,175.25,3.4,CUST_1279
ITEM_10690,Fashion Product 691,Outerwear,Zara,168.02,4.0,CUST_1300
ITEM_10691,Fashion Product 692,Footwear,Nike,154.79,3.8,CUST_1056
ITEM_10692,Fashion Product 693,Accessories,Zara,109.27,3.8,CUST_1196
ITEM_10693,Fashion Product 694,Tops,Nike,99.59,4.6,CUST_1379
ITEM_10694,Fashion Product 695,Footwear,H&M,145.5,4.3,CUST_1498
ITEM_10695,Fashion Product 696,Tops,H&M,25.29,4.9,CUST_1023
ITEM_10696,Fashion Product 697,Tops,Levi's,220.2,4.5,CUST_1265
ITEM_10697,Fashion Product 698,Tops,Gucci,208.08,2.9,CUST_1245
ITEM_10698,Fashion Product 699,Accessories,Zara,93.13,4.3,CUST_1260
ITEM_10699,Fashion Product 700,Outerwear,Uniqlo,146.04,4.2,CUST_1418
ITEM_10700,Fashion Product 701,Accessories,Zara,233.73,4.1,CUST_1231
ITEM_10701,Fashion Product 702,Bottoms,Zara,75.19,3.7,CUST_1210
ITEM_10702,Fashion Product 703,Footwear,Uniqlo,188.19,2.7,CUST_1162
ITEM_10703,Fashion Product 704,Outerwear,H&M,29.86,4.9,CUST_1377
ITEM_10704,Fashion Product 705,Outerwear,Nike,135.61,4.6,CUST_1354
ITEM_10705,Fashion Product 706,Outerwear,Levi's,222.15,3.7,CUST_1170
ITEM_10706,Fashion Product 707,Outerwear,H&M,142.41,2.9,CUST_1387
ITEM_10707,Fashion Product 708,Accessories,Uniqlo,157.9,4.6,CUST_1339
ITEM_10708,Fashion Product 709,Outerwear,Zara,227.83,3.6,CUST_1290
ITEM_10709,Fashion Product 710,Dresses,H&M,181.69,3.5,CUST_1474
ITEM_10710,Fashion Product 711,Footwear,Adidas,177.01,4.2,CUST_1227
ITEM_10711,Fashion Product 712,Outerwear,Zara,150.73,4.4,CUST_1361
ITEM_10712,Fashion Product 713,Footwear,Puma,161.92,2.7,CUST_1363
ITEM_10713,Fashion Product 714,Dresses,Uniqlo,202.89,4.4,CUST_1479
ITEM_10714,Fashion Product 715,Dresses,Mango,245.02,4.3,CUST_1043
ITEM_10715,Fashion Product 716,Footwear,Gucci,200.88,4.0,CUST_1475
ITEM_10716,Fashion Product 717,Tops,Mango,179.81,3.3,CUST_1195
ITEM_10717,Fashion Product 718,Bottoms,H&M,42.53,2.9,CUST_1421
ITEM_10718,Fashion Product 719,Tops,Zara,206.1,2.8,CUST_1012
ITEM_10719,Fashion Product 720,Tops,Gucci,186.64,2.5,CUST_1495
ITEM_10720,Fashion Product 721,Accessories,Gucci,194.9,3.0,CUST_1471
ITEM_10721,Fashion Product 722,Tops,Levi's,65.46,3.5,CUST_1465
ITEM_10722,Fashion Product 723,Outerwear,Mango,226.83,3.1,CUST_1272
ITEM_10723,Fashion Product 724,Accessories,Zara,33.35,3.3,CUST_1062
ITEM_10724,Fashion Product 725,Accessories,Levi's,70.87,3.5,CUST_1017
ITEM_10725,Fashion Product 726,Dresses,Nike,169.13,3.3,CUST_1271
ITEM_10726,Fashion Product 727,Tops,Mango,171.69,4.3,CUST_1026
ITEM_10727,Fashion Product 728,Dresses,Levi's,85.2,3.7,CUST_1045
ITEM_10728,Fashion Product 729,Footwear,Nike,178.36,2.5,CUST_1386
ITEM_10729,Fashion Product 730,Bottoms,Adidas,103.1,3.1,CUST_1145
ITEM_10730,Fashion Product 731,Accessories,Adidas,10.04,4.3,CUST_1065
ITEM_10731,Fashion Product 732,Footwear,Puma,49.03,3.3,CUST_1350
ITEM_10732,Fashion Product 733,Footwear,Uniqlo,221.83,4.8,CUST_1480
ITEM_10733,Fashion Product 734,Outerwear,Uniqlo,63.45,4.3,CUST_1286
ITEM_10734,Fashion Product 735,Bottoms,Puma,37.1,3.2,CUST_1490
ITEM_10735,Fashion Product 736,Footwear,Levi's,173.73,3.8,CUST_1068
ITEM_10736,Fashion Product 737,Footwear,Uniqlo,115.77,4.2,CUST_1362
ITEM_10737,Fashion Product 738,Bottoms,Uniqlo,201.18,3.0,CUST_1300
ITEM_10738,Fashion Product 739,Bottoms,Mango,216.75,3.1,CUST_1096
ITEM_10739,Fashion Product 740,Footwear,Mango,213.04,3.8,CUST_1060
ITEM_10740,Fashion Product 741,Bottoms,Puma,85.12,4.8,CUST_1483
ITEM_10741,Fashion Product 742,Footwear,Zara,131.33,3.4,CUST_1257
ITEM_10742,Fashion Product 743,Footwear,Nike,166.03,3.5,CUST_1019
ITEM_10743,Fashion Product 744,Outerwear,Levi's,87.28,3.0,CUST_1033
ITEM_10744,Fashion Product 745,Tops,Mango,19.86,4.0,CUST_1467
ITEM_10745,Fashion Product 746,Footwear,Mango,128.96,4.4,CUST_1420
ITEM_10746,Fashion Product 747,Dresses,Adidas,13.08,3.6,CUST_1091
ITEM_10747,Fashion Product 748,Accessories,Nike,238.15,4.4,CUST_1461
ITEM_10748,Fashion Product 749,Tops,Adidas,201.2,3.3,CUST_1475
ITEM_10749,Fashion Product 750,Tops,Zara,56.08,4.3,CUST_1238
ITEM_10750,Fashion Product 751,Tops,Nike,79.02,3.1,CUST_1462
ITEM_10751,Fashion Product 752,Outerwear,Uniqlo,245.88,4.5,CUST_1024
ITEM_10752,Fashion Product 753,Footwear,Adidas,99.65,4.6,CUST_1227
ITEM_10753,Fashion Product 754,Outerwear,Levi's,198.09,4.5,CUST_1339
ITEM_10754,Fashion Product 755,Footwear,Uniqlo,117.24,3.0,CUST_1381
ITEM_10755,Fashion Product 756,Outerwear,Nike,217.38,4.2,CUST_1409
ITEM_10756,Fashion Product 757,Outerwear,Zara,178.9,3.8,CUST_1395
ITEM_10757,Fashion Product 758,Accessories,Mango,15.5,5.0,CUST_1265
ITEM_10758,Fashion Product 759,Dresses,Puma,80.65,3.4,CUST_1006
ITEM_10759,Fashion Product 760,Outerwear,Gucci,143.92,4.4,CUST_1058
ITEM_10760,Fashion Product 761,Accessories,Zara,232.28,3.4,CUST_1100
ITEM_10761,Fashion Product 762,Bottoms,Uniqlo,34.49,3.5,CUST_1122
ITEM_10762,Fashion Product 763,Dresses,Adidas,154.28,2.8,CUST_1357
ITEM_10763,Fashion Product 764,Outerwear,H&M,82.52,3.1,CUST_1157
ITEM_10764,Fashion Product 765,Tops,Zara,223.44,2.9,CUST_1201
ITEM_10765,Fashion Product 766,Bottoms,Gucci,193.64,2.9,CUST_1225
ITEM_10766,Fashion Product 767,Bottoms,Mango,98.73,2.5,CUST_1471
ITEM_10767,Fashion Product 768,Accessories,Adidas,50.1,4.5,CUST_1463
ITEM_10768,Fashion Product 769,Bottoms,Levi's,12.76,3.7,CUST_1267
ITEM_10769,Fashion Product 770,Dresses,H&M,159.07,4.5,CUST_1151
ITEM_10770,Fashion Product 771,Outerwear,Gucci,107.47,4.0,CUST_1410
ITEM_10771,Fashion Product 772,Outerwear,Levi's,85.54,4.6,CUST_1257
ITEM_10772,Fashion Product 773,Tops,Zara,246.52,3.8,CUST_1478
ITEM_10773,Fashion Product 774,Accessories,Puma,121.87,2.7,CUST_1081
ITEM_10774,Fashion Product 775,Tops,Gucci,189.96,4.0,CUST_1431
ITEM_10775,Fashion Product 776,Bottoms,Nike,52.58,4.2,CUST_1366
ITEM_10776,Fashion Product 777,Tops,Uniqlo,13.23,4.1,CUST_1425
ITEM_10777,Fashion Product 778,Dresses,Nike,110.22,4.5,CUST_1407
ITEM_10778,Fashion Product 779,Outerwear,Puma,169.76,4.3,CUST_1100
ITEM_10779,Fashion Product 780,Bottoms,Levi's,131.58,3.6,CUST_1105
ITEM_10780,Fashion Product 781,Tops,Nike,223.71,4.5,CUST_1252
ITEM_10781,Fashion Product 782,Accessories,Mango,114.16,4.2,CUST_1133
ITEM_10782,Fashion Product 783,Dresses,Gucci,84.64,2.8,CUST_1099
ITEM_10783,Fashion Product 784,Dresses,Mango,229.85,3.8,CUST_1178
ITEM_10784,Fashion Product 785,Tops,H&M,107.63,4.3,CUST_1265
ITEM_10785,Fashion Product 786,Outerwear,Puma,74.72,3.9,CUST_1132
ITEM_10786,Fashion Product 787,Tops,H&M,33.44,4.9,CUST_1199
ITEM_10787,Fashion Product 788,Bottoms,H&M,200.39,2.8,CUST_1193
ITEM_10788,Fashion Product 789,Tops,H&M,208.02,4.3,CUST_1208
ITEM_10789,Fashion Product 790,Dresses,Zara,17.99,4.6,CUST_1057
ITEM_10790,Fashion Product 791,Tops,Zara,96.07,4.3,CUST_1380
ITEM_10791,Fashion Product 792,Outerwear,Puma,189.97,3.5,CUST_1409
ITEM_10792,Fashion Product 793,Accessories,Adidas,237.13,3.5,CUST_1442
ITEM_10793,Fashion Product 794,Footwear,Nike,100.68,4.0,CUST_1262
ITEM_10794,Fashion Product 795,Tops,Zara,219.29,3.5,CUST_1230
ITEM_10795,Fashion Product 796,Outerwear,Mango,104.49,4.7,CUST_1142
ITEM_10796,Fashion Product 797,Outerwear,Zara,53.08,2.8,CUST_1063
ITEM_10797,Fashion Product 798,Accessories,Levi's,10.83,4.1,CUST_1118
ITEM_10798,Fashion Product 799,Dresses,H&M,89.24,2.8,CUST_1485
ITEM_10799,Fashion Product 800,Outerwear,Zara,100.83,3.9,CUST_1459
ITEM_10800,Fashion Product 801,Outerwear,Puma,236.83,4.3,CUST_1321
ITEM_10801,Fashion Product 802,Outerwear,Mango,59.46,2.9,CUST_1308
ITEM_10802,Fashion Product 803,Outerwear,Mango,101.74,4.3,CUST_1490
ITEM_10803,Fashion Product 804,Bottoms,Adidas,16.04,2.8,CUST_1321
ITEM_10804,Fashion Product 805,Bottoms,Uniqlo,193.25,4.1,CUST_1245
ITEM_10805,Fashion Product 806,Dresses,Uniqlo,229.63,3.8,CUST_1381
ITEM_10806,Fashion Product 807,Tops,Nike,67.08,3.2,CUST_1356
ITEM_10807,Fashion Product 808,Outerwear,Gucci,112.96,2.8,CUST_1136
ITEM_10808,Fashion Product 809,Accessories,Puma,39.31,4.3,CUST_1096
ITEM_10809,Fashion Product 810,Tops,Levi's,119.64,3.5,CUST_1225
ITEM_10810,Fashion Product 811,Accessories,Zara,42.0,2.7,CUST_1008
ITEM_10811,Fashion Product 812,Tops,Puma,135.6,4.4,CUST_1014
ITEM_10812,Fashion Product 813,Dresses,Uniqlo,186.31,3.1,CUST_1024
ITEM_10813,Fashion Product 814,Outerwear,Puma,142.8,4.3,CUST_1192
ITEM_10814,Fashion Product 815,Outerwear,Zara,68.85,3.9,CUST_1241
ITEM_10815,Fashion Product 816,Footwear,Adidas,94.91,3.0,CUST_1489
ITEM_10816,Fashion Product 817,Accessories,Nike,163.26,2.7,CUST_1349
ITEM_10817,Fashion Product 818,Tops,Adidas,151.54,4.0,CUST_1025
ITEM_10818,Fashion Product 819,Tops,Uniqlo,42.83,2.6,CUST_1390
ITEM_10819,Fashion Product 820,Bottoms,H&M,212.79,2.7,CUST_1129
ITEM_10820,Fashion Product 821,Footwear,Uniqlo,124.05,4.3,CUST_1087
ITEM_10821,Fashion Product 822,Bottoms,Nike,48.97,3.8,CUST_1233
ITEM_10822,Fashion Product 823,Bottoms,Zara,39.48,3.3,CUST_1289
ITEM_10823,Fashion Product 824,Bottoms,Gucci,241.73,3.8,CUST_1398
ITEM_10824,Fashion Product 825,Accessories,Adidas,77.57,4.0,CUST_1447
ITEM_10825,Fashion Product 826,Accessories,Uniqlo,228.06,3.9,CUST_1056
ITEM_10826,Fashion Product 827,Dresses,Adidas,108.54,4.1,CUST_1190
ITEM_10827,Fashion Product 828,Dresses,Uniqlo,102.62,4.9,CUST_1028
ITEM_10828,Fashion Product 829,Bottoms,Nike,178.22,3.5,CUST_1029
ITEM_10829,Fashion Product 830,Footwear,Adidas,12.37,3.3,CUST_1491
ITEM_10830,Fashion Product 831,Tops,Uniqlo,91.14,2.6,CUST_1488
ITEM_10831,Fashion Product 832,Accessories,Zara,82.63,2.9,CUST_1279
ITEM_10832,Fashion Product 833,Footwear,Nike,218.34,2.8,CUST_1172
ITEM_10833,Fashion Product 834,Outerwear,Gucci,136.99,3.3,CUST_1038
ITEM_10834,Fashion Product 835,Accessories,Puma,97.5,4.0,CUST_1433
ITEM_10835,Fashion Product 836,Accessories,H&M,73.86,2.6,CUST_1299
ITEM_10836,Fashion Product 837,Dresses,Zara,151.72,4.3,CUST_1266
ITEM_10837,Fashion Product 838,Tops,Nike,46.4,3.5,CUST_1027
ITEM_10838,Fashion Product 839,Tops,Adidas,69.09,4.9,CUST_1136
ITEM_10839,Fashion Product 840,Outerwear,Zara,80.47,3.9,CUST_1236
ITEM_10840,Fashion Product 841,Outerwear,Nike,155.9,4.4,CUST_1245
ITEM_10841,Fashion Product 842,Accessories,Nike,99.58,4.7,CUST_1452
ITEM_10842,Fashion Product 843,Bottoms,Adidas,131.39,4.7,CUST_1469
ITEM_10843,Fashion Product 844,Dresses,Nike,166.11,3.8,CUST_1085
ITEM_10844,Fashion Product 845,Dresses,Levi's,239.51,3.5,CUST_1414
ITEM_10845,Fashion Product 846,Accessories,Zara,193.56,3.9,CUST_1013
ITEM_10846,Fashion Product 847,Footwear,Uniqlo,107.26,3.5,CUST_1058
ITEM_10847,Fashion Product 848,Bottoms,Uniqlo,189.59,3.1,CUST_1259
ITEM_10848,Fashion Product 849,Accessories,Zara,237.93,3.3,CUST_1468
ITEM_10849,Fashion Product 850,Bottoms,H&M,129.85,3.1,CUST_1100
ITEM_10850,Fashion Product 851,Bottoms,Zara,108.52,3.2,CUST_1104
ITEM_10851,Fashion Product 852,Bottoms,Mango,28.72,2.7,CUST_1261
ITEM_10852,Fashion Product 853,Accessories,Nike,224.17,3.6,CUST_1278
ITEM_10853,Fashion Product 854,Dresses,Puma,69.14,3.1,CUST_1442
ITEM_10854,Fashion Product 855,Dresses,Adidas,25.35,3.6,CUST_1066
ITEM_10855,Fashion Product 856,Bottoms,Levi's,138.93,4.5,CUST_1089
ITEM_10856,Fashion Product 857,Footwear,Puma,213.02,3.6,CUST_1296
ITEM_10857,Fashion Product 858,Tops,Uniqlo,107.59,4.9,CUST_1088
ITEM_10858,Fashion Product 859,Accessories,Adidas,197.94,2.9,CUST_1378
ITEM_10859,Fashion Product 860,Tops,Adidas,210.74,4.6,CUST_1005
ITEM_10860,Fashion Product 861,Footwear,Adidas,119.06,3.1,CUST_1144
ITEM_10861,Fashion Product 862,Accessories,Levi's,151.83,4.8,CUST_1117
ITEM_10862,Fashion Product 863,Bottoms,Nike,138.14,3.1,CUST_1271
ITEM_10863,Fashion Product 864,Dresses,Mango,235.41,4.4,CUST_1499
ITEM_10864,Fashion Product 865,Tops,Gucci,184.12,2.7,CUST_1205
ITEM_10865,Fashion Product 866,Outerwear,Levi's,232.08,4.1,CUST_1075
ITEM_10866,Fashion Product 867,Outerwear,Puma,62.8,3.0,CUST_1080
ITEM_10867,Fashion Product 868,Footwear,Nike,84.46,4.2,CUST_1018
ITEM_10868,Fashion Product 869,Bottoms,Zara,27.02,4.1,CUST_1217
ITEM_10869,Fashion Product 870,Tops,Uniqlo,129.98,4.8,CUST_1431
ITEM_10870,Fashion Product 871,Bottoms,Mango,219.74,4.1,CUST_1102
ITEM_10871,Fashion Product 872,Tops,Nike,88.44,3.5,CUST_1488
ITEM_10872,Fashion Product 873,Footwear,Zara,40.79,3.0,CUST_1132
ITEM_10873,Fashion Product 874,Footwear,Mango,26.43,4.1,CUST_1309
ITEM_10874,Fashion Product 875,Outerwear,Zara,117.4,2.8,CUST_1058
ITEM_10875,Fashion Product 876,Bottoms,Levi's,49.37,4.6,CUST_1112
ITEM_10876,Fashion Product 877,Accessories,Zara,93.06,3.1,CUST_1085
ITEM_10877,Fashion Product 878,Outerwear,Mango,206.8,3.8,CUST_1331
ITEM_10878,Fashion Product 879,Bottoms,Zara,102.17,4.0,CUST_1314
ITEM_10879,Fashion Product 880,Outerwear,Puma,156.37,3.4,CUST_1116
ITEM_10880,Fashion Product 881,Accessories,Nike,130.52,4.2,CUST_1315
ITEM_10881,Fashion Product 882,Dresses,Mango,182.45,3.1,CUST_1162
ITEM_10882,Fashion Product 883,Dresses,Puma,47.48,2.6,CUST_1286
ITEM_10883,Fashion Product 884,Dresses,Zara,230.91,4.9,CUST_1438
ITEM_10884,Fashion Product 885,Dresses,Zara,164.47,3.3,CUST_1324
ITEM_10885,Fashion Product 886,Tops,Adidas,75.03,4.3,CUST_1206
ITEM_10886,Fashion Product 887,Dresses,Mango,39.58,3.8,CUST_1331
ITEM_10887,Fashion Product 888,Accessories,Levi's,45.93,4.2,CUST_1068
ITEM_10888,Fashion Product 889,Footwear,Zara,197.84,2.8,CUST_1410
ITEM_10889,Fashion Product 890,Footwear,Uniqlo,151.15,3.8,CUST_1387
ITEM_10890,Fashion Product 891,Tops,Gucci,101.38,3.5,CUST_1248
ITEM_10891,Fashion Product 892,Dresses,Levi's,89.9,3.6,CUST_1057
ITEM_10892,Fashion Product 893,Dresses,Nike,215.38,4.9,CUST_1165
ITEM_10893,Fashion Product 894,Dresses,H&M,219.94,2.8,CUST_1166
ITEM_10894,Fashion Product 895,Outerwear,Uniqlo,149.5,4.4,CUST_1297
ITEM_10895,Fashion Product 896,Bottoms,H&M,135.89,3.3,CUST_1004
ITEM_10896,Fashion Product 897,Outerwear,Zara,205.95,3.2,CUST_1410
ITEM_10897,Fashion Product 898,Bottoms,Nike,189.84,3.2,CUST_1295
ITEM_10898,Fashion Product 899,Dresses,Puma,106.08,3.4,CUST_1365
ITEM_10899,Fashion Product 900,Dresses,Zara,29.86,3.4,CUST_1106
ITEM_10900,Fashion Product 901,Outerwear,H&M,194.44,3.2,CUST_1108
ITEM_10901,Fashion Product 902,Outerwear,Zara,50.49,4.2,CUST_1170
ITEM_10902,Fashion Product 903,Bottoms,Gucci,13.93,2.6,CUST_1267
ITEM_10903,Fashion Product 904,Footwear,Adidas,212.39,3.3,CUST_1267
ITEM_10904,Fashion Product 905,Bottoms,Gucci,148.78,3.2,CUST_1054
ITEM_10905,Fashion Product 906,Outerwear,Nike,224.0,4.4,CUST_1486
ITEM_10906,Fashion Product 907,Accessories,Puma,126.3,2.9,CUST_1166
ITEM_10907,Fashion Product 908,Outerwear,Gucci,232.36,4.9,CUST_1254
ITEM_10908,Fashion Product 909,Accessories,Mango,94.95,2.9,CUST_1276
ITEM_10909,Fashion Product 910,Tops,Puma,183.89,3.4,CUST_1154
ITEM_10910,Fashion Product 911,Outerwear,H&M,82.24,3.0,CUST_1128
ITEM_10911,Fashion Product 912,Tops,Gucci,10.28,3.2,CUST_1486
ITEM_10912,Fashion Product 913,Footwear,Adidas,101.14,4.4,CUST_1076
ITEM_10913,Fashion Product 914,Bottoms,Puma,187.06,3.7,CUST_1375
ITEM_10914,Fashion Product 915,Accessories,Zara,46.01,2.9,CUST_1221
ITEM_10915,Fashion Product 916,Bottoms,Adidas,131.15,2.6,CUST_1270
ITEM_10916,Fashion Product 917,Tops,Zara,60.96,3.1,CUST_1434
ITEM_10917,Fashion Product 918,Accessories,Gucci,27.91,4.9,CUST_1123
ITEM_10918,Fashion Product 919,Bottoms,Uniqlo,158.19,4.6,CUST_1025
ITEM_10919,Fashion Product 920,Outerwear,Uniqlo,238.47,3.6,CUST_1439
ITEM_10920,Fashion Product 921,Dresses,H&M,84.57,3.7,CUST_1435
ITEM_10921,Fashion Product 922,Tops,Adidas,149.35,4.7,CUST_1106
ITEM_10922,Fashion Product 923,Bottoms,Zara,238.86,4.0,CUST_1106
ITEM_10923,Fashion Product 924,Tops,Levi's,166.12,4.7,CUST_1103
ITEM_10924,Fashion Product 925,Tops,Adidas,171.55,3.7,CUST_1474
ITEM_10925,Fashion Product 926,Accessories,Mango,52.94,3.0,CUST_1266
ITEM_10926,Fashion Product 927,Accessories,H&M,128.23,4.3,CUST_1014
ITEM_10927,Fashion Product 928,Dresses,Zara,98.1,3.8,CUST_1133
ITEM_10928,Fashion Product 929,Outerwear,Uniqlo,123.03,4.2,CUST_1441
ITEM_10929,Fashion Product 930,Tops,Puma,202.2,2.9,CUST_1022
ITEM_10930,Fashion Product 931,Bottoms,Mango,120.57,4.1,CUST_1075
ITEM_10931,Fashion Product 932,Footwear,Zara,25.08,3.5,CUST_1285
ITEM_10932,Fashion Product 933,Tops,Zara,227.33,3.3,CUST_1391
ITEM_10933,Fashion Product 934,Tops,Gucci,140.76,4.2,CUST_1244
ITEM_10934,Fashion Product 935,Dresses,Uniqlo,231.88,4.0,CUST_1256
ITEM_10935,Fashion Product 936,Outerwear,Adidas,147.37,4.1,CUST_1146
ITEM_10936,Fashion Product 937,Footwear,Puma,26.71,4.9,CUST_1415
ITEM_10937,Fashion Product 938,Accessories,Gucci,142.69,4.3,CUST_1427
ITEM_10938,Fashion Product 939,Accessories,Puma,148.18,4.1,CUST_1212
ITEM_10939,Fashion Product 940,Bottoms,H&M,61.44,4.0,CUST_1249
ITEM_10940,Fashion Product 941,Footwear,Uniqlo,123.05,3.5,CUST_1035
ITEM_10941,Fashion Product 942,Accessories,Zara,120.27,4.6,CUST_1327
ITEM_10942,Fashion Product 943,Bottoms,Levi's,159.49,3.5,CUST_1253
ITEM_10943,Fashion Product 944,Outerwear,Nike,72.31,4.3,CUST_1350
ITEM_10944,Fashion Product 945,Bottoms,Nike,149.62,3.2,CUST_1260
ITEM_10945,Fashion Product 946,Accessories,Levi's,67.83,2.9,CUST_1307
ITEM_10946,Fashion Product 947,Dresses,Nike,117.15,2.8,CUST_1350
ITEM_10947,Fashion Product 948,Dresses,Gucci,39.45,4.1,CUST_1286
ITEM_10948,Fashion Product 949,Dresses,H&M,18.95,3.3,CUST_1350
ITEM_10949,Fashion Product 950,Accessories,Nike,86.94,3.2,CUST_1181
ITEM_10950,Fashion Product 951,Dresses,H&M,75.9,4.0,CUST_1210
ITEM_10951,Fashion Product 952,Footwear,Zara,107.66,2.6,CUST_1491
ITEM_10952,Fashion Product 953,Outerwear,H&M,240.88,3.1,CUST_1110
ITEM_10953,Fashion Product 954,Bottoms,Gucci,135.34,3.4,CUST_1330
ITEM_10954,Fashion Product 955,Bottoms,Levi's,142.76,4.3,CUST_1142
ITEM_10955,Fashion Product 956,Accessories,H&M,235.98,3.9,CUST_1164
ITEM_10956,Fashion Product 957,Dresses,Puma,231.08,4.6,CUST_1087
ITEM_10957,Fashion Product 958,Dresses,Adidas,222.19,3.3,CUST_1140
ITEM_10958,Fashion Product 959,Tops,Nike,33.52,3.2,CUST_1332
ITEM_10959,Fashion Product 960,Outerwear,Levi's,162.23,2.6,CUST_1162
ITEM_10960,Fashion Product 961,Footwear,Mango,203.94,4.9,CUST_1026
ITEM_10961,Fashion Product 962,Bottoms,Zara,210.54,3.8,CUST_1134
ITEM_10962,Fashion Product 963,Tops,Adidas,148.7,3.8,CUST_1357
ITEM_10963,Fashion Product 964,Tops,Puma,14.2,4.8,CUST_1115
ITEM_10964,Fashion Product 965,Accessories,Uniqlo,243.69,3.2,CUST_1181
ITEM_10965,Fashion Product 966,Bottoms,Gucci,123.33,3.3,CUST_1399
ITEM_10966,Fashion Product 967,Accessories,Adidas,104.46,4.1,CUST_1362
ITEM_10967,Fashion Product 968,Footwear,Levi's,104.79,4.5,CUST_1359
ITEM_10968,Fashion Product 969,Tops,Levi's,111.8,4.2,CUST_1147
ITEM_10969,Fashion Product 970,Tops,Levi's,68.12,4.5,CUST_1360
ITEM_10970,Fashion Product 971,Outerwear,Zara,88.56,3.9,CUST_1431
ITEM_10971,Fashion Product 972,Footwear,H&M,246.49,4.7,CUST_1215
ITEM_10972,Fashion Product 973,Tops,Nike,98.36,3.9,CUST_1484
ITEM_10973,Fashion Product 974,Footwear,Uniqlo,136.41,3.1,CUST_1077
ITEM_10974,Fashion Product 975,Bottoms,Levi's,213.59,3.9,CUST_1095
ITEM_10975,Fashion Product 976,Dresses,Mango,136.58,4.3,CUST_1445
ITEM_10976,Fashion Product 977,Tops,Zara,87.87,4.1,CUST_1485
ITEM_10977,Fashion Product 978,Outerwear,Levi's,135.7,3.1,CUST_1218
ITEM_10978,Fashion Product 979,Bottoms,Mango,37.38,2.6,CUST_1363
ITEM_10979,Fashion Product 980,Footwear,Uniqlo,41.2,3.1,CUST_1368
ITEM_10980,Fashion Product 981,Accessories,Uniqlo,176.59,5.0,CUST_1052
ITEM_10981,Fashion Product 982,Bottoms,Nike,230.19,3.0,CUST_1274
ITEM_10982,Fashion Product 983,Tops,Puma,184.16,3.7,CUST_1444
ITEM_10983,Fashion Product 984,Footwear,Nike,27.91,4.1,CUST_1175
ITEM_10984,Fashion Product 985,Dresses,H&M,106.69,4.7,CUST_1313
ITEM_10985,Fashion Product 986,Bottoms,Gucci,10.61,4.4,CUST_1033
ITEM_10986,Fashion Product 987,Tops,Uniqlo,132.69,4.8,CUST_1360
ITEM_10987,Fashion Product 988,Outerwear,Gucci,56.37,4.0,CUST_1416
ITEM_10988,Fashion Product 989,Accessories,Zara,218.36,4.7,CUST_1132
ITEM_10989,Fashion Product 990,Footwear,Adidas,35.04,3.2,CUST_1425
ITEM_10990,Fashion Product 991,Bottoms,Levi's,10.34,3.6,CUST_1275
ITEM_10991,Fashion Product 992,Bottoms,Zara,118.28,4.6,CUST_1007
ITEM_10992,Fashion Product 993,Dresses,Uniqlo,47.3,3.3,CUST_1495
ITEM_10993,Fashion Product 994,Dresses,Mango,187.12,4.7,CUST_1227
ITEM_10994,Fashion Product 995,Outerwear,Gucci,230.78,3.4,CUST_1255
ITEM_10995,Fashion Product 996,Accessories,Nike,20.07,3.4,CUST_1282
ITEM_10996,Fashion Product 997,Outerwear,Adidas,104.94,3.3,CUST_1236
ITEM_10997,Fashion Product 998,Tops,Puma,249.24,3.9,CUST_1343
ITEM_10998,Fashion Product 999,Tops,Zara,185.84,2.8,CUST_1354
ITEM_10999,Fashion Product 1000,Outerwear,Puma,238.77,2.6,CUST_1435
ITEM_11000,Fashion Product 1001,Accessories,Gucci,49.38,4.7,CUST_1184
ITEM_11001,Fashion Product 1002,Outerwear,Gucci,63.13,4.8,CUST_1199
ITEM_11002,Fashion Product 1003,Accessories,Levi's,47.15,2.7,CUST_1203
ITEM_11003,Fashion Product 1004,Accessories,Mango,82.57,3.9,CUST_1435
ITEM_11004,Fashion Product 1005,Footwear,Mango,183.85,3.8,CUST_1136
ITEM_11005,Fashion Product 1006,Accessories,H&M,49.59,3.4,CUST_1397
ITEM_11006,Fashion Product 1007,Dresses,Nike,135.82,3.9,CUST_1288
ITEM_11007,Fashion Product 1008,Accessories,Uniqlo,74.61,3.6,CUST_1489
ITEM_11008,Fashion Product 1009,Accessories,Uniqlo,209.01,3.7,CUST_1290
ITEM_11009,Fashion Product 1010,Accessories,Gucci,11.58,4.4,CUST_1146
ITEM_11010,Fashion Product 1011,Tops,Zara,63.55,3.8,CUST_1207
ITEM_11011,Fashion Product 1012,Dresses,Uniqlo,155.26,3.3,CUST_1055
ITEM_11012,Fashion Product 1013,Dresses,Uniqlo,33.21,4.0,CUST_1299
ITEM_11013,Fashion Product 1014,Outerwear,Zara,121.91,4.1,CUST_1408
ITEM_11014,Fashion Product 1015,Footwear,Nike,114.69,4.2,CUST_1495
ITEM_11015,Fashion Product 1016,Accessories,Adidas,214.61,4.0,CUST_1405
ITEM_11016,Fashion Product 1017,Bottoms,Mango,160.1,4.2,CUST_1402
ITEM_11017,Fashion Product 1018,Footwear,Levi's,163.53,3.3,CUST_1398
ITEM_11018,Fashion Product 1019,Footwear,Levi's,238.43,3.6,CUST_1250
ITEM_11019,Fashion Product 1020,Dresses,Levi's,245.77,4.2,CUST_1437
ITEM_11020,Fashion Product 1021,Footwear,Zara,166.81,4.4,CUST_1275
ITEM_11021,Fashion Product 1022,Accessories,Levi's,135.28,3.6,CUST_1205
ITEM_11022,Fashion Product 1023,Accessories,Gucci,155.9,3.4,CUST_1313
ITEM_11023,Fashion Product 1024,Tops,H&M,101.79,4.3,CUST_1192
ITEM_11024,Fashion Product 1025,Accessories,Zara,246.99,3.1,CUST_1336
ITEM_11025,Fashion Product 1026,Accessories,Zara,179.21,2.5,CUST_1002
ITEM_11026,Fashion Product 1027,Dresses,Mango,79.84,3.7,CUST_1185
ITEM_11027,Fashion Product 1028,Accessories,Levi's,23.86,2.9,CUST_1162
ITEM_11028,Fashion Product 1029,Tops,Puma,20.73,3.4,CUST_1049
ITEM_11029,Fashion Product 1030,Bottoms,Adidas,59.18,3.2,CUST_1090
ITEM_11030,Fashion Product 1031,Dresses,H&M,65.9,4.4,CUST_1438
ITEM_11031,Fashion Product 1032,Bottoms,Zara,109.61,3.3,CUST_1251
ITEM_11032,Fashion Product 1033,Dresses,H&M,61.56,4.1,CUST_1022
ITEM_11033,Fashion Product 1034,Outerwear,Zara,161.42,4.2,CUST_1212
ITEM_11034,Fashion Product 1035,Footwear,Nike,60.7,3.6,CUST_1477
ITEM_11035,Fashion Product 1036,Outerwear,Mango,55.09,2.7,CUST_1466
ITEM_11036,Fashion Product 1037,Accessories,Gucci,123.1,4.3,CUST_1477
ITEM_11037,Fashion Product 1038,Bottoms,Nike,223.28,2.7,CUST_1234
ITEM_11038,Fashion Product 1039,Accessories,Levi's,122.39,2.7,CUST_1172
ITEM_11039,Fashion Product 1040,Footwear,Adidas,109.32,3.0,CUST_1091
ITEM_11040,Fashion Product 1041,Dresses,Puma,148.74,3.2,CUST_1163
ITEM_11041,Fashion Product 1042,Footwear,Gucci,71.73,4.6,CUST_1285
ITEM_11042,Fashion Product 1043,Tops,Nike,94.82,4.2,CUST_1006
ITEM_11043,Fashion Product 1044,Footwear,H&M,61.32,3.5,CUST_1244
ITEM_11044,Fashion Product 1045,Tops,H&M,147.23,4.9,CUST_1421
ITEM_11045,Fashion Product 1046,Footwear,Adidas,177.37,3.1,CUST_1379
ITEM_11046,Fashion Product 1047,Tops,Zara,171.69,4.0,CUST_1473
ITEM_11047,Fashion Product 1048,Bottoms,H&M,71.16,4.6,CUST_1341
ITEM_11048,Fashion Product 1049,Accessories,Levi's,197.12,4.5,CUST_1442
ITEM_11049,Fashion Product 1050,Accessories,Puma,71.43,2.7,CUST_1448
ITEM_11050,Fashion Product 1051,Outerwear,Mango,46.07,4.2,CUST_1159
ITEM_11051,Fashion Product 1052,Accessories,Levi's,93.95,3.1,CUST_1123
ITEM_11052,Fashion Product 1053,Dresses,Puma,153.46,3.4,CUST_1360
ITEM_11053,Fashion Product 1054,Footwear,Adidas,44.08,3.7,CUST_1434
ITEM_11054,Fashion Product 1055,Outerwear,Levi's,165.54,4.5,CUST_1464
ITEM_11055,Fashion Product 1056,Dresses,Mango,217.14,2.9,CUST_1188
ITEM_11056,Fashion Product 1057,Dresses,Mango,80.35,2.8,CUST_1014
ITEM_11057,Fashion Product 1058,Tops,Uniqlo,118.05,2.9,CUST_1070
ITEM_11058,Fashion Product 1059,Accessories,Zara,64.79,3.0,CUST_1139
ITEM_11059,Fashion Product 1060,Bottoms,Adidas,96.7,2.6,CUST_1411
ITEM_11060,Fashion Product 1061,Bottoms,Levi's,15.27,4.8,CUST_1358
ITEM_11061,Fashion Product 1062,Outerwear,Gucci,238.9,3.3,CUST_1325
ITEM_11062,Fashion Product 1063,Bottoms,Gucci,109.81,2.9,CUST_1079
ITEM_11063,Fashion Product 1064,Footwear,Adidas,199.33,4.1,CUST_1294
ITEM_11064,Fashion Product 1065,Bottoms,Levi's,44.23,4.5,CUST_1318
ITEM_11065,Fashion Product 1066,Outerwear,Nike,204.97,4.4,CUST_1437
ITEM_11066,Fashion Product 1067,Bottoms,Nike,216.44,4.3,CUST_1080
ITEM_11067,Fashion Product 1068,Footwear,Zara,181.71,2.6,CUST_1146
ITEM_11068,Fashion Product 1069,Tops,Levi's,226.77,4.5,CUST_1373
ITEM_11069,Fashion Product 1070,Outerwear,Mango,50.13,3.8,CUST_1225
ITEM_11070,Fashion Product 1071,Tops,H&M,124.36,4.1,CUST_1227
ITEM_11071,Fashion Product 1072,Tops,Gucci,158.83,4.9,CUST_1382
ITEM_11072,Fashion Product 1073,Tops,Levi's,153.09,4.5,CUST_1180
ITEM_11073,Fashion Product 1074,Dresses,Levi's,216.65,4.6,CUST_1024
ITEM_11074,Fashion Product 1075,Accessories,H&M,61.77,3.0,CUST_1099
ITEM_11075,Fashion Product 1076,Dresses,H&M,52.15,3.7,CUST_1391
ITEM_11076,Fashion Product 1077,Accessories,Puma,70.81,4.9,CUST_1270
ITEM_11077,Fashion Product 1078,Tops,Uniqlo,223.97,4.0,CUST_1434
ITEM_11078,Fashion Product 1079,Outerwear,Zara,235.85,2.8,CUST_1094
ITEM_11079,Fashion Product 1080,Accessories,Gucci,146.71,4.3,CUST_1280
ITEM_11080,Fashion Product 1081,Footwear,H&M,130.33,2.6,CUST_1463
ITEM_11081,Fashion Product 1082,Footwear,Nike,155.29,4.4,CUST_1269
ITEM_11082,Fashion Product 1083,Bottoms,Adidas,157.91,4.7,CUST_1147
ITEM_11083,Fashion Product 1084,Accessories,Nike,50.87,3.6,CUST_1285
ITEM_11084,Fashion Product 1085,Outerwear,Puma,174.74,3.5,CUST_1022
ITEM_11085,Fashion Product 1086,Dresses,Puma,118.56,3.3,CUST_1002
ITEM_11086,Fashion Product 1087,Tops,H&M,134.17,4.7,CUST_1103
ITEM_11087,Fashion Product 1088,Bottoms,Puma,17.28,3.9,CUST_1461
ITEM_11088,Fashion Product 1089,Footwear,Mango,193.49,3.9,CUST_1036
ITEM_11089,Fashion Product 1090,Dresses,Levi's,210.5,4.2,CUST_1294
ITEM_11090,Fashion Product 1091,Dresses,Levi's,158.66,3.3,CUST_1274
ITEM_11091,Fashion Product 1092,Tops,H&M,189.69,3.6,CUST_1051
ITEM_11092,Fashion Product 1093,Accessories,Puma,135.45,4.4,CUST_1143
ITEM_11093,Fashion Product 1094,Footwear,Adidas,158.4,5.0,CUST_1384
ITEM_11094,Fashion Product 1095,Outerwear,Mango,104.7,2.6,CUST_1483
ITEM_11095,Fashion Product 1096,Dresses,Zara,200.05,2.6,CUST_1436
ITEM_11096,Fashion Product 1097,Tops,Puma,122.39,3.6,CUST_1017
ITEM_11097,Fashion Product 1098,Outerwear,Mango,173.25,4.1,CUST_1368
ITEM_11098,Fashion Product 1099,Accessories,Uniqlo,159.14,3.5,CUST_1077
ITEM_11099,Fashion Product 1100,Footwear,Zara,178.56,5.0,CUST_1278
ITEM_11100,Fashion Product 1101,Accessories,Levi's,198.45,3.0,CUST_1123
ITEM_11101,Fashion Product 1102,Dresses,Uniqlo,133.05,2.5,CUST_1438
ITEM_11102,Fashion Product 1103,Outerwear,H&M,205.14,3.0,CUST_1436
ITEM_11103,Fashion Product 1104,Outerwear,Gucci,129.34,4.7,CUST_1488
ITEM_11104,Fashion Product 1105,Outerwear,H&M,239.59,2.9,CUST_1384
ITEM_11105,Fashion Product 1106,Dresses,Adidas,190.64,3.7,CUST_1469
ITEM_11106,Fashion Product 1107,Dresses,Mango,51.07,3.5,CUST_1346
ITEM_11107,Fashion Product 1108,Accessories,Gucci,209.1,4.2,CUST_1174
ITEM_11108,Fashion Product 1109,Bottoms,Zara,142.38,2.6,CUST_1132
ITEM_11109,Fashion Product 1110,Accessories,Zara,246.27,4.1,CUST_1263
ITEM_11110,Fashion Product 1111,Footwear,Uniqlo,182.52,3.4,CUST_1394
ITEM_11111,Fashion Product 1112,Tops,Adidas,30.25,4.8,CUST_1271
ITEM_11112,Fashion Product 1113,Outerwear,Levi's,104.79,4.6,CUST_1410
ITEM_11113,Fashion Product 1114,Bottoms,Puma,134.15,3.5,CUST_1208
ITEM_11114,Fashion Product 1115,Tops,Puma,211.36,5.0,CUST_1296
ITEM_11115,Fashion Product 1116,Bottoms,Gucci,185.04,2.6,CUST_1226
ITEM_11116,Fashion Product 1117,Accessories,Adidas,98.65,4.5,CUST_1189
ITEM_11117,Fashion Product 1118,Dresses,Adidas,166.82,3.6,CUST_1465
ITEM_11118,Fashion Product 1119,Outerwear,Zara,148.46,3.6,CUST_1358
ITEM_11119,Fashion Product 1120,Accessories,Levi's,40.25,2.9,CUST_1144
ITEM_11120,Fashion Product 1121,Tops,Mango,66.37,3.8,CUST_1354
ITEM_11121,Fashion Product 1122,Tops,Levi's,91.87,2.7,CUST_1251
ITEM_11122,Fashion Product 1123,Tops,Nike,56.92,4.0,CUST_1376
ITEM_11123,Fashion Product 1124,Tops,Adidas,46.03,3.1,CUST_1477
ITEM_11124,Fashion Product 1125,Tops,H&M,23.97,4.3,CUST_1245
ITEM_11125,Fashion Product 1126,Bottoms,Adidas,219.54,4.0,CUST_1018
ITEM_11126,Fashion Product 1127,Accessories,Gucci,79.35,4.4,CUST_1203
ITEM_11127,Fashion Product 1128,Outerwear,H&M,79.68,4.4,CUST_1204
ITEM_11128,Fashion Product 1129,Dresses,Gucci,59.49,3.0,CUST_1485
ITEM_11129,Fashion Product 1130,Dresses,Uniqlo,124.1,2.5,CUST_1002
ITEM_11130,Fashion Product 1131,Accessories,Zara,133.42,3.4,CUST_1438
ITEM_11131,Fashion Product 1132,Accessories,Adidas,59.99,4.8,CUST_1376
ITEM_11132,Fashion Product 1133,Dresses,Zara,156.06,3.9,CUST_1402
ITEM_11133,Fashion Product 1134,Dresses,Puma,183.52,4.3,CUST_1054
ITEM_11134,Fashion Product 1135,Bottoms,Gucci,99.72,4.7,CUST_1166
ITEM_11135,Fashion Product 1136,Footwear,Nike,150.51,4.8,CUST_1353
ITEM_11136,Fashion Product 1137,Outerwear,Nike,130.55,3.8,CUST_1329
ITEM_11137,Fashion Product 1138,Tops,Puma,56.93,3.9,CUST_1143
ITEM_11138,Fashion Product 1139,Footwear,Uniqlo,185.2,4.6,CUST_1448
ITEM_11139,Fashion Product 1140,Accessories,Nike,202.35,4.5,CUST_1092
ITEM_11140,Fashion Product 1141,Dresses,Gucci,165.71,4.2,CUST_1008
ITEM_11141,Fashion Product 1142,Footwear,Nike,87.74,4.0,CUST_1252
ITEM_11142,Fashion Product 1143,Outerwear,Puma,232.43,4.0,CUST_1430
ITEM_11143,Fashion Product 1144,Accessories,H&M,119.29,3.4,CUST_1100
ITEM_11144,Fashion Product 1145,Tops,Zara,73.81,4.6,CUST_1039
ITEM_11145,Fashion Product 1146,Tops,Mango,107.98,4.0,CUST_1436
ITEM_11146,Fashion Product 1147,Outerwear,Gucci,176.1,3.1,CUST_1136
ITEM_11147,Fashion Product 1148,Outerwear,Zara,213.02,3.1,CUST_1362
ITEM_11148,Fashion Product 1149,Dresses,Levi's,95.58,4.7,CUST_1434
ITEM_11149,Fashion Product 1150,Tops,Nike,65.83,4.1,CUST_1050
ITEM_11150,Fashion Product 1151,Accessories,Nike,160.36,3.5,CUST_1083
ITEM_11151,Fashion Product 1152,Footwear,Uniqlo,231.09,3.0,CUST_1254
ITEM_11152,Fashion Product 1153,Accessories,Zara,53.99,4.0,CUST_1196
ITEM_11153,Fashion Product 1154,Bottoms,Levi's,202.72,3.0,CUST_1027
ITEM_11154,Fashion Product 1155,Bottoms,Nike,124.39,3.7,CUST_1077
ITEM_11155,Fashion Product 1156,Outerwear,Uniqlo,201.88,4.2,CUST_1294
ITEM_11156,Fashion Product 1157,Dresses,Zara,131.33,3.9,CUST_1255
ITEM_11157,Fashion Product 1158,Bottoms,Uniqlo,100.56,4.8,CUST_1021
ITEM_11158,Fashion Product 1159,Tops,Zara,177.22,2.6,CUST_1218
ITEM_11159,Fashion Product 1160,Accessories,Adidas,226.15,3.2,CUST_1045
ITEM_11160,Fashion Product 1161,Accessories,Adidas,86.86,2.6,CUST_1442
ITEM_11161,Fashion Product 1162,Outerwear,Puma,120.58,3.0,CUST_1407
ITEM_11162,Fashion Product 1163,Footwear,Gucci,65.06,2.8,CUST_1182
ITEM_11163,Fashion Product 1164,Outerwear,Uniqlo,54.02,4.3,CUST_1286
ITEM_11164,Fashion Product 1165,Footwear,Puma,196.69,3.4,CUST_1479
ITEM_11165,Fashion Product 1166,Outerwear,Uniqlo,58.16,4.8,CUST_1351
ITEM_11166,Fashion Product 1167,Outerwear,Nike,200.4,2.6,CUST_1144
ITEM_11167,Fashion Product 1168,Outerwear,Mango,113.01,4.1,CUST_1052
ITEM_11168,Fashion Product 1169,Footwear,Uniqlo,248.81,4.9,CUST_1251
ITEM_11169,Fashion Product 1170,Footwear,Nike,57.36,2.9,CUST_1106
ITEM_11170,Fashion Product 1171,Outerwear,Levi's,32.31,3.6,CUST_1297
ITEM_11171,Fashion Product 1172,Bottoms,Adidas,28.1,4.3,CUST_1199
ITEM_11172,Fashion Product 1173,Dresses,Puma,210.5,4.1,CUST_1337
ITEM_11173,Fashion Product 1174,Dresses,Mango,115.07,3.9,CUST_1280
ITEM_11174,Fashion Product 1175,Dresses,Adidas,10.75,3.3,CUST_1148
ITEM_11175,Fashion Product 1176,Footwear,Puma,219.95,4.3,CUST_1103
ITEM_11176,Fashion Product 1177,Footwear,Mango,220.46,4.1,CUST_1411
ITEM_11177,Fashion Product 1178,Bottoms,H&M,203.54,2.9,CUST_1002
ITEM_11178,Fashion Product 1179,Dresses,Nike,69.6,4.9,CUST_1256
ITEM_11179,Fashion Product 1180,Dresses,H&M,99.46,3.9,CUST_1060
ITEM_11180,Fashion Product 1181,Outerwear,Nike,188.78,3.8,CUST_1307
ITEM_11181,Fashion Product 1182,Footwear,Zara,127.44,4.6,CUST_1385
ITEM_11182,Fashion Product 1183,Dresses,Gucci,46.92,4.1,CUST_1482
ITEM_11183,Fashion Product 1184,Accessories,Mango,68.27,2.7,CUST_1091
ITEM_11184,Fashion Product 1185,Bottoms,H&M,243.42,3.8,CUST_1101
ITEM_11185,Fashion Product 1186,Accessories,Gucci,46.24,4.5,CUST_1114
ITEM_11186,Fashion Product 1187,Accessories,Mango,184.26,4.2,CUST_1262
ITEM_11187,Fashion Product 1188,Bottoms,Puma,124.72,4.9,CUST_1422
ITEM_11188,Fashion Product 1189,Accessories,Zara,189.66,2.6,CUST_1054
ITEM_11189,Fashion Product 1190,Dresses,Puma,168.67,3.2,CUST_1188
ITEM_11190,Fashion Product 1191,Footwear,Nike,115.4,3.9,CUST_1027
ITEM_11191,Fashion Product 1192,Bottoms,Gucci,94.94,4.0,CUST_1240
ITEM_11192,Fashion Product 1193,Outerwear,Mango,191.05,3.2,CUST_1080
ITEM_11193,Fashion Product 1194,Accessories,Uniqlo,87.55,4.6,CUST_1190
ITEM_11194,Fashion Product 1195,Bottoms,Gucci,199.07,2.9,CUST_1319
ITEM_11195,Fashion Product 1196,Tops,Levi's,173.16,2.5,CUST_1355
ITEM_11196,Fashion Product 1197,Tops,H&M,148.64,4.9,CUST_1091
ITEM_11197,Fashion Product 1198,Footwear,Mango,98.51,3.5,CUST_1035
ITEM_11198,Fashion Product 1199,Dresses,Adidas,59.22,4.9,CUST_1058
ITEM_11199,Fashion Product 1200,Footwear,Adidas,180.5,3.2,CUST_1189
ITEM_11200,Fashion Product 1201,Footwear,Nike,31.92,2.7,CUST_1253
ITEM_11201,Fashion Product 1202,Footwear,Gucci,242.93,4.4,CUST_1036
ITEM_11202,Fashion Product 1203,Footwear,Gucci,244.9,4.6,CUST_1358
ITEM_11203,Fashion Product 1204,Outerwear,Adidas,41.25,3.7,CUST_1092
ITEM_11204,Fashion Product 1205,Outerwear,Gucci,34.94,2.7,CUST_1056
ITEM_11205,Fashion Product 1206,Bottoms,Gucci,109.05,4.1,CUST_1067
ITEM_11206,Fashion Product 1207,Tops,Nike,241.28,3.0,CUST_1313
ITEM_11207,Fashion Product 1208,Footwear,H&M,106.07,4.6,CUST_1169
ITEM_11208,Fashion Product 1209,Bottoms,Levi's,97.31,3.2,CUST_1287
ITEM_11209,Fashion Product 1210,Tops,H&M,178.86,4.6,CUST_1131
ITEM_11210,Fashion Product 1211,Accessories,Levi's,52.9,3.6,CUST_1166
ITEM_11211,Fashion Product 1212,Dresses,Uniqlo,97.2,4.0,CUST_1437
ITEM_11212,Fashion Product 1213,Outerwear,H&M,79.91,4.5,CUST_1052
ITEM_11213,Fashion Product 1214,Accessories,Zara,154.37,2.6,CUST_1152
ITEM_11214,Fashion Product 1215,Tops,Uniqlo,49.06,4.6,CUST_1410
ITEM_11215,Fashion Product 1216,Accessories,Levi's,141.69,2.8,CUST_1105
ITEM_11216,Fashion Product 1217,Dresses,Levi's,215.81,3.4,CUST_1367
ITEM_11217,Fashion Product 1218,Tops,Uniqlo,133.4,3.7,CUST_1092
ITEM_11218,Fashion Product 1219,Accessories,Levi's,174.04,4.7,CUST_1201
ITEM_11219,Fashion Product 1220,Outerwear,Mango,28.06,2.6,CUST_1293
ITEM_11220,Fashion Product 1221,Outerwear,Zara,117.76,3.9,CUST_1373
ITEM_11221,Fashion Product 1222,Bottoms,Mango,32.77,4.1,CUST_1219
ITEM_11222,Fashion Product 1223,Accessories,Levi's,153.87,3.3,CUST_1432
ITEM_11223,Fashion Product 1224,Footwear,H&M,77.45,3.2,CUST_1067
ITEM_11224,Fashion Product 1225,Accessories,Mango,78.94,3.7,CUST_1169
ITEM_11225,Fashion Product 1226,Tops,H&M,28.42,3.0,CUST_1305
ITEM_11226,Fashion Product 1227,Tops,Uniqlo,84.46,3.7,CUST_1028
ITEM_11227,Fashion Product 1228,Accessories,Gucci,131.6,4.4,CUST_1288
ITEM_11228,Fashion Product 1229,Dresses,Puma,150.32,4.6,CUST_1355
ITEM_11229,Fashion Product 1230,Outerwear,Levi's,26.0,3.5,CUST_1455
ITEM_11230,Fashion Product 1231,Tops,Puma,166.35,4.0,CUST_1327
ITEM_11231,Fashion Product 1232,Outerwear,Zara,127.33,2.5,CUST_1469
ITEM_11232,Fashion Product 1233,Tops,H&M,138.86,3.9,CUST_1032
ITEM_11233,Fashion Product 1234,Bottoms,Mango,209.87,4.9,CUST_1166
ITEM_11234,Fashion Product 1235,Footwear,Puma,92.13,3.3,CUST_1404
ITEM_11235,Fashion Product 1236,Tops,Nike,51.77,4.0,CUST_1136
ITEM_11236,Fashion Product 1237,Outerwear,Levi's,142.43,4.4,CUST_1068
ITEM_11237,Fashion Product 1238,Bottoms,Puma,236.81,4.0,CUST_1154
ITEM_11238,Fashion Product 1239,Tops,Mango,134.29,3.5,CUST_1463
ITEM_11239,Fashion Product 1240,Dresses,Mango,209.66,2.9,CUST_1326
ITEM_11240,Fashion Product 1241,Footwear,Zara,191.69,3.7,CUST_1304
ITEM_11241,Fashion Product 1242,Tops,Adidas,134.4,3.2,CUST_1096
ITEM_11242,Fashion Product 1243,Bottoms,Nike,165.41,4.2,CUST_1197
ITEM_11243,Fashion Product 1244,Dresses,Puma,107.6,3.6,CUST_1108
ITEM_11244,Fashion Product 1245,Accessories,Nike,137.35,4.6,CUST_1046
ITEM_11245,Fashion Product 1246,Bottoms,Adidas,131.75,3.0,CUST_1186
ITEM_11246,Fashion Product 1247,Bottoms,Puma,180.19,3.5,CUST_1454
ITEM_11247,Fashion Product 1248,Dresses,Nike,108.4,3.9,CUST_1323
ITEM_11248,Fashion Product 1249,Bottoms,H&M,33.94,2.8,CUST_1285
ITEM_11249,Fashion Product 1250,Dresses,Mango,199.29,4.0,CUST_1083
ITEM_11250,Fashion Product 1251,Tops,Gucci,174.36,3.2,CUST_1138
ITEM_11251,Fashion Product 1252,Dresses,Uniqlo,238.03,3.1,CUST_1327
ITEM_11252,Fashion Product 1253,Dresses,Levi's,112.89,2.9,CUST_1237
ITEM_11253,Fashion Product 1254,Footwear,Gucci,28.77,3.4,CUST_1449
ITEM_11254,Fashion Product 1255,Dresses,Puma,39.19,4.8,CUST_1321
ITEM_11255,Fashion Product 1256,Dresses,Puma,195.6,2.6,CUST_1145
ITEM_11256,Fashion Product 1257,Accessories,Nike,26.26,4.6,CUST_1278
ITEM_11257,Fashion Product 1258,Tops,Mango,227.88,3.5,CUST_1100
ITEM_11258,Fashion Product 1259,Footwear,Adidas,77.6,3.9,CUST_1014
ITEM_11259,Fashion Product 1260,Accessories,Zara,225.73,3.8,CUST_1262
ITEM_11260,Fashion Product 1261,Outerwear,Nike,195.64,4.8,CUST_1414
ITEM_11261,Fashion Product 1262,Tops,Zara,219.09,4.4,CUST_1494
ITEM_11262,Fashion Product 1263,Tops,Uniqlo,61.37,5.0,CUST_1047
ITEM_11263,Fashion Product 1264,Outerwear,Nike,152.97,4.5,CUST_1225
ITEM_11264,Fashion Product 1265,Dresses,Uniqlo,32.46,3.2,CUST_1404
ITEM_11265,Fashion Product 1266,Accessories,Levi's,58.55,4.9,CUST_1144
ITEM_11266,Fashion Product 1267,Bottoms,Nike,84.38,5.0,CUST_1196
ITEM_11267,Fashion Product 1268,Footwear,Mango,187.8,2.8,CUST_1290
ITEM_11268,Fashion Product 1269,Bottoms,Mango,15.93,4.8,CUST_1257
ITEM_11269,Fashion Product 1270,Outerwear,Puma,226.75,4.2,CUST_1461
ITEM_11270,Fashion Product 1271,Tops,Levi's,26.99,4.8,CUST_1432
ITEM_11271,Fashion Product 1272,Tops,Puma,100.36,4.8,CUST_1008
ITEM_11272,Fashion Product 1273,Footwear,Zara,29.46,4.7,CUST_1278
ITEM_11273,Fashion Product 1274,Tops,Gucci,194.55,4.7,CUST_1324
ITEM_11274,Fashion Product 1275,Tops,Adidas,43.92,2.8,CUST_1290
ITEM_11275,Fashion Product 1276,Footwear,Levi's,222.34,2.9,CUST_1444
ITEM_11276,Fashion Product 1277,Accessories,Adidas,137.25,2.8,CUST_1429
ITEM_11277,Fashion Product 1278,Accessories,Adidas,237.63,2.7,CUST_1293
ITEM_11278,Fashion Product 1279,Footwear,H&M,79.69,3.4,CUST_1377
ITEM_11279,Fashion Product 1280,Outerwear,Nike,119.04,4.2,CUST_1023
ITEM_11280,Fashion Product 1281,Tops,Levi's,176.62,3.4,CUST_1084
ITEM_11281,Fashion Product 1282,Tops,Puma,209.66,4.3,CUST_1255
ITEM_11282,Fashion Product 1283,Outerwear,Zara,111.13,4.6,CUST_1373
ITEM_11283,Fashion Product 1284,Accessories,Nike,224.18,4.2,CUST_1024
ITEM_11284,Fashion Product 1285,Dresses,H&M,38.32,3.7,CUST_1475
ITEM_11285,Fashion Product 1286,Dresses,Zara,180.08,3.2,CUST_1397
ITEM_11286,Fashion Product 1287,Dresses,Levi's,93.57,2.8,CUST_1325
ITEM_11287,Fashion Product 1288,Accessories,Gucci,34.32,3.7,CUST_1336
ITEM_11288,Fashion Product 1289,Accessories,Adidas,102.8,4.3,CUST_1316
ITEM_11289,Fashion Product 1290,Outerwear,H&M,221.25,3.9,CUST_1038
ITEM_11290,Fashion Product 1291,Tops,Zara,245.33,4.3,CUST_1432
ITEM_11291,Fashion Product 1292,Outerwear,Puma,104.27,3.3,CUST_1221
ITEM_11292,Fashion Product 1293,Outerwear,H&M,222.74,2.7,CUST_1410
ITEM_11293,Fashion Product 1294,Accessories,Zara,132.32,4.4,CUST_1214
ITEM_11294,Fashion Product 1295,Dresses,H&M,182.08,3.0,CUST_1472
ITEM_11295,Fashion Product 1296,Bottoms,Puma,20.89,4.0,CUST_1333
ITEM_11296,Fashion Product 1297,Tops,Puma,143.75,4.5,CUST_1491
ITEM_11297,Fashion Product 1298,Accessories,Mango,26.84,2.8,CUST_1085
ITEM_11298,Fashion Product 1299,Dresses,Adidas,74.47,4.0,CUST_1385
ITEM_11299,Fashion Product 1300,Bottoms,Nike,146.04,4.2,CUST_1004
ITEM_11300,Fashion Product 1301,Bottoms,Nike,203.72,4.4,CUST_1195
ITEM_11301,Fashion Product 1302,Accessories,Levi's,144.61,2.9,CUST_1114
ITEM_11302,Fashion Product 1303,Footwear,Uniqlo,234.69,4.6,CUST_1215
ITEM_11303,Fashion Product 1304,Tops,Levi's,204.48,2.7,CUST_1336
ITEM_11304,Fashion Product 1305,Bottoms,Uniqlo,47.5,3.8,CUST_1365
ITEM_11305,Fashion Product 1306,Accessories,H&M,103.35,3.6,CUST_1141
ITEM_11306,Fashion Product 1307,Accessories,Uniqlo,170.44,3.1,CUST_1167
ITEM_11307,Fashion Product 1308,Dresses,Mango,235.22,3.3,CUST_1287
ITEM_11308,Fashion Product 1309,Footwear,Mango,247.05,2.9,CUST_1408
ITEM_11309,Fashion Product 1310,Tops,Adidas,193.16,3.6,CUST_1495
ITEM_11310,Fashion Product 1311,Outerwear,Zara,147.7,2.6,CUST_1384
ITEM_11311,Fashion Product 1312,Dresses,Nike,191.59,4.7,CUST_1335
ITEM_11312,Fashion Product 1313,Bottoms,Adidas,75.58,2.9,CUST_1005
ITEM_11313,Fashion Product 1314,Bottoms,Mango,78.06,4.7,CUST_1127
ITEM_11314,Fashion Product 1315,Dresses,Zara,167.04,4.7,CUST_1433
ITEM_11315,Fashion Product 1316,Accessories,Levi's,219.24,3.6,CUST_1086
ITEM_11316,Fashion Product 1317,Bottoms,Nike,242.75,3.7,CUST_1086
ITEM_11317,Fashion Product 1318,Footwear,Nike,91.92,3.3,CUST_1395
ITEM_11318,Fashion Product 1319,Tops,H&M,201.17,5.0,CUST_1024
ITEM_11319,Fashion Product 1320,Footwear,Gucci,214.37,4.2,CUST_1045
ITEM_11320,Fashion Product 1321,Bottoms,Nike,159.56,4.9,CUST_1458
ITEM_11321,Fashion Product 1322,Outerwear,Mango,93.42,3.5,CUST_1111
ITEM_11322,Fashion Product 1323,Tops,H&M,158.58,4.7,CUST_1290
ITEM_11323,Fashion Product 1324,Tops,Puma,150.27,3.6,CUST_1395
ITEM_11324,Fashion Product 1325,Dresses,Uniqlo,155.57,4.7,CUST_1185
ITEM_11325,Fashion Product 1326,Dresses,Levi's,158.62,2.8,CUST_1235
ITEM_11326,Fashion Product 1327,Outerwear,Levi's,213.29,4.1,CUST_1157
ITEM_11327,Fashion Product 1328,Accessories,Puma,50.82,4.2,CUST_1406
ITEM_11328,Fashion Product 1329,Tops,Gucci,98.15,4.1,CUST_1161
ITEM_11329,Fashion Product 1330,Outerwear,Nike,150.64,3.6,CUST_1200
ITEM_11330,Fashion Product 1331,Dresses,Adidas,78.0,4.2,CUST_1122
ITEM_11331,Fashion Product 1332,Dresses,H&M,244.76,3.1,CUST_1433
ITEM_11332,Fashion Product 1333,Tops,Puma,73.16,4.0,CUST_1224
ITEM_11333,Fashion Product 1334,Footwear,Gucci,122.71,3.9,CUST_1488
ITEM_11334,Fashion Product 1335,Bottoms,Levi's,220.57,3.3,CUST_1365
ITEM_11335,Fashion Product 1336,Dresses,Puma,29.22,4.4,CUST_1023
ITEM_11336,Fashion Product 1337,Accessories,Gucci,206.97,2.7,CUST_1197
ITEM_11337,Fashion Product 1338,Accessories,Levi's,147.04,2.9,CUST_1479
ITEM_11338,Fashion Product 1339,Dresses,Mango,17.63,3.7,CUST_1285
ITEM_11339,Fashion Product 1340,Footwear,H&M,226.7,4.7,CUST_1006
ITEM_11340,Fashion Product 1341,Footwear,H&M,19.41,3.9,CUST_1308
ITEM_11341,Fashion Product 1342,Outerwear,Uniqlo,133.65,4.6,CUST_1345
ITEM_11342,Fashion Product 1343,Accessories,Levi's,21.77,3.8,CUST_1089
ITEM_11343,Fashion Product 1344,Outerwear,Puma,27.09,4.5,CUST_1479
ITEM_11344,Fashion Product 1345,Accessories,H&M,222.93,3.3,CUST_1378
ITEM_11345,Fashion Product 1346,Bottoms,Gucci,193.8,4.5,CUST_1398
ITEM_11346,Fashion Product 1347,Bottoms,Puma,57.27,3.5,CUST_1273
ITEM_11347,Fashion Product 1348,Tops,Levi's,158.91,3.9,CUST_1464
ITEM_11348,Fashion Product 1349,Outerwear,Gucci,200.72,2.9,CUST_1284
ITEM_11349,Fashion Product 1350,Dresses,Nike,223.5,4.8,CUST_1265
ITEM_11350,Fashion Product 1351,Outerwear,Zara,122.39,4.3,CUST_1115
ITEM_11351,Fashion Product 1352,Dresses,H&M,225.4,4.6,CUST_1124
ITEM_11352,Fashion Product 1353,Footwear,H&M,131.88,3.0,CUST_1450
ITEM_11353,Fashion Product 1354,Outerwear,Uniqlo,175.17,2.7,CUST_1260
ITEM_11354,Fashion Product 1355,Footwear,Mango,244.97,3.3,CUST_1404
ITEM_11355,Fashion Product 1356,Bottoms,Uniqlo,66.63,3.8,CUST_1169
ITEM_11356,Fashion Product 1357,Bottoms,Levi's,50.45,4.5,CUST_1036
ITEM_11357,Fashion Product 1358,Tops,Uniqlo,92.08,3.5,CUST_1229
ITEM_11358,Fashion Product 1359,Outerwear,Mango,49.46,3.2,CUST_1134
ITEM_11359,Fashion Product 1360,Footwear,Mango,78.2,3.4,CUST_1244
ITEM_11360,Fashion Product 1361,Dresses,Zara,188.32,4.3,CUST_1065
ITEM_11361,Fashion Product 1362,Bottoms,Gucci,124.61,3.3,CUST_1237
ITEM_11362,Fashion Product 1363,Bottoms,Nike,100.01,4.9,CUST_1434
ITEM_11363,Fashion Product 1364,Dresses,Mango,98.49,2.9,CUST_1448
ITEM_11364,Fashion Product 1365,Footwear,Nike,56.69,4.4,CUST_1003
ITEM_11365,Fashion Product 1366,Footwear,H&M,117.38,4.0,CUST_1037
ITEM_11366,Fashion Product 1367,Outerwear,Adidas,159.91,3.1,CUST_1109
ITEM_11367,Fashion Product 1368,Outerwear,Zara,43.4,4.4,CUST_1490
ITEM_11368,Fashion Product 1369,Accessories,Levi's,243.48,3.6,CUST_1250
ITEM_11369,Fashion Product 1370,Accessories,Puma,116.39,4.2,CUST_1003
ITEM_11370,Fashion Product 1371,Tops,Nike,237.51,4.2,CUST_1235
ITEM_11371,Fashion Product 1372,Bottoms,Uniqlo,42.32,2.8,CUST_1417
ITEM_11372,Fashion Product 1373,Outerwear,Mango,194.13,4.6,CUST_1443
ITEM_11373,Fashion Product 1374,Footwear,Nike,158.23,4.2,CUST_1251
ITEM_11374,Fashion Product 1375,Dresses,Puma,206.82,4.5,CUST_1143
ITEM_11375,Fashion Product 1376,Footwear,Mango,154.16,3.6,CUST_1248
ITEM_11376,Fashion Product 1377,Bottoms,Levi's,241.08,3.0,CUST_1056
ITEM_11377,Fashion Product 1378,Accessories,Adidas,160.46,3.3,CUST_1061
ITEM_11378,Fashion Product 1379,Footwear,Uniqlo,198.3,4.8,CUST_1068
ITEM_11379,Fashion Product 1380,Tops,Nike,220.62,4.8,CUST_1079
ITEM_11380,Fashion Product 1381,Bottoms,Zara,181.5,3.7,CUST_1327
ITEM_11381,Fashion Product 1382,Accessories,Nike,135.82,3.2,CUST_1367
ITEM_11382,Fashion Product 1383,Dresses,Nike,75.48,4.3,CUST_1196
ITEM_11383,Fashion Product 1384,Accessories,Puma,215.08,4.4,CUST_1446
ITEM_11384,Fashion Product 1385,Tops,Puma,125.34,4.5,CUST_1195
ITEM_11385,Fashion Product 1386,Bottoms,Zara,158.97,2.6,CUST_1023
ITEM_11386,Fashion Product 1387,Dresses,Nike,29.01,2.5,CUST_1014
ITEM_11387,Fashion Product 1388,Tops,Gucci,129.36,3.4,CUST_1390
ITEM_11388,Fashion Product 1389,Accessories,Levi's,177.56,2.9,CUST_1289
ITEM_11389,Fashion Product 1390,Tops,Puma,150.18,4.5,CUST_1009
ITEM_11390,Fashion Product 1391,Bottoms,Puma,117.65,3.8,CUST_1140
ITEM_11391,Fashion Product 1392,Outerwear,Gucci,63.62,4.6,CUST_1242
ITEM_11392,Fashion Product 1393,Tops,Mango,84.32,2.9,CUST_1253
ITEM_11393,Fashion Product 1394,Tops,Nike,178.15,4.1,CUST_1227
ITEM_11394,Fashion Product 1395,Accessories,Zara,63.81,4.0,CUST_1373
ITEM_11395,Fashion Product 1396,Accessories,Puma,159.21,3.4,CUST_1095
ITEM_11396,Fashion Product 1397,Dresses,Zara,151.54,3.8,CUST_1179
ITEM_11397,Fashion Product 1398,Accessories,Zara,242.9,4.0,CUST_1003
ITEM_11398,Fashion Product 1399,Footwear,Levi's,24.59,4.7,CUST_1184
ITEM_11399,Fashion Product 1400,Bottoms,Puma,35.95,2.6,CUST_1046
ITEM_11400,Fashion Product 1401,Bottoms,Uniqlo,131.46,4.6,CUST_1292
ITEM_11401,Fashion Product 1402,Outerwear,Mango,136.51,5.0,CUST_1141
ITEM_11402,Fashion Product 1403,Outerwear,Zara,19.58,4.3,CUST_1013
ITEM_11403,Fashion Product 1404,Bottoms,Puma,208.21,4.3,CUST_1186
ITEM_11404,Fashion Product 1405,Outerwear,Mango,128.73,3.0,CUST_1482
ITEM_11405,Fashion Product 1406,Dresses,Uniqlo,93.19,3.8,CUST_1085
ITEM_11406,Fashion Product 1407,Accessories,Puma,86.52,4.3,CUST_1418
ITEM_11407,Fashion Product 1408,Bottoms,Nike,216.74,4.0,CUST_1490
ITEM_11408,Fashion Product 1409,Outerwear,Zara,57.22,3.5,CUST_1043
ITEM_11409,Fashion Product 1410,Bottoms,Uniqlo,48.5,4.9,CUST_1384
ITEM_11410,Fashion Product 1411,Footwear,Nike,61.16,3.8,CUST_1156
ITEM_11411,Fashion Product 1412,Tops,Zara,160.01,4.9,CUST_1184
ITEM_11412,Fashion Product 1413,Accessories,H&M,204.62,3.9,CUST_1047
ITEM_11413,Fashion Product 1414,Bottoms,Adidas,89.43,4.5,CUST_1419
ITEM_11414,Fashion Product 1415,Tops,Gucci,51.63,4.4,CUST_1206
ITEM_11415,Fashion Product 1416,Outerwear,Zara,60.21,4.2,CUST_1210
ITEM_11416,Fashion Product 1417,Tops,Uniqlo,158.6,2.5,CUST_1275
ITEM_11417,Fashion Product 1418,Accessories,Uniqlo,69.05,2.7,CUST_1083
ITEM_11418,Fashion Product 1419,Bottoms,Adidas,220.55,4.0,CUST_1097
ITEM_11419,Fashion Product 1420,Footwear,Puma,34.93,4.8,CUST_1179
ITEM_11420,Fashion Product 1421,Outerwear,Gucci,17.77,4.0,CUST_1355
ITEM_11421,Fashion Product 1422,Bottoms,Mango,31.21,3.1,CUST_1148
ITEM_11422,Fashion Product 1423,Accessories,Zara,212.95,3.3,CUST_1285
ITEM_11423,Fashion Product 1424,Outerwear,Puma,166.3,4.1,CUST_1384
ITEM_11424,Fashion Product 1425,Dresses,Nike,239.86,4.0,CUST_1072
ITEM_11425,Fashion Product 1426,Tops,Mango,90.71,4.9,CUST_1217
ITEM_11426,Fashion Product 1427,Accessories,Gucci,61.04,3.8,CUST_1209
ITEM_11427,Fashion Product 1428,Dresses,Puma,144.87,3.4,CUST_1321
ITEM_11428,Fashion Product 1429,Bottoms,Mango,139.08,3.8,CUST_1294
ITEM_11429,Fashion Product 1430,Footwear,Levi's,151.85,4.5,CUST_1433
ITEM_11430,Fashion Product 1431,Outerwear,Levi's,93.41,3.9,CUST_1124
ITEM_11431,Fashion Product 1432,Tops,Zara,11.42,3.3,CUST_1350
ITEM_11432,Fashion Product 1433,Outerwear,Zara,18.41,3.3,CUST_1156
ITEM_11433,Fashion Product 1434,Bottoms,Zara,169.32,4.4,CUST_1033
ITEM_11434,Fashion Product 1435,Outerwear,Gucci,135.58,2.7,CUST_1269
ITEM_11435,Fashion Product 1436,Tops,Puma,207.04,3.2,CUST_1216
ITEM_11436,Fashion Product 1437,Bottoms,Nike,82.1,2.9,CUST_1428
ITEM_11437,Fashion Product 1438,Outerwear,H&M,205.71,4.9,CUST_1101
ITEM_11438,Fashion Product 1439,Footwear,Uniqlo,112.12,2.7,CUST_1470
ITEM_11439,Fashion Product 1440,Accessories,Nike,33.21,4.4,CUST_1180
ITEM_11440,Fashion Product 1441,Bottoms,Puma,244.7,4.1,CUST_1127
ITEM_11441,Fashion Product 1442,Accessories,Gucci,132.86,4.1,CUST_1333
ITEM_11442,Fashion Product 1443,Bottoms,Mango,161.07,4.4,CUST_1488
ITEM_11443,Fashion Product 1444,Footwear,Nike,170.99,3.5,CUST_1460
ITEM_11444,Fashion Product 1445,Accessories,Mango,96.98,3.5,CUST_1377
ITEM_11445,Fashion Product 1446,Dresses,H&M,189.41,3.2,CUST_1169
ITEM_11446,Fashion Product 1447,Tops,Puma,218.86,4.0,CUST_1305
ITEM_11447,Fashion Product 1448,Dresses,Puma,102.92,4.8,CUST_1366
ITEM_11448,Fashion Product 1449,Outerwear,Uniqlo,167.68,4.8,CUST_1135
ITEM_11449,Fashion Product 1450,Footwear,Gucci,191.71,4.3,CUST_1292
ITEM_11450,Fashion Product 1451,Dresses,Uniqlo,55.63,4.8,CUST_1093
ITEM_11451,Fashion Product 1452,Bottoms,Puma,89.82,4.9,CUST_1221
ITEM_11452,Fashion Product 1453,Outerwear,Uniqlo,36.11,4.5,CUST_1410
ITEM_11453,Fashion Product 1454,Outerwear,Adidas,154.53,3.5,CUST_1155
ITEM_11454,Fashion Product 1455,Dresses,Puma,202.23,3.7,CUST_1280
ITEM_11455,Fashion Product 1456,Dresses,Nike,156.6,4.8,CUST_1479
ITEM_11456,Fashion Product 1457,Footwear,Adidas,53.15,4.2,CUST_1199
ITEM_11457,Fashion Product 1458,Tops,Nike,141.13,4.6,CUST_1337
ITEM_11458,Fashion Product 1459,Dresses,Adidas,210.38,2.8,CUST_1241
ITEM_11459,Fashion Product 1460,Dresses,Nike,82.65,3.0,CUST_1417
ITEM_11460,Fashion Product 1461,Accessories,Puma,209.84,3.4,CUST_1098
ITEM_11461,Fashion Product 1462,Bottoms,Zara,198.31,3.0,CUST_1250
ITEM_11462,Fashion Product 1463,Accessories,Levi's,15.22,4.8,CUST_1402
ITEM_11463,Fashion Product 1464,Accessories,Levi's,67.47,3.0,CUST_1105
ITEM_11464,Fashion Product 1465,Outerwear,Adidas,140.31,3.9,CUST_1261
ITEM_11465,Fashion Product 1466,Tops,Levi's,182.23,2.7,CUST_1129
ITEM_11466,Fashion Product 1467,Bottoms,Mango,221.33,2.9,CUST_1327
ITEM_11467,Fashion Product 1468,Footwear,Adidas,163.85,3.1,CUST_1378
ITEM_11468,Fashion Product 1469,Footwear,Nike,101.28,5.0,CUST_1482
ITEM_11469,Fashion Product 1470,Dresses,Gucci,54.31,4.5,CUST_1259
ITEM_11470,Fashion Product 1471,Dresses,Uniqlo,192.41,4.2,CUST_1292
ITEM_11471,Fashion Product 1472,Footwear,Nike,59.63,4.8,CUST_1419
ITEM_11472,Fashion Product 1473,Dresses,Mango,176.9,4.9,CUST_1435
ITEM_11473,Fashion Product 1474,Tops,Gucci,53.49,3.6,CUST_1377
ITEM_11474,Fashion Product 1475,Accessories,Levi's,31.85,3.3,CUST_1140
ITEM_11475,Fashion Product 1476,Dresses,Mango,70.26,3.3,CUST_1015
ITEM_11476,Fashion Product 1477,Outerwear,Adidas,78.38,2.6,CUST_1388
ITEM_11477,Fashion Product 1478,Dresses,H&M,165.33,3.2,CUST_1184
ITEM_11478,Fashion Product 1479,Bottoms,H&M,48.61,3.4,CUST_1481
ITEM_11479,Fashion Product 1480,Tops,Levi's,233.27,2.6,CUST_1016
ITEM_11480,Fashion Product 1481,Bottoms,H&M,143.05,4.7,CUST_1221
ITEM_11481,Fashion Product 1482,Bottoms,H&M,127.82,4.6,CUST_1390
ITEM_11482,Fashion Product 1483,Outerwear,Nike,114.33,3.1,CUST_1063
ITEM_11483,Fashion Product 1484,Tops,Nike,145.98,4.5,CUST_1241
ITEM_11484,Fashion Product 1485,Tops,Uniqlo,15.39,4.5,CUST_1485
ITEM_11485,Fashion Product 1486,Tops,Puma,247.62,3.3,CUST_1279
ITEM_11486,Fashion Product 1487,Tops,Levi's,143.81,4.2,CUST_1333
ITEM_11487,Fashion Product 1488,Tops,H&M,18.45,3.2,CUST_1428
ITEM_11488,Fashion Product 1489,Outerwear,Uniqlo,151.59,2.7,CUST_1257
ITEM_11489,Fashion Product 1490,Dresses,Levi's,114.9,3.8,CUST_1185
ITEM_11490,Fashion Product 1491,Bottoms,H&M,15.77,3.6,CUST_1076
ITEM_11491,Fashion Product 1492,Tops,Zara,231.86,2.8,CUST_1027
ITEM_11492,Fashion Product 1493,Dresses,Gucci,12.54,3.7,CUST_1025
ITEM_11493,Fashion Product 1494,Dresses,Levi's,148.69,4.9,CUST_1342
ITEM_11494,Fashion Product 1495,Bottoms,Puma,240.83,4.3,CUST_1062
ITEM_11495,Fashion Product 1496,Outerwear,Gucci,67.03,4.3,CUST_1482
ITEM_11496,Fashion Product 1497,Footwear,Uniqlo,71.0,4.4,CUST_1146
ITEM_11497,Fashion Product 1498,Footwear,Uniqlo,10.1,4.4,CUST_1233
ITEM_11498,Fashion Product 1499,Dresses,H&M,25.92,2.5,CUST_1464
ITEM_11499,Fashion Product 1500,Accessories,Gucci,20.77,4.8,CUST_1349
ITEM_11500,Fashion Product 1501,Accessories,H&M,207.44,4.6,CUST_1286
ITEM_11501,Fashion Product 1502,Bottoms,Levi's,210.82,3.2,CUST_1414
ITEM_11502,Fashion Product 1503,Footwear,Uniqlo,184.41,3.9,CUST_1084
ITEM_11503,Fashion Product 1504,Dresses,Zara,94.66,4.0,CUST_1175
ITEM_11504,Fashion Product 1505,Outerwear,Uniqlo,207.1,2.8,CUST_1406
ITEM_11505,Fashion Product 1506,Footwear,Nike,139.55,3.1,CUST_1381
ITEM_11506,Fashion Product 1507,Dresses,Mango,83.03,2.6,CUST_1170
ITEM_11507,Fashion Product 1508,Dresses,Puma,114.95,4.7,CUST_1290
ITEM_11508,Fashion Product 1509,Tops,Gucci,25.78,2.6,CUST_1447
ITEM_11509,Fashion Product 1510,Outerwear,H&M,236.78,3.3,CUST_1004
ITEM_11510,Fashion Product 1511,Tops,Mango,158.59,2.7,CUST_1498
ITEM_11511,Fashion Product 1512,Bottoms,Mango,185.5,4.5,CUST_1287
ITEM_11512,Fashion Product 1513,Tops,Adidas,172.38,4.8,CUST_1307
ITEM_11513,Fashion Product 1514,Tops,Puma,170.26,3.9,CUST_1050
ITEM_11514,Fashion Product 1515,Footwear,Nike,14.14,2.8,CUST_1270
ITEM_11515,Fashion Product 1516,Accessories,Uniqlo,136.09,3.9,CUST_1008
ITEM_11516,Fashion Product 1517,Dresses,Levi's,207.21,4.4,CUST_1357
ITEM_11517,Fashion Product 1518,Outerwear,Uniqlo,20.68,4.3,CUST_1069
ITEM_11518,Fashion Product 1519,Tops,Nike,239.48,4.4,CUST_1392
ITEM_11519,Fashion Product 1520,Outerwear,H&M,111.8,3.2,CUST_1139
ITEM_11520,Fashion Product 1521,Accessories,Adidas,79.57,2.7,CUST_1248
ITEM_11521,Fashion Product 1522,Accessories,Uniqlo,137.64,2.9,CUST_1029
ITEM_11522,Fashion Product 1523,Tops,Gucci,202.29,4.9,CUST_1183
ITEM_11523,Fashion Product 1524,Bottoms,Puma,123.94,4.0,CUST_1213
ITEM_11524,Fashion Product 1525,Tops,Mango,164.83,4.3,CUST_1423
ITEM_11525,Fashion Product 1526,Footwear,H&M,129.98,4.7,CUST_1397
ITEM_11526,Fashion Product 1527,Dresses,Nike,161.51,4.6,CUST_1320
ITEM_11527,Fashion Product 1528,Bottoms,Levi's,43.13,3.0,CUST_1305
ITEM_11528,Fashion Product 1529,Tops,Levi's,19.28,2.6,CUST_1019
ITEM_11529,Fashion Product 1530,Outerwear,Adidas,42.86,4.8,CUST_1383
ITEM_11530,Fashion Product 1531,Bottoms,Nike,78.6,5.0,CUST_1451
ITEM_11531,Fashion Product 1532,Bottoms,H&M,70.81,3.9,CUST_1226
ITEM_11532,Fashion Product 1533,Tops,Gucci,157.64,4.7,CUST_1230
ITEM_11533,Fashion Product 1534,Bottoms,Mango,119.41,3.1,CUST_1339
ITEM_11534,Fashion Product 1535,Outerwear,Puma,19.31,2.8,CUST_1096
ITEM_11535,Fashion Product 1536,Accessories,Zara,18.37,3.7,CUST_1495
ITEM_11536,Fashion Product 1537,Bottoms,Zara,31.74,4.5,CUST_1484
ITEM_11537,Fashion Product 1538,Accessories,H&M,94.74,4.1,CUST_1115
ITEM_11538,Fashion Product 1539,Outerwear,Nike,11.48,4.1,CUST_1359
ITEM_11539,Fashion Product 1540,Tops,Zara,128.56,2.5,CUST_1180
ITEM_11540,Fashion Product 1541,Dresses,Adidas,96.56,3.3,CUST_1373
ITEM_11541,Fashion Product 1542,Bottoms,Nike,143.31,4.8,CUST_1078
ITEM_11542,Fashion Product 1543,Dresses,Zara,183.0,2.8,CUST_1327
ITEM_11543,Fashion Product 1544,Outerwear,Gucci,70.23,4.3,CUST_1276
ITEM_11544,Fashion Product 1545,Bottoms,Mango,47.7,4.4,CUST_1352
ITEM_11545,Fashion Product 1546,Accessories,Levi's,76.73,4.3,CUST_1366
ITEM_11546,Fashion Product 1547,Footwear,Nike,10.42,5.0,CUST_1182
ITEM_11547,Fashion Product 1548,Dresses,Levi's,38.8,3.5,CUST_1095
ITEM_11548,Fashion Product 1549,Bottoms,Levi's,190.2,4.2,CUST_1086
ITEM_11549,Fashion Product 1550,Dresses,Zara,63.47,3.0,CUST_1389
ITEM_11550,Fashion Product 1551,Bottoms,Nike,248.63,3.5,CUST_1095
ITEM_11551,Fashion Product 1552,Tops,Mango,50.28,3.7,CUST_1335
ITEM_11552,Fashion Product 1553,Accessories,Gucci,199.31,3.0,CUST_1492
ITEM_11553,Fashion Product 1554,Dresses,Uniqlo,179.21,4.8,CUST_1446
ITEM_11554,Fashion Product 1555,Footwear,Adidas,87.31,4.3,CUST_1145
ITEM_11555,Fashion Product 1556,Footwear,Levi's,89.38,3.2,CUST_1248
ITEM_11556,Fashion Product 1557,Outerwear,Mango,145.25,2.8,CUST_1181
ITEM_11557,Fashion Product 1558,Bottoms,Puma,214.57,3.2,CUST_1293
ITEM_11558,Fashion Product 1559,Dresses,Puma,102.68,4.1,CUST_1019
ITEM_11559,Fashion Product 1560,Outerwear,Uniqlo,24.68,4.6,CUST_1138
ITEM_11560,Fashion Product 1561,Dresses,Uniqlo,99.86,3.8,CUST_1044
ITEM_11561,Fashion Product 1562,Bottoms,Uniqlo,59.76,2.8,CUST_1226
ITEM_11562,Fashion Product 1563,Footwear,Adidas,235.41,3.1,CUST_1433
ITEM_11563,Fashion Product 1564,Tops,Adidas,177.35,3.4,CUST_1345
ITEM_11564,Fashion Product 1565,Footwear,Gucci,22.2,4.1,CUST_1037
ITEM_11565,Fashion Product 1566,Outerwear,Levi's,80.32,3.1,CUST_1314
ITEM_11566,Fashion Product 1567,Accessories,H&M,22.05,3.1,CUST_1220
ITEM_11567,Fashion Product 1568,Tops,Puma,209.2,3.2,CUST_1128
ITEM_11568,Fashion Product 1569,Outerwear,Zara,227.51,4.0,CUST_1143
ITEM_11569,Fashion Product 1570,Bottoms,Zara,36.95,3.7,CUST_1404
ITEM_11570,Fashion Product 1571,Tops,Uniqlo,115.67,4.6,CUST_1183
ITEM_11571,Fashion Product 1572,Outerwear,Puma,233.65,4.2,CUST_1397
ITEM_11572,Fashion Product 1573,Bottoms,H&M,44.85,4.2,CUST_1404
ITEM_11573,Fashion Product 1574,Footwear,H&M,80.06,2.9,CUST_1043
ITEM_11574,Fashion Product 1575,Accessories,Zara,83.03,2.6,CUST_1479
ITEM_11575,Fashion Product 1576,Bottoms,H&M,17.21,3.8,CUST_1210
ITEM_11576,Fashion Product 1577,Dresses,Puma,18.71,2.7,CUST_1425
ITEM_11577,Fashion Product 1578,Bottoms,Levi's,238.67,3.4,CUST_1048
ITEM_11578,Fashion Product 1579,Bottoms,Mango,147.06,2.6,CUST_1312
ITEM_11579,Fashion Product 1580,Accessories,H&M,83.6,2.9,CUST_1220
ITEM_11580,Fashion Product 1581,Dresses,Levi's,100.88,2.8,CUST_1367
ITEM_11581,Fashion Product 1582,Outerwear,Puma,181.56,4.5,CUST_1196
ITEM_11582,Fashion Product 1583,Outerwear,Zara,97.96,3.4,CUST_1472
ITEM_11583,Fashion Product 1584,Bottoms,Levi's,64.66,2.7,CUST_1172
ITEM_11584,Fashion Product 1585,Dresses,H&M,34.44,3.2,CUST_1237
ITEM_11585,Fashion Product 1586,Dresses,Uniqlo,184.94,4.2,CUST_1457
ITEM_11586,Fashion Product 1587,Accessories,Levi's,53.34,4.4,CUST_1175
ITEM_11587,Fashion Product 1588,Footwear,Uniqlo,26.72,2.8,CUST_1434
ITEM_11588,Fashion Product 1589,Outerwear,Nike,112.47,4.4,CUST_1032
ITEM_11589,Fashion Product 1590,Accessories,Zara,19.5,3.4,CUST_1224
ITEM_11590,Fashion Product 1591,Tops,Puma,241.6,4.2,CUST_1054
ITEM_11591,Fashion Product 1592,Outerwear,Mango,160.55,4.2,CUST_1423
ITEM_11592,Fashion Product 1593,Accessories,Uniqlo,46.65,4.5,CUST_1469
ITEM_11593,Fashion Product 1594,Outerwear,Mango,51.39,4.2,CUST_1186
ITEM_11594,Fashion Product 1595,Footwear,Mango,146.76,2.6,CUST_1492
ITEM_11595,Fashion Product 1596,Tops,Uniqlo,95.58,3.8,CUST_1234
ITEM_11596,Fashion Product 1597,Footwear,Mango,195.82,2.9,CUST_1317
ITEM_11597,Fashion Product 1598,Tops,Gucci,140.99,4.9,CUST_1231
ITEM_11598,Fashion Product 1599,Bottoms,Nike,114.0,3.1,CUST_1110
ITEM_11599,Fashion Product 1600,Accessories,Uniqlo,241.12,3.6,CUST_1475
ITEM_11600,Fashion Product 1601,Tops,Zara,103.77,3.0,CUST_1367
ITEM_11601,Fashion Product 1602,Footwear,Uniqlo,106.15,2.8,CUST_1100
ITEM_11602,Fashion Product 1603,Outerwear,Levi's,169.79,4.0,CUST_1200
ITEM_11603,Fashion Product 1604,Tops,Gucci,204.27,3.7,CUST_1211
ITEM_11604,Fashion Product 1605,Accessories,Uniqlo,160.29,3.4,CUST_1221
ITEM_11605,Fashion Product 1606,Tops,Puma,177.67,2.7,CUST_1403
ITEM_11606,Fashion Product 1607,Dresses,Nike,99.5,4.3,CUST_1325
ITEM_11607,Fashion Product 1608,Outerwear,Levi's,125.08,2.5,CUST_1150
ITEM_11608,Fashion Product 1609,Accessories,Uniqlo,57.29,3.6,CUST_1163
ITEM_11609,Fashion Product 1610,Accessories,H&M,173.26,4.1,CUST_1394
ITEM_11610,Fashion Product 1611,Bottoms,Adidas,63.15,3.6,CUST_1143
ITEM_11611,Fashion Product 1612,Footwear,H&M,10.3,2.8,CUST_1258
ITEM_11612,Fashion Product 1613,Bottoms,Mango,234.1,4.4,CUST_1245
ITEM_11613,Fashion Product 1614,Accessories,Zara,83.44,3.3,CUST_1490
ITEM_11614,Fashion Product 1615,Outerwear,Mango,57.19,2.8,CUST_1150
ITEM_11615,Fashion Product 1616,Tops,Uniqlo,74.36,3.9,CUST_1112
ITEM_11616,Fashion Product 1617,Tops,Nike,89.31,2.5,CUST_1099
ITEM_11617,Fashion Product 1618,Outerwear,H&M,123.89,3.3,CUST_1103
ITEM_11618,Fashion Product 1619,Accessories,Puma,26.64,4.4,CUST_1211
ITEM_11619,Fashion Product 1620,Tops,Levi's,22.64,4.8,CUST_1495
ITEM_11620,Fashion Product 1621,Tops,Nike,80.3,4.0,CUST_1012
ITEM_11621,Fashion Product 1622,Tops,Mango,80.98,3.0,CUST_1381
ITEM_11622,Fashion Product 1623,Footwear,Levi's,38.24,3.1,CUST_1226
ITEM_11623,Fashion Product 1624,Footwear,H&M,107.15,4.0,CUST_1446
ITEM_11624,Fashion Product 1625,Dresses,Puma,78.17,3.5,CUST_1301
ITEM_11625,Fashion Product 1626,Bottoms,Adidas,16.25,2.9,CUST_1442
ITEM_11626,Fashion Product 1627,Outerwear,Adidas,222.57,4.5,CUST_1148
ITEM_11627,Fashion Product 1628,Outerwear,Puma,222.64,3.0,CUST_1179
ITEM_11628,Fashion Product 1629,Outerwear,Levi's,60.2,3.3,CUST_1007
ITEM_11629,Fashion Product 1630,Dresses,Uniqlo,49.09,2.7,CUST_1152
ITEM_11630,Fashion Product 1631,Footwear,Levi's,141.35,4.3,CUST_1323
ITEM_11631,Fashion Product 1632,Accessories,Levi's,161.38,3.2,CUST_1070
ITEM_11632,Fashion Product 1633,Accessories,Uniqlo,239.81,3.1,CUST_1353
ITEM_11633,Fashion Product 1634,Dresses,Nike,100.56,3.3,CUST_1053
ITEM_11634,Fashion Product 1635,Accessories,H&M,158.37,4.7,CUST_1162
ITEM_11635,Fashion Product 1636,Outerwear,Levi's,220.76,3.8,CUST_1417
ITEM_11636,Fashion Product 1637,Bottoms,H&M,117.99,2.9,CUST_1093
ITEM_11637,Fashion Product 1638,Tops,Mango,39.36,4.4,CUST_1151
ITEM_11638,Fashion Product 1639,Footwear,Adidas,100.59,3.0,CUST_1058
ITEM_11639,Fashion Product 1640,Footwear,Adidas,42.78,3.5,CUST_1196
ITEM_11640,Fashion Product 1641,Dresses,Uniqlo,13.99,3.9,CUST_1325
ITEM_11641,Fashion Product 1642,Footwear,Mango,190.37,4.0,CUST_1482
ITEM_11642,Fashion Product 1643,Outerwear,Adidas,67.22,2.7,CUST_1208
ITEM_11643,Fashion Product 1644,Accessories,Uniqlo,10.48,4.6,CUST_1424
ITEM_11644,Fashion Product 1645,Outerwear,Levi's,219.38,3.7,CUST_1303
ITEM_11645,Fashion Product 1646,Dresses,Mango,116.51,5.0,CUST_1299
ITEM_11646,Fashion Product 1647,Outerwear,Nike,67.33,4.3,CUST_1445
ITEM_11647,Fashion Product 1648,Accessories,Mango,73.07,5.0,CUST_1426
ITEM_11648,Fashion Product 1649,Bottoms,Zara,67.73,3.6,CUST_1062
ITEM_11649,Fashion Product 1650,Dresses,Adidas,56.69,2.9,CUST_1195
ITEM_11650,Fashion Product 1651,Bottoms,Mango,211.89,4.3,CUST_1055
ITEM_11651,Fashion Product 1652,Tops,Gucci,50.88,4.4,CUST_1363
ITEM_11652,Fashion Product 1653,Bottoms,Levi's,144.85,4.6,CUST_1049
ITEM_11653,Fashion Product 1654,Tops,Nike,28.56,3.3,CUST_1106
ITEM_11654,Fashion Product 1655,Tops,H&M,237.89,3.8,CUST_1433
ITEM_11655,Fashion Product 1656,Bottoms,Uniqlo,154.8,4.6,CUST_1078
ITEM_11656,Fashion Product 1657,Dresses,Gucci,226.76,4.7,CUST_1375
ITEM_11657,Fashion Product 1658,Accessories,Gucci,105.49,2.6,CUST_1417
ITEM_11658,Fashion Product 1659,Outerwear,Nike,204.56,4.2,CUST_1284
ITEM_11659,Fashion Product 1660,Outerwear,Uniqlo,214.88,4.0,CUST_1057
ITEM_11660,Fashion Product 1661,Accessories,Nike,178.71,2.7,CUST_1169
ITEM_11661,Fashion Product 1662,Tops,H&M,32.31,4.8,CUST_1376
ITEM_11662,Fashion Product 1663,Tops,Uniqlo,13.86,3.6,CUST_1376
ITEM_11663,Fashion Product 1664,Dresses,Mango,50.45,4.2,CUST_1207
ITEM_11664,Fashion Product 1665,Footwear,Adidas,38.34,4.7,CUST_1260
ITEM_11665,Fashion Product 1666,Bottoms,Nike,184.03,2.8,CUST_1276
ITEM_11666,Fashion Product 1667,Tops,H&M,143.68,4.6,CUST_1373
ITEM_11667,Fashion Product 1668,Outerwear,Levi's,136.23,4.3,CUST_1345
ITEM_11668,Fashion Product 1669,Dresses,Zara,70.69,4.6,CUST_1163
ITEM_11669,Fashion Product 1670,Bottoms,Levi's,47.11,3.7,CUST_1244
ITEM_11670,Fashion Product 1671,Dresses,Zara,59.57,2.6,CUST_1250
ITEM_11671,Fashion Product 1672,Bottoms,Puma,106.07,4.2,CUST_1309
ITEM_11672,Fashion Product 1673,Bottoms,Mango,187.63,3.4,CUST_1039
ITEM_11673,Fashion Product 1674,Accessories,Puma,71.08,3.5,CUST_1309
ITEM_11674,Fashion Product 1675,Tops,Nike,177.67,3.6,CUST_1121
ITEM_11675,Fashion Product 1676,Dresses,Nike,127.96,3.7,CUST_1086
ITEM_11676,Fashion Product 1677,Dresses,Zara,222.51,4.2,CUST_1099
ITEM_11677,Fashion Product 1678,Accessories,Uniqlo,65.9,4.3,CUST_1374
ITEM_11678,Fashion Product 1679,Outerwear,H&M,118.21,4.4,CUST_1246
ITEM_11679,Fashion Product 1680,Outerwear,Gucci,33.2,4.2,CUST_1495
ITEM_11680,Fashion Product 1681,Tops,Nike,90.44,4.5,CUST_1348
ITEM_11681,Fashion Product 1682,Tops,Puma,131.65,2.8,CUST_1394
ITEM_11682,Fashion Product 1683,Footwear,Puma,185.86,4.6,CUST_1208
ITEM_11683,Fashion Product 1684,Accessories,Levi's,57.54,3.5,CUST_1113
ITEM_11684,Fashion Product 1685,Outerwear,Mango,62.34,3.8,CUST_1471
ITEM_11685,Fashion Product 1686,Bottoms,Zara,161.58,3.6,CUST_1083
ITEM_11686,Fashion Product 1687,Dresses,Gucci,101.79,3.7,CUST_1065
ITEM_11687,Fashion Product 1688,Tops,Zara,125.7,3.2,CUST_1001
ITEM_11688,Fashion Product 1689,Dresses,Nike,210.67,2.9,CUST_1437
ITEM_11689,Fashion Product 1690,Dresses,Adidas,129.78,2.8,CUST_1174
ITEM_11690,Fashion Product 1691,Footwear,Gucci,166.6,3.6,CUST_1250
ITEM_11691,Fashion Product 1692,Outerwear,Levi's,167.63,2.8,CUST_1410
ITEM_11692,Fashion Product 1693,Tops,Puma,202.87,3.1,CUST_1226
ITEM_11693,Fashion Product 1694,Dresses,Levi's,163.15,2.8,CUST_1386
ITEM_11694,Fashion Product 1695,Tops,Nike,25.55,2.8,CUST_1284
ITEM_11695,Fashion Product 1696,Bottoms,Adidas,92.12,4.7,CUST_1084
ITEM_11696,Fashion Product 1697,Footwear,Gucci,247.44,4.2,CUST_1490
ITEM_11697,Fashion Product 1698,Bottoms,Zara,57.16,4.8,CUST_1239
ITEM_11698,Fashion Product 1699,Tops,Gucci,150.81,4.1,CUST_1411
ITEM_11699,Fashion Product 1700,Tops,Puma,212.31,4.6,CUST_1028
ITEM_11700,Fashion Product 1701,Outerwear,Zara,150.77,3.9,CUST_1380
ITEM_11701,Fashion Product 1702,Dresses,Mango,99.34,3.7,CUST_1287
ITEM_11702,Fashion Product 1703,Dresses,Zara,29.25,3.8,CUST_1431
ITEM_11703,Fashion Product 1704,Bottoms,H&M,96.8,3.3,CUST_1391
ITEM_11704,Fashion Product 1705,Footwear,Adidas,53.7,4.1,CUST_1328
ITEM_11705,Fashion Product 1706,Accessories,H&M,240.61,4.7,CUST_1480
ITEM_11706,Fashion Product 1707,Dresses,Zara,181.61,4.5,CUST_1459
ITEM_11707,Fashion Product 1708,Outerwear,Mango,189.85,3.7,CUST_1304
ITEM_11708,Fashion Product 1709,Bottoms,Gucci,114.63,4.9,CUST_1282
ITEM_11709,Fashion Product 1710,Bottoms,Gucci,36.39,5.0,CUST_1183
ITEM_11710,Fashion Product 1711,Accessories,Gucci,74.01,3.7,CUST_1345
ITEM_11711,Fashion Product 1712,Outerwear,Mango,72.33,4.7,CUST_1135
ITEM_11712,Fashion Product 1713,Footwear,Nike,126.83,2.5,CUST_1468
ITEM_11713,Fashion Product 1714,Outerwear,Zara,120.64,2.7,CUST_1361
ITEM_11714,Fashion Product 1715,Footwear,H&M,114.02,2.6,CUST_1057
ITEM_11715,Fashion Product 1716,Outerwear,Adidas,129.03,4.4,CUST_1115
ITEM_11716,Fashion Product 1717,Outerwear,Adidas,246.89,2.7,CUST_1186
ITEM_11717,Fashion Product 1718,Tops,Zara,81.6,2.5,CUST_1478
ITEM_11718,Fashion Product 1719,Bottoms,Zara,157.66,2.9,CUST_1376
ITEM_11719,Fashion Product 1720,Outerwear,Levi's,67.48,3.3,CUST_1001
ITEM_11720,Fashion Product 1721,Accessories,H&M,121.99,3.7,CUST_1338
ITEM_11721,Fashion Product 1722,Outerwear,Puma,58.01,2.7,CUST_1456
ITEM_11722,Fashion Product 1723,Dresses,Uniqlo,143.97,3.7,CUST_1029
ITEM_11723,Fashion Product 1724,Bottoms,Puma,73.6,3.1,CUST_1232
ITEM_11724,Fashion Product 1725,Dresses,Gucci,18.83,3.2,CUST_1150
ITEM_11725,Fashion Product 1726,Bottoms,Adidas,205.67,4.6,CUST_1480
ITEM_11726,Fashion Product 1727,Dresses,Zara,40.78,5.0,CUST_1424
ITEM_11727,Fashion Product 1728,Outerwear,Uniqlo,98.33,3.7,CUST_1190
ITEM_11728,Fashion Product 1729,Outerwear,Nike,124.52,3.3,CUST_1270
ITEM_11729,Fashion Product 1730,Tops,Adidas,113.8,4.8,CUST_1248
ITEM_11730,Fashion Product 1731,Accessories,Mango,184.16,3.8,CUST_1386
ITEM_11731,Fashion Product 1732,Dresses,H&M,153.23,4.3,CUST_1419
ITEM_11732,Fashion Product 1733,Footwear,Puma,80.89,3.5,CUST_1327
ITEM_11733,Fashion Product 1734,Tops,Nike,22.41,3.0,CUST_1195
ITEM_11734,Fashion Product 1735,Dresses,Zara,194.22,4.1,CUST_1381
ITEM_11735,Fashion Product 1736,Dresses,Nike,94.61,4.2,CUST_1255
ITEM_11736,Fashion Product 1737,Tops,Levi's,223.53,3.7,CUST_1079
ITEM_11737,Fashion Product 1738,Outerwear,Mango,104.81,3.2,CUST_1363
ITEM_11738,Fashion Product 1739,Dresses,Mango,182.24,4.6,CUST_1098
ITEM_11739,Fashion Product 1740,Outerwear,Uniqlo,235.5,3.2,CUST_1150
ITEM_11740,Fashion Product 1741,Tops,Gucci,166.28,4.1,CUST_1274
ITEM_11741,Fashion Product 1742,Outerwear,Adidas,109.24,3.5,CUST_1302
ITEM_11742,Fashion Product 1743,Bottoms,Puma,146.18,3.7,CUST_1338
ITEM_11743,Fashion Product 1744,Footwear,Levi's,140.43,3.0,CUST_1447
ITEM_11744,Fashion Product 1745,Dresses,Adidas,150.36,4.1,CUST_1123
ITEM_11745,Fashion Product 1746,Accessories,Adidas,45.24,3.1,CUST_1098
ITEM_11746,Fashion Product 1747,Footwear,Uniqlo,177.64,3.7,CUST_1164
ITEM_11747,Fashion Product 1748,Outerwear,Mango,44.81,3.3,CUST_1046
ITEM_11748,Fashion Product 1749,Dresses,H&M,13.51,4.9,CUST_1359
ITEM_11749,Fashion Product 1750,Outerwear,Nike,159.95,5.0,CUST_1239
ITEM_11750,Fashion Product 1751,Bottoms,Zara,38.06,4.4,CUST_1230
ITEM_11751,Fashion Product 1752,Tops,H&M,194.9,5.0,CUST_1293
ITEM_11752,Fashion Product 1753,Dresses,H&M,217.83,2.8,CUST_1244
ITEM_11753,Fashion Product 1754,Bottoms,Gucci,236.74,5.0,CUST_1018
ITEM_11754,Fashion Product 1755,Bottoms,Gucci,169.47,2.8,CUST_1171
ITEM_11755,Fashion Product 1756,Dresses,H&M,125.68,3.5,CUST_1360
ITEM_11756,Fashion Product 1757,Outerwear,Mango,94.55,3.1,CUST_1157
ITEM_11757,Fashion Product 1758,Accessories,Adidas,127.82,4.9,CUST_1204
ITEM_11758,Fashion Product 1759,Bottoms,Nike,55.68,4.1,CUST_1146
ITEM_11759,Fashion Product 1760,Footwear,Adidas,93.62,4.0,CUST_1479
ITEM_11760,Fashion Product 1761,Bottoms,Adidas,182.3,5.0,CUST_1143
ITEM_11761,Fashion Product 1762,Accessories,Adidas,62.18,4.0,CUST_1187
ITEM_11762,Fashion Product 1763,Outerwear,Nike,73.38,4.1,CUST_1488
ITEM_11763,Fashion Product 1764,Outerwear,Nike,189.84,2.6,CUST_1122
ITEM_11764,Fashion Product 1765,Footwear,Uniqlo,52.68,4.6,CUST_1350
ITEM_11765,Fashion Product 1766,Bottoms,Puma,69.01,4.9,CUST_1100
ITEM_11766,Fashion Product 1767,Outerwear,H&M,14.21,4.9,CUST_1284
ITEM_11767,Fashion Product 1768,Accessories,Uniqlo,182.81,3.1,CUST_1437
ITEM_11768,Fashion Product 1769,Dresses,Uniqlo,158.3,3.1,CUST_1015
ITEM_11769,Fashion Product 1770,Tops,Zara,176.65,3.4,CUST_1384
ITEM_11770,Fashion Product 1771,Tops,Gucci,61.44,3.3,CUST_1043
ITEM_11771,Fashion Product 1772,Tops,Zara,174.97,3.3,CUST_1289
ITEM_11772,Fashion Product 1773,Bottoms,Gucci,153.13,4.0,CUST_1386
ITEM_11773,Fashion Product 1774,Footwear,Puma,97.87,4.5,CUST_1187
ITEM_11774,Fashion Product 1775,Outerwear,Levi's,115.08,4.8,CUST_1008
ITEM_11775,Fashion Product 1776,Dresses,Gucci,146.3,2.7,CUST_1112
ITEM_11776,Fashion Product 1777,Accessories,Adidas,128.39,3.2,CUST_1033
ITEM_11777,Fashion Product 1778,Dresses,Gucci,164.04,3.1,CUST_1419
ITEM_11778,Fashion Product 1779,Accessories,Nike,53.44,3.4,CUST_1402
ITEM_11779,Fashion Product 1780,Bottoms,Puma,139.77,3.6,CUST_1090
ITEM_11780,Fashion Product 1781,Tops,Uniqlo,118.07,3.5,CUST_1496
ITEM_11781,Fashion Product 1782,Bottoms,Adidas,120.64,4.9,CUST_1149
ITEM_11782,Fashion Product 1783,Footwear,Levi's,122.65,3.6,CUST_1448
ITEM_11783,Fashion Product 1784,Footwear,Puma,221.55,3.9,CUST_1412
ITEM_11784,Fashion Product 1785,Accessories,Uniqlo,206.47,4.4,CUST_1212
ITEM_11785,Fashion Product 1786,Outerwear,Mango,161.1,4.3,CUST_1116
ITEM_11786,Fashion Product 1787,Outerwear,Puma,181.96,4.0,CUST_1173
ITEM_11787,Fashion Product 1788,Accessories,Levi's,20.27,4.7,CUST_1020
ITEM_11788,Fashion Product 1789,Footwear,Uniqlo,188.56,4.1,CUST_1379
ITEM_11789,Fashion Product 1790,Footwear,Nike,126.68,4.7,CUST_1132
ITEM_11790,Fashion Product 1791,Footwear,Gucci,86.26,3.3,CUST_1292
ITEM_11791,Fashion Product 1792,Bottoms,Zara,43.55,2.8,CUST_1354
ITEM_11792,Fashion Product 1793,Footwear,Levi's,28.05,4.5,CUST_1237
ITEM_11793,Fashion Product 1794,Dresses,Zara,20.77,3.5,CUST_1077
ITEM_11794,Fashion Product 1795,Tops,H&M,48.83,4.1,CUST_1223
ITEM_11795,Fashion Product 1796,Footwear,Gucci,17.23,4.3,CUST_1436
ITEM_11796,Fashion Product 1797,Accessories,Levi's,185.83,3.3,CUST_1126
ITEM_11797,Fashion Product 1798,Tops,Puma,69.67,3.8,CUST_1039
ITEM_11798,Fashion Product 1799,Bottoms,Nike,98.5,4.7,CUST_1327
ITEM_11799,Fashion Product 1800,Accessories,Puma,207.45,4.7,CUST_1209
ITEM_11800,Fashion Product 1801,Tops,Mango,37.52,4.4,CUST_1106
ITEM_11801,Fashion Product 1802,Accessories,H&M,210.54,4.4,CUST_1140
ITEM_11802,Fashion Product 1803,Bottoms,Nike,163.49,4.7,CUST_1249
ITEM_11803,Fashion Product 1804,Dresses,Adidas,92.09,4.3,CUST_1055
ITEM_11804,Fashion Product 1805,Bottoms,Uniqlo,38.27,3.3,CUST_1118
ITEM_11805,Fashion Product 1806,Bottoms,H&M,31.96,2.8,CUST_1350
ITEM_11806,Fashion Product 1807,Accessories,Uniqlo,90.52,3.6,CUST_1176
ITEM_11807,Fashion Product 1808,Outerwear,Gucci,43.68,2.7,CUST_1354
ITEM_11808,Fashion Product 1809,Footwear,Adidas,74.25,2.8,CUST_1470
ITEM_11809,Fashion Product 1810,Footwear,Adidas,22.71,4.9,CUST_1213
ITEM_11810,Fashion Product 1811,Dresses,Nike,152.8,4.2,CUST_1265
ITEM_11811,Fashion Product 1812,Dresses,Gucci,44.87,4.6,CUST_1140
ITEM_11812,Fashion Product 1813,Footwear,Mango,191.62,4.1,CUST_1465
ITEM_11813,Fashion Product 1814,Outerwear,H&M,62.36,3.5,CUST_1464
ITEM_11814,Fashion Product 1815,Footwear,H&M,201.51,2.6,CUST_1325
ITEM_11815,Fashion Product 1816,Outerwear,Levi's,55.57,4.9,CUST_1339
ITEM_11816,Fashion Product 1817,Dresses,Puma,183.13,2.7,CUST_1441
ITEM_11817,Fashion Product 1818,Tops,Levi's,89.94,4.0,CUST_1284
ITEM_11818,Fashion Product 1819,Accessories,Mango,149.95,2.8,CUST_1273
ITEM_11819,Fashion Product 1820,Dresses,Adidas,19.28,3.2,CUST_1022
ITEM_11820,Fashion Product 1821,Dresses,Zara,128.86,3.0,CUST_1419
ITEM_11821,Fashion Product 1822,Bottoms,Mango,45.69,3.9,CUST_1369
ITEM_11822,Fashion Product 1823,Bottoms,Mango,126.72,4.7,CUST_1187
ITEM_11823,Fashion Product 1824,Bottoms,Nike,43.93,4.1,CUST_1207
ITEM_11824,Fashion Product 1825,Accessories,Nike,114.9,4.2,CUST_1147
ITEM_11825,Fashion Product 1826,Bottoms,Nike,36.55,4.8,CUST_1495
ITEM_11826,Fashion Product 1827,Outerwear,Nike,62.79,4.4,CUST_1434
ITEM_11827,Fashion Product 1828,Footwear,Puma,152.82,4.7,CUST_1154
ITEM_11828,Fashion Product 1829,Tops,H&M,244.4,3.5,CUST_1108
ITEM_11829,Fashion Product 1830,Dresses,H&M,117.8,4.7,CUST_1316
ITEM_11830,Fashion Product 1831,Outerwear,Nike,174.92,4.1,CUST_1300
ITEM_11831,Fashion Product 1832,Tops,Puma,139.46,2.8,CUST_1440
ITEM_11832,Fashion Product 1833,Outerwear,Nike,129.61,2.6,CUST_1483
ITEM_11833,Fashion Product 1834,Outerwear,Puma,25.53,3.1,CUST_1299
ITEM_11834,Fashion Product 1835,Dresses,Levi's,44.63,3.4,CUST_1151
ITEM_11835,Fashion Product 1836,Footwear,Uniqlo,221.93,4.6,CUST_1458
ITEM_11836,Fashion Product 1837,Bottoms,Puma,108.44,4.4,CUST_1406
ITEM_11837,Fashion Product 1838,Accessories,Levi's,157.44,4.9,CUST_1175
ITEM_11838,Fashion Product 1839,Footwear,Gucci,136.78,3.9,CUST_1055
ITEM_11839,Fashion Product 1840,Accessories,Gucci,100.93,4.4,CUST_1267
ITEM_11840,Fashion Product 1841,Dresses,Levi's,103.08,3.2,CUST_1311
ITEM_11841,Fashion Product 1842,Dresses,Adidas,143.31,4.2,CUST_1154
ITEM_11842,Fashion Product 1843,Dresses,Adidas,43.87,4.3,CUST_1385
ITEM_11843,Fashion Product 1844,Tops,Nike,102.94,4.6,CUST_1484
ITEM_11844,Fashion Product 1845,Accessories,Adidas,117.27,3.8,CUST_1190
ITEM_11845,Fashion Product 1846,Footwear,Gucci,246.43,4.1,CUST_1149
ITEM_11846,Fashion Product 1847,Footwear,Adidas,94.35,3.0,CUST_1008
ITEM_11847,Fashion Product 1848,Outerwear,Uniqlo,164.7,4.3,CUST_1148
ITEM_11848,Fashion Product 1849,Outerwear,Gucci,42.98,4.6,CUST_1173
ITEM_11849,Fashion Product 1850,Outerwear,Puma,25.72,4.0,CUST_1081
ITEM_11850,Fashion Product 1851,Dresses,Mango,219.17,2.8,CUST_1079
ITEM_11851,Fashion Product 1852,Footwear,Adidas,185.38,3.3,CUST_1469
ITEM_11852,Fashion Product 1853,Accessories,Adidas,86.2,3.7,CUST_1321
ITEM_11853,Fashion Product 1854,Dresses,H&M,131.1,4.2,CUST_1060
ITEM_11854,Fashion Product 1855,Tops,Uniqlo,42.58,3.3,CUST_1451
ITEM_11855,Fashion Product 1856,Outerwear,Gucci,179.72,4.6,CUST_1095
ITEM_11856,Fashion Product 1857,Dresses,Gucci,26.88,3.4,CUST_1312
ITEM_11857,Fashion Product 1858,Dresses,Zara,191.69,2.6,CUST_1128
ITEM_11858,Fashion Product 1859,Tops,H&M,141.24,4.5,CUST_1122
ITEM_11859,Fashion Product 1860,Bottoms,Adidas,76.92,4.1,CUST_1287
ITEM_11860,Fashion Product 1861,Footwear,Levi's,217.02,4.5,CUST_1341
ITEM_11861,Fashion Product 1862,Accessories,Puma,246.66,3.4,CUST_1087
ITEM_11862,Fashion Product 1863,Bottoms,Adidas,71.04,2.5,CUST_1382
ITEM_11863,Fashion Product 1864,Outerwear,Zara,203.5,2.7,CUST_1081
ITEM_11864,Fashion Product 1865,Dresses,Mango,190.04,2.8,CUST_1022
ITEM_11865,Fashion Product 1866,Tops,Gucci,189.33,4.5,CUST_1252
ITEM_11866,Fashion Product 1867,Tops,Puma,239.74,3.3,CUST_1190
ITEM_11867,Fashion Product 1868,Footwear,H&M,126.79,5.0,CUST_1312
ITEM_11868,Fashion Product 1869,Bottoms,Adidas,171.8,4.4,CUST_1086
ITEM_11869,Fashion Product 1870,Footwear,Uniqlo,207.73,4.0,CUST_1484
ITEM_11870,Fashion Product 1871,Dresses,Levi's,125.09,5.0,CUST_1379
ITEM_11871,Fashion Product 1872,Footwear,Zara,125.54,3.3,CUST_1456
ITEM_11872,Fashion Product 1873,Accessories,Mango,86.48,2.9,CUST_1367
ITEM_11873,Fashion Product 1874,Tops,Nike,197.4,4.3,CUST_1008
ITEM_11874,Fashion Product 1875,Tops,Levi's,174.69,3.2,CUST_1318
ITEM_11875,Fashion Product 1876,Outerwear,Adidas,118.27,4.9,CUST_1334
ITEM_11876,Fashion Product 1877,Outerwear,Mango,110.64,5.0,CUST_1230
ITEM_11877,Fashion Product 1878,Dresses,Levi's,27.42,4.8,CUST_1152
ITEM_11878,Fashion Product 1879,Accessories,Levi's,11.56,4.9,CUST_1278
ITEM_11879,Fashion Product 1880,Bottoms,Gucci,136.93,4.0,CUST_1015
ITEM_11880,Fashion Product 1881,Footwear,Levi's,110.2,4.2,CUST_1468
ITEM_11881,Fashion Product 1882,Dresses,Uniqlo,201.05,2.7,CUST_1475
ITEM_11882,Fashion Product 1883,Outerwear,Mango,140.24,4.4,CUST_1412
ITEM_11883,Fashion Product 1884,Footwear,Adidas,234.81,3.0,CUST_1406
ITEM_11884,Fashion Product 1885,Outerwear,Adidas,57.07,4.6,CUST_1287
ITEM_11885,Fashion Product 1886,Footwear,Uniqlo,247.64,4.9,CUST_1457
ITEM_11886,Fashion Product 1887,Bottoms,H&M,81.5,3.0,CUST_1248
ITEM_11887,Fashion Product 1888,Dresses,Mango,164.18,2.7,CUST_1255
ITEM_11888,Fashion Product 1889,Footwear,Levi's,130.44,3.7,CUST_1446
ITEM_11889,Fashion Product 1890,Accessories,Zara,96.3,4.5,CUST_1343
ITEM_11890,Fashion Product 1891,Tops,Puma,43.43,4.4,CUST_1325
ITEM_11891,Fashion Product 1892,Accessories,Mango,42.36,4.2,CUST_1365
ITEM_11892,Fashion Product 1893,Accessories,Nike,180.76,4.6,CUST_1167
ITEM_11893,Fashion Product 1894,Tops,Zara,100.63,2.9,CUST_1081
ITEM_11894,Fashion Product 1895,Accessories,Uniqlo,240.71,4.1,CUST_1296
ITEM_11895,Fashion Product 1896,Footwear,Levi's,88.16,4.0,CUST_1069
ITEM_11896,Fashion Product 1897,Footwear,H&M,246.05,2.9,CUST_1183
ITEM_11897,Fashion Product 1898,Footwear,Nike,59.3,3.5,CUST_1327
ITEM_11898,Fashion Product 1899,Tops,H&M,34.68,4.6,CUST_1064
ITEM_11899,Fashion Product 1900,Accessories,H&M,85.02,4.9,CUST_1264
ITEM_11900,Fashion Product 1901,Tops,Gucci,222.54,4.2,CUST_1327
ITEM_11901,Fashion Product 1902,Footwear,Nike,135.24,4.8,CUST_1086
ITEM_11902,Fashion Product 1903,Accessories,Puma,42.56,2.8,CUST_1044
ITEM_11903,Fashion Product 1904,Accessories,Gucci,58.6,4.9,CUST_1294
ITEM_11904,Fashion Product 1905,Outerwear,Nike,84.7,2.6,CUST_1373
ITEM_11905,Fashion Product 1906,Outerwear,H&M,151.64,3.8,CUST_1149
ITEM_11906,Fashion Product 1907,Bottoms,Gucci,89.77,3.2,CUST_1260
ITEM_11907,Fashion Product 1908,Dresses,Nike,189.29,4.5,CUST_1416
ITEM_11908,Fashion Product 1909,Outerwear,Puma,157.91,3.0,CUST_1311
ITEM_11909,Fashion Product 1910,Tops,Zara,219.72,2.5,CUST_1349
ITEM_11910,Fashion Product 1911,Outerwear,Mango,130.23,3.5,CUST_1444
ITEM_11911,Fashion Product 1912,Bottoms,Levi's,89.48,2.7,CUST_1059
ITEM_11912,Fashion Product 1913,Accessories,Nike,249.11,3.2,CUST_1094
ITEM_11913,Fashion Product 1914,Bottoms,Puma,95.35,4.1,CUST_1323
ITEM_11914,Fashion Product 1915,Accessories,Mango,112.86,3.2,CUST_1005
ITEM_11915,Fashion Product 1916,Accessories,Gucci,204.19,3.1,CUST_1083
ITEM_11916,Fashion Product 1917,Dresses,Nike,31.27,2.9,CUST_1328
ITEM_11917,Fashion Product 1918,Outerwear,Nike,102.76,2.8,CUST_1383
ITEM_11918,Fashion Product 1919,Tops,Uniqlo,30.57,3.8,CUST_1037
ITEM_11919,Fashion Product 1920,Tops,Nike,43.43,4.2,CUST_1479
ITEM_11920,Fashion Product 1921,Footwear,Levi's,11.11,3.6,CUST_1027
ITEM_11921,Fashion Product 1922,Accessories,Uniqlo,12.29,2.8,CUST_1013
ITEM_11922,Fashion Product 1923,Tops,Mango,101.27,4.1,CUST_1490
ITEM_11923,Fashion Product 1924,Dresses,Gucci,204.2,3.9,CUST_1390
ITEM_11924,Fashion Product 1925,Accessories,Gucci,150.88,3.5,CUST_1065
ITEM_11925,Fashion Product 1926,Dresses,Adidas,162.38,3.3,CUST_1414
ITEM_11926,Fashion Product 1927,Tops,Adidas,134.62,3.0,CUST_1203
ITEM_11927,Fashion Product 1928,Tops,Mango,206.75,2.9,CUST_1180
ITEM_11928,Fashion Product 1929,Footwear,Puma,221.29,3.3,CUST_1297
ITEM_11929,Fashion Product 1930,Tops,Puma,213.94,2.6,CUST_1479
ITEM_11930,Fashion Product 1931,Accessories,Uniqlo,204.91,3.6,CUST_1464
ITEM_11931,Fashion Product 1932,Accessories,Mango,53.85,4.0,CUST_1271
ITEM_11932,Fashion Product 1933,Accessories,Puma,152.53,4.9,CUST_1389
ITEM_11933,Fashion Product 1934,Footwear,Adidas,149.72,4.1,CUST_1015
ITEM_11934,Fashion Product 1935,Footwear,Adidas,136.71,4.1,CUST_1001
ITEM_11935,Fashion Product 1936,Tops,H&M,125.4,3.4,CUST_1271
ITEM_11936,Fashion Product 1937,Bottoms,Puma,31.4,2.8,CUST_1484
ITEM_11937,Fashion Product 1938,Bottoms,Mango,34.52,3.6,CUST_1444
ITEM_11938,Fashion Product 1939,Footwear,Zara,226.55,4.0,CUST_1048
ITEM_11939,Fashion Product 1940,Tops,Uniqlo,161.24,4.3,CUST_1182
ITEM_11940,Fashion Product 1941,Bottoms,Nike,72.96,4.6,CUST_1487
ITEM_11941,Fashion Product 1942,Tops,Nike,77.03,3.1,CUST_1183
ITEM_11942,Fashion Product 1943,Tops,Puma,156.45,3.1,CUST_1328
ITEM_11943,Fashion Product 1944,Tops,Uniqlo,107.66,3.9,CUST_1373
ITEM_11944,Fashion Product 1945,Outerwear,Gucci,115.92,3.9,CUST_1214
ITEM_11945,Fashion Product 1946,Accessories,Levi's,24.56,3.0,CUST_1027
ITEM_11946,Fashion Product 1947,Tops,Nike,43.3,4.0,CUST_1226
ITEM_11947,Fashion Product 1948,Outerwear,Adidas,104.4,3.4,CUST_1158
ITEM_11948,Fashion Product 1949,Footwear,Uniqlo,177.92,4.1,CUST_1460
ITEM_11949,Fashion Product 1950,Bottoms,Mango,21.53,3.2,CUST_1060
ITEM_11950,Fashion Product 1951,Accessories,Uniqlo,90.29,4.0,CUST_1066
ITEM_11951,Fashion Product 1952,Bottoms,Gucci,176.82,4.4,CUST_1174
ITEM_11952,Fashion Product 1953,Accessories,Nike,200.09,5.0,CUST_1499
ITEM_11953,Fashion Product 1954,Bottoms,Adidas,55.65,4.8,CUST_1052
ITEM_11954,Fashion Product 1955,Accessories,Zara,185.56,3.8,CUST_1486
ITEM_11955,Fashion Product 1956,Bottoms,Mango,239.3,3.7,CUST_1470
ITEM_11956,Fashion Product 1957,Bottoms,Adidas,227.63,3.6,CUST_1243
ITEM_11957,Fashion Product 1958,Bottoms,Gucci,199.45,2.6,CUST_1337
ITEM_11958,Fashion Product 1959,Bottoms,Levi's,180.96,2.9,CUST_1291
ITEM_11959,Fashion Product 1960,Footwear,Gucci,66.43,2.6,CUST_1244
ITEM_11960,Fashion Product 1961,Tops,Gucci,162.14,4.2,CUST_1121
ITEM_11961,Fashion Product 1962,Dresses,Nike,164.39,3.5,CUST_1042
ITEM_11962,Fashion Product 1963,Outerwear,Uniqlo,107.64,2.7,CUST_1184
ITEM_11963,Fashion Product 1964,Dresses,Uniqlo,128.32,4.2,CUST_1045
ITEM_11964,Fashion Product 1965,Dresses,Adidas,176.57,4.1,CUST_1052
ITEM_11965,Fashion Product 1966,Accessories,Levi's,238.5,4.3,CUST_1151
ITEM_11966,Fashion Product 1967,Tops,Levi's,80.87,4.0,CUST_1413
ITEM_11967,Fashion Product 1968,Accessories,Zara,69.13,2.9,CUST_1029
ITEM_11968,Fashion Product 1969,Tops,Gucci,154.43,2.7,CUST_1057
ITEM_11969,Fashion Product 1970,Tops,Zara,41.39,4.5,CUST_1498
ITEM_11970,Fashion Product 1971,Bottoms,H&M,149.81,3.0,CUST_1275
ITEM_11971,Fashion Product 1972,Footwear,Puma,31.32,3.9,CUST_1209
ITEM_11972,Fashion Product 1973,Bottoms,Gucci,127.74,3.7,CUST_1008
ITEM_11973,Fashion Product 1974,Footwear,Zara,158.9,4.8,CUST_1434
ITEM_11974,Fashion Product 1975,Accessories,Nike,26.83,3.9,CUST_1391
ITEM_11975,Fashion Product 1976,Footwear,Puma,59.67,4.0,CUST_1247
ITEM_11976,Fashion Product 1977,Accessories,Levi's,90.49,3.3,CUST_1395
ITEM_11977,Fashion Product 1978,Dresses,Gucci,98.46,4.9,CUST_1195
ITEM_11978,Fashion Product 1979,Dresses,Gucci,172.27,4.0,CUST_1322
ITEM_11979,Fashion Product 1980,Footwear,Levi's,136.97,2.5,CUST_1339
ITEM_11980,Fashion Product 1981,Footwear,Nike,101.71,3.9,CUST_1412
ITEM_11981,Fashion Product 1982,Accessories,Gucci,118.16,3.4,CUST_1440
ITEM_11982,Fashion Product 1983,Bottoms,Zara,13.11,2.6,CUST_1028
ITEM_11983,Fashion Product 1984,Accessories,Gucci,194.93,3.6,CUST_1345
ITEM_11984,Fashion Product 1985,Bottoms,Puma,19.84,4.4,CUST_1331
ITEM_11985,Fashion Product 1986,Dresses,Gucci,209.04,3.8,CUST_1296
ITEM_11986,Fashion Product 1987,Tops,Zara,139.84,4.1,CUST_1235
ITEM_11987,Fashion Product 1988,Footwear,Mango,136.68,4.1,CUST_1130
ITEM_11988,Fashion Product 1989,Bottoms,Puma,179.1,4.2,CUST_1076
ITEM_11989,Fashion Product 1990,Accessories,Adidas,216.29,3.5,CUST_1445
ITEM_11990,Fashion Product 1991,Dresses,Adidas,236.24,3.4,CUST_1233
ITEM_11991,Fashion Product 1992,Bottoms,Puma,140.41,2.5,CUST_1230
ITEM_11992,Fashion Product 1993,Accessories,Nike,46.16,2.9,CUST_1332
ITEM_11993,Fashion Product 1994,Footwear,Mango,220.87,4.9,CUST_1370
ITEM_11994,Fashion Product 1995,Footwear,Puma,19.76,4.6,CUST_1409
ITEM_11995,Fashion Product 1996,Outerwear,Zara,203.76,3.2,CUST_1485
ITEM_11996,Fashion Product 1997,Tops,H&M,173.3,3.5,CUST_1351
ITEM_11997,Fashion Product 1998,Outerwear,Uniqlo,227.13,4.8,CUST_1310
ITEM_11998,Fashion Product 1999,Dresses,Gucci,225.39,3.1,CUST_1401
ITEM_11999,Fashion Product 2000,Bottoms,Mango,22.76,3.8,CUST_1432
ITEM_12000,Fashion Product 2001,Dresses,Zara,156.27,2.6,CUST_1396
ITEM_12001,Fashion Product 2002,Accessories,Adidas,39.92,4.0,CUST_1189
ITEM_12002,Fashion Product 2003,Footwear,Puma,28.83,4.8,CUST_1478
ITEM_12003,Fashion Product 2004,Outerwear,Mango,117.59,4.7,CUST_1002
ITEM_12004,Fashion Product 2005,Outerwear,Levi's,33.42,3.8,CUST_1336
ITEM_12005,Fashion Product 2006,Outerwear,Gucci,184.7,4.1,CUST_1065
ITEM_12006,Fashion Product 2007,Dresses,Uniqlo,242.55,3.9,CUST_1052
ITEM_12007,Fashion Product 2008,Footwear,Adidas,146.7,2.7,CUST_1034
ITEM_12008,Fashion Product 2009,Bottoms,Puma,66.44,2.9,CUST_1301
ITEM_12009,Fashion Product 2010,Accessories,Gucci,212.37,4.9,CUST_1240
ITEM_12010,Fashion Product 2011,Bottoms,Adidas,214.74,3.1,CUST_1129
ITEM_12011,Fashion Product 2012,Dresses,Levi's,185.87,3.5,CUST_1243
ITEM_12012,Fashion Product 2013,Accessories,Uniqlo,157.63,3.8,CUST_1356
ITEM_12013,Fashion Product 2014,Outerwear,Uniqlo,218.27,4.9,CUST_1308
ITEM_12014,Fashion Product 2015,Tops,Gucci,49.19,4.2,CUST_1323
ITEM_12015,Fashion Product 2016,Dresses,Zara,233.58,4.1,CUST_1098
ITEM_12016,Fashion Product 2017,Dresses,Gucci,237.33,3.8,CUST_1076
ITEM_12017,Fashion Product 2018,Footwear,Adidas,219.28,4.3,CUST_1312
ITEM_12018,Fashion Product 2019,Bottoms,Zara,70.16,4.2,CUST_1442
ITEM_12019,Fashion Product 2020,Dresses,Uniqlo,215.96,4.8,CUST_1365
ITEM_12020,Fashion Product 2021,Dresses,H&M,129.43,3.9,CUST_1219
ITEM_12021,Fashion Product 2022,Outerwear,Uniqlo,152.78,3.6,CUST_1306
ITEM_12022,Fashion Product 2023,Outerwear,Gucci,211.74,4.5,CUST_1101
ITEM_12023,Fashion Product 2024,Accessories,Adidas,17.1,4.5,CUST_1119
ITEM_12024,Fashion Product 2025,Tops,Zara,97.11,2.9,CUST_1409
ITEM_12025,Fashion Product 2026,Footwear,Puma,205.77,3.1,CUST_1140
ITEM_12026,Fashion Product 2027,Tops,Zara,205.35,4.9,CUST_1371
ITEM_12027,Fashion Product 2028,Accessories,Levi's,213.69,3.6,CUST_1225
ITEM_12028,Fashion Product 2029,Outerwear,Nike,50.61,3.8,CUST_1255
ITEM_12029,Fashion Product 2030,Bottoms,Nike,179.41,3.3,CUST_1073
ITEM_12030,Fashion Product 2031,Outerwear,Mango,45.16,3.7,CUST_1449
ITEM_12031,Fashion Product 2032,Footwear,Mango,198.42,4.4,CUST_1312
ITEM_12032,Fashion Product 2033,Outerwear,Mango,68.83,3.7,CUST_1306
ITEM_12033,Fashion Product 2034,Footwear,Zara,187.08,3.3,CUST_1471
ITEM_12034,Fashion Product 2035,Footwear,Adidas,119.2,2.7,CUST_1156
ITEM_12035,Fashion Product 2036,Footwear,Mango,246.7,4.8,CUST_1259
ITEM_12036,Fashion Product 2037,Accessories,Gucci,149.17,4.7,CUST_1422
ITEM_12037,Fashion Product 2038,Footwear,Zara,161.82,4.5,CUST_1064
ITEM_12038,Fashion Product 2039,Footwear,Adidas,98.36,4.2,CUST_1310
ITEM_12039,Fashion Product 2040,Bottoms,Nike,186.28,3.8,CUST_1036
ITEM_12040,Fashion Product 2041,Tops,H&M,128.77,4.7,CUST_1248
ITEM_12041,Fashion Product 2042,Dresses,Gucci,14.34,4.5,CUST_1428
ITEM_12042,Fashion Product 2043,Tops,Puma,156.06,4.5,CUST_1044
ITEM_12043,Fashion Product 2044,Footwear,Puma,209.31,3.3,CUST_1453
ITEM_12044,Fashion Product 2045,Bottoms,Adidas,66.83,3.6,CUST_1119
ITEM_12045,Fashion Product 2046,Outerwear,Levi's,63.06,4.3,CUST_1349
ITEM_12046,Fashion Product 2047,Bottoms,Adidas,156.13,3.4,CUST_1181
ITEM_12047,Fashion Product 2048,Footwear,H&M,206.32,3.7,CUST_1397
ITEM_12048,Fashion Product 2049,Bottoms,Nike,69.91,4.1,CUST_1428
ITEM_12049,Fashion Product 2050,Bottoms,Uniqlo,233.74,3.6,CUST_1388
ITEM_12050,Fashion Product 2051,Footwear,Adidas,232.57,4.5,CUST_1070
ITEM_12051,Fashion Product 2052,Accessories,Nike,58.13,2.8,CUST_1435
ITEM_12052,Fashion Product 2053,Bottoms,Puma,73.31,4.3,CUST_1358
ITEM_12053,Fashion Product 2054,Dresses,Adidas,178.14,2.9,CUST_1454
ITEM_12054,Fashion Product 2055,Dresses,Adidas,238.42,4.8,CUST_1267
ITEM_12055,Fashion Product 2056,Bottoms,Mango,180.37,3.3,CUST_1219
ITEM_12056,Fashion Product 2057,Accessories,Puma,116.78,4.5,CUST_1438
ITEM_12057,Fashion Product 2058,Outerwear,Gucci,50.56,3.8,CUST_1366
ITEM_12058,Fashion Product 2059,Footwear,Levi's,120.64,2.7,CUST_1190
ITEM_12059,Fashion Product 2060,Dresses,Uniqlo,155.62,4.0,CUST_1256
ITEM_12060,Fashion Product 2061,Outerwear,Adidas,89.43,4.8,CUST_1187
ITEM_12061,Fashion Product 2062,Bottoms,Adidas,132.46,2.9,CUST_1227
ITEM_12062,Fashion Product 2063,Outerwear,Gucci,41.25,3.3,CUST_1061
ITEM_12063,Fashion Product 2064,Tops,Levi's,118.53,3.6,CUST_1168
ITEM_12064,Fashion Product 2065,Dresses,Puma,31.79,3.2,CUST_1132
ITEM_12065,Fashion Product 2066,Bottoms,Adidas,21.78,4.9,CUST_1155
ITEM_12066,Fashion Product 2067,Footwear,Nike,215.74,3.4,CUST_1272
ITEM_12067,Fashion Product 2068,Accessories,Zara,59.22,4.1,CUST_1210
ITEM_12068,Fashion Product 2069,Bottoms,Levi's,148.04,3.1,CUST_1007
ITEM_12069,Fashion Product 2070,Footwear,Adidas,45.76,3.0,CUST_1011
ITEM_12070,Fashion Product 2071,Accessories,Levi's,73.01,2.9,CUST_1200
ITEM_12071,Fashion Product 2072,Accessories,Uniqlo,96.72,3.6,CUST_1251
ITEM_12072,Fashion Product 2073,Bottoms,Adidas,44.48,3.8,CUST_1064
ITEM_12073,Fashion Product 2074,Outerwear,Uniqlo,21.03,2.5,CUST_1180
ITEM_12074,Fashion Product 2075,Outerwear,H&M,220.52,4.6,CUST_1128
ITEM_12075,Fashion Product 2076,Accessories,Zara,12.84,3.8,CUST_1262
ITEM_12076,Fashion Product 2077,Outerwear,Gucci,24.72,2.9,CUST_1120
ITEM_12077,Fashion Product 2078,Tops,Uniqlo,203.22,2.7,CUST_1048
ITEM_12078,Fashion Product 2079,Accessories,Adidas,77.68,2.7,CUST_1069
ITEM_12079,Fashion Product 2080,Accessories,Mango,183.48,3.1,CUST_1377
ITEM_12080,Fashion Product 2081,Footwear,Gucci,45.09,3.7,CUST_1262
ITEM_12081,Fashion Product 2082,Outerwear,Gucci,66.95,4.7,CUST_1230
ITEM_12082,Fashion Product 2083,Accessories,Puma,147.47,4.8,CUST_1252
ITEM_12083,Fashion Product 2084,Tops,Uniqlo,247.27,4.6,CUST_1445
ITEM_12084,Fashion Product 2085,Footwear,Mango,27.63,3.3,CUST_1450
ITEM_12085,Fashion Product 2086,Bottoms,Uniqlo,106.13,3.3,CUST_1479
ITEM_12086,Fashion Product 2087,Accessories,Puma,20.34,5.0,CUST_1231
ITEM_12087,Fashion Product 2088,Tops,Zara,57.81,4.2,CUST_1224
ITEM_12088,Fashion Product 2089,Dresses,Adidas,227.79,3.3,CUST_1457
ITEM_12089,Fashion Product 2090,Tops,Uniqlo,33.15,3.3,CUST_1207
ITEM_12090,Fashion Product 2091,Tops,Puma,215.65,3.6,CUST_1341
ITEM_12091,Fashion Product 2092,Footwear,Levi's,52.67,4.1,CUST_1366
ITEM_12092,Fashion Product 2093,Bottoms,Adidas,216.83,4.7,CUST_1437
ITEM_12093,Fashion Product 2094,Dresses,Uniqlo,139.13,3.0,CUST_1028
ITEM_12094,Fashion Product 2095,Outerwear,Levi's,220.77,2.7,CUST_1365
ITEM_12095,Fashion Product 2096,Outerwear,Adidas,46.41,3.5,CUST_1219
ITEM_12096,Fashion Product 2097,Tops,Levi's,192.89,3.1,CUST_1389
ITEM_12097,Fashion Product 2098,Footwear,Gucci,173.37,3.9,CUST_1337
ITEM_12098,Fashion Product 2099,Footwear,Uniqlo,140.3,4.2,CUST_1101
ITEM_12099,Fashion Product 2100,Outerwear,Puma,204.54,3.3,CUST_1058
ITEM_12100,Fashion Product 2101,Dresses,Adidas,165.59,4.2,CUST_1024
ITEM_12101,Fashion Product 2102,Bottoms,Uniqlo,220.49,3.4,CUST_1415
ITEM_12102,Fashion Product 2103,Dresses,Adidas,101.45,4.1,CUST_1227
ITEM_12103,Fashion Product 2104,Accessories,Adidas,151.58,4.1,CUST_1169
ITEM_12104,Fashion Product 2105,Accessories,Levi's,218.94,3.2,CUST_1489
ITEM_12105,Fashion Product 2106,Bottoms,Levi's,61.56,4.1,CUST_1246
ITEM_12106,Fashion Product 2107,Outerwear,Mango,126.58,3.5,CUST_1324
ITEM_12107,Fashion Product 2108,Bottoms,Uniqlo,240.58,3.3,CUST_1212
ITEM_12108,Fashion Product 2109,Footwear,H&M,123.66,3.2,CUST_1363
ITEM_12109,Fashion Product 2110,Accessories,Nike,70.68,3.4,CUST_1465
ITEM_12110,Fashion Product 2111,Tops,H&M,94.26,4.5,CUST_1430
ITEM_12111,Fashion Product 2112,Tops,Adidas,222.42,3.1,CUST_1266
ITEM_12112,Fashion Product 2113,Outerwear,Mango,239.17,4.2,CUST_1421
ITEM_12113,Fashion Product 2114,Footwear,Adidas,238.03,4.8,CUST_1405
ITEM_12114,Fashion Product 2115,Dresses,H&M,177.75,3.4,CUST_1021
ITEM_12115,Fashion Product 2116,Footwear,Adidas,132.3,2.6,CUST_1124
ITEM_12116,Fashion Product 2117,Tops,Levi's,53.85,2.6,CUST_1369
ITEM_12117,Fashion Product 2118,Tops,Uniqlo,39.57,2.8,CUST_1464
ITEM_12118,Fashion Product 2119,Accessories,H&M,24.34,2.8,CUST_1097
ITEM_12119,Fashion Product 2120,Footwear,Nike,14.25,4.4,CUST_1138
ITEM_12120,Fashion Product 2121,Footwear,Nike,220.75,3.2,CUST_1492
ITEM_12121,Fashion Product 2122,Tops,Levi's,204.18,4.1,CUST_1338
ITEM_12122,Fashion Product 2123,Dresses,Uniqlo,146.28,2.6,CUST_1353
ITEM_12123,Fashion Product 2124,Outerwear,Zara,249.69,3.2,CUST_1093
ITEM_12124,Fashion Product 2125,Outerwear,Zara,238.73,3.1,CUST_1095
ITEM_12125,Fashion Product 2126,Footwear,Puma,167.23,3.2,CUST_1024
ITEM_12126,Fashion Product 2127,Outerwear,Puma,121.5,3.0,CUST_1380
ITEM_12127,Fashion Product 2128,Tops,H&M,46.52,4.0,CUST_1396
ITEM_12128,Fashion Product 2129,Tops,Levi's,133.74,4.2,CUST_1404
ITEM_12129,Fashion Product 2130,Footwear,Levi's,47.86,2.9,CUST_1454
ITEM_12130,Fashion Product 2131,Footwear,Adidas,105.63,4.4,CUST_1136
ITEM_12131,Fashion Product 2132,Accessories,Nike,236.24,3.1,CUST_1334
ITEM_12132,Fashion Product 2133,Footwear,Nike,92.07,3.2,CUST_1133
ITEM_12133,Fashion Product 2134,Dresses,Nike,46.67,4.6,CUST_1054
ITEM_12134,Fashion Product 2135,Outerwear,Mango,149.78,4.8,CUST_1292
ITEM_12135,Fashion Product 2136,Footwear,Uniqlo,154.57,4.6,CUST_1112
ITEM_12136,Fashion Product 2137,Bottoms,Gucci,56.51,2.9,CUST_1422
ITEM_12137,Fashion Product 2138,Accessories,Adidas,57.18,5.0,CUST_1131
ITEM_12138,Fashion Product 2139,Bottoms,Zara,247.49,4.2,CUST_1420
ITEM_12139,Fashion Product 2140,Tops,Levi's,68.39,3.8,CUST_1278
ITEM_12140,Fashion Product 2141,Outerwear,Zara,211.17,4.9,CUST_1264
ITEM_12141,Fashion Product 2142,Footwear,Mango,122.88,4.5,CUST_1445
ITEM_12142,Fashion Product 2143,Bottoms,Zara,114.4,4.2,CUST_1382
ITEM_12143,Fashion Product 2144,Outerwear,Nike,80.79,4.6,CUST_1078
ITEM_12144,Fashion Product 2145,Tops,Adidas,195.72,3.5,CUST_1263
ITEM_12145,Fashion Product 2146,Dresses,Puma,221.36,4.2,CUST_1068
ITEM_12146,Fashion Product 2147,Accessories,Gucci,72.67,3.0,CUST_1062
ITEM_12147,Fashion Product 2148,Outerwear,Levi's,32.82,5.0,CUST_1403
ITEM_12148,Fashion Product 2149,Outerwear,Mango,42.86,4.0,CUST_1363
ITEM_12149,Fashion Product 2150,Dresses,Levi's,200.27,4.5,CUST_1175
ITEM_12150,Fashion Product 2151,Outerwear,Gucci,114.6,3.5,CUST_1280
ITEM_12151,Fashion Product 2152,Tops,Levi's,41.66,4.4,CUST_1464
ITEM_12152,Fashion Product 2153,Tops,Uniqlo,91.67,3.5,CUST_1390
ITEM_12153,Fashion Product 2154,Dresses,Levi's,133.42,4.0,CUST_1236
ITEM_12154,Fashion Product 2155,Accessories,Puma,214.49,4.4,CUST_1136
ITEM_12155,Fashion Product 2156,Footwear,Adidas,164.02,2.8,CUST_1409
ITEM_12156,Fashion Product 2157,Bottoms,Adidas,52.25,3.4,CUST_1224
ITEM_12157,Fashion Product 2158,Footwear,Zara,48.09,3.9,CUST_1089
ITEM_12158,Fashion Product 2159,Outerwear,H&M,108.96,3.3,CUST_1458
ITEM_12159,Fashion Product 2160,Bottoms,Nike,28.05,3.3,CUST_1107
ITEM_12160,Fashion Product 2161,Dresses,Gucci,191.34,3.2,CUST_1041
ITEM_12161,Fashion Product 2162,Dresses,Mango,106.35,3.1,CUST_1186
ITEM_12162,Fashion Product 2163,Accessories,Adidas,92.33,4.6,CUST_1465
ITEM_12163,Fashion Product 2164,Bottoms,Zara,132.19,4.8,CUST_1188
ITEM_12164,Fashion Product 2165,Tops,Levi's,180.15,4.3,CUST_1366
ITEM_12165,Fashion Product 2166,Bottoms,Nike,146.64,2.6,CUST_1387
ITEM_12166,Fashion Product 2167,Outerwear,Nike,202.58,4.5,CUST_1009
ITEM_12167,Fashion Product 2168,Tops,H&M,161.05,3.8,CUST_1180
ITEM_12168,Fashion Product 2169,Dresses,Uniqlo,199.11,4.4,CUST_1186
ITEM_12169,Fashion Product 2170,Bottoms,H&M,177.23,3.6,CUST_1444
ITEM_12170,Fashion Product 2171,Footwear,Levi's,56.35,2.6,CUST_1082
ITEM_12171,Fashion Product 2172,Accessories,Puma,22.57,4.2,CUST_1177
ITEM_12172,Fashion Product 2173,Footwear,Gucci,226.82,3.6,CUST_1094
ITEM_12173,Fashion Product 2174,Accessories,Nike,236.96,4.7,CUST_1389
ITEM_12174,Fashion Product 2175,Outerwear,Mango,184.46,4.3,CUST_1446
ITEM_12175,Fashion Product 2176,Footwear,Mango,183.81,3.4,CUST_1116
ITEM_12176,Fashion Product 2177,Bottoms,Zara,74.84,4.3,CUST_1160
ITEM_12177,Fashion Product 2178,Bottoms,Mango,140.19,3.7,CUST_1245
ITEM_12178,Fashion Product 2179,Footwear,Nike,248.14,3.0,CUST_1283
ITEM_12179,Fashion Product 2180,Bottoms,Nike,215.47,3.5,CUST_1213
ITEM_12180,Fashion Product 2181,Outerwear,Nike,83.05,3.1,CUST_1152
ITEM_12181,Fashion Product 2182,Tops,Gucci,82.25,2.5,CUST_1166
ITEM_12182,Fashion Product 2183,Outerwear,Adidas,126.06,3.1,CUST_1451
ITEM_12183,Fashion Product 2184,Accessories,Uniqlo,107.1,3.0,CUST_1400
ITEM_12184,Fashion Product 2185,Outerwear,Levi's,99.08,2.5,CUST_1143
ITEM_12185,Fashion Product 2186,Accessories,Levi's,160.47,4.5,CUST_1025
ITEM_12186,Fashion Product 2187,Bottoms,Zara,12.76,2.7,CUST_1200
ITEM_12187,Fashion Product 2188,Tops,H&M,193.2,3.6,CUST_1233
ITEM_12188,Fashion Product 2189,Bottoms,Gucci,187.61,3.5,CUST_1004
ITEM_12189,Fashion Product 2190,Dresses,Adidas,209.28,3.0,CUST_1288
ITEM_12190,Fashion Product 2191,Bottoms,Puma,211.95,4.9,CUST_1173
ITEM_12191,Fashion Product 2192,Accessories,Zara,145.94,4.0,CUST_1184
ITEM_12192,Fashion Product 2193,Bottoms,Adidas,197.22,4.5,CUST_1251
ITEM_12193,Fashion Product 2194,Bottoms,Nike,128.17,3.7,CUST_1291
ITEM_12194,Fashion Product 2195,Tops,H&M,238.37,4.3,CUST_1437
ITEM_12195,Fashion Product 2196,Bottoms,H&M,55.77,4.9,CUST_1286
ITEM_12196,Fashion Product 2197,Tops,Levi's,229.75,3.4,CUST_1359
ITEM_12197,Fashion Product 2198,Footwear,Uniqlo,72.05,3.8,CUST_1112
ITEM_12198,Fashion Product 2199,Dresses,Uniqlo,34.65,3.8,CUST_1305
ITEM_12199,Fashion Product 2200,Tops,Puma,115.39,5.0,CUST_1350
ITEM_12200,Fashion Product 2201,Accessories,H&M,157.58,3.1,CUST_1465
ITEM_12201,Fashion Product 2202,Footwear,Nike,65.44,4.2,CUST_1339
ITEM_12202,Fashion Product 2203,Tops,Nike,143.39,2.8,CUST_1436
ITEM_12203,Fashion Product 2204,Tops,Mango,203.89,4.8,CUST_1479
ITEM_12204,Fashion Product 2205,Dresses,Nike,71.7,4.0,CUST_1465
ITEM_12205,Fashion Product 2206,Accessories,Adidas,149.28,4.6,CUST_1130
ITEM_12206,Fashion Product 2207,Outerwear,Uniqlo,91.44,4.7,CUST_1187
ITEM_12207,Fashion Product 2208,Outerwear,Nike,137.14,3.9,CUST_1421
ITEM_12208,Fashion Product 2209,Tops,Gucci,170.06,4.2,CUST_1496
ITEM_12209,Fashion Product 2210,Bottoms,Nike,94.1,4.2,CUST_1029
ITEM_12210,Fashion Product 2211,Accessories,Mango,248.68,3.7,CUST_1158
ITEM_12211,Fashion Product 2212,Footwear,Puma,145.31,3.6,CUST_1374
ITEM_12212,Fashion Product 2213,Bottoms,Puma,207.87,3.0,CUST_1235
ITEM_12213,Fashion Product 2214,Bottoms,H&M,184.03,3.5,CUST_1278
ITEM_12214,Fashion Product 2215,Accessories,Nike,214.67,5.0,CUST_1102
ITEM_12215,Fashion Product 2216,Tops,Uniqlo,51.71,3.2,CUST_1459
ITEM_12216,Fashion Product 2217,Tops,Puma,63.41,4.4,CUST_1225
ITEM_12217,Fashion Product 2218,Tops,H&M,126.98,2.6,CUST_1275
ITEM_12218,Fashion Product 2219,Tops,Nike,214.56,3.7,CUST_1323
ITEM_12219,Fashion Product 2220,Outerwear,Puma,57.43,2.6,CUST_1232
ITEM_12220,Fashion Product 2221,Tops,Puma,243.06,3.7,CUST_1342
ITEM_12221,Fashion Product 2222,Outerwear,Nike,40.62,2.6,CUST_1274
ITEM_12222,Fashion Product 2223,Outerwear,Zara,52.02,4.0,CUST_1365
ITEM_12223,Fashion Product 2224,Tops,Nike,50.14,4.0,CUST_1478
ITEM_12224,Fashion Product 2225,Dresses,Adidas,150.64,4.5,CUST_1449
ITEM_12225,Fashion Product 2226,Footwear,Puma,230.21,4.0,CUST_1468
ITEM_12226,Fashion Product 2227,Bottoms,Uniqlo,71.23,4.8,CUST_1113
ITEM_12227,Fashion Product 2228,Outerwear,Zara,142.73,4.5,CUST_1389
ITEM_12228,Fashion Product 2229,Accessories,Mango,52.19,2.8,CUST_1460
ITEM_12229,Fashion Product 2230,Accessories,H&M,161.47,3.2,CUST_1139
ITEM_12230,Fashion Product 2231,Footwear,Nike,39.58,2.6,CUST_1216
ITEM_12231,Fashion Product 2232,Accessories,Uniqlo,127.91,3.5,CUST_1314
ITEM_12232,Fashion Product 2233,Dresses,Mango,167.24,3.8,CUST_1274
ITEM_12233,Fashion Product 2234,Accessories,Mango,148.99,4.9,CUST_1328
ITEM_12234,Fashion Product 2235,Bottoms,Puma,43.6,3.8,CUST_1349
ITEM_12235,Fashion Product 2236,Bottoms,Adidas,48.73,4.5,CUST_1184
ITEM_12236,Fashion Product 2237,Outerwear,Puma,171.13,3.2,CUST_1406
ITEM_12237,Fashion Product 2238,Tops,H&M,204.14,2.9,CUST_1312
ITEM_12238,Fashion Product 2239,Dresses,Zara,227.94,4.5,CUST_1493
ITEM_12239,Fashion Product 2240,Outerwear,Gucci,205.27,3.1,CUST_1194
ITEM_12240,Fashion Product 2241,Dresses,Zara,243.74,4.7,CUST_1279
ITEM_12241,Fashion Product 2242,Tops,H&M,107.98,2.9,CUST_1272
ITEM_12242,Fashion Product 2243,Accessories,Mango,89.48,4.6,CUST_1300
ITEM_12243,Fashion Product 2244,Accessories,Zara,16.76,4.4,CUST_1072
ITEM_12244,Fashion Product 2245,Tops,Nike,117.98,4.0,CUST_1196
ITEM_12245,Fashion Product 2246,Outerwear,Puma,166.33,4.6,CUST_1270
ITEM_12246,Fashion Product 2247,Tops,Gucci,205.7,3.3,CUST_1393
ITEM_12247,Fashion Product 2248,Footwear,Uniqlo,74.19,2.9,CUST_1331
ITEM_12248,Fashion Product 2249,Bottoms,Nike,133.26,2.9,CUST_1240
ITEM_12249,Fashion Product 2250,Outerwear,Zara,168.88,3.2,CUST_1486
ITEM_12250,Fashion Product 2251,Dresses,Levi's,142.38,3.6,CUST_1108
ITEM_12251,Fashion Product 2252,Footwear,Mango,75.76,4.7,CUST_1499
ITEM_12252,Fashion Product 2253,Outerwear,Mango,201.11,2.7,CUST_1400
ITEM_12253,Fashion Product 2254,Tops,Levi's,51.61,4.8,CUST_1397
ITEM_12254,Fashion Product 2255,Tops,Zara,227.2,4.8,CUST_1292
ITEM_12255,Fashion Product 2256,Tops,Mango,238.62,4.3,CUST_1300
ITEM_12256,Fashion Product 2257,Tops,Adidas,97.74,4.8,CUST_1100
ITEM_12257,Fashion Product 2258,Dresses,Mango,100.28,4.4,CUST_1081
ITEM_12258,Fashion Product 2259,Footwear,Gucci,188.39,3.8,CUST_1270
ITEM_12259,Fashion Product 2260,Accessories,Adidas,119.51,4.0,CUST_1349
ITEM_12260,Fashion Product 2261,Bottoms,H&M,16.87,4.1,CUST_1017
ITEM_12261,Fashion Product 2262,Dresses,H&M,230.77,2.8,CUST_1193
ITEM_12262,Fashion Product 2263,Dresses,Adidas,113.38,3.0,CUST_1212
ITEM_12263,Fashion Product 2264,Accessories,Nike,58.84,3.8,CUST_1353
ITEM_12264,Fashion Product 2265,Accessories,Nike,143.36,2.8,CUST_1126
ITEM_12265,Fashion Product 2266,Bottoms,Gucci,62.54,4.9,CUST_1310
ITEM_12266,Fashion Product 2267,Bottoms,Puma,59.45,3.8,CUST_1126
ITEM_12267,Fashion Product 2268,Accessories,Zara,140.98,3.5,CUST_1130
ITEM_12268,Fashion Product 2269,Tops,Adidas,103.85,2.9,CUST_1145
ITEM_12269,Fashion Product 2270,Dresses,Levi's,147.52,3.5,CUST_1256
ITEM_12270,Fashion Product 2271,Outerwear,Uniqlo,249.24,3.3,CUST_1023
ITEM_12271,Fashion Product 2272,Bottoms,Zara,216.16,2.7,CUST_1214
ITEM_12272,Fashion Product 2273,Bottoms,Gucci,11.84,4.9,CUST_1129
ITEM_12273,Fashion Product 2274,Accessories,Adidas,22.13,3.2,CUST_1012
ITEM_12274,Fashion Product 2275,Footwear,H&M,156.42,4.2,CUST_1141
ITEM_12275,Fashion Product 2276,Outerwear,Zara,160.3,2.7,CUST_1462
ITEM_12276,Fashion Product 2277,Outerwear,Nike,220.77,4.8,CUST_1458
ITEM_12277,Fashion Product 2278,Bottoms,Levi's,160.97,4.0,CUST_1268
ITEM_12278,Fashion Product 2279,Tops,Zara,64.65,4.1,CUST_1057
ITEM_12279,Fashion Product 2280,Footwear,Uniqlo,122.44,4.5,CUST_1086
ITEM_12280,Fashion Product 2281,Outerwear,Gucci,204.16,4.0,CUST_1274
ITEM_12281,Fashion Product 2282,Bottoms,Gucci,231.48,2.7,CUST_1103
ITEM_12282,Fashion Product 2283,Outerwear,Gucci,66.86,3.6,CUST_1339
ITEM_12283,Fashion Product 2284,Footwear,Gucci,139.51,3.2,CUST_1350
ITEM_12284,Fashion Product 2285,Footwear,Uniqlo,48.14,3.7,CUST_1143
ITEM_12285,Fashion Product 2286,Dresses,Gucci,129.28,3.5,CUST_1423
ITEM_12286,Fashion Product 2287,Accessories,Levi's,31.63,4.6,CUST_1334
ITEM_12287,Fashion Product 2288,Accessories,Puma,236.01,3.1,CUST_1329
ITEM_12288,Fashion Product 2289,Bottoms,H&M,163.13,3.0,CUST_1453
ITEM_12289,Fashion Product 2290,Footwear,Levi's,215.01,4.9,CUST_1417
ITEM_12290,Fashion Product 2291,Dresses,Gucci,249.59,4.9,CUST_1176
ITEM_12291,Fashion Product 2292,Dresses,Adidas,53.84,5.0,CUST_1133
ITEM_12292,Fashion Product 2293,Outerwear,Nike,176.59,3.9,CUST_1344
ITEM_12293,Fashion Product 2294,Outerwear,Puma,222.88,2.8,CUST_1264
ITEM_12294,Fashion Product 2295,Dresses,H&M,148.23,4.7,CUST_1147
ITEM_12295,Fashion Product 2296,Outerwear,Nike,163.53,2.9,CUST_1436
ITEM_12296,Fashion Product 2297,Footwear,Levi's,107.84,2.9,CUST_1012
ITEM_12297,Fashion Product 2298,Tops,Uniqlo,171.94,3.0,CUST_1328
ITEM_12298,Fashion Product 2299,Footwear,Uniqlo,104.94,4.1,CUST_1392
ITEM_12299,Fashion Product 2300,Dresses,Nike,124.39,2.8,CUST_1055
ITEM_12300,Fashion Product 2301,Dresses,Adidas,34.7,4.4,CUST_1230
ITEM_12301,Fashion Product 2302,Footwear,Nike,11.87,2.6,CUST_1468
ITEM_12302,Fashion Product 2303,Outerwear,Levi's,23.24,2.8,CUST_1122
ITEM_12303,Fashion Product 2304,Outerwear,Nike,56.21,3.6,CUST_1349
ITEM_12304,Fashion Product 2305,Accessories,H&M,119.58,3.4,CUST_1233
ITEM_12305,Fashion Product 2306,Dresses,Adidas,15.04,5.0,CUST_1162
ITEM_12306,Fashion Product 2307,Bottoms,Mango,47.42,4.9,CUST_1082
ITEM_12307,Fashion Product 2308,Accessories,Zara,197.55,3.0,CUST_1449
ITEM_12308,Fashion Product 2309,Outerwear,Mango,192.92,4.9,CUST_1459
ITEM_12309,Fashion Product 2310,Footwear,Nike,199.54,4.2,CUST_1047
ITEM_12310,Fashion Product 2311,Outerwear,Uniqlo,231.17,3.5,CUST_1364
ITEM_12311,Fashion Product 2312,Footwear,Mango,38.58,4.3,CUST_1291
ITEM_12312,Fashion Product 2313,Accessories,Gucci,49.15,4.8,CUST_1499
ITEM_12313,Fashion Product 2314,Dresses,Levi's,90.05,3.0,CUST_1160
ITEM_12314,Fashion Product 2315,Outerwear,Mango,229.63,3.0,CUST_1179
ITEM_12315,Fashion Product 2316,Footwear,Puma,196.11,3.5,CUST_1362
ITEM_12316,Fashion Product 2317,Dresses,Adidas,87.79,2.9,CUST_1208
ITEM_12317,Fashion Product 2318,Bottoms,Levi's,31.03,3.4,CUST_1390
ITEM_12318,Fashion Product 2319,Footwear,Uniqlo,157.93,4.1,CUST_1393
ITEM_12319,Fashion Product 2320,Accessories,Mango,71.64,4.5,CUST_1040
ITEM_12320,Fashion Product 2321,Bottoms,Adidas,137.48,3.3,CUST_1214
ITEM_12321,Fashion Product 2322,Bottoms,Zara,236.03,3.2,CUST_1432
ITEM_12322,Fashion Product 2323,Tops,Adidas,147.43,4.4,CUST_1456
ITEM_12323,Fashion Product 2324,Outerwear,Adidas,231.72,3.5,CUST_1352
ITEM_12324,Fashion Product 2325,Footwear,Levi's,104.33,4.5,CUST_1154
ITEM_12325,Fashion Product 2326,Bottoms,Zara,162.0,5.0,CUST_1338
ITEM_12326,Fashion Product 2327,Tops,Adidas,224.53,4.9,CUST_1293
ITEM_12327,Fashion Product 2328,Accessories,Puma,151.12,4.2,CUST_1436
ITEM_12328,Fashion Product 2329,Dresses,Mango,157.58,3.4,CUST_1396
ITEM_12329,Fashion Product 2330,Footwear,Mango,181.91,2.7,CUST_1166
ITEM_12330,Fashion Product 2331,Bottoms,Puma,221.71,4.3,CUST_1482
ITEM_12331,Fashion Product 2332,Outerwear,Mango,31.16,4.9,CUST_1452
ITEM_12332,Fashion Product 2333,Tops,Adidas,90.85,2.7,CUST_1272
ITEM_12333,Fashion Product 2334,Bottoms,Adidas,105.44,2.5,CUST_1445
ITEM_12334,Fashion Product 2335,Outerwear,Levi's,228.33,4.6,CUST_1024
ITEM_12335,Fashion Product 2336,Bottoms,Gucci,239.44,2.8,CUST_1462
ITEM_12336,Fashion Product 2337,Footwear,Uniqlo,38.89,2.7,CUST_1401
ITEM_12337,Fashion Product 2338,Footwear,Uniqlo,38.59,4.8,CUST_1115
ITEM_12338,Fashion Product 2339,Footwear,Adidas,234.37,2.7,CUST_1351
ITEM_12339,Fashion Product 2340,Accessories,Nike,80.99,2.8,CUST_1260
ITEM_12340,Fashion Product 2341,Accessories,Gucci,68.04,3.9,CUST_1306
ITEM_12341,Fashion Product 2342,Tops,Puma,18.55,4.4,CUST_1364
ITEM_12342,Fashion Product 2343,Footwear,Adidas,76.14,3.5,CUST_1226
ITEM_12343,Fashion Product 2344,Outerwear,Nike,176.45,3.6,CUST_1102
ITEM_12344,Fashion Product 2345,Bottoms,Adidas,112.25,4.1,CUST_1486
ITEM_12345,Fashion Product 2346,Dresses,Nike,134.05,3.8,CUST_1131
ITEM_12346,Fashion Product 2347,Outerwear,Adidas,230.15,2.5,CUST_1264
ITEM_12347,Fashion Product 2348,Accessories,Zara,37.53,2.8,CUST_1012
ITEM_12348,Fashion Product 2349,Accessories,Mango,27.1,4.0,CUST_1419
ITEM_12349,Fashion Product 2350,Outerwear,Uniqlo,214.46,4.5,CUST_1322
ITEM_12350,Fashion Product 2351,Accessories,Uniqlo,195.97,4.4,CUST_1181
ITEM_12351,Fashion Product 2352,Footwear,Gucci,73.3,4.4,CUST_1349
ITEM_12352,Fashion Product 2353,Tops,H&M,87.82,4.4,CUST_1471
ITEM_12353,Fashion Product 2354,Bottoms,Uniqlo,84.47,2.6,CUST_1161
ITEM_12354,Fashion Product 2355,Tops,H&M,165.47,4.7,CUST_1114
ITEM_12355,Fashion Product 2356,Bottoms,Zara,24.69,4.7,CUST_1018
ITEM_12356,Fashion Product 2357,Bottoms,Nike,127.46,3.8,CUST_1104
ITEM_12357,Fashion Product 2358,Tops,Gucci,42.13,3.1,CUST_1186
ITEM_12358,Fashion Product 2359,Outerwear,Mango,206.74,4.0,CUST_1342
ITEM_12359,Fashion Product 2360,Bottoms,Puma,101.36,3.9,CUST_1462
ITEM_12360,Fashion Product 2361,Tops,H&M,136.62,3.1,CUST_1093
ITEM_12361,Fashion Product 2362,Bottoms,Mango,17.04,4.0,CUST_1301
ITEM_12362,Fashion Product 2363,Dresses,Gucci,23.98,4.5,CUST_1143
ITEM_12363,Fashion Product 2364,Outerwear,Gucci,172.01,4.5,CUST_1143
ITEM_12364,Fashion Product 2365,Footwear,Uniqlo,194.02,2.6,CUST_1301
ITEM_12365,Fashion Product 2366,Bottoms,Mango,180.41,3.0,CUST_1452
ITEM_12366,Fashion Product 2367,Dresses,Adidas,186.88,4.2,CUST_1100
ITEM_12367,Fashion Product 2368,Footwear,Levi's,35.11,4.6,CUST_1453
ITEM_12368,Fashion Product 2369,Footwear,Gucci,176.43,3.8,CUST_1451
ITEM_12369,Fashion Product 2370,Bottoms,H&M,53.62,4.3,CUST_1460
ITEM_12370,Fashion Product 2371,Tops,Puma,33.52,2.6,CUST_1062
ITEM_12371,Fashion Product 2372,Bottoms,Puma,191.72,4.0,CUST_1084
ITEM_12372,Fashion Product 2373,Dresses,Zara,223.46,4.9,CUST_1428
ITEM_12373,Fashion Product 2374,Footwear,Zara,182.01,4.2,CUST_1276
ITEM_12374,Fashion Product 2375,Bottoms,Uniqlo,203.34,4.8,CUST_1167
ITEM_12375,Fashion Product 2376,Tops,Adidas,247.86,3.9,CUST_1295
ITEM_12376,Fashion Product 2377,Bottoms,Uniqlo,42.34,4.6,CUST_1129
ITEM_12377,Fashion Product 2378,Outerwear,Puma,241.64,2.8,CUST_1364
ITEM_12378,Fashion Product 2379,Tops,Nike,154.29,2.8,CUST_1067
ITEM_12379,Fashion Product 2380,Dresses,Puma,205.18,2.8,CUST_1047
ITEM_12380,Fashion Product 2381,Footwear,Gucci,166.04,3.7,CUST_1457
ITEM_12381,Fashion Product 2382,Bottoms,Mango,146.81,3.3,CUST_1374
ITEM_12382,Fashion Product 2383,Tops,Mango,178.87,4.3,CUST_1310
ITEM_12383,Fashion Product 2384,Outerwear,Gucci,86.86,4.8,CUST_1148
ITEM_12384,Fashion Product 2385,Tops,Gucci,231.83,4.0,CUST_1250
ITEM_12385,Fashion Product 2386,Accessories,Puma,37.67,3.0,CUST_1137
ITEM_12386,Fashion Product 2387,Outerwear,Mango,86.33,4.8,CUST_1095
ITEM_12387,Fashion Product 2388,Dresses,Mango,17.48,3.8,CUST_1238
ITEM_12388,Fashion Product 2389,Footwear,Mango,75.12,4.3,CUST_1284
ITEM_12389,Fashion Product 2390,Dresses,Gucci,62.37,4.7,CUST_1320
ITEM_12390,Fashion Product 2391,Bottoms,Zara,21.91,5.0,CUST_1035
ITEM_12391,Fashion Product 2392,Tops,Adidas,128.03,3.8,CUST_1296
ITEM_12392,Fashion Product 2393,Accessories,Nike,122.47,4.5,CUST_1381
ITEM_12393,Fashion Product 2394,Outerwear,Gucci,28.66,3.9,CUST_1358
ITEM_12394,Fashion Product 2395,Outerwear,Mango,72.84,3.7,CUST_1492
ITEM_12395,Fashion Product 2396,Tops,H&M,238.8,3.8,CUST_1258
ITEM_12396,Fashion Product 2397,Accessories,Puma,36.58,3.7,CUST_1387
ITEM_12397,Fashion Product 2398,Tops,Puma,83.2,3.6,CUST_1270
ITEM_12398,Fashion Product 2399,Bottoms,Adidas,18.61,4.3,CUST_1465
ITEM_12399,Fashion Product 2400,Dresses,Gucci,45.73,3.1,CUST_1355
ITEM_12400,Fashion Product 2401,Outerwear,Adidas,177.86,4.0,CUST_1324
ITEM_12401,Fashion Product 2402,Bottoms,Zara,98.01,4.3,CUST_1047
ITEM_12402,Fashion Product 2403,Dresses,Levi's,118.5,4.7,CUST_1094
ITEM_12403,Fashion Product 2404,Bottoms,Uniqlo,47.67,3.3,CUST_1182
ITEM_12404,Fashion Product 2405,Accessories,H&M,173.71,4.7,CUST_1442
ITEM_12405,Fashion Product 2406,Outerwear,Uniqlo,190.37,4.9,CUST_1190
ITEM_12406,Fashion Product 2407,Tops,Levi's,53.47,4.1,CUST_1487
ITEM_12407,Fashion Product 2408,Tops,H&M,20.8,4.4,CUST_1051
ITEM_12408,Fashion Product 2409,Dresses,Uniqlo,29.43,3.5,CUST_1206
ITEM_12409,Fashion Product 2410,Footwear,H&M,167.69,4.9,CUST_1304
ITEM_12410,Fashion Product 2411,Accessories,Adidas,42.52,4.2,CUST_1411
ITEM_12411,Fashion Product 2412,Dresses,Nike,128.54,3.3,CUST_1333
ITEM_12412,Fashion Product 2413,Footwear,H&M,46.63,3.5,CUST_1439
ITEM_12413,Fashion Product 2414,Bottoms,Levi's,50.84,4.0,CUST_1125
ITEM_12414,Fashion Product 2415,Accessories,Adidas,11.05,3.1,CUST_1212
ITEM_12415,Fashion Product 2416,Bottoms,Adidas,87.0,4.4,CUST_1369
ITEM_12416,Fashion Product 2417,Outerwear,Zara,31.55,3.1,CUST_1433
ITEM_12417,Fashion Product 2418,Accessories,Mango,104.55,4.0,CUST_1408
ITEM_12418,Fashion Product 2419,Footwear,Puma,153.47,4.2,CUST_1266
ITEM_12419,Fashion Product 2420,Outerwear,Zara,98.21,4.6,CUST_1135
ITEM_12420,Fashion Product 2421,Tops,Levi's,179.22,4.3,CUST_1372
ITEM_12421,Fashion Product 2422,Footwear,Gucci,187.95,4.5,CUST_1273
ITEM_12422,Fashion Product 2423,Dresses,Gucci,177.19,4.8,CUST_1278
ITEM_12423,Fashion Product 2424,Tops,Puma,234.81,4.0,CUST_1315
ITEM_12424,Fashion Product 2425,Tops,Adidas,66.95,4.6,CUST_1300
ITEM_12425,Fashion Product 2426,Dresses,Nike,55.47,3.1,CUST_1267
ITEM_12426,Fashion Product 2427,Accessories,Levi's,156.33,4.5,CUST_1298
ITEM_12427,Fashion Product 2428,Tops,Puma,152.77,3.1,CUST_1279
ITEM_12428,Fashion Product 2429,Footwear,Gucci,132.42,4.8,CUST_1374
ITEM_12429,Fashion Product 2430,Outerwear,Mango,11.04,3.3,CUST_1444
ITEM_12430,Fashion Product 2431,Tops,Adidas,143.26,2.9,CUST_1214
ITEM_12431,Fashion Product 2432,Footwear,Gucci,233.87,2.9,CUST_1488
ITEM_12432,Fashion Product 2433,Bottoms,Nike,90.3,3.0,CUST_1062
ITEM_12433,Fashion Product 2434,Footwear,Puma,242.22,3.6,CUST_1367
ITEM_12434,Fashion Product 2435,Outerwear,H&M,95.62,3.8,CUST_1054
ITEM_12435,Fashion Product 2436,Footwear,Nike,43.57,4.8,CUST_1338
ITEM_12436,Fashion Product 2437,Dresses,H&M,105.62,3.5,CUST_1375
ITEM_12437,Fashion Product 2438,Outerwear,Adidas,128.71,3.0,CUST_1365
ITEM_12438,Fashion Product 2439,Accessories,Puma,161.07,4.4,CUST_1474
ITEM_12439,Fashion Product 2440,Bottoms,Zara,131.17,2.8,CUST_1112
ITEM_12440,Fashion Product 2441,Dresses,Levi's,138.81,4.7,CUST_1478
ITEM_12441,Fashion Product 2442,Accessories,Zara,15.78,3.5,CUST_1269
ITEM_12442,Fashion Product 2443,Footwear,Zara,70.87,4.0,CUST_1324
ITEM_12443,Fashion Product 2444,Outerwear,Gucci,84.57,3.0,CUST_1107
ITEM_12444,Fashion Product 2445,Bottoms,Mango,246.9,2.9,CUST_1283
ITEM_12445,Fashion Product 2446,Dresses,Mango,80.94,4.5,CUST_1371
ITEM_12446,Fashion Product 2447,Accessories,Levi's,225.18,3.6,CUST_1168
ITEM_12447,Fashion Product 2448,Accessories,Uniqlo,83.14,5.0,CUST_1074
ITEM_12448,Fashion Product 2449,Bottoms,Gucci,33.07,3.8,CUST_1236
ITEM_12449,Fashion Product 2450,Footwear,Uniqlo,69.43,4.6,CUST_1092
ITEM_12450,Fashion Product 2451,Bottoms,H&M,75.48,4.9,CUST_1085
ITEM_12451,Fashion Product 2452,Accessories,Gucci,244.78,3.2,CUST_1372
ITEM_12452,Fashion Product 2453,Tops,Puma,171.83,4.5,CUST_1075
ITEM_12453,Fashion Product 2454,Dresses,Uniqlo,233.6,2.6,CUST_1084
ITEM_12454,Fashion Product 2455,Bottoms,Levi's,210.4,4.2,CUST_1245
ITEM_12455,Fashion Product 2456,Accessories,Levi's,148.86,4.4,CUST_1228
ITEM_12456,Fashion Product 2457,Footwear,Gucci,172.09,3.7,CUST_1083
ITEM_12457,Fashion Product 2458,Accessories,Zara,159.96,2.9,CUST_1394
ITEM_12458,Fashion Product 2459,Footwear,Puma,169.9,4.0,CUST_1015
ITEM_12459,Fashion Product 2460,Bottoms,Adidas,73.55,4.7,CUST_1493
ITEM_12460,Fashion Product 2461,Footwear,Puma,107.95,4.8,CUST_1301
ITEM_12461,Fashion Product 2462,Outerwear,Levi's,152.23,4.4,CUST_1181
ITEM_12462,Fashion Product 2463,Outerwear,H&M,18.62,3.2,CUST_1338
ITEM_12463,Fashion Product 2464,Outerwear,Uniqlo,125.88,4.7,CUST_1263
ITEM_12464,Fashion Product 2465,Tops,Uniqlo,216.33,4.7,CUST_1414
ITEM_12465,Fashion Product 2466,Bottoms,H&M,128.17,3.4,CUST_1078
ITEM_12466,Fashion Product 2467,Accessories,Nike,142.56,3.0,CUST_1229
ITEM_12467,Fashion Product 2468,Accessories,Gucci,58.46,4.7,CUST_1233
ITEM_12468,Fashion Product 2469,Tops,Levi's,200.64,4.7,CUST_1030
ITEM_12469,Fashion Product 2470,Footwear,Mango,96.13,2.8,CUST_1374
ITEM_12470,Fashion Product 2471,Tops,H&M,239.58,4.9,CUST_1155
ITEM_12471,Fashion Product 2472,Footwear,H&M,248.49,3.8,CUST_1305
ITEM_12472,Fashion Product 2473,Footwear,Puma,229.84,5.0,CUST_1185
ITEM_12473,Fashion Product 2474,Dresses,Gucci,30.37,3.6,CUST_1448
ITEM_12474,Fashion Product 2475,Accessories,Gucci,89.96,3.8,CUST_1357
ITEM_12475,Fashion Product 2476,Outerwear,Mango,236.83,3.2,CUST_1447
ITEM_12476,Fashion Product 2477,Footwear,Gucci,203.09,4.7,CUST_1432
ITEM_12477,Fashion Product 2478,Dresses,Zara,228.68,3.6,CUST_1255
ITEM_12478,Fashion Product 2479,Accessories,Levi's,147.41,4.5,CUST_1169
ITEM_12479,Fashion Product 2480,Outerwear,Zara,125.3,2.7,CUST_1081
ITEM_12480,Fashion Product 2481,Footwear,Nike,35.56,4.5,CUST_1286
ITEM_12481,Fashion Product 2482,Footwear,Levi's,211.47,3.7,CUST_1210
ITEM_12482,Fashion Product 2483,Tops,Adidas,188.83,2.5,CUST_1259
ITEM_12483,Fashion Product 2484,Tops,Levi's,24.13,3.1,CUST_1476
ITEM_12484,Fashion Product 2485,Accessories,Levi's,60.26,3.0,CUST_1037
ITEM_12485,Fashion Product 2486,Outerwear,Mango,143.75,4.4,CUST_1286
ITEM_12486,Fashion Product 2487,Footwear,Zara,174.26,3.7,CUST_1054
ITEM_12487,Fashion Product 2488,Accessories,Puma,43.04,2.9,CUST_1469
ITEM_12488,Fashion Product 2489,Accessories,Mango,68.76,3.1,CUST_1369
ITEM_12489,Fashion Product 2490,Bottoms,Levi's,56.35,3.8,CUST_1212
ITEM_12490,Fashion Product 2491,Tops,Puma,62.8,2.5,CUST_1342
ITEM_12491,Fashion Product 2492,Outerwear,Uniqlo,230.97,3.6,CUST_1484
ITEM_12492,Fashion Product 2493,Footwear,Puma,181.8,4.2,CUST_1100
ITEM_12493,Fashion Product 2494,Accessories,H&M,186.91,3.8,CUST_1085
ITEM_12494,Fashion Product 2495,Footwear,Mango,200.56,4.0,CUST_1472
ITEM_12495,Fashion Product 2496,Bottoms,Mango,95.58,3.3,CUST_1213
ITEM_12496,Fashion Product 2497,Outerwear,H&M,194.12,3.0,CUST_1391
ITEM_12497,Fashion Product 2498,Accessories,Uniqlo,244.82,4.5,CUST_1264
ITEM_12498,Fashion Product 2499,Footwear,Gucci,177.61,4.8,CUST_1470
ITEM_12499,Fashion Product 2500,Tops,Gucci,110.02,3.8,CUST_1086
ITEM_12500,Fashion Product 2501,Bottoms,Gucci,181.93,3.3,CUST_1063
ITEM_12501,Fashion Product 2502,Outerwear,Gucci,226.19,3.8,CUST_1447
ITEM_12502,Fashion Product 2503,Bottoms,Zara,40.9,4.7,CUST_1192
ITEM_12503,Fashion Product 2504,Tops,H&M,73.67,4.2,CUST_1414
ITEM_12504,Fashion Product 2505,Outerwear,Uniqlo,230.63,4.6,CUST_1482
ITEM_12505,Fashion Product 2506,Bottoms,Levi's,237.1,3.3,CUST_1093
ITEM_12506,Fashion Product 2507,Dresses,Nike,126.19,4.3,CUST_1253
ITEM_12507,Fashion Product 2508,Tops,Mango,99.89,4.1,CUST_1138
ITEM_12508,Fashion Product 2509,Tops,Puma,77.87,3.9,CUST_1453
ITEM_12509,Fashion Product 2510,Tops,Gucci,129.7,3.8,CUST_1049
ITEM_12510,Fashion Product 2511,Dresses,Puma,234.29,3.9,CUST_1121
ITEM_12511,Fashion Product 2512,Dresses,Nike,45.95,4.6,CUST_1039
ITEM_12512,Fashion Product 2513,Footwear,Mango,110.76,4.8,CUST_1034
ITEM_12513,Fashion Product 2514,Accessories,Adidas,228.79,2.8,CUST_1358
ITEM_12514,Fashion Product 2515,Bottoms,Uniqlo,93.79,3.9,CUST_1266
ITEM_12515,Fashion Product 2516,Footwear,Zara,194.34,4.8,CUST_1009
ITEM_12516,Fashion Product 2517,Bottoms,Puma,103.42,2.8,CUST_1188
ITEM_12517,Fashion Product 2518,Accessories,Gucci,203.18,3.5,CUST_1096
ITEM_12518,Fashion Product 2519,Dresses,H&M,245.44,2.7,CUST_1133
ITEM_12519,Fashion Product 2520,Accessories,Puma,103.08,2.8,CUST_1163
ITEM_12520,Fashion Product 2521,Dresses,Mango,212.82,4.8,CUST_1139
ITEM_12521,Fashion Product 2522,Accessories,Adidas,247.22,3.6,CUST_1298
ITEM_12522,Fashion Product 2523,Footwear,Uniqlo,246.12,4.2,CUST_1080
ITEM_12523,Fashion Product 2524,Outerwear,H&M,114.11,2.8,CUST_1091
ITEM_12524,Fashion Product 2525,Footwear,Mango,126.58,2.6,CUST_1256
ITEM_12525,Fashion Product 2526,Bottoms,Adidas,82.82,4.7,CUST_1148
ITEM_12526,Fashion Product 2527,Footwear,H&M,85.36,3.9,CUST_1179
ITEM_12527,Fashion Product 2528,Tops,Puma,128.19,2.5,CUST_1257
ITEM_12528,Fashion Product 2529,Bottoms,Mango,58.12,5.0,CUST_1218
ITEM_12529,Fashion Product 2530,Accessories,Levi's,180.67,3.7,CUST_1267
ITEM_12530,Fashion Product 2531,Bottoms,Adidas,138.71,3.7,CUST_1317
ITEM_12531,Fashion Product 2532,Outerwear,Levi's,225.54,4.1,CUST_1079
ITEM_12532,Fashion Product 2533,Dresses,Levi's,204.54,2.5,CUST_1167
ITEM_12533,Fashion Product 2534,Accessories,Zara,87.39,3.9,CUST_1104
ITEM_12534,Fashion Product 2535,Bottoms,Adidas,131.39,4.1,CUST_1304
ITEM_12535,Fashion Product 2536,Accessories,Levi's,190.12,3.2,CUST_1338
ITEM_12536,Fashion Product 2537,Accessories,Puma,56.37,4.3,CUST_1472
ITEM_12537,Fashion Product 2538,Accessories,Mango,17.58,3.4,CUST_1284
ITEM_12538,Fashion Product 2539,Dresses,Mango,214.55,4.3,CUST_1345
ITEM_12539,Fashion Product 2540,Footwear,Puma,43.01,2.9,CUST_1215
ITEM_12540,Fashion Product 2541,Accessories,Zara,223.46,4.8,CUST_1075
ITEM_12541,Fashion Product 2542,Tops,Uniqlo,229.27,4.7,CUST_1225
ITEM_12542,Fashion Product 2543,Outerwear,Zara,120.57,2.9,CUST_1336
ITEM_12543,Fashion Product 2544,Dresses,Mango,203.63,4.8,CUST_1292
ITEM_12544,Fashion Product 2545,Bottoms,Uniqlo,97.17,3.9,CUST_1343
ITEM_12545,Fashion Product 2546,Dresses,Zara,215.98,4.3,CUST_1070
ITEM_12546,Fashion Product 2547,Bottoms,Levi's,207.92,4.6,CUST_1363
ITEM_12547,Fashion Product 2548,Dresses,Uniqlo,28.84,2.7,CUST_1190
ITEM_12548,Fashion Product 2549,Bottoms,Mango,149.82,2.9,CUST_1472
ITEM_12549,Fashion Product 2550,Accessories,Puma,163.6,3.2,CUST_1486
ITEM_12550,Fashion Product 2551,Footwear,Gucci,10.21,3.7,CUST_1106
ITEM_12551,Fashion Product 2552,Bottoms,Levi's,245.18,3.4,CUST_1070
ITEM_12552,Fashion Product 2553,Bottoms,Levi's,107.58,3.8,CUST_1010
ITEM_12553,Fashion Product 2554,Tops,Gucci,134.16,3.0,CUST_1214
ITEM_12554,Fashion Product 2555,Bottoms,Nike,56.75,4.2,CUST_1471
ITEM_12555,Fashion Product 2556,Tops,H&M,156.62,2.6,CUST_1005
ITEM_12556,Fashion Product 2557,Outerwear,Adidas,204.55,3.4,CUST_1028
ITEM_12557,Fashion Product 2558,Accessories,Zara,150.61,2.9,CUST_1315
ITEM_12558,Fashion Product 2559,Tops,Nike,199.13,4.3,CUST_1393
ITEM_12559,Fashion Product 2560,Footwear,Zara,185.47,4.7,CUST_1423
ITEM_12560,Fashion Product 2561,Accessories,Nike,67.04,2.7,CUST_1241
ITEM_12561,Fashion Product 2562,Tops,Uniqlo,114.6,4.5,CUST_1236
ITEM_12562,Fashion Product 2563,Accessories,Puma,45.67,4.7,CUST_1092
ITEM_12563,Fashion Product 2564,Accessories,Adidas,20.06,4.9,CUST_1318
ITEM_12564,Fashion Product 2565,Accessories,Adidas,25.14,3.9,CUST_1345
ITEM_12565,Fashion Product 2566,Outerwear,Zara,236.2,3.3,CUST_1363
ITEM_12566,Fashion Product 2567,Footwear,Gucci,246.29,3.3,CUST_1038
ITEM_12567,Fashion Product 2568,Dresses,Uniqlo,32.79,3.4,CUST_1219
ITEM_12568,Fashion Product 2569,Dresses,Adidas,90.45,4.0,CUST_1152
ITEM_12569,Fashion Product 2570,Tops,H&M,37.46,3.7,CUST_1192
ITEM_12570,Fashion Product 2571,Accessories,Zara,210.21,4.1,CUST_1121
ITEM_12571,Fashion Product 2572,Tops,Levi's,129.11,2.6,CUST_1491
ITEM_12572,Fashion Product 2573,Outerwear,H&M,159.1,2.8,CUST_1171
ITEM_12573,Fashion Product 2574,Outerwear,Mango,139.58,4.9,CUST_1110
ITEM_12574,Fashion Product 2575,Bottoms,Zara,180.46,5.0,CUST_1144
ITEM_12575,Fashion Product 2576,Outerwear,Zara,86.59,4.4,CUST_1066
ITEM_12576,Fashion Product 2577,Bottoms,Levi's,43.0,3.1,CUST_1322
ITEM_12577,Fashion Product 2578,Footwear,Uniqlo,14.23,4.9,CUST_1197
ITEM_12578,Fashion Product 2579,Tops,Levi's,116.97,3.0,CUST_1046
ITEM_12579,Fashion Product 2580,Footwear,Adidas,227.88,4.3,CUST_1149
ITEM_12580,Fashion Product 2581,Outerwear,Puma,83.26,2.8,CUST_1060
ITEM_12581,Fashion Product 2582,Footwear,Zara,57.03,4.1,CUST_1138
ITEM_12582,Fashion Product 2583,Footwear,Mango,232.25,4.4,CUST_1490
ITEM_12583,Fashion Product 2584,Footwear,Gucci,35.31,4.6,CUST_1402
ITEM_12584,Fashion Product 2585,Outerwear,Zara,22.43,4.3,CUST_1090
ITEM_12585,Fashion Product 2586,Accessories,Levi's,221.06,4.8,CUST_1212
ITEM_12586,Fashion Product 2587,Footwear,Nike,178.22,3.8,CUST_1169
ITEM_12587,Fashion Product 2588,Bottoms,Zara,111.3,4.2,CUST_1420
ITEM_12588,Fashion Product 2589,Outerwear,Zara,190.56,3.4,CUST_1113
ITEM_12589,Fashion Product 2590,Footwear,Mango,187.95,2.5,CUST_1341
ITEM_12590,Fashion Product 2591,Accessories,Mango,19.61,4.4,CUST_1066
ITEM_12591,Fashion Product 2592,Outerwear,Zara,172.3,4.7,CUST_1302
ITEM_12592,Fashion Product 2593,Dresses,Nike,163.81,2.9,CUST_1118
ITEM_12593,Fashion Product 2594,Accessories,Puma,241.31,2.6,CUST_1225
ITEM_12594,Fashion Product 2595,Bottoms,Nike,241.99,2.9,CUST_1151
ITEM_12595,Fashion Product 2596,Footwear,Nike,100.67,4.7,CUST_1167
ITEM_12596,Fashion Product 2597,Dresses,Nike,151.56,3.2,CUST_1095
ITEM_12597,Fashion Product 2598,Dresses,Puma,43.93,3.1,CUST_1260
ITEM_12598,Fashion Product 2599,Outerwear,Uniqlo,25.95,2.5,CUST_1425
ITEM_12599,Fashion Product 2600,Dresses,Uniqlo,113.87,3.2,CUST_1259
ITEM_12600,Fashion Product 2601,Bottoms,Nike,175.57,4.3,CUST_1485
ITEM_12601,Fashion Product 2602,Bottoms,Levi's,146.26,4.9,CUST_1437
ITEM_12602,Fashion Product 2603,Tops,H&M,113.12,3.3,CUST_1120
ITEM_12603,Fashion Product 2604,Bottoms,Uniqlo,206.35,3.1,CUST_1074
ITEM_12604,Fashion Product 2605,Accessories,Gucci,200.66,4.7,CUST_1362
ITEM_12605,Fashion Product 2606,Dresses,Mango,185.67,4.6,CUST_1096
ITEM_12606,Fashion Product 2607,Bottoms,Puma,28.49,3.3,CUST_1292
ITEM_12607,Fashion Product 2608,Outerwear,Puma,201.15,2.7,CUST_1177
ITEM_12608,Fashion Product 2609,Tops,H&M,230.66,5.0,CUST_1027
ITEM_12609,Fashion Product 2610,Dresses,Uniqlo,24.27,4.2,CUST_1309
ITEM_12610,Fashion Product 2611,Tops,Mango,106.4,4.8,CUST_1305
ITEM_12611,Fashion Product 2612,Dresses,Nike,247.21,3.4,CUST_1211
ITEM_12612,Fashion Product 2613,Outerwear,Levi's,153.82,4.1,CUST_1358
ITEM_12613,Fashion Product 2614,Tops,Uniqlo,133.26,4.2,CUST_1257
ITEM_12614,Fashion Product 2615,Footwear,H&M,52.59,4.7,CUST_1474
ITEM_12615,Fashion Product 2616,Accessories,Mango,145.72,5.0,CUST_1430
ITEM_12616,Fashion Product 2617,Accessories,Zara,115.37,2.8,CUST_1318
ITEM_12617,Fashion Product 2618,Dresses,Mango,40.59,4.1,CUST_1205
ITEM_12618,Fashion Product 2619,Footwear,Zara,121.44,3.3,CUST_1355
ITEM_12619,Fashion Product 2620,Tops,Gucci,49.46,4.5,CUST_1066
ITEM_12620,Fashion Product 2621,Footwear,Adidas,185.36,4.4,CUST_1150
ITEM_12621,Fashion Product 2622,Footwear,Mango,243.68,4.7,CUST_1167
ITEM_12622,Fashion Product 2623,Tops,H&M,122.7,3.4,CUST_1220
ITEM_12623,Fashion Product 2624,Outerwear,H&M,161.77,3.0,CUST_1300
ITEM_12624,Fashion Product 2625,Footwear,Levi's,113.43,2.6,CUST_1258
ITEM_12625,Fashion Product 2626,Footwear,Nike,43.23,3.1,CUST_1203
ITEM_12626,Fashion Product 2627,Outerwear,Mango,242.93,3.4,CUST_1240
ITEM_12627,Fashion Product 2628,Footwear,Adidas,41.1,4.9,CUST_1315
ITEM_12628,Fashion Product 2629,Footwear,Uniqlo,36.79,3.7,CUST_1229
ITEM_12629,Fashion Product 2630,Footwear,H&M,120.2,3.9,CUST_1474
ITEM_12630,Fashion Product 2631,Accessories,Gucci,168.13,4.7,CUST_1156
ITEM_12631,Fashion Product 2632,Bottoms,Puma,95.18,4.7,CUST_1218
ITEM_12632,Fashion Product 2633,Outerwear,H&M,56.2,3.8,CUST_1465
ITEM_12633,Fashion Product 2634,Footwear,Mango,206.55,2.8,CUST_1195
ITEM_12634,Fashion Product 2635,Accessories,Gucci,97.14,3.2,CUST_1270
ITEM_12635,Fashion Product 2636,Outerwear,Puma,56.64,3.6,CUST_1016
ITEM_12636,Fashion Product 2637,Dresses,Zara,97.62,4.4,CUST_1241
ITEM_12637,Fashion Product 2638,Dresses,Adidas,61.49,4.3,CUST_1252
ITEM_12638,Fashion Product 2639,Footwear,H&M,134.67,4.1,CUST_1051
ITEM_12639,Fashion Product 2640,Accessories,Mango,170.39,4.7,CUST_1356
ITEM_12640,Fashion Product 2641,Accessories,Puma,201.89,4.5,CUST_1028
ITEM_12641,Fashion Product 2642,Outerwear,Puma,64.61,5.0,CUST_1476
ITEM_12642,Fashion Product 2643,Outerwear,Nike,50.07,4.7,CUST_1053
ITEM_12643,Fashion Product 2644,Accessories,Puma,14.7,3.0,CUST_1308
ITEM_12644,Fashion Product 2645,Outerwear,Adidas,64.74,2.6,CUST_1116
ITEM_12645,Fashion Product 2646,Accessories,Gucci,15.74,3.5,CUST_1409
ITEM_12646,Fashion Product 2647,Bottoms,Gucci,92.91,4.0,CUST_1441
ITEM_12647,Fashion Product 2648,Accessories,Puma,44.97,4.1,CUST_1009
ITEM_12648,Fashion Product 2649,Dresses,Mango,149.17,3.2,CUST_1011
ITEM_12649,Fashion Product 2650,Outerwear,H&M,102.09,4.6,CUST_1485
ITEM_12650,Fashion Product 2651,Accessories,Mango,32.46,3.3,CUST_1107
ITEM_12651,Fashion Product 2652,Accessories,Levi's,105.97,4.8,CUST_1301
ITEM_12652,Fashion Product 2653,Outerwear,H&M,60.24,3.7,CUST_1341
ITEM_12653,Fashion Product 2654,Bottoms,Zara,173.24,2.5,CUST_1258
ITEM_12654,Fashion Product 2655,Bottoms,Adidas,97.46,2.9,CUST_1182
ITEM_12655,Fashion Product 2656,Outerwear,Mango,45.29,2.8,CUST_1418
ITEM_12656,Fashion Product 2657,Tops,Nike,93.9,2.6,CUST_1170
ITEM_12657,Fashion Product 2658,Outerwear,Gucci,63.85,4.3,CUST_1461
ITEM_12658,Fashion Product 2659,Outerwear,Puma,200.99,3.0,CUST_1325
ITEM_12659,Fashion Product 2660,Bottoms,H&M,246.01,4.6,CUST_1139
ITEM_12660,Fashion Product 2661,Bottoms,Puma,16.12,3.2,CUST_1285
ITEM_12661,Fashion Product 2662,Outerwear,Zara,175.6,2.6,CUST_1111
ITEM_12662,Fashion Product 2663,Outerwear,Levi's,73.35,4.6,CUST_1092
ITEM_12663,Fashion Product 2664,Outerwear,Puma,25.94,3.7,CUST_1220
ITEM_12664,Fashion Product 2665,Bottoms,Mango,13.44,4.0,CUST_1005
ITEM_12665,Fashion Product 2666,Outerwear,H&M,221.44,3.3,CUST_1020
ITEM_12666,Fashion Product 2667,Outerwear,Nike,94.87,2.6,CUST_1101
ITEM_12667,Fashion Product 2668,Footwear,Zara,248.69,3.4,CUST_1295
ITEM_12668,Fashion Product 2669,Tops,Adidas,116.17,3.8,CUST_1458
ITEM_12669,Fashion Product 2670,Dresses,Levi's,55.02,2.5,CUST_1416
ITEM_12670,Fashion Product 2671,Tops,Mango,196.51,3.9,CUST_1157
ITEM_12671,Fashion Product 2672,Footwear,Adidas,232.36,4.7,CUST_1450
ITEM_12672,Fashion Product 2673,Dresses,Nike,205.75,3.0,CUST_1383
ITEM_12673,Fashion Product 2674,Outerwear,Adidas,188.85,4.8,CUST_1001
ITEM_12674,Fashion Product 2675,Footwear,Gucci,90.33,2.7,CUST_1212
ITEM_12675,Fashion Product 2676,Outerwear,H&M,25.48,4.6,CUST_1119
ITEM_12676,Fashion Product 2677,Bottoms,Adidas,58.31,4.6,CUST_1385
ITEM_12677,Fashion Product 2678,Accessories,Mango,117.23,3.1,CUST_1260
ITEM_12678,Fashion Product 2679,Footwear,Gucci,239.49,4.9,CUST_1399
ITEM_12679,Fashion Product 2680,Bottoms,Gucci,183.49,3.5,CUST_1175
ITEM_12680,Fashion Product 2681,Footwear,Adidas,208.79,2.9,CUST_1414
ITEM_12681,Fashion Product 2682,Footwear,Levi's,76.55,4.0,CUST_1134
ITEM_12682,Fashion Product 2683,Bottoms,Uniqlo,174.12,5.0,CUST_1102
ITEM_12683,Fashion Product 2684,Dresses,Levi's,216.99,4.7,CUST_1385
ITEM_12684,Fashion Product 2685,Tops,Puma,125.06,3.2,CUST_1455
ITEM_12685,Fashion Product 2686,Outerwear,Mango,113.17,3.9,CUST_1062
ITEM_12686,Fashion Product 2687,Footwear,Uniqlo,182.66,2.8,CUST_1448
ITEM_12687,Fashion Product 2688,Outerwear,H&M,144.38,3.7,CUST_1389
ITEM_12688,Fashion Product 2689,Accessories,Gucci,248.36,3.8,CUST_1054
ITEM_12689,Fashion Product 2690,Bottoms,Mango,112.02,3.3,CUST_1305
ITEM_12690,Fashion Product 2691,Outerwear,Nike,52.23,3.7,CUST_1007
ITEM_12691,Fashion Product 2692,Bottoms,Puma,123.26,4.8,CUST_1356
ITEM_12692,Fashion Product 2693,Outerwear,Puma,66.45,3.8,CUST_1003
ITEM_12693,Fashion Product 2694,Tops,Mango,144.7,4.6,CUST_1332
ITEM_12694,Fashion Product 2695,Tops,H&M,40.19,3.3,CUST_1379
ITEM_12695,Fashion Product 2696,Tops,Gucci,237.99,4.9,CUST_1445
ITEM_12696,Fashion Product 2697,Tops,Zara,216.36,2.7,CUST_1335
ITEM_12697,Fashion Product 2698,Tops,Zara,47.34,4.0,CUST_1468
ITEM_12698,Fashion Product 2699,Tops,Mango,51.37,4.5,CUST_1425
ITEM_12699,Fashion Product 2700,Bottoms,Adidas,132.99,4.5,CUST_1149
ITEM_12700,Fashion Product 2701,Footwear,Levi's,195.49,3.0,CUST_1288
ITEM_12701,Fashion Product 2702,Outerwear,Puma,62.58,3.5,CUST_1012
ITEM_12702,Fashion Product 2703,Tops,H&M,24.63,4.1,CUST_1485
ITEM_12703,Fashion Product 2704,Bottoms,Puma,140.93,3.3,CUST_1104
ITEM_12704,Fashion Product 2705,Bottoms,Nike,175.98,4.1,CUST_1111
ITEM_12705,Fashion Product 2706,Bottoms,Zara,68.65,3.4,CUST_1263
ITEM_12706,Fashion Product 2707,Footwear,Gucci,187.54,3.4,CUST_1435
ITEM_12707,Fashion Product 2708,Outerwear,Nike,238.15,2.8,CUST_1173
ITEM_12708,Fashion Product 2709,Footwear,Gucci,42.9,2.6,CUST_1095
ITEM_12709,Fashion Product 2710,Dresses,Puma,132.65,4.6,CUST_1321
ITEM_12710,Fashion Product 2711,Bottoms,H&M,23.64,3.7,CUST_1444
ITEM_12711,Fashion Product 2712,Dresses,Zara,59.6,3.9,CUST_1203
ITEM_12712,Fashion Product 2713,Accessories,Puma,31.56,3.4,CUST_1045
ITEM_12713,Fashion Product 2714,Tops,Zara,106.96,2.8,CUST_1034
ITEM_12714,Fashion Product 2715,Tops,Mango,207.0,3.6,CUST_1211
ITEM_12715,Fashion Product 2716,Footwear,Gucci,148.51,3.1,CUST_1395
ITEM_12716,Fashion Product 2717,Outerwear,Puma,63.42,4.6,CUST_1225
ITEM_12717,Fashion Product 2718,Dresses,Uniqlo,19.63,5.0,CUST_1417
ITEM_12718,Fashion Product 2719,Outerwear,Zara,142.82,4.7,CUST_1264
ITEM_12719,Fashion Product 2720,Footwear,Zara,41.87,3.8,CUST_1301
ITEM_12720,Fashion Product 2721,Tops,Uniqlo,92.26,4.1,CUST_1456
ITEM_12721,Fashion Product 2722,Outerwear,Adidas,132.45,4.9,CUST_1226
ITEM_12722,Fashion Product 2723,Outerwear,Puma,226.9,3.8,CUST_1104
ITEM_12723,Fashion Product 2724,Tops,Uniqlo,29.64,4.1,CUST_1475
ITEM_12724,Fashion Product 2725,Dresses,Zara,170.47,4.1,CUST_1221
ITEM_12725,Fashion Product 2726,Tops,Puma,13.38,4.3,CUST_1334
ITEM_12726,Fashion Product 2727,Outerwear,H&M,161.18,4.1,CUST_1418
ITEM_12727,Fashion Product 2728,Dresses,H&M,142.37,4.2,CUST_1301
ITEM_12728,Fashion Product 2729,Dresses,Gucci,204.85,4.3,CUST_1123
ITEM_12729,Fashion Product 2730,Tops,Adidas,137.6,4.5,CUST_1485
ITEM_12730,Fashion Product 2731,Outerwear,H&M,94.63,3.5,CUST_1449
ITEM_12731,Fashion Product 2732,Footwear,Adidas,68.26,4.4,CUST_1457
ITEM_12732,Fashion Product 2733,Outerwear,Gucci,30.46,2.8,CUST_1436
ITEM_12733,Fashion Product 2734,Bottoms,Mango,138.31,4.7,CUST_1394
ITEM_12734,Fashion Product 2735,Accessories,Nike,223.2,3.2,CUST_1222
ITEM_12735,Fashion Product 2736,Footwear,Gucci,133.54,3.5,CUST_1043
ITEM_12736,Fashion Product 2737,Dresses,Levi's,187.38,4.5,CUST_1210
ITEM_12737,Fashion Product 2738,Footwear,Adidas,81.62,4.1,CUST_1337
ITEM_12738,Fashion Product 2739,Dresses,H&M,117.55,3.3,CUST_1454
ITEM_12739,Fashion Product 2740,Dresses,H&M,87.9,3.1,CUST_1011
ITEM_12740,Fashion Product 2741,Footwear,Puma,36.22,4.9,CUST_1216
ITEM_12741,Fashion Product 2742,Dresses,Zara,110.08,2.7,CUST_1164
ITEM_12742,Fashion Product 2743,Dresses,H&M,193.43,2.5,CUST_1225
ITEM_12743,Fashion Product 2744,Bottoms,Uniqlo,104.79,4.2,CUST_1225
ITEM_12744,Fashion Product 2745,Outerwear,Zara,166.04,4.0,CUST_1246
ITEM_12745,Fashion Product 2746,Outerwear,Uniqlo,192.07,4.3,CUST_1146
ITEM_12746,Fashion Product 2747,Accessories,Adidas,87.46,4.3,CUST_1191
ITEM_12747,Fashion Product 2748,Accessories,Levi's,201.4,4.7,CUST_1261
ITEM_12748,Fashion Product 2749,Bottoms,Zara,91.34,4.8,CUST_1287
ITEM_12749,Fashion Product 2750,Accessories,Adidas,71.47,4.4,CUST_1016
ITEM_12750,Fashion Product 2751,Footwear,H&M,63.39,3.1,CUST_1194
ITEM_12751,Fashion Product 2752,Tops,Levi's,57.98,3.7,CUST_1009
ITEM_12752,Fashion Product 2753,Tops,Mango,186.91,4.1,CUST_1002
ITEM_12753,Fashion Product 2754,Tops,H&M,223.0,3.8,CUST_1293
ITEM_12754,Fashion Product 2755,Bottoms,Nike,65.36,2.9,CUST_1084
ITEM_12755,Fashion Product 2756,Bottoms,Gucci,30.46,4.0,CUST_1443
ITEM_12756,Fashion Product 2757,Dresses,Zara,85.3,4.7,CUST_1209
ITEM_12757,Fashion Product 2758,Tops,Nike,167.88,3.5,CUST_1058
ITEM_12758,Fashion Product 2759,Footwear,Zara,98.44,4.2,CUST_1473
ITEM_12759,Fashion Product 2760,Accessories,Gucci,141.8,4.0,CUST_1339
ITEM_12760,Fashion Product 2761,Footwear,Zara,188.63,3.4,CUST_1106
ITEM_12761,Fashion Product 2762,Accessories,Adidas,108.03,3.9,CUST_1136
ITEM_12762,Fashion Product 2763,Tops,Uniqlo,249.93,3.0,CUST_1308
ITEM_12763,Fashion Product 2764,Tops,Puma,81.51,3.9,CUST_1331
ITEM_12764,Fashion Product 2765,Tops,Adidas,244.78,4.5,CUST_1461
ITEM_12765,Fashion Product 2766,Bottoms,Gucci,58.73,4.4,CUST_1077
ITEM_12766,Fashion Product 2767,Accessories,Zara,36.62,3.4,CUST_1457
ITEM_12767,Fashion Product 2768,Bottoms,Adidas,190.2,2.8,CUST_1325
ITEM_12768,Fashion Product 2769,Bottoms,Uniqlo,178.55,4.5,CUST_1210
ITEM_12769,Fashion Product 2770,Outerwear,Nike,204.68,3.2,CUST_1232
ITEM_12770,Fashion Product 2771,Footwear,Adidas,92.46,2.6,CUST_1125
ITEM_12771,Fashion Product 2772,Footwear,Nike,233.39,3.6,CUST_1180
ITEM_12772,Fashion Product 2773,Dresses,Gucci,38.68,4.3,CUST_1462
ITEM_12773,Fashion Product 2774,Bottoms,Nike,17.27,4.5,CUST_1290
ITEM_12774,Fashion Product 2775,Accessories,Zara,82.14,5.0,CUST_1214
ITEM_12775,Fashion Product 2776,Outerwear,Levi's,201.36,3.0,CUST_1432
ITEM_12776,Fashion Product 2777,Outerwear,Levi's,171.52,3.2,CUST_1097
ITEM_12777,Fashion Product 2778,Footwear,Mango,114.69,4.0,CUST_1408
ITEM_12778,Fashion Product 2779,Bottoms,Zara,71.5,4.5,CUST_1249
ITEM_12779,Fashion Product 2780,Dresses,Gucci,24.23,3.1,CUST_1221
ITEM_12780,Fashion Product 2781,Bottoms,H&M,91.0,3.5,CUST_1013
ITEM_12781,Fashion Product 2782,Tops,Levi's,120.4,3.5,CUST_1306
ITEM_12782,Fashion Product 2783,Bottoms,Gucci,174.89,4.4,CUST_1091
ITEM_12783,Fashion Product 2784,Tops,Nike,165.03,3.1,CUST_1193
ITEM_12784,Fashion Product 2785,Tops,Adidas,237.36,4.9,CUST_1199
ITEM_12785,Fashion Product 2786,Dresses,Levi's,34.1,3.8,CUST_1260
ITEM_12786,Fashion Product 2787,Accessories,Zara,90.72,3.2,CUST_1064
ITEM_12787,Fashion Product 2788,Footwear,Levi's,125.58,3.2,CUST_1330
ITEM_12788,Fashion Product 2789,Bottoms,Uniqlo,170.97,2.5,CUST_1232
ITEM_12789,Fashion Product 2790,Tops,Uniqlo,128.91,4.2,CUST_1227
ITEM_12790,Fashion Product 2791,Bottoms,Uniqlo,229.06,4.4,CUST_1167
ITEM_12791,Fashion Product 2792,Accessories,Levi's,156.08,2.6,CUST_1251
ITEM_12792,Fashion Product 2793,Footwear,Mango,19.52,4.0,CUST_1447
ITEM_12793,Fashion Product 2794,Accessories,Gucci,37.28,4.5,CUST_1186
ITEM_12794,Fashion Product 2795,Footwear,Uniqlo,190.84,3.4,CUST_1249
ITEM_12795,Fashion Product 2796,Outerwear,Nike,181.79,3.6,CUST_1272
ITEM_12796,Fashion Product 2797,Footwear,Zara,46.84,3.4,CUST_1475
ITEM_12797,Fashion Product 2798,Dresses,Puma,24.14,3.3,CUST_1340
ITEM_12798,Fashion Product 2799,Accessories,Uniqlo,148.89,3.7,CUST_1446
ITEM_12799,Fashion Product 2800,Tops,Gucci,162.58,2.9,CUST_1138
ITEM_12800,Fashion Product 2801,Outerwear,Nike,42.47,3.6,CUST_1109
ITEM_12801,Fashion Product 2802,Dresses,Zara,123.67,4.9,CUST_1318
ITEM_12802,Fashion Product 2803,Bottoms,Adidas,83.4,2.6,CUST_1417
ITEM_12803,Fashion Product 2804,Accessories,H&M,233.51,2.9,CUST_1455
ITEM_12804,Fashion Product 2805,Tops,Nike,62.61,4.4,CUST_1426
ITEM_12805,Fashion Product 2806,Footwear,Mango,185.98,2.8,CUST_1044
ITEM_12806,Fashion Product 2807,Tops,Nike,134.35,3.2,CUST_1430
ITEM_12807,Fashion Product 2808,Bottoms,Nike,12.77,3.6,CUST_1342
ITEM_12808,Fashion Product 2809,Outerwear,Mango,134.08,4.9,CUST_1491
ITEM_12809,Fashion Product 2810,Outerwear,Adidas,33.87,3.0,CUST_1337
ITEM_12810,Fashion Product 2811,Accessories,Levi's,168.17,4.8,CUST_1201
ITEM_12811,Fashion Product 2812,Outerwear,Zara,145.73,4.3,CUST_1378
ITEM_12812,Fashion Product 2813,Accessories,Nike,12.5,4.2,CUST_1104
ITEM_12813,Fashion Product 2814,Accessories,Nike,59.13,4.3,CUST_1458
ITEM_12814,Fashion Product 2815,Accessories,Mango,196.29,2.6,CUST_1484
ITEM_12815,Fashion Product 2816,Footwear,Gucci,76.19,2.7,CUST_1479
ITEM_12816,Fashion Product 2817,Dresses,Nike,129.83,3.3,CUST_1415
ITEM_12817,Fashion Product 2818,Accessories,Nike,84.88,2.7,CUST_1389
ITEM_12818,Fashion Product 2819,Accessories,Mango,231.17,5.0,CUST_1120
ITEM_12819,Fashion Product 2820,Dresses,Gucci,138.78,4.0,CUST_1402
ITEM_12820,Fashion Product 2821,Tops,Mango,177.08,3.7,CUST_1390
ITEM_12821,Fashion Product 2822,Accessories,Nike,30.03,4.5,CUST_1362
ITEM_12822,Fashion Product 2823,Footwear,Uniqlo,19.68,4.9,CUST_1434
ITEM_12823,Fashion Product 2824,Outerwear,Zara,72.21,4.9,CUST_1383
ITEM_12824,Fashion Product 2825,Outerwear,Gucci,84.19,4.5,CUST_1028
ITEM_12825,Fashion Product 2826,Bottoms,Uniqlo,175.04,3.4,CUST_1107
ITEM_12826,Fashion Product 2827,Bottoms,Mango,146.59,2.7,CUST_1280
ITEM_12827,Fashion Product 2828,Outerwear,Nike,99.9,2.7,CUST_1453
ITEM_12828,Fashion Product 2829,Outerwear,Mango,166.99,2.5,CUST_1028
ITEM_12829,Fashion Product 2830,Footwear,Levi's,49.26,2.5,CUST_1186
ITEM_12830,Fashion Product 2831,Dresses,Levi's,25.24,4.8,CUST_1195
ITEM_12831,Fashion Product 2832,Bottoms,Nike,215.08,4.8,CUST_1146
ITEM_12832,Fashion Product 2833,Dresses,Nike,145.35,4.2,CUST_1260
ITEM_12833,Fashion Product 2834,Footwear,Uniqlo,165.78,4.3,CUST_1360
ITEM_12834,Fashion Product 2835,Outerwear,Puma,83.74,3.8,CUST_1177
ITEM_12835,Fashion Product 2836,Accessories,Nike,99.27,3.1,CUST_1128
ITEM_12836,Fashion Product 2837,Dresses,Gucci,29.77,4.8,CUST_1384
ITEM_12837,Fashion Product 2838,Outerwear,Gucci,215.68,3.2,CUST_1106
ITEM_12838,Fashion Product 2839,Outerwear,Mango,152.19,4.3,CUST_1416
ITEM_12839,Fashion Product 2840,Tops,Uniqlo,30.07,3.1,CUST_1352
ITEM_12840,Fashion Product 2841,Dresses,Adidas,203.09,4.7,CUST_1383
ITEM_12841,Fashion Product 2842,Accessories,H&M,116.59,4.1,CUST_1211
ITEM_12842,Fashion Product 2843,Dresses,Mango,193.62,4.1,CUST_1349
ITEM_12843,Fashion Product 2844,Outerwear,Nike,13.03,2.7,CUST_1481
ITEM_12844,Fashion Product 2845,Accessories,Mango,16.9,3.5,CUST_1322
ITEM_12845,Fashion Product 2846,Footwear,Adidas,50.99,3.8,CUST_1314
ITEM_12846,Fashion Product 2847,Tops,H&M,60.62,3.2,CUST_1011
ITEM_12847,Fashion Product 2848,Outerwear,Adidas,193.35,4.7,CUST_1367
ITEM_12848,Fashion Product 2849,Bottoms,Adidas,179.61,4.6,CUST_1481
ITEM_12849,Fashion Product 2850,Bottoms,Levi's,157.86,3.7,CUST_1489
ITEM_12850,Fashion Product 2851,Tops,Gucci,222.37,3.4,CUST_1360
ITEM_12851,Fashion Product 2852,Footwear,Puma,69.32,4.5,CUST_1321
ITEM_12852,Fashion Product 2853,Outerwear,Nike,227.06,3.0,CUST_1384
ITEM_12853,Fashion Product 2854,Dresses,Uniqlo,228.27,2.7,CUST_1490
ITEM_12854,Fashion Product 2855,Tops,Mango,114.22,2.6,CUST_1017
ITEM_12855,Fashion Product 2856,Footwear,Nike,32.65,2.6,CUST_1370
ITEM_12856,Fashion Product 2857,Dresses,Levi's,184.37,3.7,CUST_1336
ITEM_12857,Fashion Product 2858,Bottoms,Gucci,90.86,3.1,CUST_1066
ITEM_12858,Fashion Product 2859,Bottoms,Mango,200.78,4.2,CUST_1374
ITEM_12859,Fashion Product 2860,Dresses,Uniqlo,49.29,4.1,CUST_1113
ITEM_12860,Fashion Product 2861,Tops,Puma,139.48,3.9,CUST_1132
ITEM_12861,Fashion Product 2862,Bottoms,Nike,131.94,3.4,CUST_1416
ITEM_12862,Fashion Product 2863,Outerwear,Gucci,34.08,4.6,CUST_1071
ITEM_12863,Fashion Product 2864,Accessories,Zara,97.2,4.3,CUST_1413
ITEM_12864,Fashion Product 2865,Dresses,Nike,30.34,3.2,CUST_1061
ITEM_12865,Fashion Product 2866,Dresses,Adidas,121.54,3.8,CUST_1444
ITEM_12866,Fashion Product 2867,Bottoms,Adidas,212.3,2.9,CUST_1457
ITEM_12867,Fashion Product 2868,Tops,H&M,74.85,3.3,CUST_1314
ITEM_12868,Fashion Product 2869,Outerwear,Gucci,193.57,5.0,CUST_1483
ITEM_12869,Fashion Product 2870,Tops,Adidas,54.02,3.1,CUST_1244
ITEM_12870,Fashion Product 2871,Footwear,Puma,171.7,4.2,CUST_1309
ITEM_12871,Fashion Product 2872,Footwear,Puma,229.73,3.1,CUST_1005
ITEM_12872,Fashion Product 2873,Accessories,Adidas,87.74,4.8,CUST_1370
ITEM_12873,Fashion Product 2874,Bottoms,Gucci,226.1,3.3,CUST_1317
ITEM_12874,Fashion Product 2875,Bottoms,Levi's,131.3,3.4,CUST_1021
ITEM_12875,Fashion Product 2876,Bottoms,Uniqlo,86.03,4.0,CUST_1186
ITEM_12876,Fashion Product 2877,Accessories,Uniqlo,225.16,4.0,CUST_1209
ITEM_12877,Fashion Product 2878,Footwear,Gucci,17.69,3.9,CUST_1231
ITEM_12878,Fashion Product 2879,Tops,Zara,16.72,3.9,CUST_1014
ITEM_12879,Fashion Product 2880,Accessories,Uniqlo,153.96,3.3,CUST_1352
ITEM_12880,Fashion Product 2881,Accessories,Mango,201.22,3.6,CUST_1079
ITEM_12881,Fashion Product 2882,Tops,Uniqlo,190.37,4.0,CUST_1469
ITEM_12882,Fashion Product 2883,Bottoms,Mango,29.07,4.2,CUST_1182
ITEM_12883,Fashion Product 2884,Outerwear,Adidas,238.06,3.1,CUST_1078
ITEM_12884,Fashion Product 2885,Tops,Levi's,178.74,4.3,CUST_1297
ITEM_12885,Fashion Product 2886,Footwear,Levi's,237.79,4.8,CUST_1272
ITEM_12886,Fashion Product 2887,Dresses,Uniqlo,88.98,4.4,CUST_1051
ITEM_12887,Fashion Product 2888,Dresses,Uniqlo,176.55,2.7,CUST_1257
ITEM_12888,Fashion Product 2889,Accessories,Gucci,216.39,3.7,CUST_1296
ITEM_12889,Fashion Product 2890,Dresses,Uniqlo,101.31,3.6,CUST_1018
ITEM_12890,Fashion Product 2891,Outerwear,H&M,241.57,3.3,CUST_1290
ITEM_12891,Fashion Product 2892,Bottoms,H&M,73.6,3.7,CUST_1218
ITEM_12892,Fashion Product 2893,Footwear,Zara,85.75,3.6,CUST_1445
ITEM_12893,Fashion Product 2894,Outerwear,Adidas,230.88,2.5,CUST_1100
ITEM_12894,Fashion Product 2895,Footwear,Mango,242.72,3.1,CUST_1149
ITEM_12895,Fashion Product 2896,Footwear,Levi's,78.45,3.0,CUST_1385
ITEM_12896,Fashion Product 2897,Bottoms,Adidas,42.73,3.4,CUST_1155
ITEM_12897,Fashion Product 2898,Accessories,Mango,192.17,2.9,CUST_1435
ITEM_12898,Fashion Product 2899,Dresses,Mango,233.12,2.7,CUST_1395
ITEM_12899,Fashion Product 2900,Bottoms,Nike,154.17,3.0,CUST_1376
ITEM_12900,Fashion Product 2901,Outerwear,Uniqlo,162.28,4.6,CUST_1102
ITEM_12901,Fashion Product 2902,Accessories,Zara,193.11,4.5,CUST_1115
ITEM_12902,Fashion Product 2903,Outerwear,Uniqlo,46.74,3.6,CUST_1270
ITEM_12903,Fashion Product 2904,Accessories,Zara,243.63,4.7,CUST_1092
ITEM_12904,Fashion Product 2905,Outerwear,Adidas,97.44,3.1,CUST_1439
ITEM_12905,Fashion Product 2906,Bottoms,Gucci,160.78,4.0,CUST_1411
ITEM_12906,Fashion Product 2907,Accessories,Gucci,122.47,2.9,CUST_1406
ITEM_12907,Fashion Product 2908,Accessories,Adidas,122.36,4.6,CUST_1021
ITEM_12908,Fashion Product 2909,Footwear,H&M,178.66,2.8,CUST_1120
ITEM_12909,Fashion Product 2910,Footwear,Mango,248.72,2.6,CUST_1408
ITEM_12910,Fashion Product 2911,Tops,Zara,168.17,3.2,CUST_1019
ITEM_12911,Fashion Product 2912,Outerwear,Puma,200.57,4.8,CUST_1024
ITEM_12912,Fashion Product 2913,Footwear,Uniqlo,16.63,2.8,CUST_1026
ITEM_12913,Fashion Product 2914,Tops,Adidas,204.5,3.3,CUST_1153
ITEM_12914,Fashion Product 2915,Footwear,Mango,81.99,3.3,CUST_1301
ITEM_12915,Fashion Product 2916,Outerwear,Zara,40.41,4.5,CUST_1364
ITEM_12916,Fashion Product 2917,Accessories,Levi's,37.2,3.6,CUST_1413
ITEM_12917,Fashion Product 2918,Dresses,Uniqlo,173.17,4.0,CUST_1202
ITEM_12918,Fashion Product 2919,Outerwear,Gucci,249.43,3.5,CUST_1499
ITEM_12919,Fashion Product 2920,Bottoms,Adidas,169.89,3.9,CUST_1139
ITEM_12920,Fashion Product 2921,Footwear,Gucci,72.96,2.7,CUST_1280
ITEM_12921,Fashion Product 2922,Footwear,Zara,58.79,3.4,CUST_1024
ITEM_12922,Fashion Product 2923,Accessories,Gucci,136.23,4.6,CUST_1012
ITEM_12923,Fashion Product 2924,Bottoms,Uniqlo,25.61,4.2,CUST_1135
ITEM_12924,Fashion Product 2925,Accessories,H&M,105.84,5.0,CUST_1424
ITEM_12925,Fashion Product 2926,Bottoms,Mango,169.9,4.5,CUST_1081
ITEM_12926,Fashion Product 2927,Dresses,H&M,242.24,3.6,CUST_1355
ITEM_12927,Fashion Product 2928,Footwear,Adidas,112.16,4.2,CUST_1070
ITEM_12928,Fashion Product 2929,Footwear,H&M,58.05,4.4,CUST_1204
ITEM_12929,Fashion Product 2930,Dresses,Nike,206.17,3.2,CUST_1079
ITEM_12930,Fashion Product 2931,Tops,Mango,188.61,2.7,CUST_1480
ITEM_12931,Fashion Product 2932,Accessories,Zara,216.33,3.5,CUST_1279
ITEM_12932,Fashion Product 2933,Dresses,Mango,61.53,2.9,CUST_1199
ITEM_12933,Fashion Product 2934,Accessories,Nike,107.16,3.2,CUST_1379
ITEM_12934,Fashion Product 2935,Outerwear,Puma,245.57,4.9,CUST_1294
ITEM_12935,Fashion Product 2936,Footwear,H&M,47.93,4.6,CUST_1415
ITEM_12936,Fashion Product 2937,Accessories,Mango,171.15,4.0,CUST_1285
ITEM_12937,Fashion Product 2938,Bottoms,Gucci,66.92,3.5,CUST_1428
ITEM_12938,Fashion Product 2939,Accessories,Zara,130.04,3.2,CUST_1156
ITEM_12939,Fashion Product 2940,Outerwear,Levi's,202.12,3.9,CUST_1076
ITEM_12940,Fashion Product 2941,Footwear,Adidas,127.26,3.8,CUST_1219
ITEM_12941,Fashion Product 2942,Dresses,Adidas,203.32,4.5,CUST_1324
ITEM_12942,Fashion Product 2943,Outerwear,Adidas,112.32,4.8,CUST_1277
ITEM_12943,Fashion Product 2944,Footwear,Mango,249.84,3.3,CUST_1265
ITEM_12944,Fashion Product 2945,Accessories,H&M,114.6,3.0,CUST_1049
ITEM_12945,Fashion Product 2946,Tops,Mango,45.85,3.5,CUST_1098
ITEM_12946,Fashion Product 2947,Tops,Uniqlo,106.45,3.6,CUST_1293
ITEM_12947,Fashion Product 2948,Bottoms,Gucci,188.22,2.6,CUST_1021
ITEM_12948,Fashion Product 2949,Footwear,Levi's,213.51,4.7,CUST_1444
ITEM_12949,Fashion Product 2950,Tops,Levi's,120.42,5.0,CUST_1023
ITEM_12950,Fashion Product 2951,Dresses,Gucci,152.67,4.8,CUST_1472
ITEM_12951,Fashion Product 2952,Footwear,Nike,212.77,4.7,CUST_1138
ITEM_12952,Fashion Product 2953,Dresses,Uniqlo,205.25,5.0,CUST_1230
ITEM_12953,Fashion Product 2954,Dresses,Zara,167.85,4.8,CUST_1326
ITEM_12954,Fashion Product 2955,Tops,Levi's,205.61,4.2,CUST_1405
ITEM_12955,Fashion Product 2956,Footwear,Adidas,148.22,2.9,CUST_1357
ITEM_12956,Fashion Product 2957,Accessories,Mango,11.12,2.9,CUST_1029
ITEM_12957,Fashion Product 2958,Outerwear,Nike,19.9,2.6,CUST_1315
ITEM_12958,Fashion Product 2959,Tops,Gucci,245.15,3.5,CUST_1424
ITEM_12959,Fashion Product 2960,Tops,Puma,44.8,4.5,CUST_1021
ITEM_12960,Fashion Product 2961,Accessories,Zara,107.08,3.7,CUST_1342
ITEM_12961,Fashion Product 2962,Footwear,Adidas,234.11,3.4,CUST_1099
ITEM_12962,Fashion Product 2963,Footwear,Levi's,56.81,2.8,CUST_1063
ITEM_12963,Fashion Product 2964,Dresses,Mango,212.51,2.6,CUST_1302
ITEM_12964,Fashion Product 2965,Accessories,Gucci,206.38,3.5,CUST_1133
ITEM_12965,Fashion Product 2966,Accessories,Zara,246.72,2.7,CUST_1015
ITEM_12966,Fashion Product 2967,Footwear,Puma,77.6,2.8,CUST_1105
ITEM_12967,Fashion Product 2968,Dresses,Nike,85.68,3.5,CUST_1111
ITEM_12968,Fashion Product 2969,Tops,Levi's,226.69,3.8,CUST_1339
ITEM_12969,Fashion Product 2970,Bottoms,Mango,66.18,3.0,CUST_1336
ITEM_12970,Fashion Product 2971,Outerwear,Adidas,141.5,4.2,CUST_1424
ITEM_12971,Fashion Product 2972,Tops,Gucci,179.76,3.5,CUST_1111
ITEM_12972,Fashion Product 2973,Footwear,Gucci,75.25,2.7,CUST_1363
ITEM_12973,Fashion Product 2974,Outerwear,Nike,235.22,4.1,CUST_1343
ITEM_12974,Fashion Product 2975,Bottoms,H&M,169.77,3.4,CUST_1004
ITEM_12975,Fashion Product 2976,Bottoms,H&M,21.31,2.6,CUST_1469
ITEM_12976,Fashion Product 2977,Dresses,Adidas,42.58,4.9,CUST_1152
ITEM_12977,Fashion Product 2978,Outerwear,Puma,55.79,3.9,CUST_1042
ITEM_12978,Fashion Product 2979,Dresses,Gucci,68.79,3.7,CUST_1375
ITEM_12979,Fashion Product 2980,Tops,Gucci,185.36,4.6,CUST_1026
ITEM_12980,Fashion Product 2981,Accessories,Gucci,31.34,4.8,CUST_1362
ITEM_12981,Fashion Product 2982,Accessories,Nike,94.14,3.1,CUST_1194
ITEM_12982,Fashion Product 2983,Accessories,H&M,228.73,4.5,CUST_1360
ITEM_12983,Fashion Product 2984,Outerwear,Uniqlo,143.6,4.6,CUST_1008
ITEM_12984,Fashion Product 2985,Accessories,Zara,73.72,2.6,CUST_1073
ITEM_12985,Fashion Product 2986,Tops,Nike,239.69,4.3,CUST_1450
ITEM_12986,Fashion Product 2987,Dresses,Levi's,68.64,2.7,CUST_1078
ITEM_12987,Fashion Product 2988,Outerwear,Puma,227.22,4.0,CUST_1148
ITEM_12988,Fashion Product 2989,Dresses,Puma,184.18,4.2,CUST_1322
ITEM_12989,Fashion Product 2990,Outerwear,Zara,187.73,3.4,CUST_1068
ITEM_12990,Fashion Product 2991,Dresses,Puma,193.59,4.7,CUST_1355
ITEM_12991,Fashion Product 2992,Bottoms,Puma,131.58,4.5,CUST_1183
ITEM_12992,Fashion Product 2993,Dresses,Uniqlo,205.5,4.8,CUST_1334
ITEM_12993,Fashion Product 2994,Accessories,Puma,210.69,3.3,CUST_1085
ITEM_12994,Fashion Product 2995,Bottoms,Gucci,96.52,2.6,CUST_1496
ITEM_12995,Fashion Product 2996,Dresses,Nike,106.08,4.5,CUST_1079
ITEM_12996,Fashion Product 2997,Outerwear,H&M,223.3,3.1,CUST_1039
ITEM_12997,Fashion Product 2998,Outerwear,Puma,135.94,3.7,CUST_1306
ITEM_12998,Fashion Product 2999,Outerwear,Adidas,218.07,4.5,CUST_1020
ITEM_12999,Fashion Product 3000,Footwear,Adidas,160.42,3.0,CUST_1070
ITEM_13000,Fashion Product 3001,Tops,Adidas,152.46,3.3,CUST_1156
ITEM_13001,Fashion Product 3002,Outerwear,Puma,17.44,3.6,CUST_1117
ITEM_13002,Fashion Product 3003,Bottoms,Levi's,76.69,3.2,CUST_1368
ITEM_13003,Fashion Product 3004,Outerwear,Gucci,130.49,3.7,CUST_1427
ITEM_13004,Fashion Product 3005,Footwear,Mango,150.96,2.5,CUST_1450
ITEM_13005,Fashion Product 3006,Accessories,Puma,161.3,3.0,CUST_1028
ITEM_13006,Fashion Product 3007,Bottoms,Levi's,181.89,4.6,CUST_1375
ITEM_13007,Fashion Product 3008,Footwear,Mango,167.5,3.5,CUST_1098
ITEM_13008,Fashion Product 3009,Accessories,Zara,213.66,4.1,CUST_1462
ITEM_13009,Fashion Product 3010,Bottoms,Uniqlo,80.91,3.1,CUST_1329
ITEM_13010,Fashion Product 3011,Dresses,Gucci,163.98,4.1,CUST_1151
ITEM_13011,Fashion Product 3012,Tops,Puma,22.28,5.0,CUST_1364
ITEM_13012,Fashion Product 3013,Tops,Nike,125.25,4.0,CUST_1419
ITEM_13013,Fashion Product 3014,Footwear,Nike,74.33,4.1,CUST_1022
ITEM_13014,Fashion Product 3015,Accessories,Nike,101.41,2.8,CUST_1261
ITEM_13015,Fashion Product 3016,Tops,Zara,95.12,3.5,CUST_1060
ITEM_13016,Fashion Product 3017,Accessories,Zara,24.5,4.7,CUST_1425
ITEM_13017,Fashion Product 3018,Accessories,Mango,121.99,4.6,CUST_1413
ITEM_13018,Fashion Product 3019,Footwear,Zara,248.71,3.8,CUST_1163
ITEM_13019,Fashion Product 3020,Footwear,Adidas,81.74,4.8,CUST_1114
ITEM_13020,Fashion Product 3021,Footwear,Uniqlo,186.68,2.9,CUST_1354
ITEM_13021,Fashion Product 3022,Tops,Adidas,141.47,4.1,CUST_1196
ITEM_13022,Fashion Product 3023,Footwear,Puma,88.05,3.1,CUST_1045
ITEM_13023,Fashion Product 3024,Tops,Mango,31.51,4.1,CUST_1113
ITEM_13024,Fashion Product 3025,Footwear,Levi's,61.81,2.7,CUST_1393
ITEM_13025,Fashion Product 3026,Outerwear,Mango,197.64,4.9,CUST_1179
ITEM_13026,Fashion Product 3027,Accessories,Levi's,76.96,4.5,CUST_1270
ITEM_13027,Fashion Product 3028,Footwear,Uniqlo,44.63,3.0,CUST_1493
ITEM_13028,Fashion Product 3029,Bottoms,Zara,89.51,4.1,CUST_1325
ITEM_13029,Fashion Product 3030,Accessories,Zara,150.17,4.4,CUST_1370
ITEM_13030,Fashion Product 3031,Accessories,Puma,178.83,3.0,CUST_1056
ITEM_13031,Fashion Product 3032,Footwear,Nike,102.97,2.7,CUST_1367
ITEM_13032,Fashion Product 3033,Dresses,H&M,129.56,3.4,CUST_1347
ITEM_13033,Fashion Product 3034,Footwear,Mango,119.18,2.8,CUST_1267
ITEM_13034,Fashion Product 3035,Accessories,Mango,12.16,3.9,CUST_1414
ITEM_13035,Fashion Product 3036,Bottoms,Puma,104.94,3.6,CUST_1115
ITEM_13036,Fashion Product 3037,Accessories,Adidas,150.96,3.7,CUST_1357
ITEM_13037,Fashion Product 3038,Bottoms,Gucci,146.79,3.9,CUST_1167
ITEM_13038,Fashion Product 3039,Tops,Puma,189.94,5.0,CUST_1354
ITEM_13039,Fashion Product 3040,Outerwear,H&M,170.89,4.5,CUST_1115
ITEM_13040,Fashion Product 3041,Accessories,Zara,76.43,4.1,CUST_1408
ITEM_13041,Fashion Product 3042,Footwear,Levi's,71.35,3.4,CUST_1080
ITEM_13042,Fashion Product 3043,Tops,Adidas,121.39,2.6,CUST_1314
ITEM_13043,Fashion Product 3044,Outerwear,Adidas,185.91,2.8,CUST_1286
ITEM_13044,Fashion Product 3045,Footwear,Uniqlo,32.52,4.3,CUST_1408
ITEM_13045,Fashion Product 3046,Dresses,H&M,237.6,3.4,CUST_1323
ITEM_13046,Fashion Product 3047,Footwear,Adidas,140.36,3.3,CUST_1029
ITEM_13047,Fashion Product 3048,Bottoms,H&M,83.54,4.7,CUST_1042
ITEM_13048,Fashion Product 3049,Bottoms,Puma,176.41,3.7,CUST_1460
ITEM_13049,Fashion Product 3050,Dresses,Levi's,20.73,4.7,CUST_1119
ITEM_13050,Fashion Product 3051,Tops,Levi's,126.26,4.7,CUST_1062
ITEM_13051,Fashion Product 3052,Outerwear,Mango,126.63,2.7,CUST_1155
ITEM_13052,Fashion Product 3053,Footwear,Zara,48.87,4.9,CUST_1285
ITEM_13053,Fashion Product 3054,Bottoms,Mango,210.97,2.7,CUST_1450
ITEM_13054,Fashion Product 3055,Tops,Adidas,201.23,4.9,CUST_1441
ITEM_13055,Fashion Product 3056,Dresses,Uniqlo,46.66,3.6,CUST_1189
ITEM_13056,Fashion Product 3057,Accessories,Mango,97.32,4.4,CUST_1285
ITEM_13057,Fashion Product 3058,Bottoms,Mango,34.1,4.3,CUST_1104
ITEM_13058,Fashion Product 3059,Dresses,Mango,213.67,3.8,CUST_1057
ITEM_13059,Fashion Product 3060,Footwear,H&M,87.6,4.0,CUST_1457
ITEM_13060,Fashion Product 3061,Outerwear,Puma,115.44,4.9,CUST_1311
ITEM_13061,Fashion Product 3062,Bottoms,Uniqlo,87.73,4.8,CUST_1372
ITEM_13062,Fashion Product 3063,Bottoms,Levi's,84.41,4.1,CUST_1172
ITEM_13063,Fashion Product 3064,Footwear,H&M,189.35,4.1,CUST_1384
ITEM_13064,Fashion Product 3065,Accessories,Adidas,189.42,3.1,CUST_1156
ITEM_13065,Fashion Product 3066,Tops,Uniqlo,134.27,4.6,CUST_1165
ITEM_13066,Fashion Product 3067,Outerwear,Levi's,167.83,4.1,CUST_1407
ITEM_13067,Fashion Product 3068,Bottoms,Uniqlo,132.8,4.6,CUST_1333
ITEM_13068,Fashion Product 3069,Outerwear,Gucci,16.86,4.1,CUST_1069
ITEM_13069,Fashion Product 3070,Bottoms,Gucci,25.84,3.2,CUST_1480
ITEM_13070,Fashion Product 3071,Outerwear,Mango,102.1,3.0,CUST_1476
ITEM_13071,Fashion Product 3072,Dresses,Mango,189.94,2.7,CUST_1058
ITEM_13072,Fashion Product 3073,Bottoms,Gucci,229.17,4.0,CUST_1207
ITEM_13073,Fashion Product 3074,Outerwear,Levi's,17.13,3.2,CUST_1472
ITEM_13074,Fashion Product 3075,Tops,Adidas,98.33,4.1,CUST_1416
ITEM_13075,Fashion Product 3076,Dresses,Zara,63.71,2.6,CUST_1085
ITEM_13076,Fashion Product 3077,Dresses,Zara,205.65,3.4,CUST_1325
ITEM_13077,Fashion Product 3078,Tops,H&M,213.03,3.2,CUST_1101
ITEM_13078,Fashion Product 3079,Outerwear,Adidas,59.54,3.4,CUST_1292
ITEM_13079,Fashion Product 3080,Footwear,Uniqlo,180.6,2.6,CUST_1251
ITEM_13080,Fashion Product 3081,Tops,Zara,185.62,4.3,CUST_1220
ITEM_13081,Fashion Product 3082,Outerwear,Uniqlo,52.49,2.8,CUST_1160
ITEM_13082,Fashion Product 3083,Tops,Uniqlo,114.09,2.5,CUST_1187
ITEM_13083,Fashion Product 3084,Tops,Uniqlo,158.88,4.9,CUST_1384
ITEM_13084,Fashion Product 3085,Bottoms,Zara,16.26,3.0,CUST_1444
ITEM_13085,Fashion Product 3086,Outerwear,Levi's,107.1,4.6,CUST_1087
ITEM_13086,Fashion Product 3087,Footwear,Nike,47.19,4.9,CUST_1464
ITEM_13087,Fashion Product 3088,Bottoms,Uniqlo,140.06,3.8,CUST_1498
ITEM_13088,Fashion Product 3089,Tops,Adidas,212.3,3.8,CUST_1330
ITEM_13089,Fashion Product 3090,Accessories,Puma,135.94,3.4,CUST_1349
ITEM_13090,Fashion Product 3091,Tops,Mango,18.64,3.6,CUST_1155
ITEM_13091,Fashion Product 3092,Tops,Adidas,17.12,3.7,CUST_1355
ITEM_13092,Fashion Product 3093,Outerwear,Gucci,155.32,2.9,CUST_1490
ITEM_13093,Fashion Product 3094,Outerwear,Zara,88.72,3.4,CUST_1493
ITEM_13094,Fashion Product 3095,Bottoms,Puma,147.44,4.5,CUST_1280
ITEM_13095,Fashion Product 3096,Footwear,Mango,49.27,3.0,CUST_1343
ITEM_13096,Fashion Product 3097,Bottoms,Adidas,196.45,4.3,CUST_1323
ITEM_13097,Fashion Product 3098,Dresses,Puma,216.57,4.1,CUST_1164
ITEM_13098,Fashion Product 3099,Tops,Nike,223.41,2.6,CUST_1493
ITEM_13099,Fashion Product 3100,Accessories,Zara,82.98,2.6,CUST_1398
ITEM_13100,Fashion Product 3101,Tops,Levi's,168.58,3.4,CUST_1068
ITEM_13101,Fashion Product 3102,Tops,H&M,76.97,4.2,CUST_1428
ITEM_13102,Fashion Product 3103,Bottoms,Nike,193.06,3.3,CUST_1432
ITEM_13103,Fashion Product 3104,Accessories,Gucci,38.93,4.2,CUST_1362
ITEM_13104,Fashion Product 3105,Accessories,Levi's,193.06,4.2,CUST_1375
ITEM_13105,Fashion Product 3106,Accessories,Nike,115.53,4.5,CUST_1288
ITEM_13106,Fashion Product 3107,Bottoms,Mango,215.33,2.7,CUST_1212
ITEM_13107,Fashion Product 3108,Tops,Puma,187.34,3.9,CUST_1120
ITEM_13108,Fashion Product 3109,Bottoms,Zara,100.36,2.7,CUST_1401
ITEM_13109,Fashion Product 3110,Outerwear,Puma,226.85,2.9,CUST_1477
ITEM_13110,Fashion Product 3111,Outerwear,Uniqlo,78.0,3.3,CUST_1185
ITEM_13111,Fashion Product 3112,Bottoms,Adidas,242.08,4.3,CUST_1423
ITEM_13112,Fashion Product 3113,Accessories,Gucci,194.13,4.9,CUST_1416
ITEM_13113,Fashion Product 3114,Tops,Uniqlo,247.76,3.4,CUST_1452
ITEM_13114,Fashion Product 3115,Bottoms,Uniqlo,22.94,3.8,CUST_1216
ITEM_13115,Fashion Product 3116,Bottoms,Gucci,75.77,3.1,CUST_1492
ITEM_13116,Fashion Product 3117,Bottoms,Adidas,187.9,4.2,CUST_1490
ITEM_13117,Fashion Product 3118,Dresses,Mango,231.34,3.4,CUST_1130
ITEM_13118,Fashion Product 3119,Outerwear,Adidas,16.9,3.7,CUST_1078
ITEM_13119,Fashion Product 3120,Accessories,Zara,10.0,3.9,CUST_1488
ITEM_13120,Fashion Product 3121,Footwear,Puma,71.5,4.2,CUST_1170
ITEM_13121,Fashion Product 3122,Accessories,Mango,214.67,2.7,CUST_1038
ITEM_13122,Fashion Product 3123,Footwear,H&M,194.12,3.9,CUST_1055
ITEM_13123,Fashion Product 3124,Dresses,Puma,91.67,3.6,CUST_1439
ITEM_13124,Fashion Product 3125,Bottoms,Mango,10.48,2.8,CUST_1290
ITEM_13125,Fashion Product 3126,Dresses,Adidas,143.13,3.0,CUST_1046
ITEM_13126,Fashion Product 3127,Dresses,Gucci,67.11,4.7,CUST_1171
ITEM_13127,Fashion Product 3128,Tops,Adidas,188.95,4.7,CUST_1130
ITEM_13128,Fashion Product 3129,Outerwear,H&M,117.12,2.6,CUST_1164
ITEM_13129,Fashion Product 3130,Footwear,Mango,172.86,4.2,CUST_1070
ITEM_13130,Fashion Product 3131,Bottoms,Zara,214.55,3.9,CUST_1292
ITEM_13131,Fashion Product 3132,Footwear,Adidas,138.58,4.8,CUST_1406
ITEM_13132,Fashion Product 3133,Accessories,Mango,90.63,4.8,CUST_1069
ITEM_13133,Fashion Product 3134,Footwear,Puma,194.69,3.9,CUST_1422
ITEM_13134,Fashion Product 3135,Accessories,H&M,73.64,2.8,CUST_1105
ITEM_13135,Fashion Product 3136,Outerwear,Zara,223.96,3.6,CUST_1054
ITEM_13136,Fashion Product 3137,Accessories,Mango,27.14,4.3,CUST_1406
ITEM_13137,Fashion Product 3138,Footwear,Nike,210.51,4.9,CUST_1368
ITEM_13138,Fashion Product 3139,Footwear,Adidas,31.97,3.4,CUST_1459
ITEM_13139,Fashion Product 3140,Accessories,H&M,23.47,4.5,CUST_1363
ITEM_13140,Fashion Product 3141,Dresses,Zara,97.18,4.2,CUST_1248
ITEM_13141,Fashion Product 3142,Outerwear,Zara,239.57,2.7,CUST_1415
ITEM_13142,Fashion Product 3143,Tops,Uniqlo,246.04,3.9,CUST_1309
ITEM_13143,Fashion Product 3144,Bottoms,H&M,58.5,3.0,CUST_1373
ITEM_13144,Fashion Product 3145,Footwear,Zara,45.67,4.2,CUST_1106
ITEM_13145,Fashion Product 3146,Bottoms,Mango,94.71,4.0,CUST_1349
ITEM_13146,Fashion Product 3147,Tops,Uniqlo,90.9,4.9,CUST_1315
ITEM_13147,Fashion Product 3148,Bottoms,Puma,192.3,4.8,CUST_1097
ITEM_13148,Fashion Product 3149,Tops,Mango,116.56,2.5,CUST_1342
ITEM_13149,Fashion Product 3150,Accessories,Adidas,197.17,2.7,CUST_1433
ITEM_13150,Fashion Product 3151,Dresses,H&M,189.69,4.4,CUST_1027
ITEM_13151,Fashion Product 3152,Footwear,Adidas,148.79,4.2,CUST_1072
ITEM_13152,Fashion Product 3153,Tops,Levi's,210.04,4.5,CUST_1378
ITEM_13153,Fashion Product 3154,Bottoms,Levi's,56.96,3.2,CUST_1496
ITEM_13154,Fashion Product 3155,Footwear,H&M,48.83,4.6,CUST_1185
ITEM_13155,Fashion Product 3156,Dresses,Puma,190.16,3.6,CUST_1134
ITEM_13156,Fashion Product 3157,Accessories,Uniqlo,68.75,3.2,CUST_1174
ITEM_13157,Fashion Product 3158,Footwear,Nike,10.67,2.5,CUST_1281
ITEM_13158,Fashion Product 3159,Tops,Zara,228.87,4.7,CUST_1098
ITEM_13159,Fashion Product 3160,Dresses,Nike,159.5,3.8,CUST_1393
ITEM_13160,Fashion Product 3161,Bottoms,Levi's,116.79,4.9,CUST_1064
ITEM_13161,Fashion Product 3162,Dresses,Levi's,184.18,4.3,CUST_1484
ITEM_13162,Fashion Product 3163,Dresses,Puma,90.0,2.7,CUST_1415
ITEM_13163,Fashion Product 3164,Outerwear,Nike,238.88,4.0,CUST_1403
ITEM_13164,Fashion Product 3165,Dresses,Nike,26.47,2.5,CUST_1113
ITEM_13165,Fashion Product 3166,Dresses,Uniqlo,163.83,3.9,CUST_1065
ITEM_13166,Fashion Product 3167,Footwear,Puma,196.55,3.4,CUST_1216
ITEM_13167,Fashion Product 3168,Bottoms,Puma,122.59,4.1,CUST_1354
ITEM_13168,Fashion Product 3169,Footwear,H&M,191.19,3.9,CUST_1401
ITEM_13169,Fashion Product 3170,Footwear,Adidas,232.46,3.2,CUST_1290
ITEM_13170,Fashion Product 3171,Tops,Puma,188.56,2.9,CUST_1483
ITEM_13171,Fashion Product 3172,Footwear,Puma,84.25,3.5,CUST_1420
ITEM_13172,Fashion Product 3173,Outerwear,Mango,144.84,5.0,CUST_1397
ITEM_13173,Fashion Product 3174,Outerwear,Gucci,228.78,3.6,CUST_1315
ITEM_13174,Fashion Product 3175,Tops,Nike,117.78,4.4,CUST_1089
ITEM_13175,Fashion Product 3176,Accessories,Zara,173.61,2.6,CUST_1247
ITEM_13176,Fashion Product 3177,Bottoms,Nike,121.72,3.4,CUST_1332
ITEM_13177,Fashion Product 3178,Bottoms,H&M,39.12,4.0,CUST_1149
ITEM_13178,Fashion Product 3179,Footwear,H&M,24.06,4.4,CUST_1357
ITEM_13179,Fashion Product 3180,Footwear,H&M,238.55,3.8,CUST_1366
ITEM_13180,Fashion Product 3181,Accessories,Adidas,157.01,3.8,CUST_1486
ITEM_13181,Fashion Product 3182,Footwear,Zara,34.92,4.4,CUST_1449
ITEM_13182,Fashion Product 3183,Bottoms,Uniqlo,215.79,3.3,CUST_1240
ITEM_13183,Fashion Product 3184,Dresses,Adidas,135.45,2.7,CUST_1006
ITEM_13184,Fashion Product 3185,Outerwear,H&M,195.26,3.4,CUST_1237
ITEM_13185,Fashion Product 3186,Dresses,Adidas,40.42,2.9,CUST_1365
ITEM_13186,Fashion Product 3187,Dresses,Uniqlo,227.66,4.9,CUST_1267
ITEM_13187,Fashion Product 3188,Bottoms,Gucci,151.73,3.9,CUST_1336
ITEM_13188,Fashion Product 3189,Dresses,Zara,187.18,3.6,CUST_1406
ITEM_13189,Fashion Product 3190,Accessories,Adidas,17.53,4.8,CUST_1238
ITEM_13190,Fashion Product 3191,Tops,Zara,85.67,4.8,CUST_1139
ITEM_13191,Fashion Product 3192,Footwear,Uniqlo,74.19,3.5,CUST_1165
ITEM_13192,Fashion Product 3193,Tops,Gucci,237.9,4.7,CUST_1282
ITEM_13193,Fashion Product 3194,Outerwear,Zara,54.48,2.7,CUST_1185
ITEM_13194,Fashion Product 3195,Footwear,H&M,179.69,4.7,CUST_1154
ITEM_13195,Fashion Product 3196,Dresses,Zara,20.26,3.3,CUST_1106
ITEM_13196,Fashion Product 3197,Outerwear,Puma,57.44,3.9,CUST_1149
ITEM_13197,Fashion Product 3198,Footwear,H&M,91.26,3.2,CUST_1185
ITEM_13198,Fashion Product 3199,Accessories,Zara,200.68,5.0,CUST_1410
ITEM_13199,Fashion Product 3200,Accessories,Mango,199.59,2.7,CUST_1271
ITEM_13200,Fashion Product 3201,Accessories,Mango,238.62,3.6,CUST_1359
ITEM_13201,Fashion Product 3202,Accessories,H&M,230.02,4.1,CUST_1191
ITEM_13202,Fashion Product 3203,Dresses,Zara,29.56,4.0,CUST_1163
ITEM_13203,Fashion Product 3204,Tops,Nike,209.17,4.3,CUST_1395
ITEM_13204,Fashion Product 3205,Footwear,Adidas,118.28,4.3,CUST_1201
ITEM_13205,Fashion Product 3206,Dresses,Mango,217.81,4.5,CUST_1106
ITEM_13206,Fashion Product 3207,Accessories,Nike,31.43,3.1,CUST_1215
ITEM_13207,Fashion Product 3208,Tops,Levi's,207.46,3.4,CUST_1324
ITEM_13208,Fashion Product 3209,Outerwear,Adidas,48.31,3.5,CUST_1478
ITEM_13209,Fashion Product 3210,Outerwear,H&M,90.12,4.9,CUST_1220
ITEM_13210,Fashion Product 3211,Outerwear,Mango,16.92,3.5,CUST_1345
ITEM_13211,Fashion Product 3212,Accessories,Gucci,39.69,3.1,CUST_1470
ITEM_13212,Fashion Product 3213,Outerwear,Mango,116.97,4.1,CUST_1217
ITEM_13213,Fashion Product 3214,Bottoms,Uniqlo,206.4,3.6,CUST_1474
ITEM_13214,Fashion Product 3215,Footwear,Mango,195.68,3.1,CUST_1434
ITEM_13215,Fashion Product 3216,Footwear,Gucci,66.47,4.3,CUST_1029
ITEM_13216,Fashion Product 3217,Accessories,Gucci,46.41,3.0,CUST_1238
ITEM_13217,Fashion Product 3218,Bottoms,H&M,103.42,4.1,CUST_1064
ITEM_13218,Fashion Product 3219,Dresses,Gucci,221.98,3.6,CUST_1425
ITEM_13219,Fashion Product 3220,Dresses,Mango,31.94,3.3,CUST_1096
ITEM_13220,Fashion Product 3221,Outerwear,H&M,140.3,4.9,CUST_1154
ITEM_13221,Fashion Product 3222,Tops,Zara,31.31,3.3,CUST_1028
ITEM_13222,Fashion Product 3223,Dresses,Mango,122.85,3.4,CUST_1340
ITEM_13223,Fashion Product 3224,Tops,Puma,40.43,4.7,CUST_1176
ITEM_13224,Fashion Product 3225,Footwear,Adidas,29.28,2.8,CUST_1251
ITEM_13225,Fashion Product 3226,Tops,Gucci,55.8,2.8,CUST_1194
ITEM_13226,Fashion Product 3227,Footwear,Levi's,71.26,3.2,CUST_1279
ITEM_13227,Fashion Product 3228,Bottoms,Uniqlo,76.3,4.0,CUST_1039
ITEM_13228,Fashion Product 3229,Bottoms,Puma,164.86,3.5,CUST_1069
ITEM_13229,Fashion Product 3230,Accessories,Gucci,23.2,4.0,CUST_1277
ITEM_13230,Fashion Product 3231,Accessories,Mango,29.39,2.9,CUST_1120
ITEM_13231,Fashion Product 3232,Outerwear,H&M,55.29,3.2,CUST_1086
ITEM_13232,Fashion Product 3233,Dresses,Puma,219.3,3.9,CUST_1177
ITEM_13233,Fashion Product 3234,Outerwear,Levi's,160.87,3.0,CUST_1459
ITEM_13234,Fashion Product 3235,Footwear,Adidas,185.29,3.6,CUST_1094
ITEM_13235,Fashion Product 3236,Outerwear,H&M,98.89,3.9,CUST_1092
ITEM_13236,Fashion Product 3237,Tops,Uniqlo,61.17,4.9,CUST_1420
ITEM_13237,Fashion Product 3238,Footwear,Nike,19.11,2.7,CUST_1081
ITEM_13238,Fashion Product 3239,Accessories,Uniqlo,127.25,3.7,CUST_1341
ITEM_13239,Fashion Product 3240,Bottoms,Puma,147.83,3.5,CUST_1421
ITEM_13240,Fashion Product 3241,Accessories,Gucci,225.28,4.6,CUST_1228
ITEM_13241,Fashion Product 3242,Dresses,Zara,221.7,4.8,CUST_1383
ITEM_13242,Fashion Product 3243,Footwear,Gucci,111.92,4.8,CUST_1473
ITEM_13243,Fashion Product 3244,Footwear,Adidas,111.66,3.4,CUST_1088
ITEM_13244,Fashion Product 3245,Tops,Puma,48.67,3.3,CUST_1350
ITEM_13245,Fashion Product 3246,Dresses,Zara,71.79,3.6,CUST_1128
ITEM_13246,Fashion Product 3247,Bottoms,H&M,232.16,3.4,CUST_1298
ITEM_13247,Fashion Product 3248,Footwear,Zara,43.85,4.3,CUST_1190
ITEM_13248,Fashion Product 3249,Footwear,Adidas,242.49,3.0,CUST_1355
ITEM_13249,Fashion Product 3250,Tops,Mango,131.14,4.1,CUST_1469
ITEM_13250,Fashion Product 3251,Outerwear,Levi's,119.59,4.8,CUST_1134
ITEM_13251,Fashion Product 3252,Bottoms,Gucci,51.91,3.2,CUST_1469
ITEM_13252,Fashion Product 3253,Accessories,Puma,168.77,4.2,CUST_1136
ITEM_13253,Fashion Product 3254,Dresses,Adidas,120.36,2.9,CUST_1325
ITEM_13254,Fashion Product 3255,Footwear,Nike,98.96,2.8,CUST_1040
ITEM_13255,Fashion Product 3256,Footwear,Levi's,73.48,2.8,CUST_1138
ITEM_13256,Fashion Product 3257,Accessories,Adidas,25.96,2.8,CUST_1287
ITEM_13257,Fashion Product 3258,Bottoms,Nike,134.64,3.0,CUST_1256
ITEM_13258,Fashion Product 3259,Outerwear,Nike,85.1,3.9,CUST_1286
ITEM_13259,Fashion Product 3260,Footwear,Nike,179.89,4.4,CUST_1435
ITEM_13260,Fashion Product 3261,Bottoms,Mango,183.65,2.8,CUST_1085
ITEM_13261,Fashion Product 3262,Accessories,Zara,89.71,4.7,CUST_1420
ITEM_13262,Fashion Product 3263,Tops,Uniqlo,170.59,4.6,CUST_1317
ITEM_13263,Fashion Product 3264,Outerwear,Gucci,72.08,4.3,CUST_1027
ITEM_13264,Fashion Product 3265,Dresses,Nike,184.52,3.6,CUST_1230
ITEM_13265,Fashion Product 3266,Footwear,Adidas,13.86,2.5,CUST_1291
ITEM_13266,Fashion Product 3267,Bottoms,H&M,46.39,4.3,CUST_1316
ITEM_13267,Fashion Product 3268,Tops,H&M,68.8,4.7,CUST_1288
ITEM_13268,Fashion Product 3269,Dresses,Puma,195.5,3.3,CUST_1346
ITEM_13269,Fashion Product 3270,Bottoms,Nike,25.93,4.3,CUST_1132
ITEM_13270,Fashion Product 3271,Bottoms,Adidas,55.13,2.7,CUST_1091
ITEM_13271,Fashion Product 3272,Dresses,Nike,96.07,4.3,CUST_1356
ITEM_13272,Fashion Product 3273,Tops,Mango,12.2,2.7,CUST_1229
ITEM_13273,Fashion Product 3274,Accessories,Nike,192.91,4.0,CUST_1027
ITEM_13274,Fashion Product 3275,Tops,Gucci,144.43,4.0,CUST_1303
ITEM_13275,Fashion Product 3276,Outerwear,H&M,226.16,3.3,CUST_1496
ITEM_13276,Fashion Product 3277,Footwear,Nike,17.45,2.7,CUST_1390
ITEM_13277,Fashion Product 3278,Dresses,Gucci,75.13,4.9,CUST_1466
ITEM_13278,Fashion Product 3279,Accessories,Gucci,185.5,3.8,CUST_1282
ITEM_13279,Fashion Product 3280,Dresses,Zara,172.04,3.9,CUST_1492
ITEM_13280,Fashion Product 3281,Dresses,Gucci,68.33,4.0,CUST_1280
ITEM_13281,Fashion Product 3282,Tops,H&M,152.97,4.7,CUST_1199
ITEM_13282,Fashion Product 3283,Footwear,Puma,200.5,2.7,CUST_1375
ITEM_13283,Fashion Product 3284,Outerwear,Mango,18.01,4.7,CUST_1300
ITEM_13284,Fashion Product 3285,Bottoms,H&M,182.23,3.1,CUST_1398
ITEM_13285,Fashion Product 3286,Bottoms,Adidas,70.5,2.7,CUST_1397
ITEM_13286,Fashion Product 3287,Dresses,Puma,237.48,4.1,CUST_1154
ITEM_13287,Fashion Product 3288,Footwear,Gucci,139.17,4.9,CUST_1299
ITEM_13288,Fashion Product 3289,Accessories,Nike,18.01,2.6,CUST_1043
ITEM_13289,Fashion Product 3290,Tops,Zara,106.82,3.6,CUST_1322
ITEM_13290,Fashion Product 3291,Footwear,Puma,241.91,3.8,CUST_1110
ITEM_13291,Fashion Product 3292,Footwear,Adidas,185.29,3.1,CUST_1111
ITEM_13292,Fashion Product 3293,Tops,Adidas,82.11,5.0,CUST_1471
ITEM_13293,Fashion Product 3294,Dresses,Puma,148.06,4.1,CUST_1412
ITEM_13294,Fashion Product 3295,Footwear,Zara,153.78,4.6,CUST_1001
ITEM_13295,Fashion Product 3296,Bottoms,Gucci,15.6,3.5,CUST_1480
ITEM_13296,Fashion Product 3297,Tops,Adidas,52.92,3.4,CUST_1140
ITEM_13297,Fashion Product 3298,Accessories,Gucci,142.43,3.9,CUST_1366
ITEM_13298,Fashion Product 3299,Outerwear,Adidas,106.66,3.6,CUST_1178
ITEM_13299,Fashion Product 3300,Dresses,Puma,55.61,4.3,CUST_1437
ITEM_13300,Fashion Product 3301,Tops,Nike,195.44,3.2,CUST_1060
ITEM_13301,Fashion Product 3302,Outerwear,H&M,127.36,3.6,CUST_1183
ITEM_13302,Fashion Product 3303,Outerwear,Mango,84.39,4.7,CUST_1419
ITEM_13303,Fashion Product 3304,Accessories,Adidas,48.8,4.4,CUST_1445
ITEM_13304,Fashion Product 3305,Footwear,Levi's,156.68,2.9,CUST_1282
ITEM_13305,Fashion Product 3306,Accessories,Uniqlo,169.9,4.7,CUST_1415
ITEM_13306,Fashion Product 3307,Footwear,Nike,170.7,4.0,CUST_1313
ITEM_13307,Fashion Product 3308,Footwear,Levi's,62.87,4.2,CUST_1396
ITEM_13308,Fashion Product 3309,Tops,Gucci,152.88,3.2,CUST_1221
ITEM_13309,Fashion Product 3310,Tops,Mango,227.3,3.6,CUST_1389
ITEM_13310,Fashion Product 3311,Dresses,Zara,94.77,4.5,CUST_1227
ITEM_13311,Fashion Product 3312,Footwear,Zara,60.58,3.3,CUST_1391
ITEM_13312,Fashion Product 3313,Outerwear,Mango,195.32,2.9,CUST_1144
ITEM_13313,Fashion Product 3314,Bottoms,Nike,52.45,3.4,CUST_1224
ITEM_13314,Fashion Product 3315,Dresses,Nike,70.9,2.7,CUST_1052
ITEM_13315,Fashion Product 3316,Tops,Mango,34.15,4.3,CUST_1081
ITEM_13316,Fashion Product 3317,Accessories,Nike,74.29,2.9,CUST_1149
ITEM_13317,Fashion Product 3318,Dresses,Mango,108.48,3.2,CUST_1027
ITEM_13318,Fashion Product 3319,Dresses,Adidas,25.4,4.7,CUST_1232
ITEM_13319,Fashion Product 3320,Dresses,Uniqlo,219.21,3.9,CUST_1111
ITEM_13320,Fashion Product 3321,Dresses,Gucci,133.28,3.3,CUST_1372
ITEM_13321,Fashion Product 3322,Bottoms,H&M,151.14,3.9,CUST_1079
ITEM_13322,Fashion Product 3323,Accessories,Puma,99.11,3.0,CUST_1279
ITEM_13323,Fashion Product 3324,Accessories,Uniqlo,170.76,2.6,CUST_1127
ITEM_13324,Fashion Product 3325,Accessories,H&M,113.63,4.0,CUST_1456
ITEM_13325,Fashion Product 3326,Footwear,Puma,192.72,4.3,CUST_1281
ITEM_13326,Fashion Product 3327,Outerwear,Zara,207.14,4.7,CUST_1395
ITEM_13327,Fashion Product 3328,Accessories,Uniqlo,171.24,4.4,CUST_1319
ITEM_13328,Fashion Product 3329,Dresses,Levi's,127.92,4.8,CUST_1441
ITEM_13329,Fashion Product 3330,Dresses,Uniqlo,197.74,5.0,CUST_1341
ITEM_13330,Fashion Product 3331,Accessories,Nike,128.63,4.4,CUST_1182
ITEM_13331,Fashion Product 3332,Accessories,H&M,36.76,4.7,CUST_1119
ITEM_13332,Fashion Product 3333,Dresses,Nike,37.92,4.2,CUST_1266
ITEM_13333,Fashion Product 3334,Footwear,Zara,237.66,2.9,CUST_1178
ITEM_13334,Fashion Product 3335,Tops,Gucci,61.26,3.0,CUST_1201
ITEM_13335,Fashion Product 3336,Tops,Zara,205.82,2.8,CUST_1368
ITEM_13336,Fashion Product 3337,Accessories,Nike,69.21,4.9,CUST_1385
ITEM_13337,Fashion Product 3338,Bottoms,Nike,113.39,4.2,CUST_1470
ITEM_13338,Fashion Product 3339,Accessories,H&M,167.19,4.5,CUST_1070
ITEM_13339,Fashion Product 3340,Accessories,Adidas,48.13,3.3,CUST_1158
ITEM_13340,Fashion Product 3341,Tops,Nike,186.94,3.7,CUST_1311
ITEM_13341,Fashion Product 3342,Dresses,Nike,175.58,2.6,CUST_1098
ITEM_13342,Fashion Product 3343,Accessories,Gucci,140.34,4.7,CUST_1205
ITEM_13343,Fashion Product 3344,Dresses,Uniqlo,145.81,4.6,CUST_1086
ITEM_13344,Fashion Product 3345,Dresses,Uniqlo,35.39,4.5,CUST_1390
ITEM_13345,Fashion Product 3346,Bottoms,Nike,114.63,2.6,CUST_1361
ITEM_13346,Fashion Product 3347,Dresses,Zara,30.78,2.9,CUST_1494
ITEM_13347,Fashion Product 3348,Tops,Gucci,83.89,3.3,CUST_1280
ITEM_13348,Fashion Product 3349,Footwear,Zara,226.07,3.2,CUST_1085
ITEM_13349,Fashion Product 3350,Footwear,Puma,147.89,4.6,CUST_1359
ITEM_13350,Fashion Product 3351,Outerwear,Adidas,188.25,3.0,CUST_1215
ITEM_13351,Fashion Product 3352,Accessories,Uniqlo,147.73,3.8,CUST_1133
ITEM_13352,Fashion Product 3353,Tops,Uniqlo,56.62,3.9,CUST_1391
ITEM_13353,Fashion Product 3354,Dresses,Gucci,152.75,3.6,CUST_1387
ITEM_13354,Fashion Product 3355,Footwear,Mango,191.29,3.1,CUST_1247
ITEM_13355,Fashion Product 3356,Tops,Zara,43.22,4.9,CUST_1141
ITEM_13356,Fashion Product 3357,Footwear,Gucci,206.06,3.5,CUST_1438
ITEM_13357,Fashion Product 3358,Dresses,H&M,143.29,4.3,CUST_1447
ITEM_13358,Fashion Product 3359,Footwear,Mango,11.03,3.0,CUST_1076
ITEM_13359,Fashion Product 3360,Accessories,Levi's,134.75,4.6,CUST_1390
ITEM_13360,Fashion Product 3361,Accessories,Zara,104.96,3.0,CUST_1098
ITEM_13361,Fashion Product 3362,Outerwear,Mango,81.15,4.2,CUST_1463
ITEM_13362,Fashion Product 3363,Outerwear,Gucci,195.1,3.8,CUST_1303
ITEM_13363,Fashion Product 3364,Footwear,H&M,225.88,2.9,CUST_1466
ITEM_13364,Fashion Product 3365,Tops,Adidas,193.04,2.6,CUST_1055
ITEM_13365,Fashion Product 3366,Accessories,Mango,213.23,4.8,CUST_1305
ITEM_13366,Fashion Product 3367,Tops,Adidas,228.11,2.8,CUST_1441
ITEM_13367,Fashion Product 3368,Tops,Nike,229.03,4.3,CUST_1259
ITEM_13368,Fashion Product 3369,Footwear,Uniqlo,37.51,4.1,CUST_1022
ITEM_13369,Fashion Product 3370,Tops,Puma,119.53,3.4,CUST_1035
ITEM_13370,Fashion Product 3371,Accessories,Uniqlo,10.07,3.0,CUST_1028
ITEM_13371,Fashion Product 3372,Dresses,Levi's,131.55,2.9,CUST_1489
ITEM_13372,Fashion Product 3373,Outerwear,H&M,231.82,4.0,CUST_1170
ITEM_13373,Fashion Product 3374,Dresses,Adidas,57.78,3.9,CUST_1140
ITEM_13374,Fashion Product 3375,Tops,Gucci,163.55,4.7,CUST_1129
ITEM_13375,Fashion Product 3376,Dresses,Adidas,164.65,4.1,CUST_1100
ITEM_13376,Fashion Product 3377,Accessories,Gucci,48.48,4.5,CUST_1478
ITEM_13377,Fashion Product 3378,Accessories,Gucci,67.25,2.6,CUST_1373
ITEM_13378,Fashion Product 3379,Tops,Levi's,120.89,4.2,CUST_1247
ITEM_13379,Fashion Product 3380,Footwear,Mango,55.17,3.1,CUST_1023
ITEM_13380,Fashion Product 3381,Dresses,Uniqlo,150.4,3.1,CUST_1357
ITEM_13381,Fashion Product 3382,Footwear,Nike,126.29,4.3,CUST_1284
ITEM_13382,Fashion Product 3383,Footwear,Adidas,134.61,4.5,CUST_1113
ITEM_13383,Fashion Product 3384,Bottoms,Mango,42.27,3.4,CUST_1373
ITEM_13384,Fashion Product 3385,Tops,Nike,134.14,4.5,CUST_1197
ITEM_13385,Fashion Product 3386,Outerwear,H&M,21.87,3.6,CUST_1164
ITEM_13386,Fashion Product 3387,Accessories,Puma,221.57,4.6,CUST_1381
ITEM_13387,Fashion Product 3388,Accessories,Adidas,92.38,2.6,CUST_1310
ITEM_13388,Fashion Product 3389,Tops,Levi's,215.52,2.7,CUST_1431
ITEM_13389,Fashion Product 3390,Outerwear,Nike,178.4,4.4,CUST_1056
ITEM_13390,Fashion Product 3391,Accessories,Gucci,193.88,4.1,CUST_1010
ITEM_13391,Fashion Product 3392,Tops,Mango,85.49,3.9,CUST_1133
ITEM_13392,Fashion Product 3393,Accessories,Uniqlo,64.66,4.0,CUST_1398
ITEM_13393,Fashion Product 3394,Footwear,Levi's,107.62,4.8,CUST_1152
ITEM_13394,Fashion Product 3395,Dresses,Adidas,15.81,4.1,CUST_1191
ITEM_13395,Fashion Product 3396,Dresses,Mango,230.5,4.1,CUST_1284
ITEM_13396,Fashion Product 3397,Accessories,Levi's,102.88,4.4,CUST_1277
ITEM_13397,Fashion Product 3398,Bottoms,Puma,247.25,4.7,CUST_1493
ITEM_13398,Fashion Product 3399,Outerwear,Adidas,192.75,3.2,CUST_1243
ITEM_13399,Fashion Product 3400,Outerwear,H&M,29.32,4.0,CUST_1488
ITEM_13400,Fashion Product 3401,Outerwear,Uniqlo,168.45,4.0,CUST_1332
ITEM_13401,Fashion Product 3402,Footwear,H&M,75.0,2.8,CUST_1276
ITEM_13402,Fashion Product 3403,Outerwear,Nike,68.49,3.8,CUST_1190
ITEM_13403,Fashion Product 3404,Dresses,Nike,71.58,2.7,CUST_1115
ITEM_13404,Fashion Product 3405,Footwear,Uniqlo,229.86,3.0,CUST_1352
ITEM_13405,Fashion Product 3406,Tops,Mango,130.0,4.8,CUST_1307
ITEM_13406,Fashion Product 3407,Outerwear,Nike,170.67,2.8,CUST_1358
ITEM_13407,Fashion Product 3408,Outerwear,Zara,77.43,3.9,CUST_1296
ITEM_13408,Fashion Product 3409,Tops,Zara,135.51,3.3,CUST_1234
ITEM_13409,Fashion Product 3410,Outerwear,Levi's,94.02,3.9,CUST_1341
ITEM_13410,Fashion Product 3411,Tops,Levi's,87.07,3.1,CUST_1081
ITEM_13411,Fashion Product 3412,Footwear,Adidas,69.27,3.6,CUST_1193
ITEM_13412,Fashion Product 3413,Dresses,Levi's,108.16,4.7,CUST_1371
ITEM_13413,Fashion Product 3414,Tops,Puma,168.41,3.4,CUST_1364
ITEM_13414,Fashion Product 3415,Bottoms,Levi's,63.29,3.4,CUST_1412
ITEM_13415,Fashion Product 3416,Tops,Puma,241.71,3.6,CUST_1438
ITEM_13416,Fashion Product 3417,Outerwear,Levi's,39.91,2.8,CUST_1258
ITEM_13417,Fashion Product 3418,Footwear,H&M,125.25,3.5,CUST_1465
ITEM_13418,Fashion Product 3419,Accessories,Gucci,30.41,2.5,CUST_1231
ITEM_13419,Fashion Product 3420,Footwear,Puma,15.44,3.8,CUST_1014
ITEM_13420,Fashion Product 3421,Accessories,Mango,231.44,4.6,CUST_1014
ITEM_13421,Fashion Product 3422,Tops,Adidas,204.49,3.9,CUST_1044
ITEM_13422,Fashion Product 3423,Dresses,Uniqlo,176.6,4.0,CUST_1496
ITEM_13423,Fashion Product 3424,Bottoms,Puma,217.65,2.6,CUST_1210
ITEM_13424,Fashion Product 3425,Footwear,Nike,202.68,4.6,CUST_1040
ITEM_13425,Fashion Product 3426,Outerwear,Gucci,165.34,3.5,CUST_1034
ITEM_13426,Fashion Product 3427,Accessories,H&M,213.36,4.9,CUST_1235
ITEM_13427,Fashion Product 3428,Outerwear,Zara,103.79,2.8,CUST_1321
ITEM_13428,Fashion Product 3429,Dresses,H&M,142.66,4.9,CUST_1234
ITEM_13429,Fashion Product 3430,Accessories,Levi's,196.31,4.1,CUST_1274
ITEM_13430,Fashion Product 3431,Footwear,Adidas,30.35,2.6,CUST_1368
ITEM_13431,Fashion Product 3432,Tops,Gucci,216.07,4.9,CUST_1290
ITEM_13432,Fashion Product 3433,Outerwear,Nike,47.64,2.5,CUST_1343
ITEM_13433,Fashion Product 3434,Dresses,Puma,217.49,4.3,CUST_1433
ITEM_13434,Fashion Product 3435,Footwear,H&M,84.72,4.7,CUST_1336
ITEM_13435,Fashion Product 3436,Footwear,Gucci,88.43,2.9,CUST_1467
ITEM_13436,Fashion Product 3437,Footwear,Puma,27.75,3.4,CUST_1229
ITEM_13437,Fashion Product 3438,Footwear,Adidas,222.62,3.9,CUST_1380
ITEM_13438,Fashion Product 3439,Accessories,Uniqlo,51.88,4.2,CUST_1439
ITEM_13439,Fashion Product 3440,Footwear,Zara,161.21,4.7,CUST_1318
ITEM_13440,Fashion Product 3441,Outerwear,Adidas,164.55,4.4,CUST_1128
ITEM_13441,Fashion Product 3442,Dresses,Levi's,77.48,3.4,CUST_1326
ITEM_13442,Fashion Product 3443,Accessories,Uniqlo,246.56,4.6,CUST_1408
ITEM_13443,Fashion Product 3444,Footwear,Levi's,25.4,4.9,CUST_1209
ITEM_13444,Fashion Product 3445,Bottoms,H&M,155.89,3.1,CUST_1304
ITEM_13445,Fashion Product 3446,Bottoms,Uniqlo,125.09,2.7,CUST_1080
ITEM_13446,Fashion Product 3447,Dresses,Levi's,68.92,3.6,CUST_1295
ITEM_13447,Fashion Product 3448,Tops,Uniqlo,49.25,4.7,CUST_1176
ITEM_13448,Fashion Product 3449,Tops,Adidas,186.9,2.9,CUST_1233
ITEM_13449,Fashion Product 3450,Accessories,Gucci,229.92,4.7,CUST_1326
ITEM_13450,Fashion Product 3451,Accessories,Zara,35.81,5.0,CUST_1336
ITEM_13451,Fashion Product 3452,Accessories,Zara,56.56,2.6,CUST_1265
ITEM_13452,Fashion Product 3453,Tops,Levi's,246.7,3.7,CUST_1285
ITEM_13453,Fashion Product 3454,Bottoms,Levi's,13.61,3.3,CUST_1452
ITEM_13454,Fashion Product 3455,Tops,Uniqlo,131.98,3.5,CUST_1444
ITEM_13455,Fashion Product 3456,Outerwear,H&M,133.87,3.6,CUST_1410
ITEM_13456,Fashion Product 3457,Footwear,Levi's,73.16,4.3,CUST_1118
ITEM_13457,Fashion Product 3458,Accessories,Uniqlo,169.13,4.0,CUST_1166
ITEM_13458,Fashion Product 3459,Bottoms,Mango,236.79,4.9,CUST_1318
ITEM_13459,Fashion Product 3460,Dresses,Zara,118.05,3.3,CUST_1410
ITEM_13460,Fashion Product 3461,Dresses,Levi's,189.86,3.9,CUST_1142
ITEM_13461,Fashion Product 3462,Footwear,Adidas,165.06,4.5,CUST_1483
ITEM_13462,Fashion Product 3463,Bottoms,Nike,123.51,3.4,CUST_1247
ITEM_13463,Fashion Product 3464,Tops,Uniqlo,21.95,3.7,CUST_1177
ITEM_13464,Fashion Product 3465,Tops,Zara,188.02,4.2,CUST_1299
ITEM_13465,Fashion Product 3466,Outerwear,Levi's,97.18,4.7,CUST_1344
ITEM_13466,Fashion Product 3467,Outerwear,Gucci,63.88,3.5,CUST_1264
ITEM_13467,Fashion Product 3468,Tops,Uniqlo,237.58,3.8,CUST_1168
ITEM_13468,Fashion Product 3469,Dresses,H&M,195.64,4.9,CUST_1025
ITEM_13469,Fashion Product 3470,Accessories,Levi's,240.94,2.6,CUST_1191
ITEM_13470,Fashion Product 3471,Dresses,Uniqlo,71.49,3.6,CUST_1388
ITEM_13471,Fashion Product 3472,Outerwear,Levi's,210.59,4.1,CUST_1015
ITEM_13472,Fashion Product 3473,Footwear,Nike,155.85,2.5,CUST_1016
ITEM_13473,Fashion Product 3474,Tops,Puma,245.56,4.0,CUST_1310
ITEM_13474,Fashion Product 3475,Outerwear,Puma,237.12,2.6,CUST_1127
ITEM_13475,Fashion Product 3476,Outerwear,Uniqlo,243.51,4.6,CUST_1267
ITEM_13476,Fashion Product 3477,Accessories,H&M,238.42,4.5,CUST_1028
ITEM_13477,Fashion Product 3478,Tops,Levi's,11.84,2.6,CUST_1263
ITEM_13478,Fashion Product 3479,Accessories,Uniqlo,187.86,2.6,CUST_1370
ITEM_13479,Fashion Product 3480,Tops,Gucci,75.26,4.4,CUST_1384
ITEM_13480,Fashion Product 3481,Accessories,H&M,179.21,3.4,CUST_1294
ITEM_13481,Fashion Product 3482,Dresses,Gucci,245.35,3.9,CUST_1152
ITEM_13482,Fashion Product 3483,Footwear,Adidas,19.45,3.2,CUST_1479
ITEM_13483,Fashion Product 3484,Footwear,Puma,146.08,2.9,CUST_1068
ITEM_13484,Fashion Product 3485,Tops,Puma,186.39,3.2,CUST_1037
ITEM_13485,Fashion Product 3486,Bottoms,Levi's,70.81,3.1,CUST_1376
ITEM_13486,Fashion Product 3487,Outerwear,Nike,64.03,3.6,CUST_1035
ITEM_13487,Fashion Product 3488,Outerwear,Uniqlo,24.48,4.4,CUST_1134
ITEM_13488,Fashion Product 3489,Tops,Uniqlo,32.54,3.9,CUST_1366
ITEM_13489,Fashion Product 3490,Accessories,Adidas,167.62,4.0,CUST_1161
ITEM_13490,Fashion Product 3491,Bottoms,Mango,131.25,3.7,CUST_1372
ITEM_13491,Fashion Product 3492,Dresses,Nike,17.22,3.3,CUST_1224
ITEM_13492,Fashion Product 3493,Accessories,Uniqlo,242.72,2.9,CUST_1110
ITEM_13493,Fashion Product 3494,Accessories,Nike,167.45,3.4,CUST_1102
ITEM_13494,Fashion Product 3495,Tops,H&M,133.71,4.2,CUST_1355
ITEM_13495,Fashion Product 3496,Tops,Levi's,75.45,4.3,CUST_1465
ITEM_13496,Fashion Product 3497,Outerwear,Zara,167.94,3.7,CUST_1182
ITEM_13497,Fashion Product 3498,Tops,H&M,97.4,4.1,CUST_1480
ITEM_13498,Fashion Product 3499,Tops,Gucci,178.6,3.0,CUST_1398
ITEM_13499,Fashion Product 3500,Tops,Puma,173.82,4.7,CUST_1147
ITEM_13500,Fashion Product 3501,Outerwear,Zara,32.26,4.7,CUST_1216
ITEM_13501,Fashion Product 3502,Dresses,Adidas,228.22,3.3,CUST_1487
ITEM_13502,Fashion Product 3503,Dresses,Mango,126.87,3.9,CUST_1139
ITEM_13503,Fashion Product 3504,Tops,Adidas,104.31,4.0,CUST_1327
ITEM_13504,Fashion Product 3505,Outerwear,Uniqlo,239.31,3.7,CUST_1429
ITEM_13505,Fashion Product 3506,Dresses,Zara,115.17,4.8,CUST_1188
ITEM_13506,Fashion Product 3507,Accessories,Puma,183.09,4.3,CUST_1088
ITEM_13507,Fashion Product 3508,Dresses,Levi's,167.23,4.2,CUST_1247
ITEM_13508,Fashion Product 3509,Dresses,Mango,49.63,3.8,CUST_1186
ITEM_13509,Fashion Product 3510,Outerwear,Nike,247.87,2.7,CUST_1088
ITEM_13510,Fashion Product 3511,Accessories,Uniqlo,121.27,2.8,CUST_1334
ITEM_13511,Fashion Product 3512,Outerwear,Adidas,104.75,3.2,CUST_1152
ITEM_13512,Fashion Product 3513,Tops,Zara,230.71,3.0,CUST_1267
ITEM_13513,Fashion Product 3514,Footwear,Adidas,137.02,4.9,CUST_1200
ITEM_13514,Fashion Product 3515,Dresses,Zara,179.22,3.5,CUST_1383
ITEM_13515,Fashion Product 3516,Footwear,Levi's,213.1,4.7,CUST_1428
ITEM_13516,Fashion Product 3517,Outerwear,Puma,66.52,4.5,CUST_1335
ITEM_13517,Fashion Product 3518,Outerwear,Nike,50.67,4.5,CUST_1490
ITEM_13518,Fashion Product 3519,Outerwear,Levi's,26.44,3.0,CUST_1246
ITEM_13519,Fashion Product 3520,Footwear,H&M,225.31,3.6,CUST_1450
ITEM_13520,Fashion Product 3521,Outerwear,Puma,58.09,3.3,CUST_1216
ITEM_13521,Fashion Product 3522,Tops,Levi's,83.86,4.9,CUST_1429
ITEM_13522,Fashion Product 3523,Outerwear,Mango,78.59,4.7,CUST_1074
ITEM_13523,Fashion Product 3524,Bottoms,Adidas,83.1,3.1,CUST_1160
ITEM_13524,Fashion Product 3525,Footwear,Puma,170.33,3.3,CUST_1255
ITEM_13525,Fashion Product 3526,Bottoms,Mango,238.99,3.8,CUST_1017
ITEM_13526,Fashion Product 3527,Outerwear,Adidas,89.07,3.2,CUST_1438
ITEM_13527,Fashion Product 3528,Tops,H&M,107.84,4.6,CUST_1138
ITEM_13528,Fashion Product 3529,Dresses,Gucci,195.08,4.5,CUST_1470
ITEM_13529,Fashion Product 3530,Accessories,Puma,113.76,4.3,CUST_1006
ITEM_13530,Fashion Product 3531,Accessories,Mango,232.25,4.2,CUST_1219
ITEM_13531,Fashion Product 3532,Outerwear,Adidas,130.77,3.9,CUST_1404
ITEM_13532,Fashion Product 3533,Tops,Adidas,93.46,3.4,CUST_1001
ITEM_13533,Fashion Product 3534,Footwear,Levi's,243.18,4.6,CUST_1064
ITEM_13534,Fashion Product 3535,Bottoms,Zara,112.19,4.6,CUST_1209
ITEM_13535,Fashion Product 3536,Bottoms,Levi's,65.48,2.6,CUST_1001
ITEM_13536,Fashion Product 3537,Bottoms,Mango,52.65,3.5,CUST_1357
ITEM_13537,Fashion Product 3538,Footwear,Uniqlo,248.84,2.6,CUST_1189
ITEM_13538,Fashion Product 3539,Accessories,Puma,190.72,4.6,CUST_1463
ITEM_13539,Fashion Product 3540,Tops,Levi's,108.08,2.9,CUST_1247
ITEM_13540,Fashion Product 3541,Footwear,Adidas,208.33,4.2,CUST_1257
ITEM_13541,Fashion Product 3542,Bottoms,Adidas,141.23,3.4,CUST_1465
ITEM_13542,Fashion Product 3543,Outerwear,Gucci,86.17,4.5,CUST_1174
ITEM_13543,Fashion Product 3544,Dresses,Puma,188.41,3.8,CUST_1109
ITEM_13544,Fashion Product 3545,Footwear,Gucci,189.01,3.3,CUST_1060
ITEM_13545,Fashion Product 3546,Footwear,H&M,130.04,3.3,CUST_1043
ITEM_13546,Fashion Product 3547,Tops,Levi's,20.84,3.3,CUST_1428
ITEM_13547,Fashion Product 3548,Tops,Nike,28.49,4.5,CUST_1038
ITEM_13548,Fashion Product 3549,Footwear,Mango,199.3,4.3,CUST_1363
ITEM_13549,Fashion Product 3550,Bottoms,Mango,207.63,3.3,CUST_1258
ITEM_13550,Fashion Product 3551,Dresses,H&M,172.79,3.7,CUST_1082
ITEM_13551,Fashion Product 3552,Tops,Puma,211.38,2.7,CUST_1396
ITEM_13552,Fashion Product 3553,Bottoms,Levi's,182.68,4.6,CUST_1221
ITEM_13553,Fashion Product 3554,Outerwear,Zara,225.26,3.2,CUST_1407
ITEM_13554,Fashion Product 3555,Tops,Gucci,46.1,4.7,CUST_1111
ITEM_13555,Fashion Product 3556,Bottoms,H&M,103.06,4.0,CUST_1265
ITEM_13556,Fashion Product 3557,Bottoms,Zara,121.39,3.9,CUST_1136
ITEM_13557,Fashion Product 3558,Dresses,Gucci,81.44,2.9,CUST_1434
ITEM_13558,Fashion Product 3559,Dresses,H&M,184.09,2.7,CUST_1336
ITEM_13559,Fashion Product 3560,Outerwear,Mango,228.99,3.9,CUST_1318
ITEM_13560,Fashion Product 3561,Bottoms,Mango,109.0,3.7,CUST_1023
ITEM_13561,Fashion Product 3562,Accessories,Adidas,235.97,2.8,CUST_1349
ITEM_13562,Fashion Product 3563,Bottoms,Gucci,134.02,4.6,CUST_1059
ITEM_13563,Fashion Product 3564,Dresses,Nike,135.4,3.5,CUST_1266
ITEM_13564,Fashion Product 3565,Accessories,Uniqlo,154.05,3.2,CUST_1140
ITEM_13565,Fashion Product 3566,Tops,Puma,74.4,4.5,CUST_1446
ITEM_13566,Fashion Product 3567,Tops,Puma,102.01,4.8,CUST_1381
ITEM_13567,Fashion Product 3568,Footwear,Gucci,142.78,3.3,CUST_1116
ITEM_13568,Fashion Product 3569,Dresses,H&M,236.08,4.4,CUST_1204
ITEM_13569,Fashion Product 3570,Footwear,H&M,164.25,4.1,CUST_1158
ITEM_13570,Fashion Product 3571,Accessories,Uniqlo,89.95,5.0,CUST_1330
ITEM_13571,Fashion Product 3572,Dresses,Levi's,12.51,3.0,CUST_1462
ITEM_13572,Fashion Product 3573,Outerwear,Levi's,245.6,4.9,CUST_1196
ITEM_13573,Fashion Product 3574,Bottoms,Uniqlo,128.32,3.3,CUST_1431
ITEM_13574,Fashion Product 3575,Outerwear,Levi's,235.24,3.5,CUST_1212
ITEM_13575,Fashion Product 3576,Accessories,Nike,141.84,3.4,CUST_1041
ITEM_13576,Fashion Product 3577,Dresses,Adidas,155.31,3.2,CUST_1359
ITEM_13577,Fashion Product 3578,Accessories,Levi's,180.86,4.2,CUST_1007
ITEM_13578,Fashion Product 3579,Bottoms,Mango,87.03,4.0,CUST_1350
ITEM_13579,Fashion Product 3580,Tops,Nike,177.76,3.3,CUST_1372
ITEM_13580,Fashion Product 3581,Tops,Levi's,136.43,2.8,CUST_1105
ITEM_13581,Fashion Product 3582,Accessories,Mango,171.4,3.3,CUST_1472
ITEM_13582,Fashion Product 3583,Footwear,Uniqlo,210.6,3.5,CUST_1458
ITEM_13583,Fashion Product 3584,Dresses,Uniqlo,54.21,3.5,CUST_1308
ITEM_13584,Fashion Product 3585,Dresses,Gucci,157.25,3.4,CUST_1045
ITEM_13585,Fashion Product 3586,Tops,Puma,22.51,2.6,CUST_1038
ITEM_13586,Fashion Product 3587,Outerwear,Zara,34.51,3.7,CUST_1164
ITEM_13587,Fashion Product 3588,Bottoms,Mango,171.9,4.6,CUST_1081
ITEM_13588,Fashion Product 3589,Outerwear,Gucci,27.03,3.0,CUST_1341
ITEM_13589,Fashion Product 3590,Outerwear,Nike,152.89,2.9,CUST_1058
ITEM_13590,Fashion Product 3591,Accessories,Levi's,62.8,3.7,CUST_1302
ITEM_13591,Fashion Product 3592,Tops,H&M,82.98,3.4,CUST_1123
ITEM_13592,Fashion Product 3593,Tops,Mango,41.11,3.9,CUST_1195
ITEM_13593,Fashion Product 3594,Tops,Zara,69.68,4.9,CUST_1193
ITEM_13594,Fashion Product 3595,Accessories,H&M,207.11,4.4,CUST_1402
ITEM_13595,Fashion Product 3596,Footwear,Adidas,163.33,4.2,CUST_1386
ITEM_13596,Fashion Product 3597,Outerwear,Zara,237.94,3.5,CUST_1104
ITEM_13597,Fashion Product 3598,Accessories,Gucci,21.7,3.2,CUST_1112
ITEM_13598,Fashion Product 3599,Dresses,Zara,200.18,3.9,CUST_1132
ITEM_13599,Fashion Product 3600,Bottoms,Levi's,177.78,4.7,CUST_1096
ITEM_13600,Fashion Product 3601,Footwear,Nike,72.61,4.7,CUST_1083
ITEM_13601,Fashion Product 3602,Dresses,H&M,185.0,3.6,CUST_1468
ITEM_13602,Fashion Product 3603,Outerwear,Zara,181.97,3.1,CUST_1170
ITEM_13603,Fashion Product 3604,Tops,Levi's,120.24,3.1,CUST_1049
ITEM_13604,Fashion Product 3605,Outerwear,Uniqlo,175.27,2.6,CUST_1433
ITEM_13605,Fashion Product 3606,Accessories,Zara,116.7,4.6,CUST_1373
ITEM_13606,Fashion Product 3607,Bottoms,Zara,90.53,3.2,CUST_1135
ITEM_13607,Fashion Product 3608,Accessories,Puma,121.96,3.4,CUST_1265
ITEM_13608,Fashion Product 3609,Footwear,H&M,224.83,4.5,CUST_1199
ITEM_13609,Fashion Product 3610,Footwear,Puma,102.3,2.8,CUST_1283
ITEM_13610,Fashion Product 3611,Bottoms,Puma,106.89,3.7,CUST_1405
ITEM_13611,Fashion Product 3612,Dresses,Levi's,156.02,2.8,CUST_1035
ITEM_13612,Fashion Product 3613,Dresses,Puma,190.72,3.6,CUST_1344
ITEM_13613,Fashion Product 3614,Footwear,Zara,186.31,2.6,CUST_1480
ITEM_13614,Fashion Product 3615,Footwear,Gucci,14.75,3.8,CUST_1204
ITEM_13615,Fashion Product 3616,Tops,Gucci,174.98,4.5,CUST_1471
ITEM_13616,Fashion Product 3617,Dresses,Uniqlo,118.13,4.2,CUST_1420
ITEM_13617,Fashion Product 3618,Bottoms,Gucci,135.78,3.8,CUST_1241
ITEM_13618,Fashion Product 3619,Dresses,Uniqlo,144.8,4.6,CUST_1349
ITEM_13619,Fashion Product 3620,Tops,Gucci,185.61,3.1,CUST_1323
ITEM_13620,Fashion Product 3621,Accessories,Adidas,209.52,4.6,CUST_1043
ITEM_13621,Fashion Product 3622,Footwear,Uniqlo,165.1,3.2,CUST_1264
ITEM_13622,Fashion Product 3623,Footwear,Mango,145.34,3.4,CUST_1482
ITEM_13623,Fashion Product 3624,Tops,H&M,99.7,2.8,CUST_1377
ITEM_13624,Fashion Product 3625,Bottoms,H&M,43.09,2.8,CUST_1078
ITEM_13625,Fashion Product 3626,Footwear,H&M,240.06,4.8,CUST_1036
ITEM_13626,Fashion Product 3627,Outerwear,Levi's,120.84,3.0,CUST_1383
ITEM_13627,Fashion Product 3628,Footwear,Nike,145.89,3.3,CUST_1304
ITEM_13628,Fashion Product 3629,Outerwear,Uniqlo,190.26,3.8,CUST_1174
ITEM_13629,Fashion Product 3630,Tops,Gucci,26.42,3.4,CUST_1416
ITEM_13630,Fashion Product 3631,Tops,Uniqlo,215.2,4.7,CUST_1135
ITEM_13631,Fashion Product 3632,Footwear,Puma,201.29,4.8,CUST_1330
ITEM_13632,Fashion Product 3633,Dresses,Adidas,195.86,3.3,CUST_1140
ITEM_13633,Fashion Product 3634,Outerwear,Levi's,15.28,2.7,CUST_1055
ITEM_13634,Fashion Product 3635,Bottoms,Uniqlo,136.36,3.0,CUST_1252
ITEM_13635,Fashion Product 3636,Footwear,Nike,23.02,3.7,CUST_1488
ITEM_13636,Fashion Product 3637,Bottoms,H&M,142.21,3.2,CUST_1279
ITEM_13637,Fashion Product 3638,Footwear,Zara,182.43,3.6,CUST_1459
ITEM_13638,Fashion Product 3639,Dresses,Mango,39.24,4.4,CUST_1180
ITEM_13639,Fashion Product 3640,Dresses,H&M,176.77,3.6,CUST_1013
ITEM_13640,Fashion Product 3641,Dresses,Gucci,117.89,3.0,CUST_1204
ITEM_13641,Fashion Product 3642,Accessories,Mango,204.77,3.4,CUST_1455
ITEM_13642,Fashion Product 3643,Dresses,Adidas,138.06,4.4,CUST_1309
ITEM_13643,Fashion Product 3644,Tops,H&M,90.67,3.6,CUST_1063
ITEM_13644,Fashion Product 3645,Tops,Puma,89.68,3.1,CUST_1492
ITEM_13645,Fashion Product 3646,Accessories,H&M,225.4,3.6,CUST_1074
ITEM_13646,Fashion Product 3647,Outerwear,Adidas,118.69,3.6,CUST_1455
ITEM_13647,Fashion Product 3648,Bottoms,H&M,107.38,3.2,CUST_1307
ITEM_13648,Fashion Product 3649,Footwear,H&M,19.57,5.0,CUST_1442
ITEM_13649,Fashion Product 3650,Footwear,Puma,97.44,4.4,CUST_1155
ITEM_13650,Fashion Product 3651,Accessories,Levi's,213.91,4.2,CUST_1007
ITEM_13651,Fashion Product 3652,Tops,Adidas,192.64,4.6,CUST_1375
ITEM_13652,Fashion Product 3653,Footwear,Puma,63.02,4.2,CUST_1306
ITEM_13653,Fashion Product 3654,Tops,Uniqlo,109.13,4.5,CUST_1408
ITEM_13654,Fashion Product 3655,Outerwear,H&M,57.18,3.5,CUST_1343
ITEM_13655,Fashion Product 3656,Bottoms,Nike,239.01,3.8,CUST_1153
ITEM_13656,Fashion Product 3657,Outerwear,H&M,153.55,2.6,CUST_1044
ITEM_13657,Fashion Product 3658,Accessories,Adidas,191.05,3.2,CUST_1036
ITEM_13658,Fashion Product 3659,Dresses,Mango,181.31,3.4,CUST_1441
ITEM_13659,Fashion Product 3660,Dresses,Puma,219.69,4.1,CUST_1097
ITEM_13660,Fashion Product 3661,Dresses,Nike,237.84,3.7,CUST_1165
ITEM_13661,Fashion Product 3662,Outerwear,Uniqlo,17.79,4.0,CUST_1234
ITEM_13662,Fashion Product 3663,Footwear,Gucci,244.07,4.3,CUST_1103
ITEM_13663,Fashion Product 3664,Bottoms,Uniqlo,218.93,2.6,CUST_1436
ITEM_13664,Fashion Product 3665,Dresses,Puma,101.91,3.1,CUST_1381
ITEM_13665,Fashion Product 3666,Accessories,Mango,210.9,2.9,CUST_1447
ITEM_13666,Fashion Product 3667,Accessories,Puma,186.77,3.0,CUST_1007
ITEM_13667,Fashion Product 3668,Dresses,Zara,200.35,3.8,CUST_1094
ITEM_13668,Fashion Product 3669,Dresses,Nike,62.97,4.3,CUST_1444
ITEM_13669,Fashion Product 3670,Bottoms,Mango,165.66,3.2,CUST_1479
ITEM_13670,Fashion Product 3671,Dresses,Nike,16.22,4.6,CUST_1121
ITEM_13671,Fashion Product 3672,Bottoms,Puma,213.57,4.7,CUST_1365
ITEM_13672,Fashion Product 3673,Accessories,Levi's,238.25,3.4,CUST_1494
ITEM_13673,Fashion Product 3674,Dresses,Nike,168.91,4.2,CUST_1037
ITEM_13674,Fashion Product 3675,Outerwear,Zara,133.04,2.8,CUST_1021
ITEM_13675,Fashion Product 3676,Outerwear,Mango,184.18,4.4,CUST_1098
ITEM_13676,Fashion Product 3677,Accessories,Zara,88.33,2.9,CUST_1302
ITEM_13677,Fashion Product 3678,Bottoms,Zara,160.33,4.2,CUST_1021
ITEM_13678,Fashion Product 3679,Outerwear,Gucci,182.55,3.6,CUST_1232
ITEM_13679,Fashion Product 3680,Bottoms,Levi's,44.24,4.8,CUST_1468
ITEM_13680,Fashion Product 3681,Outerwear,H&M,43.62,3.7,CUST_1354
ITEM_13681,Fashion Product 3682,Outerwear,Levi's,181.87,2.6,CUST_1072
ITEM_13682,Fashion Product 3683,Bottoms,Adidas,113.63,3.7,CUST_1352
ITEM_13683,Fashion Product 3684,Footwear,Gucci,223.41,4.5,CUST_1052
ITEM_13684,Fashion Product 3685,Outerwear,Puma,84.87,4.1,CUST_1222
ITEM_13685,Fashion Product 3686,Dresses,Puma,20.18,4.9,CUST_1285
ITEM_13686,Fashion Product 3687,Accessories,Uniqlo,165.97,4.6,CUST_1325
ITEM_13687,Fashion Product 3688,Footwear,H&M,174.22,3.8,CUST_1478
ITEM_13688,Fashion Product 3689,Bottoms,Adidas,142.86,3.0,CUST_1460
ITEM_13689,Fashion Product 3690,Footwear,Nike,174.0,2.5,CUST_1167
ITEM_13690,Fashion Product 3691,Tops,Levi's,135.7,5.0,CUST_1283
ITEM_13691,Fashion Product 3692,Tops,Mango,176.23,4.8,CUST_1205
ITEM_13692,Fashion Product 3693,Outerwear,Zara,20.54,3.2,CUST_1367
ITEM_13693,Fashion Product 3694,Outerwear,Nike,98.42,4.1,CUST_1138
ITEM_13694,Fashion Product 3695,Dresses,Uniqlo,60.6,4.3,CUST_1036
ITEM_13695,Fashion Product 3696,Accessories,Levi's,33.84,3.9,CUST_1095
ITEM_13696,Fashion Product 3697,Footwear,Mango,66.18,4.6,CUST_1016
ITEM_13697,Fashion Product 3698,Tops,Uniqlo,55.91,2.7,CUST_1487
ITEM_13698,Fashion Product 3699,Outerwear,Zara,243.55,4.7,CUST_1237
ITEM_13699,Fashion Product 3700,Accessories,Gucci,78.77,3.5,CUST_1164
ITEM_13700,Fashion Product 3701,Footwear,H&M,65.43,3.7,CUST_1090
ITEM_13701,Fashion Product 3702,Outerwear,Gucci,210.37,3.6,CUST_1108
ITEM_13702,Fashion Product 3703,Outerwear,Mango,110.59,3.8,CUST_1084
ITEM_13703,Fashion Product 3704,Tops,Gucci,111.15,4.0,CUST_1255
ITEM_13704,Fashion Product 3705,Tops,Mango,116.46,4.3,CUST_1418
ITEM_13705,Fashion Product 3706,Outerwear,Adidas,109.97,3.8,CUST_1165
ITEM_13706,Fashion Product 3707,Bottoms,Adidas,88.38,4.2,CUST_1200
ITEM_13707,Fashion Product 3708,Outerwear,Gucci,78.72,3.3,CUST_1324
ITEM_13708,Fashion Product 3709,Accessories,Puma,221.67,4.8,CUST_1315
ITEM_13709,Fashion Product 3710,Outerwear,Gucci,48.81,2.7,CUST_1157
ITEM_13710,Fashion Product 3711,Dresses,Gucci,53.45,3.9,CUST_1031
ITEM_13711,Fashion Product 3712,Dresses,Puma,147.21,2.7,CUST_1066
ITEM_13712,Fashion Product 3713,Dresses,H&M,92.48,3.6,CUST_1089
ITEM_13713,Fashion Product 3714,Bottoms,Levi's,111.17,3.1,CUST_1486
ITEM_13714,Fashion Product 3715,Bottoms,Puma,203.57,4.8,CUST_1259
ITEM_13715,Fashion Product 3716,Outerwear,Mango,226.87,2.5,CUST_1253
ITEM_13716,Fashion Product 3717,Dresses,Levi's,199.73,3.5,CUST_1494
ITEM_13717,Fashion Product 3718,Bottoms,Zara,66.38,4.5,CUST_1234
ITEM_13718,Fashion Product 3719,Tops,H&M,245.19,3.0,CUST_1107
ITEM_13719,Fashion Product 3720,Outerwear,Zara,97.16,4.5,CUST_1069
ITEM_13720,Fashion Product 3721,Accessories,Nike,50.58,4.6,CUST_1278
ITEM_13721,Fashion Product 3722,Footwear,Adidas,129.88,4.3,CUST_1336
ITEM_13722,Fashion Product 3723,Outerwear,Zara,184.07,3.0,CUST_1201
ITEM_13723,Fashion Product 3724,Footwear,Uniqlo,29.99,3.2,CUST_1053
ITEM_13724,Fashion Product 3725,Dresses,Gucci,162.23,2.9,CUST_1432
ITEM_13725,Fashion Product 3726,Footwear,Mango,215.94,3.0,CUST_1457
ITEM_13726,Fashion Product 3727,Dresses,Zara,72.83,2.6,CUST_1241
ITEM_13727,Fashion Product 3728,Tops,Zara,176.35,4.6,CUST_1332
ITEM_13728,Fashion Product 3729,Footwear,Nike,105.98,3.8,CUST_1175
ITEM_13729,Fashion Product 3730,Outerwear,Gucci,109.39,3.3,CUST_1042
ITEM_13730,Fashion Product 3731,Dresses,Gucci,77.4,3.2,CUST_1260
ITEM_13731,Fashion Product 3732,Outerwear,Nike,159.85,3.9,CUST_1369
ITEM_13732,Fashion Product 3733,Bottoms,Puma,96.64,3.3,CUST_1210
ITEM_13733,Fashion Product 3734,Dresses,Nike,209.42,4.7,CUST_1466
ITEM_13734,Fashion Product 3735,Footwear,Uniqlo,241.1,3.0,CUST_1042
ITEM_13735,Fashion Product 3736,Dresses,Levi's,234.42,4.7,CUST_1427
ITEM_13736,Fashion Product 3737,Outerwear,Uniqlo,49.15,4.2,CUST_1353
ITEM_13737,Fashion Product 3738,Tops,Nike,13.41,4.9,CUST_1170
ITEM_13738,Fashion Product 3739,Dresses,Adidas,115.23,2.5,CUST_1382
ITEM_13739,Fashion Product 3740,Footwear,Puma,184.93,2.6,CUST_1259
ITEM_13740,Fashion Product 3741,Bottoms,Adidas,244.59,3.8,CUST_1443
ITEM_13741,Fashion Product 3742,Accessories,Uniqlo,198.02,4.8,CUST_1486
ITEM_13742,Fashion Product 3743,Tops,Gucci,149.33,4.3,CUST_1337
ITEM_13743,Fashion Product 3744,Bottoms,Uniqlo,16.32,4.1,CUST_1204
ITEM_13744,Fashion Product 3745,Dresses,H&M,208.13,2.6,CUST_1395
ITEM_13745,Fashion Product 3746,Outerwear,Mango,52.51,3.4,CUST_1337
ITEM_13746,Fashion Product 3747,Outerwear,H&M,23.35,3.4,CUST_1163
ITEM_13747,Fashion Product 3748,Footwear,Nike,214.09,3.9,CUST_1105
ITEM_13748,Fashion Product 3749,Outerwear,Zara,145.9,3.1,CUST_1178
ITEM_13749,Fashion Product 3750,Tops,Adidas,40.85,3.2,CUST_1191
ITEM_13750,Fashion Product 3751,Outerwear,Levi's,102.77,4.1,CUST_1124
ITEM_13751,Fashion Product 3752,Footwear,H&M,30.53,4.9,CUST_1198
ITEM_13752,Fashion Product 3753,Accessories,Puma,163.12,4.2,CUST_1099
ITEM_13753,Fashion Product 3754,Dresses,Adidas,77.78,4.2,CUST_1006
ITEM_13754,Fashion Product 3755,Dresses,H&M,217.86,5.0,CUST_1288
ITEM_13755,Fashion Product 3756,Outerwear,Gucci,95.87,2.9,CUST_1267
ITEM_13756,Fashion Product 3757,Bottoms,Mango,128.71,2.6,CUST_1043
ITEM_13757,Fashion Product 3758,Dresses,Uniqlo,25.25,4.4,CUST_1295
ITEM_13758,Fashion Product 3759,Accessories,Uniqlo,76.14,3.6,CUST_1141
ITEM_13759,Fashion Product 3760,Outerwear,H&M,172.42,3.6,CUST_1269
ITEM_13760,Fashion Product 3761,Footwear,Nike,186.7,3.1,CUST_1039
ITEM_13761,Fashion Product 3762,Accessories,Puma,68.28,3.8,CUST_1430
ITEM_13762,Fashion Product 3763,Outerwear,Nike,130.92,3.6,CUST_1162
ITEM_13763,Fashion Product 3764,Accessories,Adidas,206.21,3.4,CUST_1195
ITEM_13764,Fashion Product 3765,Dresses,Mango,101.18,3.6,CUST_1416
ITEM_13765,Fashion Product 3766,Footwear,Mango,42.11,3.5,CUST_1324
ITEM_13766,Fashion Product 3767,Outerwear,Uniqlo,113.65,4.8,CUST_1104
ITEM_13767,Fashion Product 3768,Tops,Mango,154.15,5.0,CUST_1245
ITEM_13768,Fashion Product 3769,Footwear,Nike,11.78,4.6,CUST_1065
ITEM_13769,Fashion Product 3770,Tops,Puma,93.66,5.0,CUST_1201
ITEM_13770,Fashion Product 3771,Accessories,Puma,155.78,3.2,CUST_1369
ITEM_13771,Fashion Product 3772,Bottoms,Uniqlo,238.46,4.6,CUST_1242
ITEM_13772,Fashion Product 3773,Footwear,H&M,108.05,3.5,CUST_1007
ITEM_13773,Fashion Product 3774,Accessories,Puma,49.11,4.4,CUST_1219
ITEM_13774,Fashion Product 3775,Tops,Nike,138.21,3.0,CUST_1003
ITEM_13775,Fashion Product 3776,Dresses,Zara,78.58,4.5,CUST_1342
ITEM_13776,Fashion Product 3777,Dresses,H&M,61.55,2.7,CUST_1464
ITEM_13777,Fashion Product 3778,Bottoms,Levi's,151.7,3.2,CUST_1456
ITEM_13778,Fashion Product 3779,Footwear,Gucci,229.81,4.6,CUST_1453
ITEM_13779,Fashion Product 3780,Footwear,Mango,210.45,4.4,CUST_1305
ITEM_13780,Fashion Product 3781,Footwear,Mango,53.75,3.8,CUST_1314
ITEM_13781,Fashion Product 3782,Accessories,Zara,193.81,4.2,CUST_1478
ITEM_13782,Fashion Product 3783,Bottoms,H&M,65.17,3.0,CUST_1284
ITEM_13783,Fashion Product 3784,Footwear,Uniqlo,79.77,4.2,CUST_1371
ITEM_13784,Fashion Product 3785,Accessories,Nike,230.81,2.5,CUST_1411
ITEM_13785,Fashion Product 3786,Dresses,Zara,228.65,4.6,CUST_1498
ITEM_13786,Fashion Product 3787,Tops,Gucci,50.47,3.8,CUST_1022
ITEM_13787,Fashion Product 3788,Accessories,Puma,25.41,4.9,CUST_1094
ITEM_13788,Fashion Product 3789,Dresses,Uniqlo,80.35,3.7,CUST_1357
ITEM_13789,Fashion Product 3790,Dresses,Levi's,149.63,3.6,CUST_1071
ITEM_13790,Fashion Product 3791,Tops,Uniqlo,220.45,3.6,CUST_1370
ITEM_13791,Fashion Product 3792,Dresses,Zara,38.52,3.4,CUST_1222
ITEM_13792,Fashion Product 3793,Bottoms,Zara,109.59,2.9,CUST_1013
ITEM_13793,Fashion Product 3794,Tops,Zara,75.22,4.6,CUST_1406
ITEM_13794,Fashion Product 3795,Dresses,Zara,13.58,3.5,CUST_1459
ITEM_13795,Fashion Product 3796,Outerwear,Uniqlo,199.23,3.8,CUST_1005
ITEM_13796,Fashion Product 3797,Accessories,Zara,205.19,2.5,CUST_1022
ITEM_13797,Fashion Product 3798,Dresses,H&M,63.09,2.7,CUST_1463
ITEM_13798,Fashion Product 3799,Bottoms,Uniqlo,46.3,4.0,CUST_1383
ITEM_13799,Fashion Product 3800,Footwear,Puma,44.69,4.7,CUST_1309
ITEM_13800,Fashion Product 3801,Dresses,H&M,121.35,3.7,CUST_1295
ITEM_13801,Fashion Product 3802,Footwear,Gucci,69.16,2.9,CUST_1037
ITEM_13802,Fashion Product 3803,Outerwear,Puma,132.73,2.8,CUST_1031
ITEM_13803,Fashion Product 3804,Dresses,Levi's,102.36,4.7,CUST_1062
ITEM_13804,Fashion Product 3805,Tops,Mango,60.61,4.3,CUST_1221
ITEM_13805,Fashion Product 3806,Footwear,Uniqlo,190.29,4.9,CUST_1359
ITEM_13806,Fashion Product 3807,Outerwear,Mango,46.09,2.7,CUST_1081
ITEM_13807,Fashion Product 3808,Tops,Uniqlo,201.74,4.8,CUST_1383
ITEM_13808,Fashion Product 3809,Tops,Puma,144.75,4.6,CUST_1233
ITEM_13809,Fashion Product 3810,Tops,Levi's,209.69,4.7,CUST_1006
ITEM_13810,Fashion Product 3811,Tops,Nike,11.14,2.5,CUST_1105
ITEM_13811,Fashion Product 3812,Dresses,Nike,189.81,4.4,CUST_1337
ITEM_13812,Fashion Product 3813,Accessories,H&M,22.36,3.9,CUST_1162
ITEM_13813,Fashion Product 3814,Dresses,Zara,238.02,3.9,CUST_1343
ITEM_13814,Fashion Product 3815,Dresses,Zara,178.66,3.7,CUST_1052
ITEM_13815,Fashion Product 3816,Outerwear,Nike,86.84,4.4,CUST_1158
ITEM_13816,Fashion Product 3817,Outerwear,Puma,86.76,5.0,CUST_1013
ITEM_13817,Fashion Product 3818,Accessories,Levi's,216.76,4.3,CUST_1186
ITEM_13818,Fashion Product 3819,Outerwear,H&M,226.68,4.2,CUST_1222
ITEM_13819,Fashion Product 3820,Bottoms,Puma,223.98,4.1,CUST_1241
ITEM_13820,Fashion Product 3821,Accessories,Zara,204.1,4.2,CUST_1309
ITEM_13821,Fashion Product 3822,Outerwear,H&M,206.57,3.4,CUST_1148
ITEM_13822,Fashion Product 3823,Accessories,Mango,147.46,3.3,CUST_1390
ITEM_13823,Fashion Product 3824,Dresses,Adidas,16.78,4.5,CUST_1055
ITEM_13824,Fashion Product 3825,Dresses,Gucci,30.83,2.6,CUST_1415
ITEM_13825,Fashion Product 3826,Accessories,H&M,165.89,4.4,CUST_1059
ITEM_13826,Fashion Product 3827,Bottoms,Zara,106.28,4.5,CUST_1403
ITEM_13827,Fashion Product 3828,Bottoms,Puma,146.15,3.8,CUST_1198
ITEM_13828,Fashion Product 3829,Accessories,Mango,65.46,4.8,CUST_1098
ITEM_13829,Fashion Product 3830,Outerwear,Gucci,165.86,3.7,CUST_1156
ITEM_13830,Fashion Product 3831,Footwear,Gucci,68.28,2.9,CUST_1250
ITEM_13831,Fashion Product 3832,Bottoms,H&M,120.6,3.4,CUST_1397
ITEM_13832,Fashion Product 3833,Tops,Gucci,124.89,4.8,CUST_1180
ITEM_13833,Fashion Product 3834,Dresses,Mango,52.64,5.0,CUST_1074
ITEM_13834,Fashion Product 3835,Accessories,Levi's,220.29,3.6,CUST_1061
ITEM_13835,Fashion Product 3836,Tops,Puma,136.2,2.9,CUST_1425
ITEM_13836,Fashion Product 3837,Accessories,H&M,218.03,3.2,CUST_1045
ITEM_13837,Fashion Product 3838,Dresses,Gucci,73.01,3.9,CUST_1135
ITEM_13838,Fashion Product 3839,Dresses,Levi's,51.36,3.9,CUST_1210
ITEM_13839,Fashion Product 3840,Bottoms,Puma,14.32,4.1,CUST_1086
ITEM_13840,Fashion Product 3841,Bottoms,Uniqlo,32.53,4.6,CUST_1270
ITEM_13841,Fashion Product 3842,Tops,Levi's,45.39,4.3,CUST_1292
ITEM_13842,Fashion Product 3843,Accessories,Uniqlo,28.93,3.2,CUST_1264
ITEM_13843,Fashion Product 3844,Dresses,Uniqlo,225.25,3.5,CUST_1268
ITEM_13844,Fashion Product 3845,Tops,Levi's,228.75,4.6,CUST_1424
ITEM_13845,Fashion Product 3846,Footwear,Gucci,234.97,4.1,CUST_1496
ITEM_13846,Fashion Product 3847,Tops,Uniqlo,240.37,2.9,CUST_1225
ITEM_13847,Fashion Product 3848,Outerwear,Gucci,128.04,3.3,CUST_1216
ITEM_13848,Fashion Product 3849,Tops,Gucci,137.21,4.5,CUST_1362
ITEM_13849,Fashion Product 3850,Outerwear,Puma,41.4,2.9,CUST_1231
ITEM_13850,Fashion Product 3851,Outerwear,Mango,42.89,4.2,CUST_1190
ITEM_13851,Fashion Product 3852,Outerwear,Gucci,195.46,3.9,CUST_1142
ITEM_13852,Fashion Product 3853,Footwear,Puma,215.37,2.9,CUST_1177
ITEM_13853,Fashion Product 3854,Tops,Adidas,198.33,4.2,CUST_1051
ITEM_13854,Fashion Product 3855,Tops,Uniqlo,210.3,2.9,CUST_1190
ITEM_13855,Fashion Product 3856,Footwear,H&M,76.38,3.5,CUST_1005
ITEM_13856,Fashion Product 3857,Dresses,Gucci,121.86,3.3,CUST_1211
ITEM_13857,Fashion Product 3858,Bottoms,Levi's,120.21,4.2,CUST_1195
ITEM_13858,Fashion Product 3859,Tops,Uniqlo,248.87,4.5,CUST_1001
ITEM_13859,Fashion Product 3860,Bottoms,Uniqlo,237.8,2.9,CUST_1104
ITEM_13860,Fashion Product 3861,Accessories,Adidas,153.64,4.5,CUST_1361
ITEM_13861,Fashion Product 3862,Accessories,H&M,43.11,2.5,CUST_1101
ITEM_13862,Fashion Product 3863,Footwear,Puma,72.06,3.8,CUST_1128
ITEM_13863,Fashion Product 3864,Accessories,Adidas,97.3,3.8,CUST_1353
ITEM_13864,Fashion Product 3865,Accessories,Mango,219.57,4.1,CUST_1305
ITEM_13865,Fashion Product 3866,Dresses,Uniqlo,50.95,3.1,CUST_1249
ITEM_13866,Fashion Product 3867,Dresses,Gucci,62.74,2.5,CUST_1494
ITEM_13867,Fashion Product 3868,Dresses,Gucci,93.85,3.6,CUST_1401
ITEM_13868,Fashion Product 3869,Accessories,Adidas,232.46,2.7,CUST_1457
ITEM_13869,Fashion Product 3870,Footwear,Mango,130.91,4.7,CUST_1351
ITEM_13870,Fashion Product 3871,Outerwear,Nike,165.24,2.9,CUST_1291
ITEM_13871,Fashion Product 3872,Outerwear,Zara,102.93,3.6,CUST_1451
ITEM_13872,Fashion Product 3873,Bottoms,Levi's,55.25,3.6,CUST_1269
ITEM_13873,Fashion Product 3874,Outerwear,Levi's,63.47,3.9,CUST_1372
ITEM_13874,Fashion Product 3875,Outerwear,Nike,202.64,4.5,CUST_1421
ITEM_13875,Fashion Product 3876,Dresses,Uniqlo,224.44,3.7,CUST_1038
ITEM_13876,Fashion Product 3877,Dresses,Puma,128.34,2.6,CUST_1334
ITEM_13877,Fashion Product 3878,Accessories,H&M,95.68,4.4,CUST_1390
ITEM_13878,Fashion Product 3879,Bottoms,Nike,203.88,2.7,CUST_1250
ITEM_13879,Fashion Product 3880,Tops,Mango,171.54,4.1,CUST_1221
ITEM_13880,Fashion Product 3881,Bottoms,Gucci,19.81,4.5,CUST_1063
ITEM_13881,Fashion Product 3882,Bottoms,Zara,94.18,3.2,CUST_1253
ITEM_13882,Fashion Product 3883,Footwear,Uniqlo,173.72,3.6,CUST_1433
ITEM_13883,Fashion Product 3884,Accessories,Zara,147.68,2.5,CUST_1265
ITEM_13884,Fashion Product 3885,Footwear,H&M,244.74,4.5,CUST_1164
ITEM_13885,Fashion Product 3886,Bottoms,Gucci,217.87,4.3,CUST_1023
ITEM_13886,Fashion Product 3887,Bottoms,Mango,24.34,3.1,CUST_1079
ITEM_13887,Fashion Product 3888,Bottoms,Levi's,184.18,3.5,CUST_1118
ITEM_13888,Fashion Product 3889,Outerwear,H&M,90.72,4.2,CUST_1185
ITEM_13889,Fashion Product 3890,Footwear,Nike,173.7,3.4,CUST_1434
ITEM_13890,Fashion Product 3891,Bottoms,Levi's,158.13,2.9,CUST_1495
ITEM_13891,Fashion Product 3892,Dresses,Levi's,130.73,3.8,CUST_1059
ITEM_13892,Fashion Product 3893,Accessories,Mango,214.71,4.3,CUST_1370
ITEM_13893,Fashion Product 3894,Accessories,Nike,180.09,3.3,CUST_1391
ITEM_13894,Fashion Product 3895,Dresses,Adidas,223.49,2.8,CUST_1303
ITEM_13895,Fashion Product 3896,Accessories,H&M,77.58,4.6,CUST_1252
ITEM_13896,Fashion Product 3897,Outerwear,Puma,93.55,3.1,CUST_1089
ITEM_13897,Fashion Product 3898,Outerwear,Gucci,159.27,3.8,CUST_1229
ITEM_13898,Fashion Product 3899,Tops,Mango,241.95,4.2,CUST_1343
ITEM_13899,Fashion Product 3900,Tops,Gucci,99.18,3.3,CUST_1331
ITEM_13900,Fashion Product 3901,Tops,H&M,17.75,4.1,CUST_1440
ITEM_13901,Fashion Product 3902,Accessories,Nike,117.01,3.6,CUST_1238
ITEM_13902,Fashion Product 3903,Outerwear,Puma,140.54,3.9,CUST_1392
ITEM_13903,Fashion Product 3904,Outerwear,Zara,202.24,4.0,CUST_1292
ITEM_13904,Fashion Product 3905,Outerwear,Puma,184.86,4.6,CUST_1426
ITEM_13905,Fashion Product 3906,Dresses,Mango,241.52,4.1,CUST_1295
ITEM_13906,Fashion Product 3907,Outerwear,Gucci,197.84,3.2,CUST_1321
ITEM_13907,Fashion Product 3908,Dresses,Puma,81.67,2.6,CUST_1044
ITEM_13908,Fashion Product 3909,Tops,Uniqlo,163.93,2.5,CUST_1333
ITEM_13909,Fashion Product 3910,Tops,Nike,171.34,4.8,CUST_1080
ITEM_13910,Fashion Product 3911,Accessories,Nike,249.52,4.9,CUST_1174
ITEM_13911,Fashion Product 3912,Tops,Uniqlo,43.3,2.7,CUST_1141
ITEM_13912,Fashion Product 3913,Accessories,Levi's,55.92,3.7,CUST_1037
ITEM_13913,Fashion Product 3914,Bottoms,Levi's,47.32,2.9,CUST_1014
ITEM_13914,Fashion Product 3915,Bottoms,H&M,151.37,4.9,CUST_1122
ITEM_13915,Fashion Product 3916,Footwear,Adidas,42.47,3.1,CUST_1397
ITEM_13916,Fashion Product 3917,Accessories,Zara,167.44,3.8,CUST_1238
ITEM_13917,Fashion Product 3918,Footwear,Uniqlo,202.91,2.9,CUST_1396
ITEM_13918,Fashion Product 3919,Footwear,H&M,113.87,3.3,CUST_1055
ITEM_13919,Fashion Product 3920,Bottoms,Gucci,144.56,3.2,CUST_1412
ITEM_13920,Fashion Product 3921,Accessories,Uniqlo,229.05,3.7,CUST_1022
ITEM_13921,Fashion Product 3922,Bottoms,Adidas,146.7,3.5,CUST_1340
ITEM_13922,Fashion Product 3923,Footwear,Uniqlo,60.07,3.3,CUST_1495
ITEM_13923,Fashion Product 3924,Accessories,Adidas,92.37,2.8,CUST_1403
ITEM_13924,Fashion Product 3925,Footwear,Adidas,137.16,3.7,CUST_1203
ITEM_13925,Fashion Product 3926,Outerwear,Adidas,47.18,4.6,CUST_1414
ITEM_13926,Fashion Product 3927,Accessories,Nike,157.0,4.3,CUST_1438
ITEM_13927,Fashion Product 3928,Accessories,Puma,249.82,4.3,CUST_1346
ITEM_13928,Fashion Product 3929,Footwear,Nike,166.61,3.4,CUST_1015
ITEM_13929,Fashion Product 3930,Outerwear,H&M,99.38,4.3,CUST_1030
ITEM_13930,Fashion Product 3931,Dresses,Nike,89.62,3.7,CUST_1029
ITEM_13931,Fashion Product 3932,Bottoms,Nike,233.58,2.9,CUST_1252
ITEM_13932,Fashion Product 3933,Footwear,Gucci,219.16,3.5,CUST_1160
ITEM_13933,Fashion Product 3934,Accessories,Uniqlo,123.37,2.8,CUST_1117
ITEM_13934,Fashion Product 3935,Bottoms,Nike,94.82,2.8,CUST_1158
ITEM_13935,Fashion Product 3936,Bottoms,Adidas,180.51,2.6,CUST_1108
ITEM_13936,Fashion Product 3937,Bottoms,Uniqlo,85.48,3.2,CUST_1115
ITEM_13937,Fashion Product 3938,Dresses,Levi's,38.66,3.3,CUST_1272
ITEM_13938,Fashion Product 3939,Tops,Gucci,84.44,4.2,CUST_1420
ITEM_13939,Fashion Product 3940,Footwear,Puma,114.23,3.8,CUST_1338
ITEM_13940,Fashion Product 3941,Tops,Gucci,71.3,4.6,CUST_1489
ITEM_13941,Fashion Product 3942,Tops,Adidas,62.04,2.9,CUST_1176
ITEM_13942,Fashion Product 3943,Tops,Uniqlo,11.47,3.2,CUST_1231
ITEM_13943,Fashion Product 3944,Bottoms,Puma,161.4,4.9,CUST_1284
ITEM_13944,Fashion Product 3945,Outerwear,Zara,157.47,3.6,CUST_1318
ITEM_13945,Fashion Product 3946,Bottoms,Mango,55.13,4.5,CUST_1250
ITEM_13946,Fashion Product 3947,Bottoms,Gucci,236.48,3.7,CUST_1467
ITEM_13947,Fashion Product 3948,Accessories,Puma,108.3,3.7,CUST_1440
ITEM_13948,Fashion Product 3949,Accessories,H&M,16.12,2.9,CUST_1056
ITEM_13949,Fashion Product 3950,Tops,Puma,62.75,4.6,CUST_1331
ITEM_13950,Fashion Product 3951,Bottoms,Mango,176.1,2.7,CUST_1273
ITEM_13951,Fashion Product 3952,Tops,Adidas,58.39,3.3,CUST_1190
ITEM_13952,Fashion Product 3953,Accessories,Uniqlo,22.94,4.2,CUST_1021
ITEM_13953,Fashion Product 3954,Outerwear,Zara,158.25,3.8,CUST_1165
ITEM_13954,Fashion Product 3955,Footwear,H&M,134.41,4.7,CUST_1492
ITEM_13955,Fashion Product 3956,Tops,Puma,192.7,2.6,CUST_1371
ITEM_13956,Fashion Product 3957,Outerwear,Nike,195.43,4.1,CUST_1418
ITEM_13957,Fashion Product 3958,Footwear,Adidas,240.38,3.7,CUST_1481
ITEM_13958,Fashion Product 3959,Dresses,Gucci,23.68,2.9,CUST_1285
ITEM_13959,Fashion Product 3960,Tops,Gucci,19.36,4.4,CUST_1068
ITEM_13960,Fashion Product 3961,Tops,Mango,246.93,3.5,CUST_1480
ITEM_13961,Fashion Product 3962,Dresses,Adidas,164.76,3.8,CUST_1444
ITEM_13962,Fashion Product 3963,Dresses,H&M,181.69,4.9,CUST_1267
ITEM_13963,Fashion Product 3964,Tops,Levi's,33.16,3.7,CUST_1218
ITEM_13964,Fashion Product 3965,Dresses,Zara,26.76,4.6,CUST_1338
ITEM_13965,Fashion Product 3966,Bottoms,H&M,48.46,4.4,CUST_1384
ITEM_13966,Fashion Product 3967,Footwear,Zara,112.53,4.2,CUST_1373
ITEM_13967,Fashion Product 3968,Footwear,Uniqlo,36.44,4.7,CUST_1096
ITEM_13968,Fashion Product 3969,Footwear,Uniqlo,117.12,3.1,CUST_1188
ITEM_13969,Fashion Product 3970,Bottoms,Adidas,144.77,4.6,CUST_1475
ITEM_13970,Fashion Product 3971,Dresses,Adidas,10.08,3.4,CUST_1208
ITEM_13971,Fashion Product 3972,Outerwear,Gucci,37.42,4.5,CUST_1074
ITEM_13972,Fashion Product 3973,Dresses,Nike,100.05,3.7,CUST_1364
ITEM_13973,Fashion Product 3974,Tops,Mango,22.8,4.6,CUST_1162
ITEM_13974,Fashion Product 3975,Accessories,Nike,42.05,4.7,CUST_1161
ITEM_13975,Fashion Product 3976,Footwear,H&M,65.63,4.0,CUST_1394
ITEM_13976,Fashion Product 3977,Dresses,Gucci,113.1,3.8,CUST_1490
ITEM_13977,Fashion Product 3978,Outerwear,Zara,181.56,4.5,CUST_1060
ITEM_13978,Fashion Product 3979,Tops,Levi's,41.85,3.2,CUST_1026
ITEM_13979,Fashion Product 3980,Bottoms,Puma,187.11,2.5,CUST_1362
ITEM_13980,Fashion Product 3981,Bottoms,Uniqlo,215.21,3.5,CUST_1025
ITEM_13981,Fashion Product 3982,Outerwear,Nike,166.35,3.8,CUST_1258
ITEM_13982,Fashion Product 3983,Tops,Mango,20.49,3.2,CUST_1346
ITEM_13983,Fashion Product 3984,Footwear,Levi's,115.76,3.5,CUST_1340
ITEM_13984,Fashion Product 3985,Dresses,Levi's,168.42,2.8,CUST_1003
ITEM_13985,Fashion Product 3986,Tops,Uniqlo,244.84,3.2,CUST_1288
ITEM_13986,Fashion Product 3987,Bottoms,Adidas,238.43,3.1,CUST_1257
ITEM_13987,Fashion Product 3988,Outerwear,Levi's,104.97,3.3,CUST_1280
ITEM_13988,Fashion Product 3989,Outerwear,H&M,157.82,3.2,CUST_1306
ITEM_13989,Fashion Product 3990,Dresses,H&M,223.8,3.9,CUST_1427
ITEM_13990,Fashion Product 3991,Outerwear,Adidas,209.45,3.1,CUST_1248
ITEM_13991,Fashion Product 3992,Outerwear,Zara,125.06,4.9,CUST_1044
ITEM_13992,Fashion Product 3993,Tops,Gucci,72.7,3.8,CUST_1033
ITEM_13993,Fashion Product 3994,Footwear,Adidas,42.9,2.8,CUST_1294
ITEM_13994,Fashion Product 3995,Dresses,H&M,127.12,3.2,CUST_1112
ITEM_13995,Fashion Product 3996,Tops,Levi's,183.48,4.3,CUST_1308
ITEM_13996,Fashion Product 3997,Footwear,H&M,242.74,2.5,CUST_1291
ITEM_13997,Fashion Product 3998,Tops,Puma,216.84,4.8,CUST_1273
ITEM_13998,Fashion Product 3999,Accessories,Gucci,59.02,3.6,CUST_1314
ITEM_13999,Fashion Product 4000,Tops,Mango,182.75,3.8,CUST_1304
ITEM_14000,Fashion Product 4001,Outerwear,Puma,79.38,5.0,CUST_1043
ITEM_14001,Fashion Product 4002,Footwear,Zara,174.03,3.8,CUST_1304
ITEM_14002,Fashion Product 4003,Dresses,Uniqlo,169.79,4.9,CUST_1044
ITEM_14003,Fashion Product 4004,Dresses,Puma,75.38,4.8,CUST_1289
ITEM_14004,Fashion Product 4005,Footwear,Zara,66.25,4.9,CUST_1459
ITEM_14005,Fashion Product 4006,Outerwear,Zara,34.95,4.5,CUST_1087
ITEM_14006,Fashion Product 4007,Bottoms,Mango,22.13,3.2,CUST_1230
ITEM_14007,Fashion Product 4008,Tops,Uniqlo,216.03,3.4,CUST_1480
ITEM_14008,Fashion Product 4009,Outerwear,Nike,21.96,3.4,CUST_1083
ITEM_14009,Fashion Product 4010,Accessories,Adidas,31.3,4.9,CUST_1204
ITEM_14010,Fashion Product 4011,Footwear,Levi's,67.32,3.4,CUST_1476
ITEM_14011,Fashion Product 4012,Tops,Nike,223.04,2.8,CUST_1130
ITEM_14012,Fashion Product 4013,Dresses,Adidas,89.91,4.4,CUST_1138
ITEM_14013,Fashion Product 4014,Bottoms,Adidas,56.03,3.4,CUST_1083
ITEM_14014,Fashion Product 4015,Accessories,Levi's,181.73,4.1,CUST_1412
ITEM_14015,Fashion Product 4016,Dresses,Uniqlo,86.58,4.8,CUST_1175
ITEM_14016,Fashion Product 4017,Footwear,Zara,90.01,3.9,CUST_1136
ITEM_14017,Fashion Product 4018,Tops,Adidas,187.35,4.1,CUST_1107
ITEM_14018,Fashion Product 4019,Footwear,Zara,70.4,4.1,CUST_1151
ITEM_14019,Fashion Product 4020,Tops,Mango,225.22,4.0,CUST_1432
ITEM_14020,Fashion Product 4021,Outerwear,Puma,144.74,2.9,CUST_1109
ITEM_14021,Fashion Product 4022,Bottoms,Zara,139.08,3.6,CUST_1222
ITEM_14022,Fashion Product 4023,Outerwear,Uniqlo,73.54,2.5,CUST_1348
ITEM_14023,Fashion Product 4024,Outerwear,Levi's,210.42,4.1,CUST_1319
ITEM_14024,Fashion Product 4025,Footwear,Zara,147.46,3.9,CUST_1333
ITEM_14025,Fashion Product 4026,Bottoms,Levi's,47.32,3.3,CUST_1247
ITEM_14026,Fashion Product 4027,Tops,Gucci,59.51,3.8,CUST_1037
ITEM_14027,Fashion Product 4028,Tops,Adidas,122.38,3.7,CUST_1268
ITEM_14028,Fashion Product 4029,Accessories,Mango,197.11,3.1,CUST_1074
ITEM_14029,Fashion Product 4030,Dresses,Puma,235.43,3.2,CUST_1115
ITEM_14030,Fashion Product 4031,Accessories,Uniqlo,169.24,4.4,CUST_1081
ITEM_14031,Fashion Product 4032,Accessories,Mango,131.47,4.4,CUST_1193
ITEM_14032,Fashion Product 4033,Tops,Puma,70.18,3.7,CUST_1214
ITEM_14033,Fashion Product 4034,Footwear,Mango,171.49,4.3,CUST_1015
ITEM_14034,Fashion Product 4035,Outerwear,Mango,245.74,3.6,CUST_1336
ITEM_14035,Fashion Product 4036,Outerwear,H&M,124.29,4.6,CUST_1084
ITEM_14036,Fashion Product 4037,Outerwear,Adidas,48.91,3.3,CUST_1375
ITEM_14037,Fashion Product 4038,Bottoms,Nike,34.8,4.8,CUST_1266
ITEM_14038,Fashion Product 4039,Tops,Puma,74.62,3.9,CUST_1298
ITEM_14039,Fashion Product 4040,Footwear,Uniqlo,146.67,3.8,CUST_1154
ITEM_14040,Fashion Product 4041,Bottoms,Zara,237.23,4.2,CUST_1305
ITEM_14041,Fashion Product 4042,Dresses,Mango,81.8,3.4,CUST_1253
ITEM_14042,Fashion Product 4043,Footwear,Mango,83.29,4.3,CUST_1407
ITEM_14043,Fashion Product 4044,Accessories,Puma,125.48,3.3,CUST_1448
ITEM_14044,Fashion Product 4045,Footwear,Gucci,230.45,3.5,CUST_1273
ITEM_14045,Fashion Product 4046,Footwear,Nike,110.57,4.2,CUST_1418
ITEM_14046,Fashion Product 4047,Outerwear,Mango,63.58,3.4,CUST_1361
ITEM_14047,Fashion Product 4048,Footwear,H&M,49.15,3.0,CUST_1313
ITEM_14048,Fashion Product 4049,Accessories,Levi's,119.68,4.7,CUST_1342
ITEM_14049,Fashion Product 4050,Accessories,H&M,202.16,4.8,CUST_1132
ITEM_14050,Fashion Product 4051,Tops,Nike,79.92,4.1,CUST_1199
ITEM_14051,Fashion Product 4052,Footwear,H&M,133.01,4.5,CUST_1325
ITEM_14052,Fashion Product 4053,Outerwear,Levi's,154.72,5.0,CUST_1351
ITEM_14053,Fashion Product 4054,Footwear,Zara,118.11,4.0,CUST_1083
ITEM_14054,Fashion Product 4055,Dresses,Adidas,56.01,4.8,CUST_1452
ITEM_14055,Fashion Product 4056,Dresses,Zara,231.22,3.4,CUST_1306
ITEM_14056,Fashion Product 4057,Outerwear,Adidas,145.71,4.3,CUST_1126
ITEM_14057,Fashion Product 4058,Tops,Gucci,184.99,2.6,CUST_1214
ITEM_14058,Fashion Product 4059,Tops,Gucci,162.65,4.5,CUST_1323
ITEM_14059,Fashion Product 4060,Accessories,Gucci,249.53,4.6,CUST_1215
ITEM_14060,Fashion Product 4061,Accessories,H&M,119.51,3.5,CUST_1452
ITEM_14061,Fashion Product 4062,Bottoms,Gucci,111.99,4.1,CUST_1238
ITEM_14062,Fashion Product 4063,Outerwear,Adidas,96.43,4.6,CUST_1088
ITEM_14063,Fashion Product 4064,Footwear,Zara,96.79,4.7,CUST_1384
ITEM_14064,Fashion Product 4065,Outerwear,Puma,76.18,2.8,CUST_1443
ITEM_14065,Fashion Product 4066,Bottoms,Mango,245.35,4.6,CUST_1462
ITEM_14066,Fashion Product 4067,Accessories,Adidas,218.99,3.2,CUST_1113
ITEM_14067,Fashion Product 4068,Outerwear,Zara,86.0,4.3,CUST_1105
ITEM_14068,Fashion Product 4069,Outerwear,Zara,83.25,3.3,CUST_1371
ITEM_14069,Fashion Product 4070,Accessories,Mango,34.85,2.6,CUST_1063
ITEM_14070,Fashion Product 4071,Bottoms,Puma,220.49,3.0,CUST_1451
ITEM_14071,Fashion Product 4072,Accessories,Zara,99.22,3.5,CUST_1239
ITEM_14072,Fashion Product 4073,Tops,Levi's,147.43,4.4,CUST_1469
ITEM_14073,Fashion Product 4074,Footwear,Uniqlo,226.09,2.8,CUST_1026
ITEM_14074,Fashion Product 4075,Accessories,Adidas,107.94,4.5,CUST_1128
ITEM_14075,Fashion Product 4076,Bottoms,H&M,203.65,5.0,CUST_1001
ITEM_14076,Fashion Product 4077,Dresses,Gucci,113.27,4.5,CUST_1094
ITEM_14077,Fashion Product 4078,Tops,H&M,178.23,3.7,CUST_1371
ITEM_14078,Fashion Product 4079,Dresses,Nike,113.48,3.9,CUST_1452
ITEM_14079,Fashion Product 4080,Accessories,Levi's,104.26,2.5,CUST_1462
ITEM_14080,Fashion Product 4081,Tops,H&M,247.77,3.0,CUST_1402
ITEM_14081,Fashion Product 4082,Footwear,Mango,156.96,4.7,CUST_1012
ITEM_14082,Fashion Product 4083,Accessories,Uniqlo,98.17,2.6,CUST_1166
ITEM_14083,Fashion Product 4084,Footwear,Puma,71.88,4.8,CUST_1298
ITEM_14084,Fashion Product 4085,Outerwear,Mango,19.54,2.8,CUST_1420
ITEM_14085,Fashion Product 4086,Dresses,Levi's,179.58,2.8,CUST_1272
ITEM_14086,Fashion Product 4087,Tops,Levi's,99.32,2.9,CUST_1449
ITEM_14087,Fashion Product 4088,Footwear,Uniqlo,207.1,4.5,CUST_1067
ITEM_14088,Fashion Product 4089,Bottoms,Zara,97.33,3.7,CUST_1167
ITEM_14089,Fashion Product 4090,Footwear,H&M,99.6,2.9,CUST_1254
ITEM_14090,Fashion Product 4091,Bottoms,Gucci,197.0,4.2,CUST_1355
ITEM_14091,Fashion Product 4092,Accessories,Gucci,127.47,4.9,CUST_1253
ITEM_14092,Fashion Product 4093,Tops,H&M,222.37,3.9,CUST_1246
ITEM_14093,Fashion Product 4094,Footwear,Uniqlo,151.63,2.7,CUST_1059
ITEM_14094,Fashion Product 4095,Footwear,Zara,67.75,2.6,CUST_1463
ITEM_14095,Fashion Product 4096,Tops,Puma,146.39,4.5,CUST_1294
ITEM_14096,Fashion Product 4097,Footwear,Uniqlo,10.96,4.1,CUST_1144
ITEM_14097,Fashion Product 4098,Bottoms,Gucci,84.98,4.8,CUST_1209
ITEM_14098,Fashion Product 4099,Footwear,Levi's,59.91,3.9,CUST_1226
ITEM_14099,Fashion Product 4100,Dresses,Levi's,167.01,2.7,CUST_1458
ITEM_14100,Fashion Product 4101,Accessories,Nike,42.65,3.5,CUST_1395
ITEM_14101,Fashion Product 4102,Outerwear,Adidas,79.62,4.1,CUST_1284
ITEM_14102,Fashion Product 4103,Bottoms,Mango,89.51,3.5,CUST_1091
ITEM_14103,Fashion Product 4104,Dresses,Mango,10.79,5.0,CUST_1486
ITEM_14104,Fashion Product 4105,Accessories,Gucci,21.22,3.5,CUST_1466
ITEM_14105,Fashion Product 4106,Tops,Mango,84.67,3.9,CUST_1111
ITEM_14106,Fashion Product 4107,Bottoms,Mango,63.37,3.1,CUST_1240
ITEM_14107,Fashion Product 4108,Outerwear,Uniqlo,38.06,2.9,CUST_1350
ITEM_14108,Fashion Product 4109,Accessories,Puma,47.0,4.1,CUST_1333
ITEM_14109,Fashion Product 4110,Outerwear,Gucci,210.53,4.0,CUST_1080
ITEM_14110,Fashion Product 4111,Tops,Nike,174.0,2.5,CUST_1386
ITEM_14111,Fashion Product 4112,Tops,Puma,126.19,3.2,CUST_1404
ITEM_14112,Fashion Product 4113,Bottoms,Nike,228.13,4.1,CUST_1204
ITEM_14113,Fashion Product 4114,Footwear,Gucci,17.09,4.5,CUST_1477
ITEM_14114,Fashion Product 4115,Tops,Zara,92.78,3.3,CUST_1238
ITEM_14115,Fashion Product 4116,Accessories,Zara,207.61,4.1,CUST_1328
ITEM_14116,Fashion Product 4117,Footwear,Mango,160.79,3.2,CUST_1294
ITEM_14117,Fashion Product 4118,Dresses,Levi's,245.6,4.2,CUST_1494
ITEM_14118,Fashion Product 4119,Outerwear,Uniqlo,236.68,4.2,CUST_1184
ITEM_14119,Fashion Product 4120,Footwear,Mango,50.79,2.8,CUST_1495
ITEM_14120,Fashion Product 4121,Outerwear,Adidas,243.28,4.2,CUST_1212
ITEM_14121,Fashion Product 4122,Footwear,Zara,236.93,3.3,CUST_1251
ITEM_14122,Fashion Product 4123,Dresses,Mango,99.67,2.9,CUST_1227
ITEM_14123,Fashion Product 4124,Tops,Levi's,245.89,3.8,CUST_1167
ITEM_14124,Fashion Product 4125,Dresses,Nike,18.6,3.6,CUST_1031
ITEM_14125,Fashion Product 4126,Tops,Nike,168.58,4.4,CUST_1336
ITEM_14126,Fashion Product 4127,Tops,H&M,73.88,2.7,CUST_1151
ITEM_14127,Fashion Product 4128,Outerwear,Uniqlo,41.07,4.5,CUST_1162
ITEM_14128,Fashion Product 4129,Accessories,Nike,148.61,2.8,CUST_1096
ITEM_14129,Fashion Product 4130,Dresses,H&M,83.52,3.0,CUST_1273
ITEM_14130,Fashion Product 4131,Footwear,Zara,170.04,3.8,CUST_1363
ITEM_14131,Fashion Product 4132,Dresses,Nike,139.6,3.7,CUST_1024
ITEM_14132,Fashion Product 4133,Outerwear,Mango,104.22,5.0,CUST_1419
ITEM_14133,Fashion Product 4134,Tops,Levi's,53.64,4.0,CUST_1118
ITEM_14134,Fashion Product 4135,Outerwear,Adidas,154.3,3.3,CUST_1407
ITEM_14135,Fashion Product 4136,Bottoms,Nike,209.02,4.8,CUST_1392
ITEM_14136,Fashion Product 4137,Bottoms,Adidas,154.0,3.3,CUST_1438
ITEM_14137,Fashion Product 4138,Footwear,Adidas,156.53,3.2,CUST_1087
ITEM_14138,Fashion Product 4139,Outerwear,Adidas,132.84,3.7,CUST_1405
ITEM_14139,Fashion Product 4140,Footwear,Puma,103.18,4.8,CUST_1275
ITEM_14140,Fashion Product 4141,Footwear,Adidas,119.79,4.3,CUST_1415
ITEM_14141,Fashion Product 4142,Bottoms,Puma,247.49,4.2,CUST_1050
ITEM_14142,Fashion Product 4143,Footwear,Levi's,189.92,4.3,CUST_1327
ITEM_14143,Fashion Product 4144,Bottoms,Adidas,113.33,4.1,CUST_1112
ITEM_14144,Fashion Product 4145,Tops,H&M,119.75,4.4,CUST_1280
ITEM_14145,Fashion Product 4146,Outerwear,Adidas,129.91,3.0,CUST_1302
ITEM_14146,Fashion Product 4147,Footwear,Gucci,168.24,2.9,CUST_1136
ITEM_14147,Fashion Product 4148,Bottoms,Uniqlo,121.83,3.4,CUST_1333
ITEM_14148,Fashion Product 4149,Dresses,H&M,174.68,4.6,CUST_1003
ITEM_14149,Fashion Product 4150,Footwear,Nike,89.01,4.3,CUST_1162
ITEM_14150,Fashion Product 4151,Accessories,Levi's,108.55,3.9,CUST_1077
ITEM_14151,Fashion Product 4152,Tops,Levi's,217.37,2.5,CUST_1185
ITEM_14152,Fashion Product 4153,Tops,Gucci,88.94,3.1,CUST_1374
ITEM_14153,Fashion Product 4154,Dresses,Gucci,241.46,4.5,CUST_1058
ITEM_14154,Fashion Product 4155,Bottoms,Gucci,51.4,3.1,CUST_1480
ITEM_14155,Fashion Product 4156,Footwear,Gucci,68.0,4.3,CUST_1163
ITEM_14156,Fashion Product 4157,Bottoms,Gucci,121.28,3.0,CUST_1021
ITEM_14157,Fashion Product 4158,Tops,Zara,201.38,4.0,CUST_1065
ITEM_14158,Fashion Product 4159,Bottoms,Mango,185.58,4.1,CUST_1066
ITEM_14159,Fashion Product 4160,Tops,Levi's,51.87,4.4,CUST_1441
ITEM_14160,Fashion Product 4161,Bottoms,Gucci,66.8,3.6,CUST_1298
ITEM_14161,Fashion Product 4162,Dresses,Nike,148.06,4.1,CUST_1299
ITEM_14162,Fashion Product 4163,Outerwear,Zara,80.84,3.7,CUST_1282
ITEM_14163,Fashion Product 4164,Dresses,H&M,111.36,4.9,CUST_1451
ITEM_14164,Fashion Product 4165,Dresses,H&M,126.78,3.8,CUST_1472
ITEM_14165,Fashion Product 4166,Outerwear,Puma,152.62,3.0,CUST_1410
ITEM_14166,Fashion Product 4167,Outerwear,Mango,70.25,4.2,CUST_1392
ITEM_14167,Fashion Product 4168,Footwear,H&M,49.15,3.9,CUST_1175
ITEM_14168,Fashion Product 4169,Footwear,Gucci,105.66,4.5,CUST_1165
ITEM_14169,Fashion Product 4170,Dresses,Levi's,29.69,2.9,CUST_1456
ITEM_14170,Fashion Product 4171,Dresses,Puma,136.42,3.2,CUST_1082
ITEM_14171,Fashion Product 4172,Tops,Uniqlo,211.51,4.8,CUST_1146
ITEM_14172,Fashion Product 4173,Tops,Zara,38.55,4.8,CUST_1204
ITEM_14173,Fashion Product 4174,Footwear,Uniqlo,37.06,3.6,CUST_1164
ITEM_14174,Fashion Product 4175,Accessories,Uniqlo,29.25,2.6,CUST_1104
ITEM_14175,Fashion Product 4176,Accessories,Gucci,213.49,3.3,CUST_1130
ITEM_14176,Fashion Product 4177,Footwear,Uniqlo,29.37,3.1,CUST_1084
ITEM_14177,Fashion Product 4178,Tops,Uniqlo,246.03,3.5,CUST_1120
ITEM_14178,Fashion Product 4179,Tops,H&M,96.0,3.3,CUST_1259
ITEM_14179,Fashion Product 4180,Accessories,Puma,88.9,4.6,CUST_1104
ITEM_14180,Fashion Product 4181,Bottoms,Uniqlo,31.99,2.5,CUST_1364
ITEM_14181,Fashion Product 4182,Bottoms,Mango,150.55,4.1,CUST_1034
ITEM_14182,Fashion Product 4183,Tops,Nike,150.61,4.2,CUST_1382
ITEM_14183,Fashion Product 4184,Bottoms,Puma,128.51,4.2,CUST_1369
ITEM_14184,Fashion Product 4185,Outerwear,Mango,84.64,3.8,CUST_1366
ITEM_14185,Fashion Product 4186,Footwear,Nike,98.46,4.0,CUST_1174
ITEM_14186,Fashion Product 4187,Footwear,Uniqlo,86.92,4.5,CUST_1446
ITEM_14187,Fashion Product 4188,Tops,Adidas,112.28,4.5,CUST_1326
ITEM_14188,Fashion Product 4189,Dresses,Levi's,92.03,2.6,CUST_1232
ITEM_14189,Fashion Product 4190,Accessories,Mango,172.12,2.6,CUST_1185
ITEM_14190,Fashion Product 4191,Tops,Uniqlo,80.99,4.6,CUST_1394
ITEM_14191,Fashion Product 4192,Bottoms,Puma,94.2,3.9,CUST_1344
ITEM_14192,Fashion Product 4193,Accessories,H&M,114.51,4.9,CUST_1018
ITEM_14193,Fashion Product 4194,Dresses,Uniqlo,10.95,3.6,CUST_1417
ITEM_14194,Fashion Product 4195,Bottoms,Adidas,128.1,2.9,CUST_1231
ITEM_14195,Fashion Product 4196,Outerwear,Uniqlo,71.4,3.7,CUST_1135
ITEM_14196,Fashion Product 4197,Bottoms,Uniqlo,23.48,3.6,CUST_1045
ITEM_14197,Fashion Product 4198,Outerwear,Levi's,228.65,3.8,CUST_1112
ITEM_14198,Fashion Product 4199,Accessories,H&M,87.38,4.5,CUST_1492
ITEM_14199,Fashion Product 4200,Outerwear,Mango,112.26,4.1,CUST_1413
ITEM_14200,Fashion Product 4201,Accessories,Gucci,208.56,3.0,CUST_1083
ITEM_14201,Fashion Product 4202,Accessories,Gucci,50.03,4.3,CUST_1422
ITEM_14202,Fashion Product 4203,Accessories,Puma,214.07,4.0,CUST_1039
ITEM_14203,Fashion Product 4204,Accessories,Uniqlo,67.99,3.9,CUST_1254
ITEM_14204,Fashion Product 4205,Accessories,Puma,151.37,4.2,CUST_1409
ITEM_14205,Fashion Product 4206,Bottoms,Mango,174.56,3.9,CUST_1145
ITEM_14206,Fashion Product 4207,Accessories,Mango,227.2,3.6,CUST_1317
ITEM_14207,Fashion Product 4208,Bottoms,H&M,155.83,4.1,CUST_1051
ITEM_14208,Fashion Product 4209,Accessories,Gucci,118.78,4.3,CUST_1293
ITEM_14209,Fashion Product 4210,Outerwear,Gucci,147.34,3.1,CUST_1067
ITEM_14210,Fashion Product 4211,Accessories,Puma,58.5,3.7,CUST_1024
ITEM_14211,Fashion Product 4212,Dresses,Levi's,175.38,3.6,CUST_1122
ITEM_14212,Fashion Product 4213,Accessories,Gucci,54.85,2.6,CUST_1466
ITEM_14213,Fashion Product 4214,Accessories,Levi's,143.74,4.6,CUST_1049
ITEM_14214,Fashion Product 4215,Outerwear,Levi's,165.42,3.4,CUST_1474
ITEM_14215,Fashion Product 4216,Footwear,Mango,225.66,2.7,CUST_1149
ITEM_14216,Fashion Product 4217,Outerwear,H&M,118.05,3.6,CUST_1459
ITEM_14217,Fashion Product 4218,Dresses,Puma,196.08,2.9,CUST_1185
ITEM_14218,Fashion Product 4219,Footwear,Nike,50.21,4.3,CUST_1250
ITEM_14219,Fashion Product 4220,Tops,Puma,47.49,3.9,CUST_1425
ITEM_14220,Fashion Product 4221,Tops,Levi's,135.95,3.2,CUST_1145
ITEM_14221,Fashion Product 4222,Dresses,H&M,153.12,4.9,CUST_1243
ITEM_14222,Fashion Product 4223,Outerwear,Mango,161.76,3.2,CUST_1365
ITEM_14223,Fashion Product 4224,Bottoms,Mango,188.96,3.9,CUST_1358
ITEM_14224,Fashion Product 4225,Dresses,Levi's,80.78,4.5,CUST_1149
ITEM_14225,Fashion Product 4226,Footwear,Levi's,159.43,3.8,CUST_1068
ITEM_14226,Fashion Product 4227,Footwear,Adidas,55.15,4.9,CUST_1224
ITEM_14227,Fashion Product 4228,Accessories,Adidas,62.56,4.6,CUST_1210
ITEM_14228,Fashion Product 4229,Tops,Levi's,26.15,4.8,CUST_1192
ITEM_14229,Fashion Product 4230,Footwear,Gucci,189.28,3.4,CUST_1300
ITEM_14230,Fashion Product 4231,Dresses,Puma,131.68,3.9,CUST_1124
ITEM_14231,Fashion Product 4232,Footwear,Gucci,67.16,4.6,CUST_1284
ITEM_14232,Fashion Product 4233,Dresses,Mango,143.5,4.8,CUST_1292
ITEM_14233,Fashion Product 4234,Bottoms,Nike,95.02,4.9,CUST_1421
ITEM_14234,Fashion Product 4235,Accessories,Puma,210.93,4.7,CUST_1383
ITEM_14235,Fashion Product 4236,Tops,Gucci,136.76,4.3,CUST_1300
ITEM_14236,Fashion Product 4237,Footwear,Gucci,17.15,2.6,CUST_1050
ITEM_14237,Fashion Product 4238,Dresses,Zara,246.42,3.3,CUST_1474
ITEM_14238,Fashion Product 4239,Outerwear,Puma,27.83,2.8,CUST_1369
ITEM_14239,Fashion Product 4240,Tops,Nike,177.03,2.9,CUST_1183
ITEM_14240,Fashion Product 4241,Bottoms,H&M,114.94,3.2,CUST_1247
ITEM_14241,Fashion Product 4242,Dresses,H&M,69.84,2.7,CUST_1088
ITEM_14242,Fashion Product 4243,Accessories,Gucci,172.35,3.1,CUST_1138
ITEM_14243,Fashion Product 4244,Accessories,Levi's,40.22,4.9,CUST_1038
ITEM_14244,Fashion Product 4245,Bottoms,Nike,215.98,3.3,CUST_1049
ITEM_14245,Fashion Product 4246,Bottoms,Nike,70.15,2.9,CUST_1072
ITEM_14246,Fashion Product 4247,Accessories,Mango,96.75,4.3,CUST_1258
ITEM_14247,Fashion Product 4248,Footwear,Zara,161.83,4.6,CUST_1044
ITEM_14248,Fashion Product 4249,Footwear,Mango,10.25,3.3,CUST_1291
ITEM_14249,Fashion Product 4250,Dresses,Nike,123.46,3.2,CUST_1116
ITEM_14250,Fashion Product 4251,Outerwear,Uniqlo,224.62,3.1,CUST_1149
ITEM_14251,Fashion Product 4252,Dresses,Levi's,173.3,3.5,CUST_1313
ITEM_14252,Fashion Product 4253,Outerwear,Nike,103.1,2.7,CUST_1347
ITEM_14253,Fashion Product 4254,Bottoms,Zara,168.5,4.2,CUST_1279
ITEM_14254,Fashion Product 4255,Tops,Nike,234.78,4.6,CUST_1288
ITEM_14255,Fashion Product 4256,Dresses,Puma,55.07,4.2,CUST_1218
ITEM_14256,Fashion Product 4257,Dresses,Puma,137.63,3.6,CUST_1071
ITEM_14257,Fashion Product 4258,Outerwear,Adidas,66.34,3.2,CUST_1161
ITEM_14258,Fashion Product 4259,Bottoms,Zara,215.01,3.5,CUST_1273
ITEM_14259,Fashion Product 4260,Bottoms,Gucci,183.05,3.6,CUST_1127
ITEM_14260,Fashion Product 4261,Outerwear,Gucci,202.26,4.2,CUST_1456
ITEM_14261,Fashion Product 4262,Bottoms,H&M,236.32,4.8,CUST_1170
ITEM_14262,Fashion Product 4263,Accessories,Nike,65.75,2.7,CUST_1017
ITEM_14263,Fashion Product 4264,Footwear,Uniqlo,21.69,4.9,CUST_1304
ITEM_14264,Fashion Product 4265,Accessories,Zara,79.82,4.8,CUST_1490
ITEM_14265,Fashion Product 4266,Tops,Uniqlo,105.79,2.8,CUST_1239
ITEM_14266,Fashion Product 4267,Dresses,Adidas,160.04,3.0,CUST_1176
ITEM_14267,Fashion Product 4268,Tops,Nike,201.45,3.3,CUST_1210
ITEM_14268,Fashion Product 4269,Dresses,H&M,93.95,3.9,CUST_1484
ITEM_14269,Fashion Product 4270,Footwear,Mango,123.64,2.8,CUST_1057
ITEM_14270,Fashion Product 4271,Bottoms,Gucci,198.51,3.0,CUST_1359
ITEM_14271,Fashion Product 4272,Accessories,Puma,64.08,4.8,CUST_1189
ITEM_14272,Fashion Product 4273,Outerwear,Zara,62.11,2.8,CUST_1044
ITEM_14273,Fashion Product 4274,Accessories,Uniqlo,151.42,3.5,CUST_1407
ITEM_14274,Fashion Product 4275,Footwear,Nike,114.65,4.4,CUST_1460
ITEM_14275,Fashion Product 4276,Tops,Mango,237.74,4.7,CUST_1122
ITEM_14276,Fashion Product 4277,Outerwear,Levi's,95.69,3.3,CUST_1471
ITEM_14277,Fashion Product 4278,Bottoms,Levi's,192.29,2.9,CUST_1309
ITEM_14278,Fashion Product 4279,Footwear,Puma,149.94,4.3,CUST_1033
ITEM_14279,Fashion Product 4280,Outerwear,Levi's,23.1,4.4,CUST_1312
ITEM_14280,Fashion Product 4281,Footwear,Gucci,30.25,5.0,CUST_1028
ITEM_14281,Fashion Product 4282,Footwear,Adidas,58.76,2.8,CUST_1492
ITEM_14282,Fashion Product 4283,Bottoms,Levi's,44.36,4.3,CUST_1151
ITEM_14283,Fashion Product 4284,Dresses,Puma,89.05,3.5,CUST_1063
ITEM_14284,Fashion Product 4285,Outerwear,Adidas,148.96,4.8,CUST_1007
ITEM_14285,Fashion Product 4286,Bottoms,Gucci,154.57,3.5,CUST_1111
ITEM_14286,Fashion Product 4287,Footwear,Puma,151.06,3.6,CUST_1130
ITEM_14287,Fashion Product 4288,Bottoms,Levi's,38.23,2.8,CUST_1449
ITEM_14288,Fashion Product 4289,Dresses,Zara,154.05,3.3,CUST_1132
ITEM_14289,Fashion Product 4290,Accessories,Levi's,108.34,3.5,CUST_1008
ITEM_14290,Fashion Product 4291,Outerwear,Puma,226.73,2.5,CUST_1382
ITEM_14291,Fashion Product 4292,Dresses,Zara,228.88,3.6,CUST_1305
ITEM_14292,Fashion Product 4293,Tops,Zara,194.36,3.3,CUST_1029
ITEM_14293,Fashion Product 4294,Outerwear,Adidas,178.75,4.5,CUST_1338
ITEM_14294,Fashion Product 4295,Dresses,Gucci,37.59,2.8,CUST_1311
ITEM_14295,Fashion Product 4296,Footwear,Levi's,30.33,4.4,CUST_1421
ITEM_14296,Fashion Product 4297,Outerwear,Mango,211.8,4.3,CUST_1351
ITEM_14297,Fashion Product 4298,Outerwear,Gucci,112.48,3.1,CUST_1006
ITEM_14298,Fashion Product 4299,Bottoms,Mango,118.33,2.7,CUST_1492
ITEM_14299,Fashion Product 4300,Footwear,Mango,213.47,4.6,CUST_1408
ITEM_14300,Fashion Product 4301,Tops,Uniqlo,159.14,3.1,CUST_1112
ITEM_14301,Fashion Product 4302,Accessories,Adidas,53.06,2.9,CUST_1105
ITEM_14302,Fashion Product 4303,Dresses,H&M,60.64,3.4,CUST_1207
ITEM_14303,Fashion Product 4304,Bottoms,Nike,11.53,3.5,CUST_1040
ITEM_14304,Fashion Product 4305,Dresses,Nike,180.56,3.3,CUST_1268
ITEM_14305,Fashion Product 4306,Tops,Adidas,126.55,4.9,CUST_1320
ITEM_14306,Fashion Product 4307,Tops,Adidas,237.99,4.7,CUST_1046
ITEM_14307,Fashion Product 4308,Outerwear,Mango,181.36,4.7,CUST_1241
ITEM_14308,Fashion Product 4309,Tops,Adidas,34.76,3.5,CUST_1270
ITEM_14309,Fashion Product 4310,Dresses,Mango,48.77,4.9,CUST_1155
ITEM_14310,Fashion Product 4311,Footwear,Gucci,130.41,4.2,CUST_1116
ITEM_14311,Fashion Product 4312,Footwear,H&M,231.97,4.6,CUST_1037
ITEM_14312,Fashion Product 4313,Outerwear,Uniqlo,69.34,3.8,CUST_1205
ITEM_14313,Fashion Product 4314,Accessories,Mango,208.14,2.9,CUST_1249
ITEM_14314,Fashion Product 4315,Dresses,Adidas,84.95,4.7,CUST_1486
ITEM_14315,Fashion Product 4316,Dresses,Zara,74.78,3.7,CUST_1110
ITEM_14316,Fashion Product 4317,Tops,Levi's,226.33,4.9,CUST_1486
ITEM_14317,Fashion Product 4318,Dresses,Nike,21.34,3.1,CUST_1318
ITEM_14318,Fashion Product 4319,Bottoms,H&M,168.58,5.0,CUST_1323
ITEM_14319,Fashion Product 4320,Accessories,Levi's,20.36,3.1,CUST_1080
ITEM_14320,Fashion Product 4321,Tops,Puma,202.18,3.4,CUST_1076
ITEM_14321,Fashion Product 4322,Bottoms,Adidas,209.06,4.0,CUST_1270
ITEM_14322,Fashion Product 4323,Outerwear,Mango,224.41,4.2,CUST_1098
ITEM_14323,Fashion Product 4324,Footwear,Uniqlo,54.66,4.3,CUST_1498
ITEM_14324,Fashion Product 4325,Outerwear,Zara,39.88,3.7,CUST_1479
ITEM_14325,Fashion Product 4326,Footwear,Uniqlo,130.85,2.7,CUST_1423
ITEM_14326,Fashion Product 4327,Outerwear,Levi's,75.19,3.7,CUST_1389
ITEM_14327,Fashion Product 4328,Dresses,Zara,155.51,3.3,CUST_1076
ITEM_14328,Fashion Product 4329,Bottoms,Nike,133.3,4.1,CUST_1282
ITEM_14329,Fashion Product 4330,Footwear,Adidas,44.76,3.0,CUST_1081
ITEM_14330,Fashion Product 4331,Tops,Puma,187.42,3.5,CUST_1364
ITEM_14331,Fashion Product 4332,Bottoms,Levi's,202.91,4.9,CUST_1309
ITEM_14332,Fashion Product 4333,Tops,Mango,241.13,2.7,CUST_1063
ITEM_14333,Fashion Product 4334,Bottoms,Nike,104.93,4.0,CUST_1267
ITEM_14334,Fashion Product 4335,Bottoms,Puma,91.06,2.7,CUST_1033
ITEM_14335,Fashion Product 4336,Outerwear,Uniqlo,56.14,2.9,CUST_1297
ITEM_14336,Fashion Product 4337,Footwear,Nike,53.41,4.0,CUST_1040
ITEM_14337,Fashion Product 4338,Footwear,Puma,87.05,3.6,CUST_1174
ITEM_14338,Fashion Product 4339,Bottoms,Puma,245.64,3.9,CUST_1260
ITEM_14339,Fashion Product 4340,Dresses,Uniqlo,32.14,4.7,CUST_1224
ITEM_14340,Fashion Product 4341,Dresses,Puma,72.25,4.5,CUST_1223
ITEM_14341,Fashion Product 4342,Tops,H&M,30.63,4.7,CUST_1267
ITEM_14342,Fashion Product 4343,Tops,Zara,75.67,4.0,CUST_1465
ITEM_14343,Fashion Product 4344,Outerwear,H&M,32.18,3.7,CUST_1155
ITEM_14344,Fashion Product 4345,Bottoms,Uniqlo,131.99,3.6,CUST_1264
ITEM_14345,Fashion Product 4346,Tops,Gucci,115.21,4.3,CUST_1149
ITEM_14346,Fashion Product 4347,Tops,Nike,51.77,3.8,CUST_1225
ITEM_14347,Fashion Product 4348,Accessories,Mango,51.95,2.8,CUST_1383
ITEM_14348,Fashion Product 4349,Bottoms,Mango,160.27,2.9,CUST_1498
ITEM_14349,Fashion Product 4350,Outerwear,Levi's,102.91,3.4,CUST_1127
ITEM_14350,Fashion Product 4351,Tops,Levi's,23.49,2.7,CUST_1005
ITEM_14351,Fashion Product 4352,Outerwear,Uniqlo,230.85,3.1,CUST_1446
ITEM_14352,Fashion Product 4353,Footwear,Levi's,107.19,4.1,CUST_1288
ITEM_14353,Fashion Product 4354,Outerwear,Mango,151.85,2.5,CUST_1345
ITEM_14354,Fashion Product 4355,Dresses,H&M,222.5,4.0,CUST_1058
ITEM_14355,Fashion Product 4356,Dresses,Mango,106.52,4.4,CUST_1072
ITEM_14356,Fashion Product 4357,Outerwear,H&M,206.96,2.9,CUST_1155
ITEM_14357,Fashion Product 4358,Dresses,Gucci,229.54,3.0,CUST_1282
ITEM_14358,Fashion Product 4359,Footwear,Uniqlo,51.78,2.6,CUST_1168
ITEM_14359,Fashion Product 4360,Bottoms,Adidas,224.2,3.8,CUST_1029
ITEM_14360,Fashion Product 4361,Dresses,Gucci,38.76,4.1,CUST_1457
ITEM_14361,Fashion Product 4362,Dresses,Gucci,76.03,3.6,CUST_1082
ITEM_14362,Fashion Product 4363,Outerwear,Mango,203.97,3.5,CUST_1263
ITEM_14363,Fashion Product 4364,Footwear,Uniqlo,226.16,3.6,CUST_1106
ITEM_14364,Fashion Product 4365,Bottoms,Zara,174.19,4.5,CUST_1277
ITEM_14365,Fashion Product 4366,Outerwear,Puma,35.16,2.6,CUST_1464
ITEM_14366,Fashion Product 4367,Outerwear,Gucci,135.52,4.5,CUST_1451
ITEM_14367,Fashion Product 4368,Accessories,Levi's,147.43,4.2,CUST_1352
ITEM_14368,Fashion Product 4369,Footwear,H&M,77.65,3.1,CUST_1010
ITEM_14369,Fashion Product 4370,Bottoms,Zara,247.91,3.8,CUST_1062
ITEM_14370,Fashion Product 4371,Footwear,Uniqlo,90.55,2.6,CUST_1224
ITEM_14371,Fashion Product 4372,Bottoms,Adidas,60.46,3.4,CUST_1136
ITEM_14372,Fashion Product 4373,Footwear,Zara,36.43,2.9,CUST_1224
ITEM_14373,Fashion Product 4374,Outerwear,Adidas,100.84,2.6,CUST_1114
ITEM_14374,Fashion Product 4375,Outerwear,Mango,176.23,3.4,CUST_1260
ITEM_14375,Fashion Product 4376,Tops,Nike,65.54,4.3,CUST_1157
ITEM_14376,Fashion Product 4377,Dresses,Puma,194.69,4.8,CUST_1396
ITEM_14377,Fashion Product 4378,Accessories,Mango,42.5,4.2,CUST_1229
ITEM_14378,Fashion Product 4379,Footwear,Uniqlo,115.71,3.5,CUST_1100
ITEM_14379,Fashion Product 4380,Accessories,Nike,178.57,5.0,CUST_1255
ITEM_14380,Fashion Product 4381,Tops,Adidas,42.47,3.2,CUST_1179
ITEM_14381,Fashion Product 4382,Dresses,Nike,153.48,3.0,CUST_1275
ITEM_14382,Fashion Product 4383,Footwear,Levi's,201.75,3.7,CUST_1229
ITEM_14383,Fashion Product 4384,Bottoms,Levi's,152.93,3.8,CUST_1367
ITEM_14384,Fashion Product 4385,Dresses,Mango,132.75,3.4,CUST_1031
ITEM_14385,Fashion Product 4386,Outerwear,Mango,211.19,4.2,CUST_1108
ITEM_14386,Fashion Product 4387,Tops,Uniqlo,246.5,3.0,CUST_1282
ITEM_14387,Fashion Product 4388,Dresses,Uniqlo,53.52,3.8,CUST_1109
ITEM_14388,Fashion Product 4389,Dresses,H&M,175.92,3.8,CUST_1390
ITEM_14389,Fashion Product 4390,Outerwear,Uniqlo,29.36,4.6,CUST_1029
ITEM_14390,Fashion Product 4391,Footwear,Gucci,20.28,4.8,CUST_1017
ITEM_14391,Fashion Product 4392,Bottoms,H&M,77.4,4.2,CUST_1404
ITEM_14392,Fashion Product 4393,Outerwear,Levi's,243.02,3.3,CUST_1170
ITEM_14393,Fashion Product 4394,Bottoms,Zara,142.53,4.2,CUST_1366
ITEM_14394,Fashion Product 4395,Footwear,H&M,74.39,3.1,CUST_1175
ITEM_14395,Fashion Product 4396,Dresses,H&M,41.82,4.9,CUST_1074
ITEM_14396,Fashion Product 4397,Bottoms,Mango,230.84,4.6,CUST_1454
ITEM_14397,Fashion Product 4398,Tops,Puma,96.97,3.6,CUST_1240
ITEM_14398,Fashion Product 4399,Tops,Nike,83.61,4.5,CUST_1096
ITEM_14399,Fashion Product 4400,Outerwear,Levi's,215.91,3.5,CUST_1002
ITEM_14400,Fashion Product 4401,Footwear,Adidas,155.06,2.7,CUST_1202
ITEM_14401,Fashion Product 4402,Outerwear,Adidas,50.47,4.3,CUST_1037
ITEM_14402,Fashion Product 4403,Outerwear,Uniqlo,111.16,3.5,CUST_1091
ITEM_14403,Fashion Product 4404,Accessories,Levi's,232.78,4.8,CUST_1233
ITEM_14404,Fashion Product 4405,Outerwear,Gucci,226.29,3.3,CUST_1147
ITEM_14405,Fashion Product 4406,Accessories,Uniqlo,26.83,4.6,CUST_1499
ITEM_14406,Fashion Product 4407,Tops,Uniqlo,74.47,4.2,CUST_1297
ITEM_14407,Fashion Product 4408,Tops,H&M,47.09,4.6,CUST_1400
ITEM_14408,Fashion Product 4409,Outerwear,Levi's,138.11,3.2,CUST_1253
ITEM_14409,Fashion Product 4410,Tops,Nike,190.0,3.7,CUST_1371
ITEM_14410,Fashion Product 4411,Footwear,Uniqlo,80.93,4.6,CUST_1212
ITEM_14411,Fashion Product 4412,Accessories,Puma,191.92,4.1,CUST_1444
ITEM_14412,Fashion Product 4413,Accessories,Gucci,170.49,3.4,CUST_1441
ITEM_14413,Fashion Product 4414,Outerwear,Gucci,184.77,3.8,CUST_1484
ITEM_14414,Fashion Product 4415,Tops,Uniqlo,237.58,5.0,CUST_1064
ITEM_14415,Fashion Product 4416,Bottoms,Puma,111.91,4.4,CUST_1005
ITEM_14416,Fashion Product 4417,Accessories,Zara,92.22,4.0,CUST_1146
ITEM_14417,Fashion Product 4418,Outerwear,Mango,174.12,4.6,CUST_1072
ITEM_14418,Fashion Product 4419,Outerwear,Mango,203.81,3.6,CUST_1397
ITEM_14419,Fashion Product 4420,Footwear,Mango,55.95,4.9,CUST_1105
ITEM_14420,Fashion Product 4421,Dresses,H&M,213.23,3.9,CUST_1330
ITEM_14421,Fashion Product 4422,Dresses,Gucci,23.88,3.3,CUST_1036
ITEM_14422,Fashion Product 4423,Accessories,Adidas,11.53,2.7,CUST_1147
ITEM_14423,Fashion Product 4424,Footwear,Adidas,48.02,3.4,CUST_1415
ITEM_14424,Fashion Product 4425,Footwear,H&M,244.88,3.9,CUST_1256
ITEM_14425,Fashion Product 4426,Footwear,Uniqlo,135.66,4.3,CUST_1228
ITEM_14426,Fashion Product 4427,Accessories,Levi's,21.18,4.7,CUST_1349
ITEM_14427,Fashion Product 4428,Dresses,Levi's,249.32,4.9,CUST_1365
ITEM_14428,Fashion Product 4429,Footwear,Mango,188.78,2.8,CUST_1279
ITEM_14429,Fashion Product 4430,Tops,Levi's,211.12,4.0,CUST_1416
ITEM_14430,Fashion Product 4431,Outerwear,Uniqlo,61.11,4.2,CUST_1113
ITEM_14431,Fashion Product 4432,Outerwear,Zara,35.31,2.9,CUST_1011
ITEM_14432,Fashion Product 4433,Bottoms,H&M,133.62,3.9,CUST_1194
ITEM_14433,Fashion Product 4434,Bottoms,Zara,195.32,3.3,CUST_1224
ITEM_14434,Fashion Product 4435,Accessories,Gucci,163.07,2.7,CUST_1250
ITEM_14435,Fashion Product 4436,Accessories,Levi's,161.45,2.7,CUST_1389
ITEM_14436,Fashion Product 4437,Outerwear,Mango,191.7,4.4,CUST_1249
ITEM_14437,Fashion Product 4438,Tops,H&M,64.48,4.0,CUST_1351
ITEM_14438,Fashion Product 4439,Dresses,Mango,168.76,4.3,CUST_1269
ITEM_14439,Fashion Product 4440,Dresses,Levi's,104.11,4.2,CUST_1342
ITEM_14440,Fashion Product 4441,Accessories,Nike,26.74,2.8,CUST_1448
ITEM_14441,Fashion Product 4442,Tops,Levi's,58.51,2.9,CUST_1291
ITEM_14442,Fashion Product 4443,Accessories,H&M,200.56,3.1,CUST_1083
ITEM_14443,Fashion Product 4444,Dresses,Adidas,225.02,3.5,CUST_1029
ITEM_14444,Fashion Product 4445,Accessories,H&M,77.88,4.8,CUST_1407
ITEM_14445,Fashion Product 4446,Footwear,Puma,55.69,4.2,CUST_1339
ITEM_14446,Fashion Product 4447,Accessories,Levi's,16.41,3.1,CUST_1080
ITEM_14447,Fashion Product 4448,Outerwear,Puma,237.45,2.6,CUST_1095
ITEM_14448,Fashion Product 4449,Accessories,Adidas,174.13,4.2,CUST_1400
ITEM_14449,Fashion Product 4450,Outerwear,Uniqlo,239.69,4.1,CUST_1410
ITEM_14450,Fashion Product 4451,Tops,Uniqlo,217.32,4.2,CUST_1259
ITEM_14451,Fashion Product 4452,Dresses,Gucci,91.71,3.2,CUST_1122
ITEM_14452,Fashion Product 4453,Bottoms,Zara,37.04,3.8,CUST_1124
ITEM_14453,Fashion Product 4454,Bottoms,Adidas,129.77,3.4,CUST_1023
ITEM_14454,Fashion Product 4455,Dresses,H&M,16.44,4.5,CUST_1441
ITEM_14455,Fashion Product 4456,Bottoms,Levi's,45.98,2.7,CUST_1393
ITEM_14456,Fashion Product 4457,Accessories,Puma,66.02,3.2,CUST_1435
ITEM_14457,Fashion Product 4458,Tops,Gucci,169.76,4.0,CUST_1216
ITEM_14458,Fashion Product 4459,Tops,Mango,132.37,3.0,CUST_1289
ITEM_14459,Fashion Product 4460,Dresses,Levi's,82.58,4.2,CUST_1462
ITEM_14460,Fashion Product 4461,Bottoms,Mango,145.54,2.8,CUST_1092
ITEM_14461,Fashion Product 4462,Accessories,Puma,40.05,2.6,CUST_1024
ITEM_14462,Fashion Product 4463,Tops,Puma,191.37,4.7,CUST_1107
ITEM_14463,Fashion Product 4464,Tops,Levi's,180.89,3.3,CUST_1306
ITEM_14464,Fashion Product 4465,Footwear,Gucci,61.96,2.9,CUST_1052
ITEM_14465,Fashion Product 4466,Footwear,Zara,155.53,2.9,CUST_1199
ITEM_14466,Fashion Product 4467,Tops,Uniqlo,130.79,4.7,CUST_1294
ITEM_14467,Fashion Product 4468,Dresses,Puma,24.6,4.1,CUST_1300
ITEM_14468,Fashion Product 4469,Outerwear,Gucci,76.76,4.9,CUST_1345
ITEM_14469,Fashion Product 4470,Outerwear,Puma,249.88,4.5,CUST_1382
ITEM_14470,Fashion Product 4471,Accessories,Nike,33.89,4.4,CUST_1056
ITEM_14471,Fashion Product 4472,Tops,Uniqlo,131.54,3.7,CUST_1194
ITEM_14472,Fashion Product 4473,Tops,Puma,213.84,4.6,CUST_1045
ITEM_14473,Fashion Product 4474,Tops,Gucci,82.16,3.5,CUST_1436
ITEM_14474,Fashion Product 4475,Dresses,Puma,72.57,4.6,CUST_1385
ITEM_14475,Fashion Product 4476,Footwear,Mango,223.79,4.4,CUST_1343
ITEM_14476,Fashion Product 4477,Tops,Levi's,83.16,4.2,CUST_1239
ITEM_14477,Fashion Product 4478,Tops,Levi's,166.36,3.3,CUST_1372
ITEM_14478,Fashion Product 4479,Bottoms,Puma,187.68,4.1,CUST_1232
ITEM_14479,Fashion Product 4480,Dresses,Gucci,199.27,3.8,CUST_1466
ITEM_14480,Fashion Product 4481,Accessories,Mango,248.74,3.7,CUST_1320
ITEM_14481,Fashion Product 4482,Tops,Zara,202.77,5.0,CUST_1239
ITEM_14482,Fashion Product 4483,Bottoms,Zara,167.68,3.8,CUST_1392
ITEM_14483,Fashion Product 4484,Outerwear,Mango,224.91,2.6,CUST_1482
ITEM_14484,Fashion Product 4485,Accessories,H&M,227.38,4.1,CUST_1427
ITEM_14485,Fashion Product 4486,Tops,Gucci,243.56,4.3,CUST_1136
ITEM_14486,Fashion Product 4487,Tops,Zara,196.35,4.7,CUST_1285
ITEM_14487,Fashion Product 4488,Bottoms,H&M,56.78,4.1,CUST_1013
ITEM_14488,Fashion Product 4489,Dresses,Gucci,180.35,2.5,CUST_1385
ITEM_14489,Fashion Product 4490,Tops,Mango,28.03,2.8,CUST_1029
ITEM_14490,Fashion Product 4491,Outerwear,H&M,86.31,2.9,CUST_1178
ITEM_14491,Fashion Product 4492,Tops,H&M,37.79,3.0,CUST_1293
ITEM_14492,Fashion Product 4493,Outerwear,Puma,237.99,4.5,CUST_1257
ITEM_14493,Fashion Product 4494,Accessories,Adidas,91.3,3.3,CUST_1108
ITEM_14494,Fashion Product 4495,Accessories,Adidas,181.17,3.3,CUST_1069
ITEM_14495,Fashion Product 4496,Footwear,Gucci,147.12,4.4,CUST_1373
ITEM_14496,Fashion Product 4497,Footwear,Puma,35.8,3.5,CUST_1176
ITEM_14497,Fashion Product 4498,Outerwear,Levi's,144.72,2.7,CUST_1183
ITEM_14498,Fashion Product 4499,Dresses,Uniqlo,168.65,4.0,CUST_1242
ITEM_14499,Fashion Product 4500,Tops,Uniqlo,221.56,2.8,CUST_1194
ITEM_14500,Fashion Product 4501,Tops,H&M,26.82,3.9,CUST_1367
ITEM_14501,Fashion Product 4502,Footwear,Nike,80.95,4.4,CUST_1319
ITEM_14502,Fashion Product 4503,Outerwear,Zara,176.16,4.8,CUST_1022
ITEM_14503,Fashion Product 4504,Tops,Zara,18.24,2.7,CUST_1350
ITEM_14504,Fashion Product 4505,Tops,Puma,58.85,3.3,CUST_1011
ITEM_14505,Fashion Product 4506,Dresses,Adidas,62.48,4.1,CUST_1285
ITEM_14506,Fashion Product 4507,Bottoms,Nike,170.64,3.3,CUST_1362
ITEM_14507,Fashion Product 4508,Footwear,Puma,78.63,3.6,CUST_1259
ITEM_14508,Fashion Product 4509,Footwear,H&M,153.9,2.6,CUST_1173
ITEM_14509,Fashion Product 4510,Bottoms,Nike,241.68,4.2,CUST_1205
ITEM_14510,Fashion Product 4511,Tops,Zara,200.38,4.7,CUST_1248
ITEM_14511,Fashion Product 4512,Dresses,Gucci,89.9,4.9,CUST_1259
ITEM_14512,Fashion Product 4513,Dresses,H&M,123.38,4.6,CUST_1330
ITEM_14513,Fashion Product 4514,Footwear,Puma,58.16,2.6,CUST_1452
ITEM_14514,Fashion Product 4515,Dresses,Levi's,13.77,4.1,CUST_1270
ITEM_14515,Fashion Product 4516,Accessories,Mango,79.53,3.7,CUST_1471
ITEM_14516,Fashion Product 4517,Bottoms,H&M,98.66,4.8,CUST_1081
ITEM_14517,Fashion Product 4518,Tops,H&M,145.45,4.8,CUST_1321
ITEM_14518,Fashion Product 4519,Accessories,Levi's,236.58,5.0,CUST_1441
ITEM_14519,Fashion Product 4520,Bottoms,Gucci,237.48,4.7,CUST_1399
ITEM_14520,Fashion Product 4521,Outerwear,Levi's,26.82,3.9,CUST_1188
ITEM_14521,Fashion Product 4522,Footwear,Uniqlo,157.51,4.3,CUST_1438
ITEM_14522,Fashion Product 4523,Dresses,Uniqlo,20.16,4.9,CUST_1373
ITEM_14523,Fashion Product 4524,Outerwear,H&M,165.54,3.9,CUST_1386
ITEM_14524,Fashion Product 4525,Dresses,Zara,38.25,4.6,CUST_1338
ITEM_14525,Fashion Product 4526,Accessories,Uniqlo,237.14,4.9,CUST_1448
ITEM_14526,Fashion Product 4527,Tops,Gucci,217.44,3.9,CUST_1231
ITEM_14527,Fashion Product 4528,Tops,H&M,15.36,2.9,CUST_1470
ITEM_14528,Fashion Product 4529,Tops,Gucci,197.71,2.9,CUST_1028
ITEM_14529,Fashion Product 4530,Dresses,Zara,162.62,2.8,CUST_1350
ITEM_14530,Fashion Product 4531,Outerwear,Zara,128.89,3.7,CUST_1461
ITEM_14531,Fashion Product 4532,Tops,Uniqlo,154.63,3.7,CUST_1323
ITEM_14532,Fashion Product 4533,Outerwear,Puma,172.78,4.0,CUST_1003
ITEM_14533,Fashion Product 4534,Dresses,Levi's,222.27,3.7,CUST_1237
ITEM_14534,Fashion Product 4535,Accessories,Adidas,194.17,4.9,CUST_1181
ITEM_14535,Fashion Product 4536,Outerwear,H&M,148.09,3.2,CUST_1410
ITEM_14536,Fashion Product 4537,Accessories,Puma,207.91,4.7,CUST_1004
ITEM_14537,Fashion Product 4538,Dresses,H&M,246.86,2.8,CUST_1400
ITEM_14538,Fashion Product 4539,Dresses,Levi's,82.04,4.0,CUST_1348
ITEM_14539,Fashion Product 4540,Footwear,Levi's,38.42,4.1,CUST_1072
ITEM_14540,Fashion Product 4541,Dresses,Nike,185.55,4.4,CUST_1182
ITEM_14541,Fashion Product 4542,Dresses,Gucci,244.86,3.8,CUST_1104
ITEM_14542,Fashion Product 4543,Bottoms,Uniqlo,38.01,3.0,CUST_1272
ITEM_14543,Fashion Product 4544,Tops,Nike,113.61,3.4,CUST_1287
ITEM_14544,Fashion Product 4545,Footwear,Zara,24.94,3.2,CUST_1087
ITEM_14545,Fashion Product 4546,Footwear,Adidas,196.37,3.5,CUST_1386
ITEM_14546,Fashion Product 4547,Footwear,Uniqlo,237.69,3.8,CUST_1073
ITEM_14547,Fashion Product 4548,Bottoms,Zara,129.76,4.1,CUST_1091
ITEM_14548,Fashion Product 4549,Accessories,Gucci,108.29,4.6,CUST_1173
ITEM_14549,Fashion Product 4550,Dresses,Gucci,227.85,4.8,CUST_1310
ITEM_14550,Fashion Product 4551,Tops,Gucci,42.01,3.7,CUST_1187
ITEM_14551,Fashion Product 4552,Outerwear,Nike,223.98,2.7,CUST_1443
ITEM_14552,Fashion Product 4553,Accessories,Mango,104.11,4.5,CUST_1406
ITEM_14553,Fashion Product 4554,Dresses,Puma,144.26,3.7,CUST_1236
ITEM_14554,Fashion Product 4555,Bottoms,Levi's,136.79,3.9,CUST_1162
ITEM_14555,Fashion Product 4556,Dresses,Adidas,157.84,4.0,CUST_1073
ITEM_14556,Fashion Product 4557,Dresses,Levi's,236.11,4.2,CUST_1225
ITEM_14557,Fashion Product 4558,Bottoms,Mango,238.27,4.7,CUST_1384
ITEM_14558,Fashion Product 4559,Footwear,Uniqlo,209.48,4.9,CUST_1230
ITEM_14559,Fashion Product 4560,Footwear,Zara,55.97,4.9,CUST_1254
ITEM_14560,Fashion Product 4561,Tops,Zara,90.04,4.5,CUST_1440
ITEM_14561,Fashion Product 4562,Tops,Adidas,127.08,4.7,CUST_1162
ITEM_14562,Fashion Product 4563,Footwear,Nike,227.31,2.6,CUST_1355
ITEM_14563,Fashion Product 4564,Accessories,Adidas,135.01,4.6,CUST_1250
ITEM_14564,Fashion Product 4565,Outerwear,Adidas,244.58,2.7,CUST_1495
ITEM_14565,Fashion Product 4566,Dresses,Zara,246.12,4.4,CUST_1410
ITEM_14566,Fashion Product 4567,Outerwear,Gucci,153.66,2.9,CUST_1199
ITEM_14567,Fashion Product 4568,Dresses,Adidas,220.6,3.4,CUST_1429
ITEM_14568,Fashion Product 4569,Footwear,Adidas,249.81,3.0,CUST_1240
ITEM_14569,Fashion Product 4570,Tops,Levi's,213.93,3.6,CUST_1237
ITEM_14570,Fashion Product 4571,Accessories,Gucci,167.66,3.5,CUST_1475
ITEM_14571,Fashion Product 4572,Tops,Zara,212.83,2.6,CUST_1076
ITEM_14572,Fashion Product 4573,Outerwear,Nike,29.84,4.6,CUST_1465
ITEM_14573,Fashion Product 4574,Tops,Puma,162.36,4.6,CUST_1405
ITEM_14574,Fashion Product 4575,Footwear,Zara,61.97,4.5,CUST_1427
ITEM_14575,Fashion Product 4576,Accessories,Zara,37.86,4.6,CUST_1342
ITEM_14576,Fashion Product 4577,Outerwear,Adidas,224.29,4.4,CUST_1474
ITEM_14577,Fashion Product 4578,Accessories,Levi's,163.51,4.8,CUST_1295
ITEM_14578,Fashion Product 4579,Dresses,Mango,68.45,3.9,CUST_1397
ITEM_14579,Fashion Product 4580,Tops,H&M,102.83,4.0,CUST_1490
ITEM_14580,Fashion Product 4581,Accessories,Levi's,243.59,4.6,CUST_1426
ITEM_14581,Fashion Product 4582,Bottoms,Mango,216.92,3.4,CUST_1045
ITEM_14582,Fashion Product 4583,Tops,Adidas,13.74,2.6,CUST_1343
ITEM_14583,Fashion Product 4584,Dresses,Adidas,245.15,4.4,CUST_1179
ITEM_14584,Fashion Product 4585,Accessories,Nike,98.45,3.1,CUST_1222
ITEM_14585,Fashion Product 4586,Outerwear,Mango,176.9,3.7,CUST_1375
ITEM_14586,Fashion Product 4587,Dresses,Uniqlo,181.04,3.1,CUST_1017
ITEM_14587,Fashion Product 4588,Bottoms,H&M,228.8,4.6,CUST_1219
ITEM_14588,Fashion Product 4589,Accessories,Nike,222.41,4.9,CUST_1084
ITEM_14589,Fashion Product 4590,Footwear,Levi's,77.62,2.6,CUST_1191
ITEM_14590,Fashion Product 4591,Tops,Levi's,164.45,3.1,CUST_1391
ITEM_14591,Fashion Product 4592,Outerwear,Mango,104.49,3.0,CUST_1439
ITEM_14592,Fashion Product 4593,Footwear,Levi's,136.13,4.2,CUST_1132
ITEM_14593,Fashion Product 4594,Accessories,Uniqlo,143.12,3.6,CUST_1497
ITEM_14594,Fashion Product 4595,Accessories,Adidas,105.12,3.6,CUST_1287
ITEM_14595,Fashion Product 4596,Dresses,Mango,121.33,2.9,CUST_1094
ITEM_14596,Fashion Product 4597,Accessories,Levi's,60.0,3.5,CUST_1095
ITEM_14597,Fashion Product 4598,Outerwear,Adidas,155.84,3.3,CUST_1184
ITEM_14598,Fashion Product 4599,Footwear,Gucci,192.15,4.0,CUST_1132
ITEM_14599,Fashion Product 4600,Outerwear,Zara,113.14,3.0,CUST_1082
ITEM_14600,Fashion Product 4601,Bottoms,Adidas,244.64,4.0,CUST_1340
ITEM_14601,Fashion Product 4602,Bottoms,Zara,23.73,3.4,CUST_1296
ITEM_14602,Fashion Product 4603,Tops,Mango,151.4,3.4,CUST_1360
ITEM_14603,Fashion Product 4604,Tops,Puma,150.06,3.3,CUST_1112
ITEM_14604,Fashion Product 4605,Bottoms,Adidas,18.71,4.2,CUST_1303
ITEM_14605,Fashion Product 4606,Accessories,Zara,63.9,3.9,CUST_1306
ITEM_14606,Fashion Product 4607,Outerwear,Mango,227.33,4.6,CUST_1407
ITEM_14607,Fashion Product 4608,Bottoms,Adidas,140.68,3.1,CUST_1051
ITEM_14608,Fashion Product 4609,Tops,Mango,114.73,2.6,CUST_1294
ITEM_14609,Fashion Product 4610,Bottoms,Puma,109.72,3.0,CUST_1393
ITEM_14610,Fashion Product 4611,Accessories,Puma,223.16,3.4,CUST_1189
ITEM_14611,Fashion Product 4612,Bottoms,H&M,98.09,2.9,CUST_1208
ITEM_14612,Fashion Product 4613,Outerwear,Nike,216.2,2.7,CUST_1149
ITEM_14613,Fashion Product 4614,Footwear,Mango,84.21,3.6,CUST_1265
ITEM_14614,Fashion Product 4615,Accessories,Nike,137.56,4.2,CUST_1372
ITEM_14615,Fashion Product 4616,Tops,H&M,44.52,4.4,CUST_1281
ITEM_14616,Fashion Product 4617,Outerwear,Uniqlo,208.01,3.5,CUST_1113
ITEM_14617,Fashion Product 4618,Bottoms,Adidas,186.63,3.7,CUST_1036
ITEM_14618,Fashion Product 4619,Bottoms,Levi's,137.22,4.4,CUST_1111
ITEM_14619,Fashion Product 4620,Footwear,Nike,16.22,3.4,CUST_1171
ITEM_14620,Fashion Product 4621,Tops,Nike,125.5,4.5,CUST_1078
ITEM_14621,Fashion Product 4622,Tops,Mango,64.05,4.9,CUST_1337
ITEM_14622,Fashion Product 4623,Dresses,Adidas,109.21,4.7,CUST_1028
ITEM_14623,Fashion Product 4624,Tops,Mango,215.54,3.6,CUST_1448
ITEM_14624,Fashion Product 4625,Footwear,Puma,194.7,3.9,CUST_1045
ITEM_14625,Fashion Product 4626,Dresses,Nike,68.07,4.3,CUST_1361
ITEM_14626,Fashion Product 4627,Dresses,Adidas,246.39,3.4,CUST_1440
ITEM_14627,Fashion Product 4628,Bottoms,Gucci,226.77,4.5,CUST_1304
ITEM_14628,Fashion Product 4629,Bottoms,Uniqlo,136.88,3.6,CUST_1392
ITEM_14629,Fashion Product 4630,Tops,H&M,137.24,4.6,CUST_1142
ITEM_14630,Fashion Product 4631,Dresses,Uniqlo,226.3,3.1,CUST_1015
ITEM_14631,Fashion Product 4632,Bottoms,H&M,162.67,2.5,CUST_1128
ITEM_14632,Fashion Product 4633,Footwear,Nike,138.81,4.1,CUST_1167
ITEM_14633,Fashion Product 4634,Bottoms,Uniqlo,189.8,3.6,CUST_1153
ITEM_14634,Fashion Product 4635,Accessories,Uniqlo,66.42,2.6,CUST_1063
ITEM_14635,Fashion Product 4636,Accessories,Levi's,220.81,3.7,CUST_1059
ITEM_14636,Fashion Product 4637,Bottoms,Mango,137.54,2.9,CUST_1203
ITEM_14637,Fashion Product 4638,Dresses,Levi's,154.84,4.1,CUST_1157
ITEM_14638,Fashion Product 4639,Dresses,Uniqlo,31.59,3.6,CUST_1003
ITEM_14639,Fashion Product 4640,Outerwear,Levi's,84.28,2.9,CUST_1039
ITEM_14640,Fashion Product 4641,Accessories,Levi's,112.42,3.5,CUST_1278
ITEM_14641,Fashion Product 4642,Footwear,Mango,109.34,3.1,CUST_1101
ITEM_14642,Fashion Product 4643,Dresses,Adidas,196.79,4.1,CUST_1383
ITEM_14643,Fashion Product 4644,Tops,Nike,77.76,3.2,CUST_1169
ITEM_14644,Fashion Product 4645,Accessories,Adidas,53.71,4.6,CUST_1020
ITEM_14645,Fashion Product 4646,Footwear,Nike,149.83,2.5,CUST_1403
ITEM_14646,Fashion Product 4647,Footwear,Adidas,157.6,3.5,CUST_1141
ITEM_14647,Fashion Product 4648,Dresses,Adidas,39.18,4.0,CUST_1347
ITEM_14648,Fashion Product 4649,Footwear,H&M,10.59,2.6,CUST_1275
ITEM_14649,Fashion Product 4650,Dresses,Levi's,230.24,3.0,CUST_1464
ITEM_14650,Fashion Product 4651,Bottoms,Puma,29.11,3.3,CUST_1322
ITEM_14651,Fashion Product 4652,Accessories,Mango,225.49,2.6,CUST_1193
ITEM_14652,Fashion Product 4653,Outerwear,Adidas,105.81,3.9,CUST_1387
ITEM_14653,Fashion Product 4654,Bottoms,Uniqlo,166.73,4.1,CUST_1152
ITEM_14654,Fashion Product 4655,Accessories,Gucci,54.55,3.1,CUST_1236
ITEM_14655,Fashion Product 4656,Dresses,H&M,207.74,3.9,CUST_1294
ITEM_14656,Fashion Product 4657,Accessories,Gucci,53.25,5.0,CUST_1386
ITEM_14657,Fashion Product 4658,Dresses,Zara,102.76,4.7,CUST_1440
ITEM_14658,Fashion Product 4659,Bottoms,Zara,67.13,2.6,CUST_1208
ITEM_14659,Fashion Product 4660,Tops,Nike,211.0,2.8,CUST_1477
ITEM_14660,Fashion Product 4661,Tops,Adidas,216.0,3.7,CUST_1037
ITEM_14661,Fashion Product 4662,Accessories,Mango,99.29,3.1,CUST_1492
ITEM_14662,Fashion Product 4663,Tops,Uniqlo,83.77,2.7,CUST_1388
ITEM_14663,Fashion Product 4664,Dresses,Puma,195.66,3.1,CUST_1078
ITEM_14664,Fashion Product 4665,Footwear,Puma,220.84,2.7,CUST_1465
ITEM_14665,Fashion Product 4666,Dresses,H&M,159.76,3.8,CUST_1172
ITEM_14666,Fashion Product 4667,Footwear,H&M,232.58,3.7,CUST_1045
ITEM_14667,Fashion Product 4668,Bottoms,H&M,101.93,2.5,CUST_1337
ITEM_14668,Fashion Product 4669,Outerwear,H&M,46.45,3.7,CUST_1084
ITEM_14669,Fashion Product 4670,Footwear,Levi's,53.11,3.8,CUST_1380
ITEM_14670,Fashion Product 4671,Tops,Adidas,170.76,4.0,CUST_1431
ITEM_14671,Fashion Product 4672,Dresses,Gucci,107.81,4.9,CUST_1093
ITEM_14672,Fashion Product 4673,Bottoms,Adidas,47.52,5.0,CUST_1489
ITEM_14673,Fashion Product 4674,Tops,Adidas,80.13,3.8,CUST_1154
ITEM_14674,Fashion Product 4675,Bottoms,Zara,137.35,4.6,CUST_1106
ITEM_14675,Fashion Product 4676,Outerwear,Mango,39.15,2.7,CUST_1358
ITEM_14676,Fashion Product 4677,Dresses,Uniqlo,10.83,3.8,CUST_1209
ITEM_14677,Fashion Product 4678,Accessories,Nike,230.15,4.2,CUST_1204
ITEM_14678,Fashion Product 4679,Dresses,Mango,83.17,3.9,CUST_1248
ITEM_14679,Fashion Product 4680,Outerwear,H&M,63.16,3.1,CUST_1348
ITEM_14680,Fashion Product 4681,Dresses,Gucci,177.64,2.7,CUST_1393
ITEM_14681,Fashion Product 4682,Accessories,Zara,214.82,3.5,CUST_1352
ITEM_14682,Fashion Product 4683,Footwear,Levi's,161.75,4.1,CUST_1226
ITEM_14683,Fashion Product 4684,Bottoms,Gucci,71.08,5.0,CUST_1336
ITEM_14684,Fashion Product 4685,Accessories,Zara,216.79,3.1,CUST_1048
ITEM_14685,Fashion Product 4686,Tops,Levi's,132.5,4.8,CUST_1246
ITEM_14686,Fashion Product 4687,Outerwear,H&M,101.49,2.7,CUST_1031
ITEM_14687,Fashion Product 4688,Footwear,Nike,155.13,4.8,CUST_1183
ITEM_14688,Fashion Product 4689,Tops,H&M,178.15,4.6,CUST_1475
ITEM_14689,Fashion Product 4690,Tops,Gucci,152.52,2.6,CUST_1477
ITEM_14690,Fashion Product 4691,Outerwear,H&M,230.86,3.2,CUST_1257
ITEM_14691,Fashion Product 4692,Footwear,H&M,160.72,2.6,CUST_1126
ITEM_14692,Fashion Product 4693,Tops,Zara,220.86,5.0,CUST_1219
ITEM_14693,Fashion Product 4694,Tops,Puma,150.87,3.6,CUST_1245
ITEM_14694,Fashion Product 4695,Footwear,H&M,89.12,4.2,CUST_1480
ITEM_14695,Fashion Product 4696,Dresses,Adidas,137.75,3.1,CUST_1443
ITEM_14696,Fashion Product 4697,Tops,Adidas,30.72,4.8,CUST_1139
ITEM_14697,Fashion Product 4698,Bottoms,Nike,65.24,3.2,CUST_1227
ITEM_14698,Fashion Product 4699,Footwear,Nike,193.9,3.2,CUST_1386
ITEM_14699,Fashion Product 4700,Tops,Nike,168.75,3.3,CUST_1302
ITEM_14700,Fashion Product 4701,Outerwear,Mango,49.96,3.7,CUST_1257
ITEM_14701,Fashion Product 4702,Accessories,Uniqlo,115.12,2.5,CUST_1255
ITEM_14702,Fashion Product 4703,Bottoms,Nike,44.08,4.0,CUST_1070
ITEM_14703,Fashion Product 4704,Accessories,H&M,215.4,2.6,CUST_1455
ITEM_14704,Fashion Product 4705,Accessories,Nike,36.2,3.8,CUST_1066
ITEM_14705,Fashion Product 4706,Tops,Uniqlo,167.02,3.6,CUST_1002
ITEM_14706,Fashion Product 4707,Bottoms,Mango,155.68,3.1,CUST_1495
ITEM_14707,Fashion Product 4708,Bottoms,Uniqlo,123.47,3.3,CUST_1325
ITEM_14708,Fashion Product 4709,Dresses,Gucci,76.78,4.3,CUST_1269
ITEM_14709,Fashion Product 4710,Accessories,Nike,106.95,2.5,CUST_1403
ITEM_14710,Fashion Product 4711,Bottoms,Nike,203.53,3.3,CUST_1339
ITEM_14711,Fashion Product 4712,Dresses,Nike,192.77,4.2,CUST_1303
ITEM_14712,Fashion Product 4713,Footwear,Gucci,187.31,2.9,CUST_1129
ITEM_14713,Fashion Product 4714,Dresses,Uniqlo,189.96,3.9,CUST_1483
ITEM_14714,Fashion Product 4715,Outerwear,Zara,44.53,2.9,CUST_1146
ITEM_14715,Fashion Product 4716,Tops,H&M,33.78,2.9,CUST_1113
ITEM_14716,Fashion Product 4717,Footwear,H&M,216.76,4.4,CUST_1288
ITEM_14717,Fashion Product 4718,Footwear,Nike,210.92,3.2,CUST_1096
ITEM_14718,Fashion Product 4719,Outerwear,Mango,173.52,3.4,CUST_1456
ITEM_14719,Fashion Product 4720,Dresses,Gucci,155.42,4.3,CUST_1267
ITEM_14720,Fashion Product 4721,Tops,Zara,98.05,2.9,CUST_1404
ITEM_14721,Fashion Product 4722,Dresses,Levi's,63.78,3.8,CUST_1008
ITEM_14722,Fashion Product 4723,Bottoms,Zara,170.24,4.8,CUST_1220
ITEM_14723,Fashion Product 4724,Dresses,H&M,229.13,3.9,CUST_1213
ITEM_14724,Fashion Product 4725,Footwear,Nike,114.88,2.6,CUST_1102
ITEM_14725,Fashion Product 4726,Tops,Puma,82.77,4.0,CUST_1166
ITEM_14726,Fashion Product 4727,Dresses,Levi's,74.98,2.7,CUST_1262
ITEM_14727,Fashion Product 4728,Tops,Nike,15.69,3.2,CUST_1002
ITEM_14728,Fashion Product 4729,Tops,Gucci,134.88,4.6,CUST_1202
ITEM_14729,Fashion Product 4730,Bottoms,Levi's,247.18,2.5,CUST_1490
ITEM_14730,Fashion Product 4731,Bottoms,Puma,205.66,2.7,CUST_1329
ITEM_14731,Fashion Product 4732,Footwear,Uniqlo,225.39,3.4,CUST_1183
ITEM_14732,Fashion Product 4733,Outerwear,Uniqlo,159.08,5.0,CUST_1259
ITEM_14733,Fashion Product 4734,Tops,Uniqlo,125.55,3.2,CUST_1322
ITEM_14734,Fashion Product 4735,Outerwear,Mango,247.71,2.9,CUST_1228
ITEM_14735,Fashion Product 4736,Footwear,Uniqlo,117.32,3.9,CUST_1200
ITEM_14736,Fashion Product 4737,Tops,Adidas,230.04,3.8,CUST_1457
ITEM_14737,Fashion Product 4738,Tops,Levi's,192.84,3.6,CUST_1026
ITEM_14738,Fashion Product 4739,Accessories,Puma,89.43,4.9,CUST_1482
ITEM_14739,Fashion Product 4740,Outerwear,Gucci,130.73,3.2,CUST_1432
ITEM_14740,Fashion Product 4741,Dresses,Adidas,102.24,3.2,CUST_1350
ITEM_14741,Fashion Product 4742,Bottoms,Adidas,42.69,2.9,CUST_1102
ITEM_14742,Fashion Product 4743,Dresses,Puma,95.62,4.2,CUST_1136
ITEM_14743,Fashion Product 4744,Outerwear,Gucci,223.35,3.3,CUST_1451
ITEM_14744,Fashion Product 4745,Bottoms,Levi's,190.63,4.5,CUST_1331
ITEM_14745,Fashion Product 4746,Dresses,H&M,76.62,4.9,CUST_1345
ITEM_14746,Fashion Product 4747,Accessories,Nike,98.3,2.6,CUST_1372
ITEM_14747,Fashion Product 4748,Bottoms,H&M,157.94,5.0,CUST_1197
ITEM_14748,Fashion Product 4749,Tops,Puma,109.87,3.1,CUST_1460
ITEM_14749,Fashion Product 4750,Dresses,H&M,130.73,3.6,CUST_1030
ITEM_14750,Fashion Product 4751,Bottoms,H&M,177.56,4.4,CUST_1411
ITEM_14751,Fashion Product 4752,Accessories,H&M,122.14,4.2,CUST_1299
ITEM_14752,Fashion Product 4753,Bottoms,Uniqlo,55.83,4.4,CUST_1133
ITEM_14753,Fashion Product 4754,Bottoms,Zara,134.94,3.7,CUST_1256
ITEM_14754,Fashion Product 4755,Accessories,H&M,95.47,4.8,CUST_1020
ITEM_14755,Fashion Product 4756,Dresses,Nike,79.78,4.5,CUST_1308
ITEM_14756,Fashion Product 4757,Footwear,Puma,88.75,3.3,CUST_1021
ITEM_14757,Fashion Product 4758,Dresses,Zara,115.36,4.9,CUST_1387
ITEM_14758,Fashion Product 4759,Outerwear,Mango,222.79,4.9,CUST_1041
ITEM_14759,Fashion Product 4760,Accessories,Nike,186.17,3.5,CUST_1380
ITEM_14760,Fashion Product 4761,Dresses,Nike,170.29,4.1,CUST_1498
ITEM_14761,Fashion Product 4762,Bottoms,Uniqlo,123.1,4.5,CUST_1448
ITEM_14762,Fashion Product 4763,Accessories,Uniqlo,10.44,4.5,CUST_1364
ITEM_14763,Fashion Product 4764,Tops,Puma,91.73,2.5,CUST_1452
ITEM_14764,Fashion Product 4765,Dresses,Nike,205.17,4.1,CUST_1472
ITEM_14765,Fashion Product 4766,Accessories,Gucci,103.16,4.9,CUST_1455
ITEM_14766,Fashion Product 4767,Dresses,Gucci,145.32,3.1,CUST_1152
ITEM_14767,Fashion Product 4768,Accessories,Puma,59.14,4.5,CUST_1308
ITEM_14768,Fashion Product 4769,Bottoms,H&M,229.81,3.8,CUST_1459
ITEM_14769,Fashion Product 4770,Tops,Adidas,231.56,3.1,CUST_1002
ITEM_14770,Fashion Product 4771,Tops,Mango,45.06,2.6,CUST_1044
ITEM_14771,Fashion Product 4772,Outerwear,Uniqlo,183.8,4.4,CUST_1041
ITEM_14772,Fashion Product 4773,Accessories,Adidas,28.06,3.3,CUST_1326
ITEM_14773,Fashion Product 4774,Dresses,Levi's,153.65,3.4,CUST_1263
ITEM_14774,Fashion Product 4775,Tops,Puma,52.88,3.7,CUST_1294
ITEM_14775,Fashion Product 4776,Tops,H&M,44.97,3.8,CUST_1466
ITEM_14776,Fashion Product 4777,Footwear,Zara,10.99,3.0,CUST_1173
ITEM_14777,Fashion Product 4778,Footwear,H&M,235.81,4.2,CUST_1009
ITEM_14778,Fashion Product 4779,Tops,Nike,209.02,4.2,CUST_1053
ITEM_14779,Fashion Product 4780,Accessories,H&M,28.59,2.9,CUST_1284
ITEM_14780,Fashion Product 4781,Outerwear,Nike,153.85,3.8,CUST_1128
ITEM_14781,Fashion Product 4782,Tops,Levi's,65.9,4.0,CUST_1019
ITEM_14782,Fashion Product 4783,Bottoms,Uniqlo,73.36,3.0,CUST_1452
ITEM_14783,Fashion Product 4784,Dresses,Levi's,219.8,4.7,CUST_1132
ITEM_14784,Fashion Product 4785,Outerwear,Nike,37.44,3.7,CUST_1013
ITEM_14785,Fashion Product 4786,Bottoms,Zara,154.36,2.8,CUST_1220
ITEM_14786,Fashion Product 4787,Outerwear,Adidas,106.3,3.3,CUST_1267
ITEM_14787,Fashion Product 4788,Bottoms,H&M,55.79,3.7,CUST_1245
ITEM_14788,Fashion Product 4789,Dresses,Uniqlo,118.46,2.5,CUST_1258
ITEM_14789,Fashion Product 4790,Dresses,H&M,235.72,2.6,CUST_1454
ITEM_14790,Fashion Product 4791,Footwear,H&M,197.59,2.6,CUST_1140
ITEM_14791,Fashion Product 4792,Accessories,Nike,41.71,3.8,CUST_1382
ITEM_14792,Fashion Product 4793,Bottoms,Adidas,213.86,3.3,CUST_1247
ITEM_14793,Fashion Product 4794,Footwear,Uniqlo,234.99,4.7,CUST_1232
ITEM_14794,Fashion Product 4795,Bottoms,H&M,76.47,3.9,CUST_1421
ITEM_14795,Fashion Product 4796,Footwear,H&M,90.02,4.4,CUST_1056
ITEM_14796,Fashion Product 4797,Dresses,Mango,40.31,4.2,CUST_1088
ITEM_14797,Fashion Product 4798,Outerwear,Puma,92.79,3.8,CUST_1254
ITEM_14798,Fashion Product 4799,Footwear,Mango,171.55,4.4,CUST_1052
ITEM_14799,Fashion Product 4800,Bottoms,Puma,75.32,3.9,CUST_1247
ITEM_14800,Fashion Product 4801,Bottoms,Zara,11.64,3.5,CUST_1252
ITEM_14801,Fashion Product 4802,Accessories,Mango,91.25,3.6,CUST_1125
ITEM_14802,Fashion Product 4803,Dresses,Nike,118.76,4.6,CUST_1201
ITEM_14803,Fashion Product 4804,Bottoms,Zara,145.93,3.9,CUST_1474
ITEM_14804,Fashion Product 4805,Tops,Gucci,174.12,3.4,CUST_1388
ITEM_14805,Fashion Product 4806,Outerwear,Uniqlo,24.83,2.9,CUST_1361
ITEM_14806,Fashion Product 4807,Footwear,Gucci,122.74,3.7,CUST_1492
ITEM_14807,Fashion Product 4808,Accessories,Uniqlo,73.93,3.1,CUST_1132
ITEM_14808,Fashion Product 4809,Outerwear,Uniqlo,237.51,4.9,CUST_1177
ITEM_14809,Fashion Product 4810,Dresses,Uniqlo,96.38,3.7,CUST_1052
ITEM_14810,Fashion Product 4811,Accessories,Mango,34.03,2.5,CUST_1034
ITEM_14811,Fashion Product 4812,Footwear,Levi's,19.96,2.7,CUST_1022
ITEM_14812,Fashion Product 4813,Footwear,Adidas,73.7,3.2,CUST_1141
ITEM_14813,Fashion Product 4814,Tops,Gucci,52.93,2.7,CUST_1319
ITEM_14814,Fashion Product 4815,Dresses,Gucci,165.95,4.7,CUST_1271
ITEM_14815,Fashion Product 4816,Accessories,Uniqlo,213.27,4.6,CUST_1168
ITEM_14816,Fashion Product 4817,Accessories,Levi's,85.01,4.9,CUST_1038
ITEM_14817,Fashion Product 4818,Bottoms,Levi's,148.67,4.3,CUST_1361
ITEM_14818,Fashion Product 4819,Tops,Adidas,185.27,4.1,CUST_1246
ITEM_14819,Fashion Product 4820,Tops,Mango,105.64,4.8,CUST_1235
ITEM_14820,Fashion Product 4821,Accessories,Adidas,25.92,4.9,CUST_1055
ITEM_14821,Fashion Product 4822,Accessories,Nike,65.0,4.7,CUST_1428
ITEM_14822,Fashion Product 4823,Outerwear,Gucci,221.94,4.7,CUST_1373
ITEM_14823,Fashion Product 4824,Outerwear,Levi's,207.88,4.2,CUST_1120
ITEM_14824,Fashion Product 4825,Outerwear,Uniqlo,30.77,2.5,CUST_1066
ITEM_14825,Fashion Product 4826,Tops,Levi's,63.75,3.6,CUST_1322
ITEM_14826,Fashion Product 4827,Bottoms,Levi's,194.6,4.1,CUST_1427
ITEM_14827,Fashion Product 4828,Footwear,Puma,126.62,3.9,CUST_1328
ITEM_14828,Fashion Product 4829,Outerwear,Gucci,192.39,4.6,CUST_1166
ITEM_14829,Fashion Product 4830,Bottoms,Nike,60.66,4.5,CUST_1210
ITEM_14830,Fashion Product 4831,Dresses,Adidas,238.65,4.0,CUST_1413
ITEM_14831,Fashion Product 4832,Outerwear,Nike,198.07,2.6,CUST_1075
ITEM_14832,Fashion Product 4833,Footwear,Puma,57.39,3.4,CUST_1440
ITEM_14833,Fashion Product 4834,Dresses,Mango,144.03,3.1,CUST_1134
ITEM_14834,Fashion Product 4835,Dresses,Nike,37.14,3.3,CUST_1265
ITEM_14835,Fashion Product 4836,Footwear,Levi's,96.74,4.0,CUST_1406
ITEM_14836,Fashion Product 4837,Outerwear,Zara,168.31,2.7,CUST_1174
ITEM_14837,Fashion Product 4838,Tops,Nike,89.23,2.6,CUST_1243
ITEM_14838,Fashion Product 4839,Footwear,Puma,167.62,3.6,CUST_1089
ITEM_14839,Fashion Product 4840,Footwear,Nike,68.75,4.5,CUST_1250
ITEM_14840,Fashion Product 4841,Footwear,Nike,183.09,2.6,CUST_1031
ITEM_14841,Fashion Product 4842,Dresses,H&M,96.3,4.6,CUST_1277
ITEM_14842,Fashion Product 4843,Bottoms,Levi's,199.72,3.5,CUST_1038
ITEM_14843,Fashion Product 4844,Tops,Uniqlo,42.81,2.8,CUST_1308
ITEM_14844,Fashion Product 4845,Outerwear,Mango,96.87,3.9,CUST_1403
ITEM_14845,Fashion Product 4846,Outerwear,H&M,121.34,4.9,CUST_1138
ITEM_14846,Fashion Product 4847,Bottoms,Levi's,111.72,3.9,CUST_1430
ITEM_14847,Fashion Product 4848,Footwear,Puma,113.94,4.2,CUST_1485
ITEM_14848,Fashion Product 4849,Tops,Adidas,116.75,4.5,CUST_1076
ITEM_14849,Fashion Product 4850,Outerwear,Puma,247.31,4.5,CUST_1339
ITEM_14850,Fashion Product 4851,Accessories,Uniqlo,56.36,2.7,CUST_1253
ITEM_14851,Fashion Product 4852,Outerwear,Puma,194.48,4.4,CUST_1450
ITEM_14852,Fashion Product 4853,Footwear,H&M,142.43,4.9,CUST_1079
ITEM_14853,Fashion Product 4854,Accessories,Puma,109.27,4.3,CUST_1038
ITEM_14854,Fashion Product 4855,Bottoms,Uniqlo,162.05,4.6,CUST_1318
ITEM_14855,Fashion Product 4856,Tops,Uniqlo,214.85,3.7,CUST_1328
ITEM_14856,Fashion Product 4857,Bottoms,Zara,121.99,3.3,CUST_1430
ITEM_14857,Fashion Product 4858,Bottoms,Nike,217.55,4.2,CUST_1163
ITEM_14858,Fashion Product 4859,Tops,Adidas,32.51,3.7,CUST_1358
ITEM_14859,Fashion Product 4860,Tops,Adidas,166.74,4.7,CUST_1427
ITEM_14860,Fashion Product 4861,Outerwear,H&M,89.96,4.9,CUST_1128
ITEM_14861,Fashion Product 4862,Outerwear,Uniqlo,102.81,4.5,CUST_1158
ITEM_14862,Fashion Product 4863,Tops,Zara,147.04,5.0,CUST_1329
ITEM_14863,Fashion Product 4864,Accessories,Levi's,125.18,3.4,CUST_1319
ITEM_14864,Fashion Product 4865,Dresses,Zara,101.63,4.7,CUST_1414
ITEM_14865,Fashion Product 4866,Outerwear,Mango,84.0,3.3,CUST_1369
ITEM_14866,Fashion Product 4867,Dresses,Puma,158.4,2.8,CUST_1083
ITEM_14867,Fashion Product 4868,Accessories,Nike,131.34,4.1,CUST_1413
ITEM_14868,Fashion Product 4869,Tops,Zara,87.59,3.6,CUST_1450
ITEM_14869,Fashion Product 4870,Accessories,Puma,59.19,4.8,CUST_1476
ITEM_14870,Fashion Product 4871,Outerwear,Nike,195.87,3.7,CUST_1456
ITEM_14871,Fashion Product 4872,Bottoms,Mango,201.93,4.8,CUST_1217
ITEM_14872,Fashion Product 4873,Tops,Mango,61.31,2.7,CUST_1202
ITEM_14873,Fashion Product 4874,Footwear,Uniqlo,72.8,4.6,CUST_1278
ITEM_14874,Fashion Product 4875,Dresses,Mango,67.39,4.4,CUST_1419
ITEM_14875,Fashion Product 4876,Accessories,Uniqlo,222.3,4.3,CUST_1426
ITEM_14876,Fashion Product 4877,Tops,Gucci,195.79,3.4,CUST_1152
ITEM_14877,Fashion Product 4878,Accessories,Levi's,27.9,4.5,CUST_1026
ITEM_14878,Fashion Product 4879,Tops,H&M,209.84,3.7,CUST_1415
ITEM_14879,Fashion Product 4880,Outerwear,Puma,18.84,4.3,CUST_1343
ITEM_14880,Fashion Product 4881,Outerwear,Levi's,70.77,3.9,CUST_1254
ITEM_14881,Fashion Product 4882,Outerwear,Levi's,230.56,2.9,CUST_1386
ITEM_14882,Fashion Product 4883,Accessories,Adidas,217.44,2.7,CUST_1251
ITEM_14883,Fashion Product 4884,Footwear,Zara,197.54,3.4,CUST_1167
ITEM_14884,Fashion Product 4885,Outerwear,Mango,119.81,4.8,CUST_1353
ITEM_14885,Fashion Product 4886,Tops,Gucci,87.14,3.8,CUST_1472
ITEM_14886,Fashion Product 4887,Outerwear,Zara,221.57,4.5,CUST_1140
ITEM_14887,Fashion Product 4888,Bottoms,H&M,167.7,3.9,CUST_1229
ITEM_14888,Fashion Product 4889,Outerwear,Zara,80.92,4.9,CUST_1073
ITEM_14889,Fashion Product 4890,Accessories,Adidas,121.17,3.4,CUST_1428
ITEM_14890,Fashion Product 4891,Footwear,H&M,221.56,2.6,CUST_1299
ITEM_14891,Fashion Product 4892,Bottoms,Uniqlo,226.83,4.5,CUST_1236
ITEM_14892,Fashion Product 4893,Accessories,Zara,168.23,4.3,CUST_1195
ITEM_14893,Fashion Product 4894,Accessories,Puma,185.81,3.8,CUST_1492
ITEM_14894,Fashion Product 4895,Accessories,Gucci,19.43,3.3,CUST_1471
ITEM_14895,Fashion Product 4896,Tops,Adidas,155.1,3.0,CUST_1088
ITEM_14896,Fashion Product 4897,Accessories,H&M,175.36,3.7,CUST_1097
ITEM_14897,Fashion Product 4898,Tops,Gucci,14.89,4.2,CUST_1478
ITEM_14898,Fashion Product 4899,Accessories,Zara,212.53,3.9,CUST_1166
ITEM_14899,Fashion Product 4900,Dresses,Puma,232.79,3.6,CUST_1491
ITEM_14900,Fashion Product 4901,Bottoms,Zara,67.1,3.8,CUST_1450
ITEM_14901,Fashion Product 4902,Dresses,Mango,212.99,2.8,CUST_1296
ITEM_14902,Fashion Product 4903,Accessories,Mango,169.72,4.2,CUST_1406
ITEM_14903,Fashion Product 4904,Bottoms,Adidas,149.37,4.3,CUST_1203
ITEM_14904,Fashion Product 4905,Bottoms,H&M,212.35,2.5,CUST_1447
ITEM_14905,Fashion Product 4906,Footwear,H&M,78.55,3.2,CUST_1187
ITEM_14906,Fashion Product 4907,Dresses,Levi's,199.81,2.7,CUST_1460
ITEM_14907,Fashion Product 4908,Footwear,Adidas,85.48,5.0,CUST_1275
ITEM_14908,Fashion Product 4909,Bottoms,Adidas,198.99,4.0,CUST_1020
ITEM_14909,Fashion Product 4910,Tops,Puma,118.25,3.7,CUST_1375
ITEM_14910,Fashion Product 4911,Bottoms,Mango,38.07,3.7,CUST_1073
ITEM_14911,Fashion Product 4912,Footwear,H&M,101.56,4.9,CUST_1427
ITEM_14912,Fashion Product 4913,Dresses,Zara,66.04,4.1,CUST_1442
ITEM_14913,Fashion Product 4914,Accessories,Adidas,34.13,2.9,CUST_1338
ITEM_14914,Fashion Product 4915,Accessories,Uniqlo,36.47,3.6,CUST_1361
ITEM_14915,Fashion Product 4916,Dresses,Nike,197.22,4.4,CUST_1495
ITEM_14916,Fashion Product 4917,Accessories,H&M,221.54,3.6,CUST_1310
ITEM_14917,Fashion Product 4918,Accessories,H&M,232.51,3.3,CUST_1082
ITEM_14918,Fashion Product 4919,Footwear,Uniqlo,214.95,5.0,CUST_1296
ITEM_14919,Fashion Product 4920,Dresses,H&M,209.25,4.8,CUST_1356
ITEM_14920,Fashion Product 4921,Outerwear,Uniqlo,26.52,4.9,CUST_1027
ITEM_14921,Fashion Product 4922,Tops,Nike,199.63,2.8,CUST_1141
ITEM_14922,Fashion Product 4923,Tops,Levi's,197.99,3.1,CUST_1047
ITEM_14923,Fashion Product 4924,Accessories,Puma,41.51,3.6,CUST_1456
ITEM_14924,Fashion Product 4925,Tops,Nike,168.88,4.6,CUST_1112
ITEM_14925,Fashion Product 4926,Dresses,Gucci,118.6,4.3,CUST_1235
ITEM_14926,Fashion Product 4927,Dresses,Levi's,226.0,4.6,CUST_1151
ITEM_14927,Fashion Product 4928,Bottoms,Puma,176.9,4.8,CUST_1375
ITEM_14928,Fashion Product 4929,Bottoms,Mango,238.24,4.5,CUST_1315
ITEM_14929,Fashion Product 4930,Tops,Uniqlo,35.18,3.2,CUST_1333
ITEM_14930,Fashion Product 4931,Outerwear,Adidas,19.75,3.2,CUST_1126
ITEM_14931,Fashion Product 4932,Bottoms,Gucci,243.66,3.4,CUST_1007
ITEM_14932,Fashion Product 4933,Bottoms,Nike,29.25,3.3,CUST_1050
ITEM_14933,Fashion Product 4934,Dresses,H&M,102.69,3.1,CUST_1360
ITEM_14934,Fashion Product 4935,Outerwear,Nike,165.99,4.4,CUST_1066
ITEM_14935,Fashion Product 4936,Accessories,Puma,221.21,2.6,CUST_1387
ITEM_14936,Fashion Product 4937,Tops,Gucci,71.1,4.3,CUST_1362
ITEM_14937,Fashion Product 4938,Bottoms,Zara,16.97,4.6,CUST_1167
ITEM_14938,Fashion Product 4939,Outerwear,Puma,135.11,2.7,CUST_1471
ITEM_14939,Fashion Product 4940,Outerwear,Levi's,123.07,2.7,CUST_1252
ITEM_14940,Fashion Product 4941,Tops,Nike,83.65,3.2,CUST_1263
ITEM_14941,Fashion Product 4942,Outerwear,Nike,219.74,3.0,CUST_1196
ITEM_14942,Fashion Product 4943,Outerwear,Gucci,189.84,4.0,CUST_1183
ITEM_14943,Fashion Product 4944,Outerwear,Uniqlo,215.95,4.2,CUST_1264
ITEM_14944,Fashion Product 4945,Bottoms,Gucci,48.83,4.1,CUST_1288
ITEM_14945,Fashion Product 4946,Tops,Adidas,176.18,3.4,CUST_1275
ITEM_14946,Fashion Product 4947,Outerwear,Nike,244.02,3.7,CUST_1118
ITEM_14947,Fashion Product 4948,Outerwear,Uniqlo,156.86,4.1,CUST_1396
ITEM_14948,Fashion Product 4949,Bottoms,Uniqlo,51.13,2.8,CUST_1313
ITEM_14949,Fashion Product 4950,Tops,Gucci,248.99,3.1,CUST_1394
ITEM_14950,Fashion Product 4951,Dresses,Mango,136.8,4.7,CUST_1462
ITEM_14951,Fashion Product 4952,Bottoms,Puma,211.61,3.4,CUST_1347
ITEM_14952,Fashion Product 4953,Tops,Levi's,45.85,4.5,CUST_1492
ITEM_14953,Fashion Product 4954,Outerwear,Mango,169.86,3.1,CUST_1277
ITEM_14954,Fashion Product 4955,Tops,Nike,229.03,2.6,CUST_1404
ITEM_14955,Fashion Product 4956,Tops,Nike,137.68,3.8,CUST_1377
ITEM_14956,Fashion Product 4957,Accessories,Nike,79.28,4.7,CUST_1132
ITEM_14957,Fashion Product 4958,Tops,H&M,40.58,4.5,CUST_1147
ITEM_14958,Fashion Product 4959,Dresses,Zara,81.03,3.1,CUST_1029
ITEM_14959,Fashion Product 4960,Tops,Zara,95.17,4.8,CUST_1327
ITEM_14960,Fashion Product 4961,Dresses,Uniqlo,180.39,3.7,CUST_1320
ITEM_14961,Fashion Product 4962,Outerwear,Nike,52.87,2.6,CUST_1225
ITEM_14962,Fashion Product 4963,Dresses,Adidas,35.47,2.6,CUST_1456
ITEM_14963,Fashion Product 4964,Outerwear,Levi's,102.87,3.7,CUST_1139
ITEM_14964,Fashion Product 4965,Outerwear,Gucci,120.08,3.9,CUST_1289
ITEM_14965,Fashion Product 4966,Dresses,Levi's,160.81,2.7,CUST_1281
ITEM_14966,Fashion Product 4967,Bottoms,Adidas,179.81,4.8,CUST_1417
ITEM_14967,Fashion Product 4968,Footwear,Gucci,223.43,4.3,CUST_1484
ITEM_14968,Fashion Product 4969,Tops,Uniqlo,79.35,4.5,CUST_1026
ITEM_14969,Fashion Product 4970,Accessories,Adidas,136.87,4.0,CUST_1292
ITEM_14970,Fashion Product 4971,Footwear,Nike,97.85,4.2,CUST_1267
ITEM_14971,Fashion Product 4972,Tops,Adidas,10.34,3.5,CUST_1286
ITEM_14972,Fashion Product 4973,Tops,Nike,149.06,4.2,CUST_1313
ITEM_14973,Fashion Product 4974,Outerwear,Adidas,205.79,4.9,CUST_1097
ITEM_14974,Fashion Product 4975,Tops,Adidas,18.75,4.1,CUST_1138
ITEM_14975,Fashion Product 4976,Accessories,Mango,10.84,3.4,CUST_1477
ITEM_14976,Fashion Product 4977,Tops,Levi's,184.68,3.2,CUST_1281
ITEM_14977,Fashion Product 4978,Dresses,Zara,174.13,4.9,CUST_1096
ITEM_14978,Fashion Product 4979,Footwear,Mango,107.4,3.0,CUST_1452
ITEM_14979,Fashion Product 4980,Dresses,Zara,168.79,4.5,CUST_1057
ITEM_14980,Fashion Product 4981,Accessories,Mango,238.81,3.7,CUST_1123
ITEM_14981,Fashion Product 4982,Tops,H&M,69.49,3.6,CUST_1231
ITEM_14982,Fashion Product 4983,Accessories,Gucci,69.02,4.4,CUST_1290
ITEM_14983,Fashion Product 4984,Outerwear,Nike,54.7,2.9,CUST_1086
ITEM_14984,Fashion Product 4985,Dresses,Mango,183.76,3.7,CUST_1461
ITEM_14985,Fashion Product 4986,Dresses,Mango,94.77,2.6,CUST_1310
ITEM_14986,Fashion Product 4987,Bottoms,Uniqlo,247.29,4.2,CUST_1051
ITEM_14987,Fashion Product 4988,Tops,Adidas,181.52,2.6,CUST_1228
ITEM_14988,Fashion Product 4989,Outerwear,H&M,98.17,2.7,CUST_1006
ITEM_14989,Fashion Product 4990,Dresses,Gucci,45.8,4.6,CUST_1443
ITEM_14990,Fashion Product 4991,Dresses,Puma,152.09,3.6,CUST_1310
ITEM_14991,Fashion Product 4992,Outerwear,Mango,80.78,3.0,CUST_1273
ITEM_14992,Fashion Product 4993,Accessories,Puma,227.32,4.0,CUST_1410
ITEM_14993,Fashion Product 4994,Accessories,Zara,115.94,3.8,CUST_1344
ITEM_14994,Fashion Product 4995,Tops,Adidas,80.24,3.5,CUST_1393
ITEM_14995,Fashion Product 4996,Bottoms,Puma,151.25,4.8,CUST_1002
ITEM_14996,Fashion Product 4997,Dresses,Zara,42.87,4.4,CUST_1276
ITEM_14997,Fashion Product 4998,Bottoms,H&M,144.77,2.9,CUST_1091
ITEM_14998,Fashion Product 4999,Accessories,Levi's,23.47,3.9,CUST_1262
ITEM_14999,Fashion Product 5000,Accessories,Nike,155.65,2.7,CUST_1242
ITEM_15000,Fashion Product 5001,Footwear,Mango,137.24,3.1,CUST_1475
ITEM_15001,Fashion Product 5002,Tops,Puma,134.98,4.8,CUST_1375
ITEM_15002,Fashion Product 5003,Footwear,Levi's,174.2,3.7,CUST_1246
ITEM_15003,Fashion Product 5004,Footwear,Adidas,20.67,4.7,CUST_1472
ITEM_15004,Fashion Product 5005,Footwear,Uniqlo,120.34,2.9,CUST_1079
ITEM_15005,Fashion Product 5006,Tops,H&M,116.57,3.0,CUST_1311
ITEM_15006,Fashion Product 5007,Tops,Nike,120.35,3.4,CUST_1304
ITEM_15007,Fashion Product 5008,Outerwear,Adidas,245.17,3.4,CUST_1058
ITEM_15008,Fashion Product 5009,Bottoms,H&M,43.43,4.4,CUST_1225
ITEM_15009,Fashion Product 5010,Bottoms,Uniqlo,175.7,4.0,CUST_1426
ITEM_15010,Fashion Product 5011,Outerwear,Zara,106.48,3.9,CUST_1202
ITEM_15011,Fashion Product 5012,Outerwear,Uniqlo,132.81,4.0,CUST_1405
ITEM_15012,Fashion Product 5013,Accessories,Puma,192.97,4.3,CUST_1006
ITEM_15013,Fashion Product 5014,Footwear,Nike,47.77,4.7,CUST_1030
ITEM_15014,Fashion Product 5015,Outerwear,Gucci,193.26,3.5,CUST_1151
ITEM_15015,Fashion Product 5016,Dresses,Mango,26.88,4.5,CUST_1036
ITEM_15016,Fashion Product 5017,Bottoms,Mango,125.99,3.7,CUST_1110
ITEM_15017,Fashion Product 5018,Outerwear,Zara,188.1,4.3,CUST_1121
ITEM_15018,Fashion Product 5019,Dresses,Adidas,56.21,4.7,CUST_1241
ITEM_15019,Fashion Product 5020,Dresses,Nike,195.02,2.6,CUST_1259
ITEM_15020,Fashion Product 5021,Dresses,Zara,50.04,3.9,CUST_1090
ITEM_15021,Fashion Product 5022,Accessories,Gucci,201.82,5.0,CUST_1418
ITEM_15022,Fashion Product 5023,Accessories,Puma,122.54,3.7,CUST_1030
ITEM_15023,Fashion Product 5024,Dresses,Puma,174.31,4.7,CUST_1466
ITEM_15024,Fashion Product 5025,Accessories,Uniqlo,230.18,3.0,CUST_1465
ITEM_15025,Fashion Product 5026,Footwear,Mango,108.02,4.0,CUST_1237
ITEM_15026,Fashion Product 5027,Dresses,Levi's,65.91,4.7,CUST_1371
ITEM_15027,Fashion Product 5028,Footwear,Nike,218.12,3.6,CUST_1170
ITEM_15028,Fashion Product 5029,Footwear,Levi's,48.79,3.7,CUST_1149
ITEM_15029,Fashion Product 5030,Dresses,Uniqlo,161.55,2.7,CUST_1374
ITEM_15030,Fashion Product 5031,Bottoms,Adidas,231.58,2.6,CUST_1088
ITEM_15031,Fashion Product 5032,Dresses,Puma,171.86,3.7,CUST_1004
ITEM_15032,Fashion Product 5033,Dresses,Mango,56.96,4.6,CUST_1433
ITEM_15033,Fashion Product 5034,Accessories,Gucci,46.55,4.8,CUST_1252
ITEM_15034,Fashion Product 5035,Dresses,Gucci,70.55,4.1,CUST_1432
ITEM_15035,Fashion Product 5036,Bottoms,Gucci,103.94,4.6,CUST_1473
ITEM_15036,Fashion Product 5037,Accessories,Nike,48.2,4.3,CUST_1051
ITEM_15037,Fashion Product 5038,Tops,Mango,201.48,4.3,CUST_1024
ITEM_15038,Fashion Product 5039,Tops,Puma,95.69,4.4,CUST_1046
ITEM_15039,Fashion Product 5040,Footwear,Levi's,234.66,3.8,CUST_1116
ITEM_15040,Fashion Product 5041,Footwear,Uniqlo,212.2,3.6,CUST_1027
ITEM_15041,Fashion Product 5042,Bottoms,Adidas,228.12,2.9,CUST_1095
ITEM_15042,Fashion Product 5043,Outerwear,Gucci,80.68,4.6,CUST_1367
ITEM_15043,Fashion Product 5044,Tops,Zara,147.7,2.6,CUST_1435
ITEM_15044,Fashion Product 5045,Footwear,Mango,87.15,3.2,CUST_1099
ITEM_15045,Fashion Product 5046,Tops,Uniqlo,71.67,3.8,CUST_1116
ITEM_15046,Fashion Product 5047,Bottoms,Adidas,155.7,4.9,CUST_1276
ITEM_15047,Fashion Product 5048,Bottoms,Adidas,206.32,4.5,CUST_1336
ITEM_15048,Fashion Product 5049,Outerwear,H&M,32.46,3.4,CUST_1095
ITEM_15049,Fashion Product 5050,Outerwear,Gucci,76.18,4.3,CUST_1199
ITEM_15050,Fashion Product 5051,Accessories,H&M,59.23,4.8,CUST_1146
ITEM_15051,Fashion Product 5052,Bottoms,Uniqlo,201.6,3.8,CUST_1392
ITEM_15052,Fashion Product 5053,Footwear,Adidas,234.01,3.7,CUST_1155
ITEM_15053,Fashion Product 5054,Tops,Zara,29.19,3.9,CUST_1270
ITEM_15054,Fashion Product 5055,Dresses,Mango,101.01,3.3,CUST_1402
ITEM_15055,Fashion Product 5056,Outerwear,H&M,229.48,4.8,CUST_1321
ITEM_15056,Fashion Product 5057,Dresses,Adidas,92.71,4.5,CUST_1415
ITEM_15057,Fashion Product 5058,Footwear,Mango,181.04,4.3,CUST_1276
ITEM_15058,Fashion Product 5059,Outerwear,Gucci,34.16,4.0,CUST_1326
ITEM_15059,Fashion Product 5060,Dresses,Levi's,116.65,4.9,CUST_1256
ITEM_15060,Fashion Product 5061,Footwear,Mango,130.79,3.2,CUST_1045
ITEM_15061,Fashion Product 5062,Tops,Adidas,191.84,3.2,CUST_1001
ITEM_15062,Fashion Product 5063,Footwear,Uniqlo,79.32,3.1,CUST_1147
ITEM_15063,Fashion Product 5064,Accessories,H&M,73.41,4.4,CUST_1295
ITEM_15064,Fashion Product 5065,Outerwear,H&M,82.71,4.5,CUST_1375
ITEM_15065,Fashion Product 5066,Bottoms,Puma,143.37,4.0,CUST_1155
ITEM_15066,Fashion Product 5067,Tops,Adidas,220.24,4.1,CUST_1056
ITEM_15067,Fashion Product 5068,Dresses,Puma,209.43,3.4,CUST_1400
ITEM_15068,Fashion Product 5069,Outerwear,Zara,23.91,2.6,CUST_1462
ITEM_15069,Fashion Product 5070,Bottoms,Zara,220.95,3.1,CUST_1226
ITEM_15070,Fashion Product 5071,Footwear,Adidas,32.83,4.0,CUST_1007
ITEM_15071,Fashion Product 5072,Bottoms,H&M,109.68,4.5,CUST_1020
ITEM_15072,Fashion Product 5073,Outerwear,Gucci,193.7,4.4,CUST_1159
ITEM_15073,Fashion Product 5074,Outerwear,Nike,29.56,2.9,CUST_1470
ITEM_15074,Fashion Product 5075,Accessories,Zara,19.7,2.6,CUST_1340
ITEM_15075,Fashion Product 5076,Accessories,H&M,89.2,4.6,CUST_1079
ITEM_15076,Fashion Product 5077,Bottoms,Puma,185.18,2.7,CUST_1409
ITEM_15077,Fashion Product 5078,Footwear,Mango,135.22,3.5,CUST_1366
ITEM_15078,Fashion Product 5079,Bottoms,Gucci,110.08,2.7,CUST_1001
ITEM_15079,Fashion Product 5080,Outerwear,Puma,205.14,3.9,CUST_1401
ITEM_15080,Fashion Product 5081,Outerwear,Gucci,194.01,3.4,CUST_1336
ITEM_15081,Fashion Product 5082,Dresses,Nike,198.65,3.0,CUST_1229
ITEM_15082,Fashion Product 5083,Accessories,Mango,120.33,4.0,CUST_1213
ITEM_15083,Fashion Product 5084,Dresses,Puma,14.67,3.4,CUST_1283
ITEM_15084,Fashion Product 5085,Tops,Zara,51.31,2.9,CUST_1248
ITEM_15085,Fashion Product 5086,Outerwear,Zara,187.91,4.3,CUST_1119
ITEM_15086,Fashion Product 5087,Dresses,Puma,190.76,4.6,CUST_1379
ITEM_15087,Fashion Product 5088,Bottoms,Nike,243.35,3.2,CUST_1227
ITEM_15088,Fashion Product 5089,Accessories,Nike,55.64,3.0,CUST_1024
ITEM_15089,Fashion Product 5090,Accessories,Adidas,39.5,2.7,CUST_1190
ITEM_15090,Fashion Product 5091,Footwear,Mango,43.31,3.8,CUST_1308
ITEM_15091,Fashion Product 5092,Bottoms,H&M,54.35,4.6,CUST_1307
ITEM_15092,Fashion Product 5093,Footwear,Nike,136.83,3.1,CUST_1450
ITEM_15093,Fashion Product 5094,Dresses,Mango,244.05,3.7,CUST_1057
ITEM_15094,Fashion Product 5095,Tops,Nike,151.46,2.9,CUST_1494
ITEM_15095,Fashion Product 5096,Bottoms,Adidas,135.45,3.5,CUST_1311
ITEM_15096,Fashion Product 5097,Bottoms,Levi's,171.61,2.5,CUST_1309
ITEM_15097,Fashion Product 5098,Bottoms,Nike,27.74,4.8,CUST_1089
ITEM_15098,Fashion Product 5099,Footwear,Mango,205.68,4.2,CUST_1275
ITEM_15099,Fashion Product 5100,Dresses,Adidas,165.25,3.3,CUST_1109
ITEM_15100,Fashion Product 5101,Bottoms,Adidas,51.09,4.7,CUST_1141
ITEM_15101,Fashion Product 5102,Bottoms,Mango,161.37,3.0,CUST_1285
ITEM_15102,Fashion Product 5103,Accessories,Mango,153.09,2.7,CUST_1480
ITEM_15103,Fashion Product 5104,Tops,Zara,25.56,4.9,CUST_1390
ITEM_15104,Fashion Product 5105,Accessories,Levi's,74.06,3.3,CUST_1376
ITEM_15105,Fashion Product 5106,Accessories,Adidas,103.83,4.8,CUST_1457
ITEM_15106,Fashion Product 5107,Tops,Zara,68.77,4.1,CUST_1244
ITEM_15107,Fashion Product 5108,Dresses,Gucci,68.36,5.0,CUST_1385
ITEM_15108,Fashion Product 5109,Accessories,Puma,147.51,4.4,CUST_1408
ITEM_15109,Fashion Product 5110,Dresses,Puma,123.01,2.8,CUST_1074
ITEM_15110,Fashion Product 5111,Accessories,Adidas,170.15,4.6,CUST_1355
ITEM_15111,Fashion Product 5112,Outerwear,Zara,239.54,2.9,CUST_1262
ITEM_15112,Fashion Product 5113,Tops,Levi's,168.53,4.2,CUST_1176
ITEM_15113,Fashion Product 5114,Accessories,Levi's,149.7,3.8,CUST_1404
ITEM_15114,Fashion Product 5115,Outerwear,Gucci,213.41,4.3,CUST_1230
ITEM_15115,Fashion Product 5116,Footwear,Adidas,161.7,4.4,CUST_1076
ITEM_15116,Fashion Product 5117,Outerwear,Nike,49.73,4.5,CUST_1323
ITEM_15117,Fashion Product 5118,Bottoms,Gucci,85.54,4.6,CUST_1183
ITEM_15118,Fashion Product 5119,Accessories,Zara,186.01,4.6,CUST_1274
ITEM_15119,Fashion Product 5120,Outerwear,Nike,187.21,3.5,CUST_1277
ITEM_15120,Fashion Product 5121,Dresses,Puma,246.88,4.7,CUST_1227
ITEM_15121,Fashion Product 5122,Footwear,Uniqlo,160.47,4.3,CUST_1448
ITEM_15122,Fashion Product 5123,Accessories,Puma,225.89,4.6,CUST_1165
ITEM_15123,Fashion Product 5124,Bottoms,Adidas,23.1,5.0,CUST_1275
ITEM_15124,Fashion Product 5125,Outerwear,Mango,145.89,2.8,CUST_1217
ITEM_15125,Fashion Product 5126,Footwear,Puma,230.76,3.4,CUST_1312
ITEM_15126,Fashion Product 5127,Accessories,Puma,78.94,4.5,CUST_1190
ITEM_15127,Fashion Product 5128,Footwear,Puma,47.17,2.7,CUST_1018
ITEM_15128,Fashion Product 5129,Bottoms,Puma,94.12,3.9,CUST_1232
ITEM_15129,Fashion Product 5130,Outerwear,Puma,200.14,4.6,CUST_1414
ITEM_15130,Fashion Product 5131,Footwear,Nike,30.33,2.5,CUST_1184
ITEM_15131,Fashion Product 5132,Footwear,Nike,154.08,4.8,CUST_1106
ITEM_15132,Fashion Product 5133,Tops,Puma,42.55,4.9,CUST_1243
ITEM_15133,Fashion Product 5134,Footwear,H&M,114.53,3.3,CUST_1426
ITEM_15134,Fashion Product 5135,Tops,H&M,241.83,4.4,CUST_1053
ITEM_15135,Fashion Product 5136,Outerwear,Nike,56.83,2.8,CUST_1226
ITEM_15136,Fashion Product 5137,Accessories,Uniqlo,18.16,4.4,CUST_1202
ITEM_15137,Fashion Product 5138,Accessories,Mango,112.53,3.7,CUST_1086
ITEM_15138,Fashion Product 5139,Outerwear,Gucci,148.65,4.7,CUST_1050
ITEM_15139,Fashion Product 5140,Outerwear,Puma,81.4,3.0,CUST_1383
ITEM_15140,Fashion Product 5141,Dresses,Uniqlo,140.02,4.2,CUST_1260
ITEM_15141,Fashion Product 5142,Outerwear,H&M,238.82,4.5,CUST_1319
ITEM_15142,Fashion Product 5143,Footwear,H&M,84.82,3.0,CUST_1195
ITEM_15143,Fashion Product 5144,Accessories,Uniqlo,84.26,4.5,CUST_1369
ITEM_15144,Fashion Product 5145,Bottoms,Mango,125.86,4.9,CUST_1248
ITEM_15145,Fashion Product 5146,Accessories,Nike,133.68,4.0,CUST_1056
ITEM_15146,Fashion Product 5147,Tops,Mango,10.33,4.5,CUST_1177
ITEM_15147,Fashion Product 5148,Accessories,Adidas,157.81,3.8,CUST_1476
ITEM_15148,Fashion Product 5149,Dresses,Adidas,249.37,4.0,CUST_1150
ITEM_15149,Fashion Product 5150,Outerwear,H&M,80.08,2.5,CUST_1396
ITEM_15150,Fashion Product 5151,Outerwear,Gucci,161.39,3.8,CUST_1433
ITEM_15151,Fashion Product 5152,Accessories,Adidas,11.11,3.9,CUST_1013
ITEM_15152,Fashion Product 5153,Bottoms,H&M,155.04,4.2,CUST_1361
ITEM_15153,Fashion Product 5154,Bottoms,Puma,117.3,2.9,CUST_1289
ITEM_15154,Fashion Product 5155,Dresses,Levi's,137.27,3.1,CUST_1431
ITEM_15155,Fashion Product 5156,Tops,Levi's,140.54,4.4,CUST_1064
ITEM_15156,Fashion Product 5157,Accessories,Zara,52.47,2.9,CUST_1339
ITEM_15157,Fashion Product 5158,Outerwear,Puma,194.79,3.5,CUST_1105
ITEM_15158,Fashion Product 5159,Accessories,Levi's,143.31,3.1,CUST_1401
ITEM_15159,Fashion Product 5160,Dresses,Mango,74.85,3.9,CUST_1239
ITEM_15160,Fashion Product 5161,Footwear,Zara,234.97,5.0,CUST_1034
ITEM_15161,Fashion Product 5162,Footwear,H&M,13.07,4.6,CUST_1324
ITEM_15162,Fashion Product 5163,Dresses,Uniqlo,184.22,3.2,CUST_1039
ITEM_15163,Fashion Product 5164,Outerwear,Uniqlo,101.5,3.4,CUST_1456
ITEM_15164,Fashion Product 5165,Dresses,H&M,135.41,4.8,CUST_1225
ITEM_15165,Fashion Product 5166,Outerwear,Gucci,79.96,4.7,CUST_1129
ITEM_15166,Fashion Product 5167,Bottoms,H&M,87.1,2.9,CUST_1133
ITEM_15167,Fashion Product 5168,Dresses,Nike,13.64,4.6,CUST_1480
ITEM_15168,Fashion Product 5169,Outerwear,Uniqlo,185.16,3.2,CUST_1040
ITEM_15169,Fashion Product 5170,Dresses,Levi's,180.59,3.9,CUST_1319
ITEM_15170,Fashion Product 5171,Dresses,Zara,167.05,2.5,CUST_1385
ITEM_15171,Fashion Product 5172,Outerwear,Gucci,220.71,5.0,CUST_1419
ITEM_15172,Fashion Product 5173,Outerwear,Adidas,226.3,4.4,CUST_1470
ITEM_15173,Fashion Product 5174,Tops,Puma,143.55,3.1,CUST_1221
ITEM_15174,Fashion Product 5175,Dresses,Gucci,174.36,4.2,CUST_1401
ITEM_15175,Fashion Product 5176,Footwear,Adidas,12.64,3.2,CUST_1094
ITEM_15176,Fashion Product 5177,Dresses,Gucci,213.12,2.7,CUST_1099
ITEM_15177,Fashion Product 5178,Dresses,Gucci,205.94,3.6,CUST_1060
ITEM_15178,Fashion Product 5179,Outerwear,Levi's,14.86,4.0,CUST_1129
ITEM_15179,Fashion Product 5180,Dresses,H&M,140.28,2.7,CUST_1132
ITEM_15180,Fashion Product 5181,Accessories,Nike,227.6,3.8,CUST_1393
ITEM_15181,Fashion Product 5182,Dresses,Zara,53.53,3.8,CUST_1301
ITEM_15182,Fashion Product 5183,Accessories,Uniqlo,94.63,4.1,CUST_1416
ITEM_15183,Fashion Product 5184,Footwear,Adidas,89.45,3.1,CUST_1069
ITEM_15184,Fashion Product 5185,Outerwear,Zara,95.43,2.6,CUST_1014
ITEM_15185,Fashion Product 5186,Dresses,Gucci,20.05,3.3,CUST_1435
ITEM_15186,Fashion Product 5187,Accessories,H&M,76.96,3.5,CUST_1474
ITEM_15187,Fashion Product 5188,Accessories,Zara,80.77,4.1,CUST_1151
ITEM_15188,Fashion Product 5189,Accessories,H&M,217.81,4.8,CUST_1174
ITEM_15189,Fashion Product 5190,Bottoms,Adidas,94.51,3.0,CUST_1470
ITEM_15190,Fashion Product 5191,Tops,Levi's,117.33,4.2,CUST_1411
ITEM_15191,Fashion Product 5192,Footwear,Levi's,101.38,2.7,CUST_1345
ITEM_15192,Fashion Product 5193,Dresses,H&M,38.96,3.0,CUST_1292
ITEM_15193,Fashion Product 5194,Bottoms,H&M,247.69,3.8,CUST_1196
ITEM_15194,Fashion Product 5195,Dresses,Nike,208.2,4.3,CUST_1032
ITEM_15195,Fashion Product 5196,Dresses,Puma,139.82,4.6,CUST_1073
ITEM_15196,Fashion Product 5197,Outerwear,Nike,124.33,4.4,CUST_1194
ITEM_15197,Fashion Product 5198,Outerwear,Zara,165.82,2.5,CUST_1426
ITEM_15198,Fashion Product 5199,Outerwear,Mango,88.34,4.2,CUST_1050
ITEM_15199,Fashion Product 5200,Bottoms,Nike,22.07,4.6,CUST_1057
ITEM_15200,Fashion Product 5201,Dresses,Zara,107.04,3.8,CUST_1487
ITEM_15201,Fashion Product 5202,Tops,Uniqlo,246.15,4.9,CUST_1117
ITEM_15202,Fashion Product 5203,Footwear,Zara,53.76,2.5,CUST_1192
ITEM_15203,Fashion Product 5204,Outerwear,Zara,136.65,4.5,CUST_1430
ITEM_15204,Fashion Product 5205,Outerwear,H&M,12.05,3.3,CUST_1217
ITEM_15205,Fashion Product 5206,Dresses,Gucci,39.29,4.1,CUST_1111
ITEM_15206,Fashion Product 5207,Dresses,H&M,150.93,4.2,CUST_1458
ITEM_15207,Fashion Product 5208,Bottoms,H&M,81.38,3.3,CUST_1485
ITEM_15208,Fashion Product 5209,Bottoms,Gucci,227.36,5.0,CUST_1089
ITEM_15209,Fashion Product 5210,Outerwear,Mango,107.48,2.8,CUST_1360
ITEM_15210,Fashion Product 5211,Dresses,Uniqlo,59.93,2.9,CUST_1310
ITEM_15211,Fashion Product 5212,Tops,Nike,140.94,4.7,CUST_1309
ITEM_15212,Fashion Product 5213,Footwear,Zara,200.79,2.8,CUST_1157
ITEM_15213,Fashion Product 5214,Dresses,Nike,14.66,3.5,CUST_1421
ITEM_15214,Fashion Product 5215,Dresses,Levi's,131.32,4.3,CUST_1069
ITEM_15215,Fashion Product 5216,Accessories,Adidas,195.62,4.5,CUST_1270
ITEM_15216,Fashion Product 5217,Bottoms,Mango,34.86,4.9,CUST_1225
ITEM_15217,Fashion Product 5218,Footwear,Adidas,226.67,4.5,CUST_1411
ITEM_15218,Fashion Product 5219,Outerwear,Zara,73.48,4.6,CUST_1005
ITEM_15219,Fashion Product 5220,Dresses,Zara,50.94,4.9,CUST_1243
ITEM_15220,Fashion Product 5221,Outerwear,Uniqlo,151.42,3.9,CUST_1118
ITEM_15221,Fashion Product 5222,Dresses,Nike,52.01,3.4,CUST_1172
ITEM_15222,Fashion Product 5223,Outerwear,Gucci,173.13,4.4,CUST_1143
ITEM_15223,Fashion Product 5224,Footwear,Puma,127.62,2.9,CUST_1323
ITEM_15224,Fashion Product 5225,Bottoms,Puma,36.39,2.7,CUST_1257
ITEM_15225,Fashion Product 5226,Footwear,Gucci,229.0,4.5,CUST_1408
ITEM_15226,Fashion Product 5227,Accessories,Puma,171.57,4.9,CUST_1460
ITEM_15227,Fashion Product 5228,Tops,H&M,141.04,3.6,CUST_1365
ITEM_15228,Fashion Product 5229,Bottoms,Uniqlo,99.84,2.9,CUST_1318
ITEM_15229,Fashion Product 5230,Footwear,Mango,42.37,3.7,CUST_1078
ITEM_15230,Fashion Product 5231,Accessories,Nike,179.8,3.5,CUST_1057
ITEM_15231,Fashion Product 5232,Tops,Nike,205.28,3.4,CUST_1490
ITEM_15232,Fashion Product 5233,Accessories,Mango,40.2,4.1,CUST_1020
ITEM_15233,Fashion Product 5234,Dresses,Zara,128.7,2.9,CUST_1442
ITEM_15234,Fashion Product 5235,Dresses,Zara,126.36,3.5,CUST_1014
ITEM_15235,Fashion Product 5236,Outerwear,Adidas,93.98,4.7,CUST_1206
ITEM_15236,Fashion Product 5237,Bottoms,Zara,199.44,4.3,CUST_1237
ITEM_15237,Fashion Product 5238,Dresses,Gucci,33.89,2.6,CUST_1181
ITEM_15238,Fashion Product 5239,Accessories,H&M,59.2,3.8,CUST_1291
ITEM_15239,Fashion Product 5240,Bottoms,Mango,10.38,2.7,CUST_1446
ITEM_15240,Fashion Product 5241,Dresses,Adidas,99.52,4.9,CUST_1189
ITEM_15241,Fashion Product 5242,Outerwear,Uniqlo,79.88,3.1,CUST_1147
ITEM_15242,Fashion Product 5243,Footwear,Zara,218.08,4.8,CUST_1340
ITEM_15243,Fashion Product 5244,Outerwear,Nike,188.99,4.6,CUST_1042
ITEM_15244,Fashion Product 5245,Tops,Uniqlo,30.27,3.9,CUST_1428
ITEM_15245,Fashion Product 5246,Dresses,H&M,187.83,3.3,CUST_1471
ITEM_15246,Fashion Product 5247,Tops,H&M,172.1,4.6,CUST_1354
ITEM_15247,Fashion Product 5248,Tops,H&M,77.61,2.9,CUST_1001
ITEM_15248,Fashion Product 5249,Accessories,Zara,13.71,2.9,CUST_1324
ITEM_15249,Fashion Product 5250,Bottoms,H&M,37.64,3.1,CUST_1104
ITEM_15250,Fashion Product 5251,Accessories,Mango,69.99,4.0,CUST_1255
ITEM_15251,Fashion Product 5252,Dresses,Nike,205.99,3.3,CUST_1209
ITEM_15252,Fashion Product 5253,Tops,Adidas,121.68,5.0,CUST_1218
ITEM_15253,Fashion Product 5254,Footwear,Zara,230.41,3.0,CUST_1078
ITEM_15254,Fashion Product 5255,Tops,Gucci,199.4,4.5,CUST_1430
ITEM_15255,Fashion Product 5256,Footwear,Uniqlo,78.91,2.7,CUST_1051
ITEM_15256,Fashion Product 5257,Accessories,Levi's,212.89,3.4,CUST_1288
ITEM_15257,Fashion Product 5258,Accessories,Uniqlo,38.01,3.1,CUST_1100
ITEM_15258,Fashion Product 5259,Bottoms,H&M,18.67,4.9,CUST_1212
ITEM_15259,Fashion Product 5260,Tops,Nike,156.05,2.6,CUST_1464
ITEM_15260,Fashion Product 5261,Outerwear,Adidas,92.02,4.3,CUST_1499
ITEM_15261,Fashion Product 5262,Accessories,Mango,89.06,3.1,CUST_1403
ITEM_15262,Fashion Product 5263,Accessories,Puma,174.93,4.5,CUST_1237
ITEM_15263,Fashion Product 5264,Bottoms,Uniqlo,214.02,3.3,CUST_1295
ITEM_15264,Fashion Product 5265,Footwear,Puma,87.32,3.0,CUST_1472
ITEM_15265,Fashion Product 5266,Bottoms,Nike,88.0,4.2,CUST_1398
ITEM_15266,Fashion Product 5267,Tops,Puma,138.12,3.1,CUST_1157
ITEM_15267,Fashion Product 5268,Dresses,Uniqlo,166.76,3.7,CUST_1298
ITEM_15268,Fashion Product 5269,Dresses,Gucci,58.7,2.8,CUST_1014
ITEM_15269,Fashion Product 5270,Footwear,Levi's,229.04,4.3,CUST_1116
ITEM_15270,Fashion Product 5271,Accessories,Puma,167.06,3.5,CUST_1139
ITEM_15271,Fashion Product 5272,Footwear,Gucci,160.04,2.9,CUST_1075
ITEM_15272,Fashion Product 5273,Accessories,Gucci,227.01,4.4,CUST_1303
ITEM_15273,Fashion Product 5274,Accessories,H&M,227.74,2.8,CUST_1360
ITEM_15274,Fashion Product 5275,Dresses,Levi's,42.53,3.9,CUST_1024
ITEM_15275,Fashion Product 5276,Footwear,Mango,44.82,4.0,CUST_1406
ITEM_15276,Fashion Product 5277,Bottoms,Uniqlo,192.87,4.8,CUST_1177
ITEM_15277,Fashion Product 5278,Accessories,Adidas,239.65,2.9,CUST_1439
ITEM_15278,Fashion Product 5279,Outerwear,Adidas,169.96,4.1,CUST_1055
ITEM_15279,Fashion Product 5280,Outerwear,Puma,108.72,3.5,CUST_1213
ITEM_15280,Fashion Product 5281,Bottoms,Levi's,174.03,3.5,CUST_1326
ITEM_15281,Fashion Product 5282,Outerwear,Puma,64.91,3.8,CUST_1334
ITEM_15282,Fashion Product 5283,Tops,Levi's,249.51,3.1,CUST_1329
ITEM_15283,Fashion Product 5284,Accessories,Uniqlo,113.46,3.7,CUST_1163
ITEM_15284,Fashion Product 5285,Bottoms,Uniqlo,233.6,4.2,CUST_1300
ITEM_15285,Fashion Product 5286,Footwear,Mango,113.39,3.6,CUST_1164
ITEM_15286,Fashion Product 5287,Accessories,Gucci,232.75,2.6,CUST_1089
ITEM_15287,Fashion Product 5288,Bottoms,Levi's,90.56,3.1,CUST_1015
ITEM_15288,Fashion Product 5289,Dresses,Zara,192.53,3.4,CUST_1301
ITEM_15289,Fashion Product 5290,Footwear,Zara,238.24,3.4,CUST_1122
ITEM_15290,Fashion Product 5291,Dresses,Gucci,165.04,2.7,CUST_1318
ITEM_15291,Fashion Product 5292,Accessories,Puma,172.62,3.6,CUST_1348
ITEM_15292,Fashion Product 5293,Footwear,Levi's,34.69,4.2,CUST_1178
ITEM_15293,Fashion Product 5294,Outerwear,Nike,123.81,2.6,CUST_1462
ITEM_15294,Fashion Product 5295,Bottoms,Adidas,222.82,4.4,CUST_1269
ITEM_15295,Fashion Product 5296,Accessories,Nike,67.82,4.9,CUST_1105
ITEM_15296,Fashion Product 5297,Tops,Adidas,199.21,2.5,CUST_1159
ITEM_15297,Fashion Product 5298,Footwear,Zara,172.17,3.0,CUST_1005
ITEM_15298,Fashion Product 5299,Footwear,Uniqlo,63.52,3.9,CUST_1339
ITEM_15299,Fashion Product 5300,Accessories,Mango,77.87,3.0,CUST_1392
ITEM_15300,Fashion Product 5301,Accessories,H&M,112.61,4.4,CUST_1141
ITEM_15301,Fashion Product 5302,Dresses,Puma,40.03,3.3,CUST_1169
ITEM_15302,Fashion Product 5303,Outerwear,Gucci,229.21,3.2,CUST_1017
ITEM_15303,Fashion Product 5304,Dresses,Zara,187.45,2.5,CUST_1032
ITEM_15304,Fashion Product 5305,Dresses,Uniqlo,97.59,3.2,CUST_1005
ITEM_15305,Fashion Product 5306,Outerwear,Uniqlo,81.92,3.0,CUST_1382
ITEM_15306,Fashion Product 5307,Tops,Adidas,175.5,3.4,CUST_1137
ITEM_15307,Fashion Product 5308,Dresses,Uniqlo,111.81,2.9,CUST_1107
ITEM_15308,Fashion Product 5309,Dresses,Levi's,65.04,4.0,CUST_1162
ITEM_15309,Fashion Product 5310,Footwear,Puma,113.24,3.1,CUST_1493
ITEM_15310,Fashion Product 5311,Outerwear,H&M,219.11,4.6,CUST_1257
ITEM_15311,Fashion Product 5312,Bottoms,Zara,26.47,3.2,CUST_1168
ITEM_15312,Fashion Product 5313,Tops,Levi's,98.41,3.0,CUST_1463
ITEM_15313,Fashion Product 5314,Tops,Zara,240.96,2.6,CUST_1438
ITEM_15314,Fashion Product 5315,Outerwear,Mango,13.56,4.3,CUST_1382
ITEM_15315,Fashion Product 5316,Accessories,H&M,223.75,3.8,CUST_1288
ITEM_15316,Fashion Product 5317,Accessories,Uniqlo,99.96,2.8,CUST_1382
ITEM_15317,Fashion Product 5318,Footwear,Mango,55.48,3.1,CUST_1482
ITEM_15318,Fashion Product 5319,Footwear,Adidas,13.6,5.0,CUST_1355
ITEM_15319,Fashion Product 5320,Outerwear,Mango,26.93,4.5,CUST_1245
ITEM_15320,Fashion Product 5321,Footwear,Nike,51.24,3.4,CUST_1113
ITEM_15321,Fashion Product 5322,Tops,Adidas,16.1,3.9,CUST_1178
ITEM_15322,Fashion Product 5323,Tops,H&M,90.6,3.5,CUST_1443
ITEM_15323,Fashion Product 5324,Bottoms,Puma,20.77,2.6,CUST_1476
ITEM_15324,Fashion Product 5325,Accessories,Nike,176.13,4.4,CUST_1465
ITEM_15325,Fashion Product 5326,Outerwear,Zara,206.54,4.3,CUST_1190
ITEM_15326,Fashion Product 5327,Dresses,Gucci,222.99,3.5,CUST_1494
ITEM_15327,Fashion Product 5328,Accessories,Gucci,141.79,4.6,CUST_1011
ITEM_15328,Fashion Product 5329,Dresses,Nike,237.16,3.8,CUST_1023
ITEM_15329,Fashion Product 5330,Bottoms,Puma,11.35,2.7,CUST_1119
ITEM_15330,Fashion Product 5331,Bottoms,Levi's,42.16,3.1,CUST_1282
ITEM_15331,Fashion Product 5332,Footwear,Gucci,80.36,3.7,CUST_1319
ITEM_15332,Fashion Product 5333,Bottoms,Nike,199.37,2.8,CUST_1430
ITEM_15333,Fashion Product 5334,Bottoms,H&M,222.49,3.9,CUST_1069
ITEM_15334,Fashion Product 5335,Dresses,Puma,158.35,2.8,CUST_1346
ITEM_15335,Fashion Product 5336,Footwear,Puma,101.98,3.0,CUST_1134
ITEM_15336,Fashion Product 5337,Bottoms,Levi's,169.8,4.7,CUST_1253
ITEM_15337,Fashion Product 5338,Accessories,Adidas,53.42,5.0,CUST_1051
ITEM_15338,Fashion Product 5339,Bottoms,Uniqlo,119.89,3.9,CUST_1043
ITEM_15339,Fashion Product 5340,Footwear,Gucci,131.81,4.0,CUST_1482
ITEM_15340,Fashion Product 5341,Outerwear,Uniqlo,35.17,4.5,CUST_1426
ITEM_15341,Fashion Product 5342,Footwear,Uniqlo,18.13,4.2,CUST_1141
ITEM_15342,Fashion Product 5343,Dresses,H&M,190.03,3.0,CUST_1025
ITEM_15343,Fashion Product 5344,Outerwear,Zara,138.33,3.5,CUST_1386
ITEM_15344,Fashion Product 5345,Accessories,Uniqlo,89.74,3.8,CUST_1270
ITEM_15345,Fashion Product 5346,Tops,Puma,114.93,3.4,CUST_1401
ITEM_15346,Fashion Product 5347,Footwear,Levi's,239.85,2.9,CUST_1361
ITEM_15347,Fashion Product 5348,Dresses,Levi's,102.38,4.3,CUST_1104
ITEM_15348,Fashion Product 5349,Accessories,Zara,34.84,3.0,CUST_1424
ITEM_15349,Fashion Product 5350,Outerwear,Adidas,121.26,3.2,CUST_1295
ITEM_15350,Fashion Product 5351,Accessories,Puma,165.53,3.2,CUST_1153
ITEM_15351,Fashion Product 5352,Footwear,Puma,12.91,2.9,CUST_1475
ITEM_15352,Fashion Product 5353,Bottoms,Mango,89.76,4.6,CUST_1304
ITEM_15353,Fashion Product 5354,Footwear,Uniqlo,104.44,4.0,CUST_1371
ITEM_15354,Fashion Product 5355,Tops,Nike,121.29,4.6,CUST_1472
ITEM_15355,Fashion Product 5356,Footwear,Levi's,82.4,3.7,CUST_1305
ITEM_15356,Fashion Product 5357,Outerwear,Uniqlo,170.06,3.8,CUST_1161
ITEM_15357,Fashion Product 5358,Outerwear,Gucci,236.73,4.0,CUST_1283
ITEM_15358,Fashion Product 5359,Footwear,Zara,229.36,3.4,CUST_1045
ITEM_15359,Fashion Product 5360,Outerwear,Puma,169.45,3.7,CUST_1287
ITEM_15360,Fashion Product 5361,Bottoms,Mango,131.65,3.9,CUST_1319
ITEM_15361,Fashion Product 5362,Accessories,Zara,208.2,4.9,CUST_1368
ITEM_15362,Fashion Product 5363,Footwear,Uniqlo,210.62,4.7,CUST_1166
ITEM_15363,Fashion Product 5364,Bottoms,Adidas,209.1,2.8,CUST_1207
ITEM_15364,Fashion Product 5365,Accessories,Gucci,47.88,2.6,CUST_1108
ITEM_15365,Fashion Product 5366,Accessories,Uniqlo,16.1,4.2,CUST_1424
ITEM_15366,Fashion Product 5367,Bottoms,Nike,245.97,2.6,CUST_1442
ITEM_15367,Fashion Product 5368,Dresses,H&M,240.32,2.7,CUST_1065
ITEM_15368,Fashion Product 5369,Footwear,Uniqlo,145.45,2.9,CUST_1267
ITEM_15369,Fashion Product 5370,Accessories,Uniqlo,248.34,3.4,CUST_1399
ITEM_15370,Fashion Product 5371,Accessories,Adidas,194.93,3.6,CUST_1353
ITEM_15371,Fashion Product 5372,Outerwear,Puma,134.17,3.8,CUST_1185
ITEM_15372,Fashion Product 5373,Accessories,Levi's,103.44,5.0,CUST_1368
ITEM_15373,Fashion Product 5374,Bottoms,H&M,152.29,3.5,CUST_1224
ITEM_15374,Fashion Product 5375,Accessories,Adidas,133.79,3.1,CUST_1153
ITEM_15375,Fashion Product 5376,Dresses,Levi's,248.51,3.9,CUST_1423
ITEM_15376,Fashion Product 5377,Footwear,Nike,127.71,3.0,CUST_1289
ITEM_15377,Fashion Product 5378,Footwear,Zara,210.62,4.9,CUST_1285
ITEM_15378,Fashion Product 5379,Accessories,H&M,205.27,3.1,CUST_1186
ITEM_15379,Fashion Product 5380,Tops,Mango,27.14,5.0,CUST_1226
ITEM_15380,Fashion Product 5381,Tops,Adidas,30.88,3.5,CUST_1200
ITEM_15381,Fashion Product 5382,Bottoms,Zara,168.35,4.5,CUST_1011
ITEM_15382,Fashion Product 5383,Tops,Zara,72.19,4.1,CUST_1397
ITEM_15383,Fashion Product 5384,Bottoms,Uniqlo,167.81,4.8,CUST_1325
ITEM_15384,Fashion Product 5385,Outerwear,Uniqlo,44.71,4.1,CUST_1498
ITEM_15385,Fashion Product 5386,Bottoms,Mango,105.3,4.0,CUST_1467
ITEM_15386,Fashion Product 5387,Tops,Mango,34.59,4.1,CUST_1277
ITEM_15387,Fashion Product 5388,Accessories,Mango,77.7,4.5,CUST_1003
ITEM_15388,Fashion Product 5389,Outerwear,Zara,31.19,4.7,CUST_1410
ITEM_15389,Fashion Product 5390,Tops,Levi's,242.94,3.2,CUST_1417
ITEM_15390,Fashion Product 5391,Bottoms,Puma,104.81,3.0,CUST_1350
ITEM_15391,Fashion Product 5392,Dresses,Puma,226.29,2.6,CUST_1278
ITEM_15392,Fashion Product 5393,Footwear,Puma,243.08,3.4,CUST_1062
ITEM_15393,Fashion Product 5394,Tops,H&M,228.3,4.6,CUST_1005
ITEM_15394,Fashion Product 5395,Bottoms,H&M,119.19,2.7,CUST_1403
ITEM_15395,Fashion Product 5396,Outerwear,Mango,196.94,3.8,CUST_1009
ITEM_15396,Fashion Product 5397,Tops,Puma,46.89,4.2,CUST_1058
ITEM_15397,Fashion Product 5398,Tops,Nike,32.76,4.6,CUST_1280
ITEM_15398,Fashion Product 5399,Footwear,Uniqlo,220.46,4.0,CUST_1423
ITEM_15399,Fashion Product 5400,Bottoms,Nike,17.47,3.0,CUST_1460
ITEM_15400,Fashion Product 5401,Dresses,Puma,243.36,4.9,CUST_1238
ITEM_15401,Fashion Product 5402,Outerwear,Puma,171.31,2.7,CUST_1317
ITEM_15402,Fashion Product 5403,Bottoms,Uniqlo,110.71,4.4,CUST_1127
ITEM_15403,Fashion Product 5404,Outerwear,Puma,43.93,2.7,CUST_1304
ITEM_15404,Fashion Product 5405,Tops,Adidas,183.58,2.9,CUST_1237
ITEM_15405,Fashion Product 5406,Footwear,Zara,145.15,4.7,CUST_1219
ITEM_15406,Fashion Product 5407,Footwear,Uniqlo,180.67,4.4,CUST_1178
ITEM_15407,Fashion Product 5408,Accessories,Puma,110.3,3.4,CUST_1318
ITEM_15408,Fashion Product 5409,Dresses,H&M,25.9,4.1,CUST_1490
ITEM_15409,Fashion Product 5410,Footwear,H&M,85.59,3.6,CUST_1437
ITEM_15410,Fashion Product 5411,Tops,Zara,85.6,2.7,CUST_1149
ITEM_15411,Fashion Product 5412,Dresses,H&M,12.08,4.3,CUST_1038
ITEM_15412,Fashion Product 5413,Bottoms,Gucci,12.3,4.4,CUST_1118
ITEM_15413,Fashion Product 5414,Footwear,Gucci,89.38,4.7,CUST_1483
ITEM_15414,Fashion Product 5415,Dresses,Gucci,184.63,3.9,CUST_1480
ITEM_15415,Fashion Product 5416,Tops,Zara,159.77,4.2,CUST_1315
ITEM_15416,Fashion Product 5417,Accessories,Zara,67.36,3.6,CUST_1484
ITEM_15417,Fashion Product 5418,Outerwear,Uniqlo,154.66,3.3,CUST_1097
ITEM_15418,Fashion Product 5419,Outerwear,Mango,165.37,3.5,CUST_1427
ITEM_15419,Fashion Product 5420,Tops,Gucci,135.42,4.8,CUST_1017
ITEM_15420,Fashion Product 5421,Tops,H&M,135.12,2.9,CUST_1325
ITEM_15421,Fashion Product 5422,Outerwear,Nike,98.74,3.1,CUST_1428
ITEM_15422,Fashion Product 5423,Accessories,Mango,39.61,4.0,CUST_1468
ITEM_15423,Fashion Product 5424,Dresses,Uniqlo,102.52,2.8,CUST_1447
ITEM_15424,Fashion Product 5425,Outerwear,H&M,92.88,4.7,CUST_1279
ITEM_15425,Fashion Product 5426,Tops,Puma,152.07,2.6,CUST_1359
ITEM_15426,Fashion Product 5427,Footwear,Uniqlo,215.5,4.4,CUST_1452
ITEM_15427,Fashion Product 5428,Bottoms,Gucci,100.09,3.4,CUST_1154
ITEM_15428,Fashion Product 5429,Accessories,Gucci,180.34,2.6,CUST_1094
ITEM_15429,Fashion Product 5430,Accessories,Puma,204.84,4.6,CUST_1432
ITEM_15430,Fashion Product 5431,Footwear,Levi's,60.82,4.1,CUST_1175
ITEM_15431,Fashion Product 5432,Footwear,Uniqlo,226.4,2.5,CUST_1302
ITEM_15432,Fashion Product 5433,Tops,Puma,26.91,3.2,CUST_1029
ITEM_15433,Fashion Product 5434,Outerwear,Zara,226.41,3.4,CUST_1034
ITEM_15434,Fashion Product 5435,Dresses,Uniqlo,49.27,3.3,CUST_1010
ITEM_15435,Fashion Product 5436,Accessories,H&M,90.92,3.7,CUST_1276
ITEM_15436,Fashion Product 5437,Accessories,Levi's,155.26,3.8,CUST_1472
ITEM_15437,Fashion Product 5438,Footwear,Adidas,227.36,3.5,CUST_1290
ITEM_15438,Fashion Product 5439,Outerwear,Nike,71.37,3.3,CUST_1101
ITEM_15439,Fashion Product 5440,Accessories,Uniqlo,193.26,3.8,CUST_1141
ITEM_15440,Fashion Product 5441,Dresses,Mango,180.5,2.6,CUST_1087
ITEM_15441,Fashion Product 5442,Footwear,Zara,48.33,4.1,CUST_1394
ITEM_15442,Fashion Product 5443,Dresses,Puma,125.07,4.0,CUST_1470
ITEM_15443,Fashion Product 5444,Outerwear,Gucci,125.56,3.2,CUST_1301
ITEM_15444,Fashion Product 5445,Accessories,Puma,83.11,2.9,CUST_1128
ITEM_15445,Fashion Product 5446,Bottoms,Puma,197.18,2.7,CUST_1206
ITEM_15446,Fashion Product 5447,Accessories,Levi's,232.22,4.0,CUST_1089
ITEM_15447,Fashion Product 5448,Outerwear,Uniqlo,181.98,3.9,CUST_1082
ITEM_15448,Fashion Product 5449,Accessories,Puma,243.51,3.8,CUST_1212
ITEM_15449,Fashion Product 5450,Accessories,Levi's,22.11,5.0,CUST_1119
ITEM_15450,Fashion Product 5451,Tops,Adidas,18.93,3.8,CUST_1348
ITEM_15451,Fashion Product 5452,Accessories,H&M,224.53,4.3,CUST_1136
ITEM_15452,Fashion Product 5453,Accessories,Adidas,225.47,2.8,CUST_1261
ITEM_15453,Fashion Product 5454,Dresses,Uniqlo,35.71,3.2,CUST_1469
ITEM_15454,Fashion Product 5455,Bottoms,Gucci,95.79,3.2,CUST_1276
ITEM_15455,Fashion Product 5456,Dresses,Adidas,210.49,3.9,CUST_1377
ITEM_15456,Fashion Product 5457,Dresses,Levi's,40.85,3.3,CUST_1428
ITEM_15457,Fashion Product 5458,Footwear,Levi's,74.18,4.1,CUST_1208
ITEM_15458,Fashion Product 5459,Tops,Nike,173.44,4.2,CUST_1314
ITEM_15459,Fashion Product 5460,Dresses,Mango,245.66,2.6,CUST_1404
ITEM_15460,Fashion Product 5461,Outerwear,Mango,201.31,4.1,CUST_1243
ITEM_15461,Fashion Product 5462,Outerwear,Uniqlo,196.56,2.8,CUST_1473
ITEM_15462,Fashion Product 5463,Accessories,Nike,92.24,3.7,CUST_1455
ITEM_15463,Fashion Product 5464,Footwear,Zara,168.72,4.3,CUST_1345
ITEM_15464,Fashion Product 5465,Tops,Puma,37.14,4.3,CUST_1100
ITEM_15465,Fashion Product 5466,Tops,Adidas,248.14,3.2,CUST_1115
ITEM_15466,Fashion Product 5467,Accessories,Puma,125.34,3.2,CUST_1330
ITEM_15467,Fashion Product 5468,Outerwear,Zara,163.31,3.6,CUST_1424
ITEM_15468,Fashion Product 5469,Bottoms,Gucci,220.28,3.0,CUST_1016
ITEM_15469,Fashion Product 5470,Footwear,Nike,10.23,4.9,CUST_1004
ITEM_15470,Fashion Product 5471,Accessories,Puma,244.24,3.4,CUST_1266
ITEM_15471,Fashion Product 5472,Footwear,Nike,96.2,4.8,CUST_1435
ITEM_15472,Fashion Product 5473,Outerwear,Nike,91.5,4.8,CUST_1048
ITEM_15473,Fashion Product 5474,Outerwear,Levi's,44.82,3.4,CUST_1223
ITEM_15474,Fashion Product 5475,Bottoms,H&M,215.96,3.1,CUST_1204
ITEM_15475,Fashion Product 5476,Bottoms,Uniqlo,219.0,4.4,CUST_1020
ITEM_15476,Fashion Product 5477,Tops,Mango,14.8,3.1,CUST_1288
ITEM_15477,Fashion Product 5478,Footwear,Nike,23.37,3.8,CUST_1194
ITEM_15478,Fashion Product 5479,Footwear,Puma,230.4,2.8,CUST_1316
ITEM_15479,Fashion Product 5480,Outerwear,Puma,39.49,3.5,CUST_1011
ITEM_15480,Fashion Product 5481,Tops,Adidas,159.02,2.7,CUST_1020
ITEM_15481,Fashion Product 5482,Accessories,Nike,158.72,3.2,CUST_1279
ITEM_15482,Fashion Product 5483,Footwear,H&M,218.74,4.2,CUST_1383
ITEM_15483,Fashion Product 5484,Tops,Uniqlo,147.44,5.0,CUST_1333
ITEM_15484,Fashion Product 5485,Tops,Uniqlo,114.16,3.1,CUST_1035
ITEM_15485,Fashion Product 5486,Outerwear,Gucci,243.85,3.7,CUST_1401
ITEM_15486,Fashion Product 5487,Tops,Gucci,64.92,3.6,CUST_1266
ITEM_15487,Fashion Product 5488,Bottoms,Adidas,73.05,3.0,CUST_1232
ITEM_15488,Fashion Product 5489,Bottoms,Mango,30.34,4.0,CUST_1038
ITEM_15489,Fashion Product 5490,Dresses,Gucci,244.08,4.3,CUST_1462
ITEM_15490,Fashion Product 5491,Outerwear,Zara,179.53,2.9,CUST_1083
ITEM_15491,Fashion Product 5492,Accessories,Adidas,12.9,4.4,CUST_1032
ITEM_15492,Fashion Product 5493,Dresses,Uniqlo,179.04,4.3,CUST_1054
ITEM_15493,Fashion Product 5494,Bottoms,Uniqlo,106.99,3.0,CUST_1225
ITEM_15494,Fashion Product 5495,Dresses,H&M,242.21,4.1,CUST_1313
ITEM_15495,Fashion Product 5496,Outerwear,Zara,76.57,3.5,CUST_1107
ITEM_15496,Fashion Product 5497,Outerwear,Mango,180.47,4.2,CUST_1473
ITEM_15497,Fashion Product 5498,Tops,Puma,160.58,3.7,CUST_1025
ITEM_15498,Fashion Product 5499,Footwear,Adidas,12.89,2.6,CUST_1398
ITEM_15499,Fashion Product 5500,Tops,Gucci,222.45,4.5,CUST_1045
ITEM_15500,Fashion Product 5501,Outerwear,Levi's,43.51,3.9,CUST_1428
ITEM_15501,Fashion Product 5502,Bottoms,H&M,169.26,4.3,CUST_1118
ITEM_15502,Fashion Product 5503,Accessories,Uniqlo,196.13,2.8,CUST_1294
ITEM_15503,Fashion Product 5504,Bottoms,Levi's,161.42,4.3,CUST_1125
ITEM_15504,Fashion Product 5505,Tops,Adidas,33.31,3.5,CUST_1036
ITEM_15505,Fashion Product 5506,Accessories,Nike,244.04,4.5,CUST_1344
ITEM_15506,Fashion Product 5507,Outerwear,Mango,66.84,4.0,CUST_1489
ITEM_15507,Fashion Product 5508,Bottoms,Nike,160.69,3.4,CUST_1380
ITEM_15508,Fashion Product 5509,Outerwear,Adidas,201.32,3.0,CUST_1423
ITEM_15509,Fashion Product 5510,Accessories,Nike,235.42,4.5,CUST_1167
ITEM_15510,Fashion Product 5511,Accessories,Mango,154.96,3.9,CUST_1269
ITEM_15511,Fashion Product 5512,Bottoms,Adidas,72.17,5.0,CUST_1194
ITEM_15512,Fashion Product 5513,Outerwear,Levi's,210.79,3.4,CUST_1418
ITEM_15513,Fashion Product 5514,Dresses,Nike,49.17,4.2,CUST_1124
ITEM_15514,Fashion Product 5515,Outerwear,Mango,15.35,4.1,CUST_1271
ITEM_15515,Fashion Product 5516,Accessories,Gucci,227.96,4.1,CUST_1058
ITEM_15516,Fashion Product 5517,Outerwear,Puma,148.09,4.3,CUST_1368
ITEM_15517,Fashion Product 5518,Tops,Mango,26.71,2.8,CUST_1059
ITEM_15518,Fashion Product 5519,Dresses,H&M,149.14,3.9,CUST_1450
ITEM_15519,Fashion Product 5520,Footwear,Puma,44.8,3.8,CUST_1308
ITEM_15520,Fashion Product 5521,Tops,Gucci,17.53,3.4,CUST_1217
ITEM_15521,Fashion Product 5522,Footwear,Zara,37.97,3.6,CUST_1069
ITEM_15522,Fashion Product 5523,Bottoms,Levi's,196.03,3.8,CUST_1482
ITEM_15523,Fashion Product 5524,Footwear,Uniqlo,191.36,3.3,CUST_1244
ITEM_15524,Fashion Product 5525,Outerwear,Gucci,155.04,3.2,CUST_1103
ITEM_15525,Fashion Product 5526,Footwear,Puma,60.24,4.3,CUST_1005
ITEM_15526,Fashion Product 5527,Accessories,Puma,187.35,2.7,CUST_1299
ITEM_15527,Fashion Product 5528,Tops,H&M,107.93,3.3,CUST_1264
ITEM_15528,Fashion Product 5529,Tops,Zara,132.58,4.1,CUST_1241
ITEM_15529,Fashion Product 5530,Footwear,Uniqlo,225.43,3.0,CUST_1334
ITEM_15530,Fashion Product 5531,Tops,H&M,119.89,3.9,CUST_1349
ITEM_15531,Fashion Product 5532,Accessories,Gucci,160.33,3.3,CUST_1222
ITEM_15532,Fashion Product 5533,Tops,Puma,240.82,4.6,CUST_1319
ITEM_15533,Fashion Product 5534,Footwear,Gucci,118.33,3.4,CUST_1229
ITEM_15534,Fashion Product 5535,Dresses,Mango,144.57,3.1,CUST_1452
ITEM_15535,Fashion Product 5536,Dresses,Zara,150.26,3.8,CUST_1419
ITEM_15536,Fashion Product 5537,Bottoms,Levi's,67.77,2.8,CUST_1455
ITEM_15537,Fashion Product 5538,Tops,Mango,186.86,4.5,CUST_1474
ITEM_15538,Fashion Product 5539,Footwear,Zara,184.39,4.2,CUST_1032
ITEM_15539,Fashion Product 5540,Tops,Zara,61.25,4.4,CUST_1491
ITEM_15540,Fashion Product 5541,Outerwear,Gucci,13.2,3.5,CUST_1353
ITEM_15541,Fashion Product 5542,Accessories,Mango,249.75,4.6,CUST_1374
ITEM_15542,Fashion Product 5543,Tops,Gucci,149.58,3.7,CUST_1024
ITEM_15543,Fashion Product 5544,Tops,Gucci,53.45,2.7,CUST_1306
ITEM_15544,Fashion Product 5545,Dresses,Gucci,78.06,3.1,CUST_1374
ITEM_15545,Fashion Product 5546,Accessories,Puma,158.27,4.3,CUST_1187
ITEM_15546,Fashion Product 5547,Footwear,Puma,43.03,4.7,CUST_1449
ITEM_15547,Fashion Product 5548,Tops,Uniqlo,18.95,2.7,CUST_1477
ITEM_15548,Fashion Product 5549,Dresses,Levi's,201.64,4.7,CUST_1128
ITEM_15549,Fashion Product 5550,Bottoms,H&M,181.8,4.5,CUST_1112
ITEM_15550,Fashion Product 5551,Accessories,Levi's,84.3,3.4,CUST_1493
ITEM_15551,Fashion Product 5552,Dresses,Nike,24.04,4.2,CUST_1294
ITEM_15552,Fashion Product 5553,Dresses,H&M,126.71,3.0,CUST_1422
ITEM_15553,Fashion Product 5554,Dresses,Uniqlo,76.28,4.5,CUST_1149
ITEM_15554,Fashion Product 5555,Tops,Adidas,105.47,4.1,CUST_1151
ITEM_15555,Fashion Product 5556,Tops,H&M,75.75,3.6,CUST_1174
ITEM_15556,Fashion Product 5557,Bottoms,Zara,52.06,4.7,CUST_1197
ITEM_15557,Fashion Product 5558,Outerwear,Adidas,102.88,2.8,CUST_1255
ITEM_15558,Fashion Product 5559,Outerwear,Levi's,241.57,4.6,CUST_1414
ITEM_15559,Fashion Product 5560,Outerwear,Adidas,73.89,2.6,CUST_1168
ITEM_15560,Fashion Product 5561,Accessories,Levi's,90.63,4.4,CUST_1082
ITEM_15561,Fashion Product 5562,Accessories,Mango,89.02,3.9,CUST_1070
ITEM_15562,Fashion Product 5563,Bottoms,Nike,125.27,4.2,CUST_1325
ITEM_15563,Fashion Product 5564,Accessories,Uniqlo,212.44,3.5,CUST_1426
ITEM_15564,Fashion Product 5565,Outerwear,Uniqlo,106.51,4.7,CUST_1402
ITEM_15565,Fashion Product 5566,Outerwear,Zara,203.48,3.3,CUST_1443
ITEM_15566,Fashion Product 5567,Dresses,Nike,37.6,3.2,CUST_1013
ITEM_15567,Fashion Product 5568,Accessories,Nike,224.78,3.3,CUST_1119
ITEM_15568,Fashion Product 5569,Tops,Zara,54.47,4.4,CUST_1212
ITEM_15569,Fashion Product 5570,Tops,Levi's,19.41,3.7,CUST_1102
ITEM_15570,Fashion Product 5571,Dresses,Zara,48.01,3.8,CUST_1277
ITEM_15571,Fashion Product 5572,Dresses,Levi's,55.78,4.6,CUST_1196
ITEM_15572,Fashion Product 5573,Dresses,Zara,132.04,4.6,CUST_1077
ITEM_15573,Fashion Product 5574,Tops,H&M,117.99,2.9,CUST_1338
ITEM_15574,Fashion Product 5575,Outerwear,H&M,181.81,3.9,CUST_1333
ITEM_15575,Fashion Product 5576,Dresses,Mango,22.23,2.8,CUST_1205
ITEM_15576,Fashion Product 5577,Bottoms,Puma,129.45,4.7,CUST_1487
ITEM_15577,Fashion Product 5578,Dresses,Zara,89.79,4.6,CUST_1229
ITEM_15578,Fashion Product 5579,Footwear,Nike,161.37,4.6,CUST_1189
ITEM_15579,Fashion Product 5580,Dresses,H&M,20.49,4.3,CUST_1099
ITEM_15580,Fashion Product 5581,Tops,Gucci,18.38,3.7,CUST_1422
ITEM_15581,Fashion Product 5582,Accessories,Levi's,112.54,3.5,CUST_1424
ITEM_15582,Fashion Product 5583,Dresses,H&M,204.72,3.5,CUST_1411
ITEM_15583,Fashion Product 5584,Accessories,H&M,171.06,2.7,CUST_1442
ITEM_15584,Fashion Product 5585,Footwear,Levi's,14.01,4.9,CUST_1218
ITEM_15585,Fashion Product 5586,Bottoms,Uniqlo,52.83,3.6,CUST_1460
ITEM_15586,Fashion Product 5587,Accessories,Adidas,64.42,4.8,CUST_1194
ITEM_15587,Fashion Product 5588,Outerwear,Levi's,111.53,4.7,CUST_1043
ITEM_15588,Fashion Product 5589,Dresses,Mango,150.81,4.6,CUST_1378
ITEM_15589,Fashion Product 5590,Footwear,Levi's,61.95,4.0,CUST_1124
ITEM_15590,Fashion Product 5591,Footwear,Levi's,101.8,2.8,CUST_1020
ITEM_15591,Fashion Product 5592,Accessories,Puma,150.15,3.3,CUST_1419
ITEM_15592,Fashion Product 5593,Bottoms,Levi's,102.02,4.0,CUST_1311
ITEM_15593,Fashion Product 5594,Tops,Adidas,44.36,2.5,CUST_1330
ITEM_15594,Fashion Product 5595,Dresses,Adidas,128.0,2.6,CUST_1328
ITEM_15595,Fashion Product 5596,Footwear,Gucci,87.76,4.2,CUST_1168
ITEM_15596,Fashion Product 5597,Bottoms,Uniqlo,217.41,4.7,CUST_1046
ITEM_15597,Fashion Product 5598,Outerwear,Levi's,196.15,4.6,CUST_1484
ITEM_15598,Fashion Product 5599,Footwear,Puma,55.67,2.9,CUST_1223
ITEM_15599,Fashion Product 5600,Bottoms,Puma,46.63,4.8,CUST_1079
ITEM_15600,Fashion Product 5601,Tops,Nike,93.44,4.2,CUST_1170
ITEM_15601,Fashion Product 5602,Tops,Uniqlo,108.92,4.3,CUST_1402
ITEM_15602,Fashion Product 5603,Footwear,Puma,233.68,3.3,CUST_1246
ITEM_15603,Fashion Product 5604,Footwear,Adidas,82.39,4.3,CUST_1271
ITEM_15604,Fashion Product 5605,Accessories,Nike,218.22,4.3,CUST_1467
ITEM_15605,Fashion Product 5606,Dresses,Zara,131.27,4.0,CUST_1472
ITEM_15606,Fashion Product 5607,Bottoms,Puma,222.55,3.4,CUST_1099
ITEM_15607,Fashion Product 5608,Footwear,Mango,178.47,4.5,CUST_1322
ITEM_15608,Fashion Product 5609,Dresses,Puma,180.01,4.8,CUST_1141
ITEM_15609,Fashion Product 5610,Accessories,H&M,134.51,4.7,CUST_1109
ITEM_15610,Fashion Product 5611,Dresses,Uniqlo,211.67,3.1,CUST_1313
ITEM_15611,Fashion Product 5612,Footwear,H&M,71.06,3.6,CUST_1137
ITEM_15612,Fashion Product 5613,Tops,Gucci,227.76,3.4,CUST_1121
ITEM_15613,Fashion Product 5614,Bottoms,Puma,162.83,4.3,CUST_1099
ITEM_15614,Fashion Product 5615,Bottoms,Zara,115.29,4.6,CUST_1066
ITEM_15615,Fashion Product 5616,Tops,H&M,245.73,3.0,CUST_1494
ITEM_15616,Fashion Product 5617,Footwear,H&M,216.88,4.9,CUST_1144
ITEM_15617,Fashion Product 5618,Bottoms,Uniqlo,195.29,4.2,CUST_1110
ITEM_15618,Fashion Product 5619,Footwear,Nike,75.74,3.0,CUST_1484
ITEM_15619,Fashion Product 5620,Accessories,Zara,243.7,3.4,CUST_1130
ITEM_15620,Fashion Product 5621,Footwear,H&M,188.32,2.8,CUST_1400
ITEM_15621,Fashion Product 5622,Dresses,Levi's,155.25,4.0,CUST_1328
ITEM_15622,Fashion Product 5623,Tops,Zara,231.23,2.9,CUST_1257
ITEM_15623,Fashion Product 5624,Footwear,Levi's,48.92,4.2,CUST_1210
ITEM_15624,Fashion Product 5625,Accessories,Puma,43.36,4.3,CUST_1246
ITEM_15625,Fashion Product 5626,Outerwear,H&M,145.29,3.7,CUST_1361
ITEM_15626,Fashion Product 5627,Tops,H&M,23.61,2.7,CUST_1154
ITEM_15627,Fashion Product 5628,Bottoms,Adidas,169.36,4.0,CUST_1428
ITEM_15628,Fashion Product 5629,Dresses,Adidas,67.78,3.4,CUST_1133
ITEM_15629,Fashion Product 5630,Bottoms,Uniqlo,38.57,4.9,CUST_1021
ITEM_15630,Fashion Product 5631,Accessories,Nike,108.28,3.8,CUST_1035
ITEM_15631,Fashion Product 5632,Accessories,Uniqlo,121.83,2.7,CUST_1360
ITEM_15632,Fashion Product 5633,Bottoms,Uniqlo,50.92,4.1,CUST_1476
ITEM_15633,Fashion Product 5634,Tops,H&M,19.97,4.4,CUST_1310
ITEM_15634,Fashion Product 5635,Bottoms,Adidas,109.37,2.9,CUST_1474
ITEM_15635,Fashion Product 5636,Footwear,Adidas,192.29,3.6,CUST_1224
ITEM_15636,Fashion Product 5637,Bottoms,Adidas,219.81,4.4,CUST_1124
ITEM_15637,Fashion Product 5638,Dresses,Zara,33.41,2.6,CUST_1240
ITEM_15638,Fashion Product 5639,Dresses,Mango,135.92,2.6,CUST_1434
ITEM_15639,Fashion Product 5640,Outerwear,H&M,73.22,4.2,CUST_1364
ITEM_15640,Fashion Product 5641,Dresses,Puma,99.91,4.3,CUST_1300
ITEM_15641,Fashion Product 5642,Bottoms,Uniqlo,234.03,4.6,CUST_1341
ITEM_15642,Fashion Product 5643,Dresses,Adidas,94.5,3.5,CUST_1004
ITEM_15643,Fashion Product 5644,Tops,Adidas,97.68,3.5,CUST_1123
ITEM_15644,Fashion Product 5645,Dresses,Adidas,60.25,3.9,CUST_1042
ITEM_15645,Fashion Product 5646,Footwear,H&M,240.4,4.4,CUST_1169
ITEM_15646,Fashion Product 5647,Tops,Adidas,119.56,4.1,CUST_1420
ITEM_15647,Fashion Product 5648,Outerwear,Nike,146.89,3.3,CUST_1280
ITEM_15648,Fashion Product 5649,Footwear,Uniqlo,118.76,3.4,CUST_1225
ITEM_15649,Fashion Product 5650,Bottoms,H&M,70.7,4.4,CUST_1389
ITEM_15650,Fashion Product 5651,Bottoms,Uniqlo,204.5,3.8,CUST_1185
ITEM_15651,Fashion Product 5652,Bottoms,Levi's,16.83,2.7,CUST_1323
ITEM_15652,Fashion Product 5653,Footwear,Gucci,175.66,2.9,CUST_1011
ITEM_15653,Fashion Product 5654,Footwear,Nike,152.63,4.6,CUST_1173
ITEM_15654,Fashion Product 5655,Footwear,Zara,44.63,5.0,CUST_1096
ITEM_15655,Fashion Product 5656,Tops,Zara,49.82,3.3,CUST_1278
ITEM_15656,Fashion Product 5657,Accessories,Mango,168.21,3.5,CUST_1139
ITEM_15657,Fashion Product 5658,Tops,Nike,84.91,2.9,CUST_1166
ITEM_15658,Fashion Product 5659,Bottoms,Uniqlo,73.78,3.1,CUST_1187
ITEM_15659,Fashion Product 5660,Accessories,Zara,24.2,3.6,CUST_1086
ITEM_15660,Fashion Product 5661,Dresses,Gucci,193.96,3.2,CUST_1388
ITEM_15661,Fashion Product 5662,Bottoms,Zara,221.84,4.3,CUST_1231
ITEM_15662,Fashion Product 5663,Outerwear,Adidas,206.76,3.8,CUST_1451
ITEM_15663,Fashion Product 5664,Tops,Mango,121.85,4.6,CUST_1138
ITEM_15664,Fashion Product 5665,Footwear,H&M,138.15,4.3,CUST_1485
ITEM_15665,Fashion Product 5666,Tops,Puma,68.15,2.8,CUST_1019
ITEM_15666,Fashion Product 5667,Footwear,Puma,51.49,2.8,CUST_1338
ITEM_15667,Fashion Product 5668,Accessories,Zara,207.52,4.7,CUST_1156
ITEM_15668,Fashion Product 5669,Outerwear,Uniqlo,201.6,4.5,CUST_1095
ITEM_15669,Fashion Product 5670,Accessories,Uniqlo,196.57,3.7,CUST_1017
ITEM_15670,Fashion Product 5671,Outerwear,Adidas,121.21,2.8,CUST_1280
ITEM_15671,Fashion Product 5672,Tops,Zara,217.48,4.7,CUST_1385
ITEM_15672,Fashion Product 5673,Footwear,Zara,232.3,3.1,CUST_1261
ITEM_15673,Fashion Product 5674,Accessories,Puma,88.8,2.6,CUST_1160
ITEM_15674,Fashion Product 5675,Outerwear,Levi's,63.93,4.8,CUST_1309
ITEM_15675,Fashion Product 5676,Bottoms,Zara,121.42,4.5,CUST_1081
ITEM_15676,Fashion Product 5677,Bottoms,H&M,53.04,4.2,CUST_1185
ITEM_15677,Fashion Product 5678,Accessories,Mango,222.16,2.6,CUST_1213
ITEM_15678,Fashion Product 5679,Footwear,Mango,91.12,3.8,CUST_1489
ITEM_15679,Fashion Product 5680,Accessories,H&M,148.28,4.1,CUST_1427
ITEM_15680,Fashion Product 5681,Tops,Levi's,152.73,4.4,CUST_1342
ITEM_15681,Fashion Product 5682,Outerwear,Uniqlo,133.6,3.7,CUST_1359
ITEM_15682,Fashion Product 5683,Tops,Puma,47.57,4.9,CUST_1167
ITEM_15683,Fashion Product 5684,Bottoms,Mango,247.84,3.1,CUST_1418
ITEM_15684,Fashion Product 5685,Outerwear,Nike,51.42,2.7,CUST_1206
ITEM_15685,Fashion Product 5686,Accessories,Gucci,190.36,3.3,CUST_1336
ITEM_15686,Fashion Product 5687,Tops,Puma,199.93,4.2,CUST_1261
ITEM_15687,Fashion Product 5688,Dresses,Levi's,44.84,4.3,CUST_1274
ITEM_15688,Fashion Product 5689,Footwear,Nike,233.96,4.3,CUST_1388
ITEM_15689,Fashion Product 5690,Footwear,Zara,127.06,2.8,CUST_1236
ITEM_15690,Fashion Product 5691,Dresses,H&M,160.93,4.7,CUST_1243
ITEM_15691,Fashion Product 5692,Bottoms,Zara,164.12,3.2,CUST_1220
ITEM_15692,Fashion Product 5693,Outerwear,Adidas,131.19,3.0,CUST_1365
ITEM_15693,Fashion Product 5694,Footwear,H&M,44.09,4.0,CUST_1347
ITEM_15694,Fashion Product 5695,Dresses,Nike,190.42,3.0,CUST_1070
ITEM_15695,Fashion Product 5696,Accessories,Gucci,149.63,3.8,CUST_1395
ITEM_15696,Fashion Product 5697,Dresses,Adidas,38.48,3.5,CUST_1431
ITEM_15697,Fashion Product 5698,Bottoms,Uniqlo,178.08,3.1,CUST_1213
ITEM_15698,Fashion Product 5699,Bottoms,Adidas,178.66,3.2,CUST_1337
ITEM_15699,Fashion Product 5700,Tops,Mango,141.64,3.6,CUST_1287
ITEM_15700,Fashion Product 5701,Footwear,Puma,31.73,3.4,CUST_1226
ITEM_15701,Fashion Product 5702,Tops,Levi's,94.63,3.5,CUST_1269
ITEM_15702,Fashion Product 5703,Dresses,Zara,22.22,4.3,CUST_1279
ITEM_15703,Fashion Product 5704,Outerwear,Uniqlo,124.62,2.9,CUST_1249
ITEM_15704,Fashion Product 5705,Outerwear,Levi's,227.55,4.1,CUST_1321
ITEM_15705,Fashion Product 5706,Bottoms,Adidas,10.54,4.2,CUST_1196
ITEM_15706,Fashion Product 5707,Outerwear,Gucci,73.99,4.5,CUST_1030
ITEM_15707,Fashion Product 5708,Outerwear,Zara,201.97,4.6,CUST_1415
ITEM_15708,Fashion Product 5709,Outerwear,Uniqlo,12.37,2.9,CUST_1303
ITEM_15709,Fashion Product 5710,Dresses,Levi's,12.44,2.8,CUST_1400
ITEM_15710,Fashion Product 5711,Outerwear,Zara,156.6,4.0,CUST_1427
ITEM_15711,Fashion Product 5712,Accessories,Zara,199.41,4.4,CUST_1131
ITEM_15712,Fashion Product 5713,Outerwear,Uniqlo,196.36,3.2,CUST_1012
ITEM_15713,Fashion Product 5714,Outerwear,Nike,197.1,3.8,CUST_1460
ITEM_15714,Fashion Product 5715,Tops,Puma,96.64,4.4,CUST_1395
ITEM_15715,Fashion Product 5716,Dresses,Nike,221.85,4.4,CUST_1016
ITEM_15716,Fashion Product 5717,Bottoms,Zara,13.08,4.1,CUST_1413
ITEM_15717,Fashion Product 5718,Tops,H&M,84.93,2.7,CUST_1117
ITEM_15718,Fashion Product 5719,Footwear,Uniqlo,90.93,2.6,CUST_1149
ITEM_15719,Fashion Product 5720,Dresses,Zara,49.74,3.5,CUST_1109
ITEM_15720,Fashion Product 5721,Accessories,Zara,90.69,2.6,CUST_1236
ITEM_15721,Fashion Product 5722,Dresses,Gucci,150.61,4.8,CUST_1490
ITEM_15722,Fashion Product 5723,Footwear,Puma,134.87,2.6,CUST_1314
ITEM_15723,Fashion Product 5724,Footwear,Gucci,86.66,2.6,CUST_1427
ITEM_15724,Fashion Product 5725,Footwear,Uniqlo,189.84,2.9,CUST_1498
ITEM_15725,Fashion Product 5726,Bottoms,Mango,181.55,4.1,CUST_1005
ITEM_15726,Fashion Product 5727,Outerwear,Nike,77.37,3.9,CUST_1180
ITEM_15727,Fashion Product 5728,Dresses,Gucci,87.57,4.1,CUST_1397
ITEM_15728,Fashion Product 5729,Outerwear,Uniqlo,79.0,4.7,CUST_1337
ITEM_15729,Fashion Product 5730,Outerwear,Nike,40.92,3.6,CUST_1396
ITEM_15730,Fashion Product 5731,Accessories,Uniqlo,190.67,2.6,CUST_1465
ITEM_15731,Fashion Product 5732,Footwear,Mango,21.11,4.4,CUST_1001
ITEM_15732,Fashion Product 5733,Bottoms,Puma,46.14,4.5,CUST_1008
ITEM_15733,Fashion Product 5734,Accessories,Puma,35.27,2.6,CUST_1144
ITEM_15734,Fashion Product 5735,Tops,Uniqlo,208.08,3.1,CUST_1143
ITEM_15735,Fashion Product 5736,Bottoms,Gucci,20.56,4.4,CUST_1275
ITEM_15736,Fashion Product 5737,Outerwear,Puma,169.51,3.4,CUST_1153
ITEM_15737,Fashion Product 5738,Bottoms,H&M,20.67,3.7,CUST_1287
ITEM_15738,Fashion Product 5739,Footwear,Gucci,198.75,4.6,CUST_1490
ITEM_15739,Fashion Product 5740,Tops,Levi's,229.05,2.7,CUST_1130
ITEM_15740,Fashion Product 5741,Footwear,Adidas,126.84,4.2,CUST_1121
ITEM_15741,Fashion Product 5742,Tops,Uniqlo,203.09,3.0,CUST_1059
ITEM_15742,Fashion Product 5743,Accessories,Uniqlo,179.54,2.7,CUST_1217
ITEM_15743,Fashion Product 5744,Outerwear,Uniqlo,200.95,4.2,CUST_1031
ITEM_15744,Fashion Product 5745,Tops,Mango,194.03,2.8,CUST_1452
ITEM_15745,Fashion Product 5746,Tops,Uniqlo,59.29,4.4,CUST_1452
ITEM_15746,Fashion Product 5747,Tops,Puma,129.89,3.0,CUST_1244
ITEM_15747,Fashion Product 5748,Bottoms,Puma,240.5,2.6,CUST_1140
ITEM_15748,Fashion Product 5749,Accessories,Adidas,92.45,2.7,CUST_1401
ITEM_15749,Fashion Product 5750,Bottoms,Adidas,242.92,4.6,CUST_1213
ITEM_15750,Fashion Product 5751,Outerwear,Gucci,149.96,3.4,CUST_1029
ITEM_15751,Fashion Product 5752,Tops,Puma,120.79,3.3,CUST_1470
ITEM_15752,Fashion Product 5753,Accessories,Puma,167.86,3.7,CUST_1164
ITEM_15753,Fashion Product 5754,Accessories,Mango,205.8,4.1,CUST_1104
ITEM_15754,Fashion Product 5755,Dresses,Puma,104.61,2.6,CUST_1464
ITEM_15755,Fashion Product 5756,Outerwear,Puma,17.91,4.7,CUST_1063
ITEM_15756,Fashion Product 5757,Accessories,H&M,180.11,4.9,CUST_1015
ITEM_15757,Fashion Product 5758,Tops,H&M,239.48,3.5,CUST_1286
ITEM_15758,Fashion Product 5759,Tops,Puma,160.0,3.5,CUST_1494
ITEM_15759,Fashion Product 5760,Accessories,Puma,55.22,4.7,CUST_1179
ITEM_15760,Fashion Product 5761,Bottoms,Puma,69.58,3.6,CUST_1011
ITEM_15761,Fashion Product 5762,Outerwear,Adidas,228.34,4.6,CUST_1441
ITEM_15762,Fashion Product 5763,Tops,Zara,13.25,2.6,CUST_1013
ITEM_15763,Fashion Product 5764,Accessories,H&M,141.7,3.7,CUST_1215
ITEM_15764,Fashion Product 5765,Tops,Levi's,48.08,4.9,CUST_1488
ITEM_15765,Fashion Product 5766,Accessories,Gucci,77.86,3.1,CUST_1311
ITEM_15766,Fashion Product 5767,Outerwear,Gucci,83.68,3.2,CUST_1489
ITEM_15767,Fashion Product 5768,Accessories,Zara,62.63,4.1,CUST_1226
ITEM_15768,Fashion Product 5769,Dresses,Mango,200.16,4.8,CUST_1063
ITEM_15769,Fashion Product 5770,Accessories,Levi's,89.73,3.0,CUST_1255
ITEM_15770,Fashion Product 5771,Accessories,Gucci,92.92,4.8,CUST_1468
ITEM_15771,Fashion Product 5772,Outerwear,Nike,118.72,4.2,CUST_1130
ITEM_15772,Fashion Product 5773,Accessories,Uniqlo,226.55,5.0,CUST_1456
ITEM_15773,Fashion Product 5774,Outerwear,Nike,175.16,4.3,CUST_1466
ITEM_15774,Fashion Product 5775,Dresses,Mango,24.82,4.2,CUST_1440
ITEM_15775,Fashion Product 5776,Outerwear,Levi's,19.42,4.5,CUST_1263
ITEM_15776,Fashion Product 5777,Tops,Gucci,145.93,2.9,CUST_1171
ITEM_15777,Fashion Product 5778,Outerwear,Uniqlo,222.89,4.9,CUST_1415
ITEM_15778,Fashion Product 5779,Dresses,H&M,87.58,2.9,CUST_1445
ITEM_15779,Fashion Product 5780,Footwear,Gucci,69.47,2.6,CUST_1406
ITEM_15780,Fashion Product 5781,Accessories,Gucci,189.57,4.2,CUST_1190
ITEM_15781,Fashion Product 5782,Outerwear,Mango,154.5,3.0,CUST_1284
ITEM_15782,Fashion Product 5783,Accessories,Gucci,145.61,4.4,CUST_1025
ITEM_15783,Fashion Product 5784,Bottoms,Levi's,45.83,4.5,CUST_1449
ITEM_15784,Fashion Product 5785,Tops,Zara,52.23,3.1,CUST_1160
ITEM_15785,Fashion Product 5786,Tops,Levi's,77.63,2.7,CUST_1217
ITEM_15786,Fashion Product 5787,Bottoms,H&M,59.64,3.8,CUST_1176
ITEM_15787,Fashion Product 5788,Bottoms,Zara,243.15,4.7,CUST_1336
ITEM_15788,Fashion Product 5789,Outerwear,Gucci,14.47,4.6,CUST_1221
ITEM_15789,Fashion Product 5790,Bottoms,Gucci,160.25,2.8,CUST_1490
ITEM_15790,Fashion Product 5791,Footwear,Uniqlo,134.22,4.9,CUST_1280
ITEM_15791,Fashion Product 5792,Accessories,Gucci,87.58,3.2,CUST_1081
ITEM_15792,Fashion Product 5793,Accessories,Puma,223.02,3.4,CUST_1125
ITEM_15793,Fashion Product 5794,Dresses,H&M,170.84,2.9,CUST_1170
ITEM_15794,Fashion Product 5795,Bottoms,Adidas,249.61,3.4,CUST_1070
ITEM_15795,Fashion Product 5796,Bottoms,Uniqlo,50.48,4.1,CUST_1078
ITEM_15796,Fashion Product 5797,Footwear,Nike,31.09,3.8,CUST_1090
ITEM_15797,Fashion Product 5798,Tops,Zara,43.46,4.6,CUST_1380
ITEM_15798,Fashion Product 5799,Tops,Adidas,74.63,4.1,CUST_1348
ITEM_15799,Fashion Product 5800,Accessories,Gucci,110.03,3.2,CUST_1111
ITEM_15800,Fashion Product 5801,Accessories,Levi's,217.02,3.9,CUST_1164
ITEM_15801,Fashion Product 5802,Outerwear,Puma,78.06,2.7,CUST_1415
ITEM_15802,Fashion Product 5803,Footwear,Zara,229.66,4.0,CUST_1128
ITEM_15803,Fashion Product 5804,Dresses,Zara,121.1,3.5,CUST_1155
ITEM_15804,Fashion Product 5805,Dresses,Zara,165.3,2.7,CUST_1194
ITEM_15805,Fashion Product 5806,Footwear,H&M,73.46,3.3,CUST_1467
ITEM_15806,Fashion Product 5807,Dresses,Zara,47.44,4.7,CUST_1476
ITEM_15807,Fashion Product 5808,Tops,Uniqlo,218.67,4.0,CUST_1173
ITEM_15808,Fashion Product 5809,Dresses,Levi's,36.28,4.8,CUST_1300
ITEM_15809,Fashion Product 5810,Dresses,Uniqlo,195.77,3.5,CUST_1313
ITEM_15810,Fashion Product 5811,Footwear,Uniqlo,149.44,4.9,CUST_1021
ITEM_15811,Fashion Product 5812,Footwear,Puma,216.67,3.4,CUST_1311
ITEM_15812,Fashion Product 5813,Dresses,Levi's,182.28,4.4,CUST_1109
ITEM_15813,Fashion Product 5814,Bottoms,Puma,77.6,3.3,CUST_1399
ITEM_15814,Fashion Product 5815,Footwear,Zara,147.86,2.8,CUST_1418
ITEM_15815,Fashion Product 5816,Outerwear,Zara,13.14,4.6,CUST_1360
ITEM_15816,Fashion Product 5817,Outerwear,Uniqlo,124.05,4.4,CUST_1387
ITEM_15817,Fashion Product 5818,Tops,Uniqlo,30.64,4.6,CUST_1129
ITEM_15818,Fashion Product 5819,Dresses,Zara,112.95,3.2,CUST_1280
ITEM_15819,Fashion Product 5820,Bottoms,Mango,36.31,4.3,CUST_1427
ITEM_15820,Fashion Product 5821,Tops,H&M,239.32,3.0,CUST_1027
ITEM_15821,Fashion Product 5822,Dresses,Adidas,135.54,2.5,CUST_1393
ITEM_15822,Fashion Product 5823,Footwear,Gucci,229.17,4.7,CUST_1344
ITEM_15823,Fashion Product 5824,Outerwear,Nike,15.37,3.8,CUST_1401
ITEM_15824,Fashion Product 5825,Accessories,Levi's,163.04,5.0,CUST_1092
ITEM_15825,Fashion Product 5826,Bottoms,Puma,83.67,3.5,CUST_1295
ITEM_15826,Fashion Product 5827,Accessories,Levi's,113.64,4.9,CUST_1055
ITEM_15827,Fashion Product 5828,Outerwear,Zara,219.54,4.0,CUST_1196
ITEM_15828,Fashion Product 5829,Accessories,Adidas,245.21,3.8,CUST_1381
ITEM_15829,Fashion Product 5830,Footwear,Nike,69.16,3.3,CUST_1221
ITEM_15830,Fashion Product 5831,Dresses,Uniqlo,237.58,4.6,CUST_1301
ITEM_15831,Fashion Product 5832,Footwear,Uniqlo,175.29,4.6,CUST_1156
ITEM_15832,Fashion Product 5833,Accessories,Puma,238.34,3.5,CUST_1440
ITEM_15833,Fashion Product 5834,Footwear,Gucci,144.97,4.3,CUST_1101
ITEM_15834,Fashion Product 5835,Outerwear,Adidas,240.58,3.6,CUST_1413
ITEM_15835,Fashion Product 5836,Bottoms,Puma,224.19,4.3,CUST_1236
ITEM_15836,Fashion Product 5837,Footwear,Nike,40.86,5.0,CUST_1285
ITEM_15837,Fashion Product 5838,Outerwear,Nike,84.59,3.2,CUST_1069
ITEM_15838,Fashion Product 5839,Bottoms,Nike,68.34,4.1,CUST_1267
ITEM_15839,Fashion Product 5840,Dresses,Uniqlo,147.3,3.4,CUST_1386
ITEM_15840,Fashion Product 5841,Accessories,Mango,202.67,3.9,CUST_1452
ITEM_15841,Fashion Product 5842,Dresses,Adidas,192.26,4.7,CUST_1138
ITEM_15842,Fashion Product 5843,Tops,Gucci,184.42,3.4,CUST_1248
ITEM_15843,Fashion Product 5844,Outerwear,Adidas,100.06,2.7,CUST_1103
ITEM_15844,Fashion Product 5845,Bottoms,Adidas,43.51,4.5,CUST_1108
ITEM_15845,Fashion Product 5846,Footwear,H&M,60.54,3.9,CUST_1200
ITEM_15846,Fashion Product 5847,Dresses,Adidas,188.0,3.6,CUST_1375
ITEM_15847,Fashion Product 5848,Bottoms,Puma,45.41,3.0,CUST_1215
ITEM_15848,Fashion Product 5849,Outerwear,H&M,63.51,2.7,CUST_1155
ITEM_15849,Fashion Product 5850,Tops,Mango,111.89,3.2,CUST_1087
ITEM_15850,Fashion Product 5851,Dresses,Puma,27.31,4.3,CUST_1368
ITEM_15851,Fashion Product 5852,Accessories,Adidas,61.05,3.5,CUST_1482
ITEM_15852,Fashion Product 5853,Bottoms,Levi's,45.94,3.9,CUST_1419
ITEM_15853,Fashion Product 5854,Accessories,Uniqlo,238.32,2.7,CUST_1209
ITEM_15854,Fashion Product 5855,Bottoms,Zara,55.97,2.8,CUST_1495
ITEM_15855,Fashion Product 5856,Bottoms,Gucci,216.82,2.5,CUST_1178
ITEM_15856,Fashion Product 5857,Outerwear,Gucci,37.55,4.2,CUST_1074
ITEM_15857,Fashion Product 5858,Outerwear,Puma,218.72,3.2,CUST_1258
ITEM_15858,Fashion Product 5859,Outerwear,Gucci,153.86,4.9,CUST_1273
ITEM_15859,Fashion Product 5860,Footwear,H&M,213.93,3.3,CUST_1351
ITEM_15860,Fashion Product 5861,Bottoms,Nike,218.16,3.4,CUST_1336
ITEM_15861,Fashion Product 5862,Dresses,Levi's,153.13,3.7,CUST_1024
ITEM_15862,Fashion Product 5863,Accessories,Zara,230.25,3.3,CUST_1313
ITEM_15863,Fashion Product 5864,Outerwear,Gucci,150.51,4.5,CUST_1071
ITEM_15864,Fashion Product 5865,Outerwear,Gucci,181.02,4.7,CUST_1083
ITEM_15865,Fashion Product 5866,Accessories,Puma,109.86,2.5,CUST_1400
ITEM_15866,Fashion Product 5867,Accessories,Adidas,229.38,4.1,CUST_1353
ITEM_15867,Fashion Product 5868,Bottoms,Uniqlo,207.8,4.2,CUST_1292
ITEM_15868,Fashion Product 5869,Outerwear,Mango,50.01,4.9,CUST_1301
ITEM_15869,Fashion Product 5870,Accessories,Zara,148.33,3.4,CUST_1010
ITEM_15870,Fashion Product 5871,Footwear,Adidas,225.24,3.0,CUST_1319
ITEM_15871,Fashion Product 5872,Footwear,Uniqlo,200.34,3.8,CUST_1043
ITEM_15872,Fashion Product 5873,Outerwear,Uniqlo,241.01,3.6,CUST_1051
ITEM_15873,Fashion Product 5874,Accessories,Puma,65.51,4.5,CUST_1207
ITEM_15874,Fashion Product 5875,Bottoms,Levi's,98.19,4.8,CUST_1107
ITEM_15875,Fashion Product 5876,Bottoms,Gucci,131.73,2.7,CUST_1259
ITEM_15876,Fashion Product 5877,Bottoms,Gucci,65.84,4.6,CUST_1194
ITEM_15877,Fashion Product 5878,Tops,Adidas,104.57,4.8,CUST_1235
ITEM_15878,Fashion Product 5879,Outerwear,Mango,139.01,4.8,CUST_1490
ITEM_15879,Fashion Product 5880,Bottoms,H&M,55.92,4.4,CUST_1163
ITEM_15880,Fashion Product 5881,Footwear,Nike,71.61,4.4,CUST_1475
ITEM_15881,Fashion Product 5882,Accessories,Adidas,39.96,2.5,CUST_1069
ITEM_15882,Fashion Product 5883,Dresses,H&M,181.21,4.8,CUST_1335
ITEM_15883,Fashion Product 5884,Dresses,Nike,96.77,3.4,CUST_1292
ITEM_15884,Fashion Product 5885,Bottoms,Uniqlo,62.86,2.6,CUST_1305
ITEM_15885,Fashion Product 5886,Dresses,Mango,131.76,3.5,CUST_1481
ITEM_15886,Fashion Product 5887,Dresses,Adidas,26.38,4.3,CUST_1257
ITEM_15887,Fashion Product 5888,Tops,Uniqlo,231.62,3.6,CUST_1460
ITEM_15888,Fashion Product 5889,Footwear,H&M,80.67,4.4,CUST_1426
ITEM_15889,Fashion Product 5890,Footwear,Adidas,222.75,3.8,CUST_1425
ITEM_15890,Fashion Product 5891,Tops,Adidas,129.43,3.2,CUST_1329
ITEM_15891,Fashion Product 5892,Tops,Puma,214.04,3.0,CUST_1185
ITEM_15892,Fashion Product 5893,Dresses,Zara,69.3,3.6,CUST_1255
ITEM_15893,Fashion Product 5894,Outerwear,Uniqlo,52.06,2.6,CUST_1116
ITEM_15894,Fashion Product 5895,Accessories,Adidas,213.86,3.6,CUST_1404
ITEM_15895,Fashion Product 5896,Accessories,Gucci,61.1,2.7,CUST_1478
ITEM_15896,Fashion Product 5897,Dresses,Gucci,189.09,4.7,CUST_1014
ITEM_15897,Fashion Product 5898,Accessories,Zara,92.7,3.9,CUST_1378
ITEM_15898,Fashion Product 5899,Tops,Adidas,189.57,4.1,CUST_1215
ITEM_15899,Fashion Product 5900,Footwear,Zara,227.84,3.2,CUST_1093
ITEM_15900,Fashion Product 5901,Accessories,Zara,245.59,3.1,CUST_1499
ITEM_15901,Fashion Product 5902,Dresses,H&M,96.35,4.3,CUST_1234
ITEM_15902,Fashion Product 5903,Outerwear,H&M,98.21,4.2,CUST_1483
ITEM_15903,Fashion Product 5904,Dresses,Levi's,245.53,2.8,CUST_1180
ITEM_15904,Fashion Product 5905,Bottoms,Uniqlo,216.77,3.1,CUST_1475
ITEM_15905,Fashion Product 5906,Dresses,Nike,20.82,4.9,CUST_1054
ITEM_15906,Fashion Product 5907,Tops,Zara,147.63,3.3,CUST_1305
ITEM_15907,Fashion Product 5908,Footwear,H&M,53.5,2.6,CUST_1475
ITEM_15908,Fashion Product 5909,Footwear,Mango,248.56,2.7,CUST_1030
ITEM_15909,Fashion Product 5910,Accessories,Levi's,43.34,4.4,CUST_1387
ITEM_15910,Fashion Product 5911,Tops,Adidas,144.24,4.4,CUST_1012
ITEM_15911,Fashion Product 5912,Bottoms,Uniqlo,169.65,3.5,CUST_1111
ITEM_15912,Fashion Product 5913,Tops,Adidas,234.9,2.9,CUST_1415
ITEM_15913,Fashion Product 5914,Dresses,Levi's,213.34,3.7,CUST_1421
ITEM_15914,Fashion Product 5915,Tops,Puma,68.98,3.3,CUST_1411
ITEM_15915,Fashion Product 5916,Tops,Gucci,147.43,3.4,CUST_1495
ITEM_15916,Fashion Product 5917,Bottoms,Uniqlo,238.86,3.2,CUST_1372
ITEM_15917,Fashion Product 5918,Dresses,Gucci,186.57,2.7,CUST_1408
ITEM_15918,Fashion Product 5919,Outerwear,Mango,175.2,4.5,CUST_1112
ITEM_15919,Fashion Product 5920,Outerwear,Adidas,191.18,4.0,CUST_1169
ITEM_15920,Fashion Product 5921,Footwear,Puma,87.4,4.6,CUST_1104
ITEM_15921,Fashion Product 5922,Accessories,Mango,185.02,3.8,CUST_1448
ITEM_15922,Fashion Product 5923,Tops,Nike,65.89,5.0,CUST_1011
ITEM_15923,Fashion Product 5924,Footwear,Adidas,112.74,4.9,CUST_1347
ITEM_15924,Fashion Product 5925,Bottoms,Levi's,223.58,3.2,CUST_1329
ITEM_15925,Fashion Product 5926,Outerwear,Puma,14.55,3.5,CUST_1272
ITEM_15926,Fashion Product 5927,Tops,Uniqlo,109.44,4.4,CUST_1014
ITEM_15927,Fashion Product 5928,Bottoms,Puma,74.04,4.4,CUST_1175
ITEM_15928,Fashion Product 5929,Accessories,Adidas,57.66,4.8,CUST_1158
ITEM_15929,Fashion Product 5930,Bottoms,H&M,211.26,4.1,CUST_1110
ITEM_15930,Fashion Product 5931,Tops,Mango,177.16,3.7,CUST_1152
ITEM_15931,Fashion Product 5932,Accessories,Puma,37.03,3.4,CUST_1234
ITEM_15932,Fashion Product 5933,Bottoms,Gucci,128.67,3.5,CUST_1141
ITEM_15933,Fashion Product 5934,Accessories,Mango,122.06,4.6,CUST_1481
ITEM_15934,Fashion Product 5935,Tops,Gucci,44.21,5.0,CUST_1119
ITEM_15935,Fashion Product 5936,Tops,Puma,201.94,2.6,CUST_1382
ITEM_15936,Fashion Product 5937,Accessories,H&M,98.0,4.0,CUST_1009
ITEM_15937,Fashion Product 5938,Dresses,Mango,192.87,3.8,CUST_1177
ITEM_15938,Fashion Product 5939,Footwear,Levi's,56.1,3.4,CUST_1410
ITEM_15939,Fashion Product 5940,Bottoms,Mango,85.62,4.6,CUST_1049
ITEM_15940,Fashion Product 5941,Bottoms,Uniqlo,32.84,3.9,CUST_1298
ITEM_15941,Fashion Product 5942,Dresses,Puma,44.44,3.3,CUST_1429
ITEM_15942,Fashion Product 5943,Dresses,Nike,221.96,3.6,CUST_1370
ITEM_15943,Fashion Product 5944,Dresses,Adidas,36.19,3.4,CUST_1333
ITEM_15944,Fashion Product 5945,Outerwear,Zara,32.98,3.6,CUST_1149
ITEM_15945,Fashion Product 5946,Outerwear,Nike,235.69,2.7,CUST_1157
ITEM_15946,Fashion Product 5947,Accessories,Gucci,165.02,2.8,CUST_1092
ITEM_15947,Fashion Product 5948,Outerwear,Levi's,34.22,4.1,CUST_1152
ITEM_15948,Fashion Product 5949,Tops,Levi's,243.21,4.2,CUST_1461
ITEM_15949,Fashion Product 5950,Accessories,H&M,45.3,4.1,CUST_1376
ITEM_15950,Fashion Product 5951,Bottoms,Uniqlo,193.92,4.4,CUST_1170
ITEM_15951,Fashion Product 5952,Footwear,Adidas,18.36,4.9,CUST_1084
ITEM_15952,Fashion Product 5953,Tops,Nike,159.89,4.7,CUST_1359
ITEM_15953,Fashion Product 5954,Bottoms,Zara,141.21,3.5,CUST_1327
ITEM_15954,Fashion Product 5955,Bottoms,Mango,59.92,3.0,CUST_1425
ITEM_15955,Fashion Product 5956,Accessories,H&M,164.36,3.3,CUST_1048
ITEM_15956,Fashion Product 5957,Dresses,Levi's,158.09,4.0,CUST_1335
ITEM_15957,Fashion Product 5958,Dresses,Zara,201.6,4.6,CUST_1217
ITEM_15958,Fashion Product 5959,Tops,Levi's,220.21,4.3,CUST_1483
ITEM_15959,Fashion Product 5960,Dresses,Puma,132.43,3.9,CUST_1077
ITEM_15960,Fashion Product 5961,Bottoms,H&M,127.67,4.0,CUST_1043
ITEM_15961,Fashion Product 5962,Dresses,Mango,159.18,3.8,CUST_1264
ITEM_15962,Fashion Product 5963,Outerwear,Gucci,185.01,4.9,CUST_1469
ITEM_15963,Fashion Product 5964,Dresses,H&M,95.48,4.5,CUST_1063
ITEM_15964,Fashion Product 5965,Bottoms,Adidas,131.11,4.5,CUST_1245
ITEM_15965,Fashion Product 5966,Accessories,Mango,150.43,3.8,CUST_1120
ITEM_15966,Fashion Product 5967,Tops,Nike,247.21,3.3,CUST_1319
ITEM_15967,Fashion Product 5968,Footwear,H&M,151.05,2.5,CUST_1262
ITEM_15968,Fashion Product 5969,Dresses,Mango,63.8,2.6,CUST_1330
ITEM_15969,Fashion Product 5970,Bottoms,Nike,151.12,2.6,CUST_1250
ITEM_15970,Fashion Product 5971,Footwear,H&M,206.68,5.0,CUST_1497
ITEM_15971,Fashion Product 5972,Footwear,Zara,215.78,2.8,CUST_1052
ITEM_15972,Fashion Product 5973,Outerwear,Gucci,202.06,2.9,CUST_1489
ITEM_15973,Fashion Product 5974,Footwear,Zara,223.17,3.7,CUST_1277
ITEM_15974,Fashion Product 5975,Accessories,Adidas,90.34,3.7,CUST_1142
ITEM_15975,Fashion Product 5976,Bottoms,Mango,131.82,4.8,CUST_1372
ITEM_15976,Fashion Product 5977,Bottoms,Nike,197.1,2.7,CUST_1251
ITEM_15977,Fashion Product 5978,Dresses,Puma,73.47,4.9,CUST_1493
ITEM_15978,Fashion Product 5979,Dresses,H&M,99.18,3.0,CUST_1314
ITEM_15979,Fashion Product 5980,Dresses,Puma,209.48,4.9,CUST_1225
ITEM_15980,Fashion Product 5981,Accessories,H&M,194.82,3.9,CUST_1153
ITEM_15981,Fashion Product 5982,Footwear,Adidas,243.09,4.1,CUST_1056
ITEM_15982,Fashion Product 5983,Footwear,Puma,249.03,3.3,CUST_1339
ITEM_15983,Fashion Product 5984,Outerwear,Nike,67.78,4.0,CUST_1009
ITEM_15984,Fashion Product 5985,Accessories,Uniqlo,226.11,4.3,CUST_1241
ITEM_15985,Fashion Product 5986,Dresses,Zara,32.68,2.5,CUST_1495
ITEM_15986,Fashion Product 5987,Tops,Nike,180.35,2.6,CUST_1485
ITEM_15987,Fashion Product 5988,Outerwear,Levi's,62.82,5.0,CUST_1484
ITEM_15988,Fashion Product 5989,Tops,Adidas,82.07,3.6,CUST_1164
ITEM_15989,Fashion Product 5990,Footwear,Gucci,237.12,4.8,CUST_1441
ITEM_15990,Fashion Product 5991,Outerwear,H&M,73.16,4.3,CUST_1463
ITEM_15991,Fashion Product 5992,Outerwear,Nike,171.56,3.4,CUST_1133
ITEM_15992,Fashion Product 5993,Bottoms,Puma,52.75,2.9,CUST_1081
ITEM_15993,Fashion Product 5994,Footwear,Uniqlo,32.41,4.9,CUST_1350
ITEM_15994,Fashion Product 5995,Footwear,Levi's,91.44,4.0,CUST_1135
ITEM_15995,Fashion Product 5996,Accessories,Puma,159.81,3.0,CUST_1134
ITEM_15996,Fashion Product 5997,Outerwear,Zara,69.51,4.2,CUST_1463
ITEM_15997,Fashion Product 5998,Footwear,Uniqlo,82.04,2.7,CUST_1052
ITEM_15998,Fashion Product 5999,Outerwear,Mango,180.1,4.7,CUST_1494
ITEM_15999,Fashion Product 6000,Accessories,Mango,34.67,2.7,CUST_1202
ITEM_16000,Fashion Product 6001,Accessories,Mango,117.26,3.1,CUST_1198
ITEM_16001,Fashion Product 6002,Bottoms,Adidas,236.02,2.7,CUST_1106
ITEM_16002,Fashion Product 6003,Outerwear,Nike,105.27,2.8,CUST_1311
ITEM_16003,Fashion Product 6004,Footwear,H&M,114.21,3.8,CUST_1244
ITEM_16004,Fashion Product 6005,Footwear,Nike,187.17,4.2,CUST_1233
ITEM_16005,Fashion Product 6006,Outerwear,Levi's,196.96,4.5,CUST_1461
ITEM_16006,Fashion Product 6007,Outerwear,Nike,194.71,4.2,CUST_1014
ITEM_16007,Fashion Product 6008,Outerwear,Nike,249.49,3.4,CUST_1385
ITEM_16008,Fashion Product 6009,Dresses,Zara,27.15,3.9,CUST_1225
ITEM_16009,Fashion Product 6010,Footwear,H&M,245.74,4.8,CUST_1211
ITEM_16010,Fashion Product 6011,Accessories,Nike,238.05,3.5,CUST_1201
ITEM_16011,Fashion Product 6012,Footwear,H&M,214.51,3.1,CUST_1165
ITEM_16012,Fashion Product 6013,Dresses,Gucci,118.99,3.8,CUST_1049
ITEM_16013,Fashion Product 6014,Outerwear,Mango,219.02,3.2,CUST_1496
ITEM_16014,Fashion Product 6015,Bottoms,Puma,63.0,3.2,CUST_1396
ITEM_16015,Fashion Product 6016,Outerwear,Zara,200.0,4.4,CUST_1133
ITEM_16016,Fashion Product 6017,Outerwear,Mango,54.46,4.7,CUST_1070
ITEM_16017,Fashion Product 6018,Dresses,H&M,205.69,3.8,CUST_1372
ITEM_16018,Fashion Product 6019,Footwear,Mango,157.49,4.4,CUST_1119
ITEM_16019,Fashion Product 6020,Outerwear,Nike,33.53,3.0,CUST_1139
ITEM_16020,Fashion Product 6021,Footwear,Puma,224.88,3.9,CUST_1243
ITEM_16021,Fashion Product 6022,Tops,Nike,148.71,4.1,CUST_1181
ITEM_16022,Fashion Product 6023,Accessories,Levi's,167.5,3.7,CUST_1486
ITEM_16023,Fashion Product 6024,Footwear,Nike,78.04,2.8,CUST_1183
ITEM_16024,Fashion Product 6025,Bottoms,Puma,219.19,4.3,CUST_1458
ITEM_16025,Fashion Product 6026,Accessories,Uniqlo,140.85,4.6,CUST_1335
ITEM_16026,Fashion Product 6027,Bottoms,Gucci,111.07,4.1,CUST_1050
ITEM_16027,Fashion Product 6028,Outerwear,H&M,138.23,2.9,CUST_1181
ITEM_16028,Fashion Product 6029,Accessories,Gucci,178.8,2.7,CUST_1125
ITEM_16029,Fashion Product 6030,Footwear,Levi's,176.81,3.3,CUST_1231
ITEM_16030,Fashion Product 6031,Accessories,Gucci,95.82,2.6,CUST_1311
ITEM_16031,Fashion Product 6032,Outerwear,Mango,102.46,4.6,CUST_1348
ITEM_16032,Fashion Product 6033,Dresses,Zara,144.94,4.3,CUST_1003
ITEM_16033,Fashion Product 6034,Bottoms,Puma,231.86,3.9,CUST_1376
ITEM_16034,Fashion Product 6035,Outerwear,Zara,188.9,4.7,CUST_1400
ITEM_16035,Fashion Product 6036,Dresses,Puma,103.7,2.8,CUST_1173
ITEM_16036,Fashion Product 6037,Accessories,H&M,90.89,4.3,CUST_1081
ITEM_16037,Fashion Product 6038,Accessories,Gucci,135.67,2.9,CUST_1420
ITEM_16038,Fashion Product 6039,Outerwear,H&M,218.8,2.7,CUST_1275
ITEM_16039,Fashion Product 6040,Footwear,Nike,12.08,2.8,CUST_1388
ITEM_16040,Fashion Product 6041,Accessories,Nike,180.52,4.9,CUST_1315
ITEM_16041,Fashion Product 6042,Footwear,Zara,80.68,3.6,CUST_1345
ITEM_16042,Fashion Product 6043,Footwear,Adidas,60.02,2.6,CUST_1219
ITEM_16043,Fashion Product 6044,Footwear,Adidas,12.91,4.0,CUST_1140
ITEM_16044,Fashion Product 6045,Tops,Adidas,225.18,3.0,CUST_1063
ITEM_16045,Fashion Product 6046,Dresses,Levi's,228.94,2.5,CUST_1440
ITEM_16046,Fashion Product 6047,Dresses,Mango,24.74,4.4,CUST_1027
ITEM_16047,Fashion Product 6048,Accessories,Mango,135.24,2.9,CUST_1196
ITEM_16048,Fashion Product 6049,Accessories,Nike,46.62,4.9,CUST_1381
ITEM_16049,Fashion Product 6050,Footwear,Adidas,192.09,4.0,CUST_1152
ITEM_16050,Fashion Product 6051,Tops,Puma,169.69,2.7,CUST_1465
ITEM_16051,Fashion Product 6052,Footwear,Nike,81.31,3.0,CUST_1252
ITEM_16052,Fashion Product 6053,Tops,H&M,38.07,4.0,CUST_1248
ITEM_16053,Fashion Product 6054,Footwear,Adidas,209.49,3.3,CUST_1154
ITEM_16054,Fashion Product 6055,Bottoms,Nike,171.82,3.8,CUST_1210
ITEM_16055,Fashion Product 6056,Bottoms,Adidas,11.64,4.5,CUST_1022
ITEM_16056,Fashion Product 6057,Outerwear,Levi's,160.69,4.5,CUST_1070
ITEM_16057,Fashion Product 6058,Footwear,Zara,204.47,4.2,CUST_1019
ITEM_16058,Fashion Product 6059,Accessories,Uniqlo,151.78,4.7,CUST_1101
ITEM_16059,Fashion Product 6060,Dresses,Adidas,111.93,3.0,CUST_1162
ITEM_16060,Fashion Product 6061,Outerwear,H&M,150.14,2.9,CUST_1139
ITEM_16061,Fashion Product 6062,Accessories,H&M,158.73,4.5,CUST_1376
ITEM_16062,Fashion Product 6063,Bottoms,Zara,163.61,3.3,CUST_1088
ITEM_16063,Fashion Product 6064,Footwear,Gucci,242.09,3.8,CUST_1429
ITEM_16064,Fashion Product 6065,Outerwear,H&M,52.88,4.4,CUST_1037
ITEM_16065,Fashion Product 6066,Footwear,Nike,159.54,3.5,CUST_1407
ITEM_16066,Fashion Product 6067,Bottoms,H&M,55.12,2.8,CUST_1424
ITEM_16067,Fashion Product 6068,Outerwear,Uniqlo,60.39,4.2,CUST_1171
ITEM_16068,Fashion Product 6069,Bottoms,Zara,170.62,4.5,CUST_1260
ITEM_16069,Fashion Product 6070,Tops,Nike,229.83,2.5,CUST_1338
ITEM_16070,Fashion Product 6071,Bottoms,Adidas,48.17,3.9,CUST_1478
ITEM_16071,Fashion Product 6072,Footwear,Zara,240.99,3.7,CUST_1271
ITEM_16072,Fashion Product 6073,Dresses,Uniqlo,86.65,3.1,CUST_1485
ITEM_16073,Fashion Product 6074,Bottoms,Mango,103.92,2.9,CUST_1407
ITEM_16074,Fashion Product 6075,Accessories,Uniqlo,46.88,3.0,CUST_1255
ITEM_16075,Fashion Product 6076,Dresses,Puma,157.8,4.3,CUST_1140
ITEM_16076,Fashion Product 6077,Tops,Puma,153.14,3.8,CUST_1068
ITEM_16077,Fashion Product 6078,Outerwear,Mango,116.14,5.0,CUST_1068
ITEM_16078,Fashion Product 6079,Outerwear,Levi's,124.26,3.1,CUST_1436
ITEM_16079,Fashion Product 6080,Dresses,H&M,159.51,4.9,CUST_1169
ITEM_16080,Fashion Product 6081,Outerwear,Gucci,150.04,3.8,CUST_1105
ITEM_16081,Fashion Product 6082,Bottoms,Gucci,99.82,2.9,CUST_1462
ITEM_16082,Fashion Product 6083,Dresses,Uniqlo,222.19,2.9,CUST_1315
ITEM_16083,Fashion Product 6084,Footwear,Mango,170.24,4.0,CUST_1058
ITEM_16084,Fashion Product 6085,Bottoms,Mango,59.3,4.6,CUST_1376
ITEM_16085,Fashion Product 6086,Bottoms,Adidas,86.78,4.4,CUST_1187
ITEM_16086,Fashion Product 6087,Bottoms,Zara,199.09,4.1,CUST_1456
ITEM_16087,Fashion Product 6088,Footwear,Nike,35.09,2.9,CUST_1407
ITEM_16088,Fashion Product 6089,Tops,Puma,190.06,2.8,CUST_1385
ITEM_16089,Fashion Product 6090,Accessories,Gucci,96.12,2.5,CUST_1056
ITEM_16090,Fashion Product 6091,Outerwear,H&M,142.41,2.8,CUST_1459
ITEM_16091,Fashion Product 6092,Dresses,Nike,77.33,4.4,CUST_1475
ITEM_16092,Fashion Product 6093,Tops,Uniqlo,246.75,4.7,CUST_1004
ITEM_16093,Fashion Product 6094,Dresses,Adidas,227.4,3.1,CUST_1285
ITEM_16094,Fashion Product 6095,Outerwear,Nike,232.83,4.5,CUST_1017
ITEM_16095,Fashion Product 6096,Footwear,Adidas,54.35,3.0,CUST_1433
ITEM_16096,Fashion Product 6097,Bottoms,Gucci,212.01,3.1,CUST_1467
ITEM_16097,Fashion Product 6098,Bottoms,Gucci,138.5,3.1,CUST_1237
ITEM_16098,Fashion Product 6099,Footwear,H&M,179.89,2.6,CUST_1307
ITEM_16099,Fashion Product 6100,Tops,Mango,62.2,3.0,CUST_1250
ITEM_16100,Fashion Product 6101,Tops,Uniqlo,180.88,3.4,CUST_1433
ITEM_16101,Fashion Product 6102,Dresses,Levi's,229.42,3.5,CUST_1024
ITEM_16102,Fashion Product 6103,Footwear,H&M,74.2,3.3,CUST_1300
ITEM_16103,Fashion Product 6104,Tops,Gucci,66.01,3.8,CUST_1116
ITEM_16104,Fashion Product 6105,Footwear,Zara,35.06,3.4,CUST_1238
ITEM_16105,Fashion Product 6106,Outerwear,Mango,74.03,4.9,CUST_1169
ITEM_16106,Fashion Product 6107,Bottoms,Zara,138.59,4.5,CUST_1313
ITEM_16107,Fashion Product 6108,Bottoms,H&M,209.85,4.8,CUST_1492
ITEM_16108,Fashion Product 6109,Bottoms,Nike,76.91,3.9,CUST_1440
ITEM_16109,Fashion Product 6110,Footwear,Levi's,159.07,4.2,CUST_1288
ITEM_16110,Fashion Product 6111,Footwear,Adidas,125.1,2.9,CUST_1415
ITEM_16111,Fashion Product 6112,Dresses,H&M,79.26,4.4,CUST_1241
ITEM_16112,Fashion Product 6113,Bottoms,Adidas,132.49,3.1,CUST_1400
ITEM_16113,Fashion Product 6114,Dresses,Adidas,50.31,2.9,CUST_1416
ITEM_16114,Fashion Product 6115,Bottoms,Zara,163.5,2.6,CUST_1364
ITEM_16115,Fashion Product 6116,Dresses,Nike,37.76,3.7,CUST_1298
ITEM_16116,Fashion Product 6117,Dresses,Adidas,185.44,3.2,CUST_1378
ITEM_16117,Fashion Product 6118,Outerwear,Levi's,52.65,5.0,CUST_1290
ITEM_16118,Fashion Product 6119,Dresses,Zara,249.56,3.1,CUST_1483
ITEM_16119,Fashion Product 6120,Footwear,Gucci,207.68,4.7,CUST_1251
ITEM_16120,Fashion Product 6121,Dresses,Zara,92.52,3.3,CUST_1165
ITEM_16121,Fashion Product 6122,Bottoms,Levi's,112.29,4.4,CUST_1400
ITEM_16122,Fashion Product 6123,Dresses,Mango,72.21,4.1,CUST_1341
ITEM_16123,Fashion Product 6124,Tops,Zara,194.11,3.9,CUST_1141
ITEM_16124,Fashion Product 6125,Accessories,Gucci,101.37,3.5,CUST_1378
ITEM_16125,Fashion Product 6126,Bottoms,Adidas,191.24,4.2,CUST_1120
ITEM_16126,Fashion Product 6127,Tops,Puma,14.42,3.5,CUST_1338
ITEM_16127,Fashion Product 6128,Bottoms,Puma,42.55,3.9,CUST_1450
ITEM_16128,Fashion Product 6129,Footwear,Puma,97.59,4.0,CUST_1376
ITEM_16129,Fashion Product 6130,Accessories,Mango,36.14,3.2,CUST_1161
ITEM_16130,Fashion Product 6131,Accessories,Gucci,154.27,3.3,CUST_1105
ITEM_16131,Fashion Product 6132,Footwear,Levi's,22.2,2.5,CUST_1338
ITEM_16132,Fashion Product 6133,Accessories,H&M,216.34,4.6,CUST_1092
ITEM_16133,Fashion Product 6134,Footwear,Puma,192.71,4.4,CUST_1485
ITEM_16134,Fashion Product 6135,Tops,H&M,61.9,3.0,CUST_1419
ITEM_16135,Fashion Product 6136,Outerwear,Mango,126.11,3.4,CUST_1421
ITEM_16136,Fashion Product 6137,Bottoms,H&M,118.44,3.6,CUST_1204
ITEM_16137,Fashion Product 6138,Footwear,Mango,183.97,3.3,CUST_1040
ITEM_16138,Fashion Product 6139,Bottoms,H&M,106.36,4.5,CUST_1392
ITEM_16139,Fashion Product 6140,Tops,Zara,17.9,4.3,CUST_1054
ITEM_16140,Fashion Product 6141,Outerwear,Puma,75.7,4.4,CUST_1089
ITEM_16141,Fashion Product 6142,Tops,Nike,121.89,4.8,CUST_1135
ITEM_16142,Fashion Product 6143,Accessories,Uniqlo,243.88,4.0,CUST_1002
ITEM_16143,Fashion Product 6144,Bottoms,Mango,221.48,4.0,CUST_1097
ITEM_16144,Fashion Product 6145,Outerwear,Adidas,53.54,4.3,CUST_1056
ITEM_16145,Fashion Product 6146,Accessories,Uniqlo,183.59,4.2,CUST_1481
ITEM_16146,Fashion Product 6147,Outerwear,Levi's,234.84,4.7,CUST_1360
ITEM_16147,Fashion Product 6148,Accessories,Mango,12.11,4.4,CUST_1124
ITEM_16148,Fashion Product 6149,Tops,Mango,183.03,2.8,CUST_1185
ITEM_16149,Fashion Product 6150,Footwear,H&M,120.24,4.8,CUST_1433
ITEM_16150,Fashion Product 6151,Bottoms,Mango,173.26,4.2,CUST_1471
ITEM_16151,Fashion Product 6152,Dresses,Puma,155.34,2.8,CUST_1453
ITEM_16152,Fashion Product 6153,Dresses,Gucci,246.32,4.4,CUST_1125
ITEM_16153,Fashion Product 6154,Tops,Gucci,79.32,3.4,CUST_1334
ITEM_16154,Fashion Product 6155,Bottoms,Levi's,198.67,4.5,CUST_1264
ITEM_16155,Fashion Product 6156,Bottoms,Nike,66.31,4.9,CUST_1340
ITEM_16156,Fashion Product 6157,Tops,Puma,114.55,3.1,CUST_1191
ITEM_16157,Fashion Product 6158,Bottoms,Puma,244.09,4.6,CUST_1338
ITEM_16158,Fashion Product 6159,Footwear,Zara,193.87,4.4,CUST_1215
ITEM_16159,Fashion Product 6160,Tops,Gucci,85.8,4.2,CUST_1221
ITEM_16160,Fashion Product 6161,Footwear,Uniqlo,158.65,3.5,CUST_1199
ITEM_16161,Fashion Product 6162,Bottoms,Adidas,21.93,2.8,CUST_1344
ITEM_16162,Fashion Product 6163,Tops,Mango,73.93,3.7,CUST_1174
ITEM_16163,Fashion Product 6164,Bottoms,Nike,182.41,2.8,CUST_1217
ITEM_16164,Fashion Product 6165,Tops,Adidas,146.82,3.8,CUST_1206
ITEM_16165,Fashion Product 6166,Bottoms,Adidas,122.72,4.6,CUST_1486
ITEM_16166,Fashion Product 6167,Footwear,Zara,175.81,5.0,CUST_1067
ITEM_16167,Fashion Product 6168,Footwear,Nike,105.63,3.0,CUST_1373
ITEM_16168,Fashion Product 6169,Bottoms,Nike,16.28,3.0,CUST_1174
ITEM_16169,Fashion Product 6170,Tops,Zara,115.85,4.5,CUST_1078
ITEM_16170,Fashion Product 6171,Dresses,Puma,226.51,3.7,CUST_1323
ITEM_16171,Fashion Product 6172,Footwear,Zara,215.59,4.8,CUST_1042
ITEM_16172,Fashion Product 6173,Footwear,Puma,108.16,4.4,CUST_1064
ITEM_16173,Fashion Product 6174,Accessories,Uniqlo,15.33,4.3,CUST_1384
ITEM_16174,Fashion Product 6175,Dresses,Levi's,162.71,2.8,CUST_1329
ITEM_16175,Fashion Product 6176,Bottoms,Puma,187.89,2.6,CUST_1437
ITEM_16176,Fashion Product 6177,Tops,Adidas,80.62,3.3,CUST_1199
ITEM_16177,Fashion Product 6178,Accessories,Puma,124.4,3.0,CUST_1090
ITEM_16178,Fashion Product 6179,Bottoms,Levi's,248.05,4.3,CUST_1007
ITEM_16179,Fashion Product 6180,Outerwear,Mango,148.32,3.6,CUST_1263
ITEM_16180,Fashion Product 6181,Footwear,Zara,94.26,3.8,CUST_1492
ITEM_16181,Fashion Product 6182,Outerwear,Mango,160.6,4.5,CUST_1122
ITEM_16182,Fashion Product 6183,Footwear,Zara,53.21,3.7,CUST_1164
ITEM_16183,Fashion Product 6184,Footwear,Uniqlo,57.82,3.9,CUST_1116
ITEM_16184,Fashion Product 6185,Outerwear,Gucci,231.98,4.6,CUST_1013
ITEM_16185,Fashion Product 6186,Outerwear,Adidas,67.41,3.6,CUST_1451
ITEM_16186,Fashion Product 6187,Bottoms,Adidas,84.59,2.7,CUST_1020
ITEM_16187,Fashion Product 6188,Accessories,Gucci,140.51,3.8,CUST_1201
ITEM_16188,Fashion Product 6189,Accessories,Gucci,225.93,3.9,CUST_1309
ITEM_16189,Fashion Product 6190,Outerwear,Zara,197.55,3.8,CUST_1254
ITEM_16190,Fashion Product 6191,Bottoms,Adidas,20.51,3.1,CUST_1086
ITEM_16191,Fashion Product 6192,Accessories,Adidas,176.33,3.1,CUST_1180
ITEM_16192,Fashion Product 6193,Bottoms,Gucci,130.97,3.4,CUST_1237
ITEM_16193,Fashion Product 6194,Bottoms,Zara,124.13,2.9,CUST_1353
ITEM_16194,Fashion Product 6195,Footwear,Puma,175.97,4.2,CUST_1061
ITEM_16195,Fashion Product 6196,Accessories,Puma,57.1,4.0,CUST_1215
ITEM_16196,Fashion Product 6197,Accessories,Levi's,245.56,4.1,CUST_1381
ITEM_16197,Fashion Product 6198,Footwear,H&M,164.87,3.1,CUST_1215
ITEM_16198,Fashion Product 6199,Outerwear,Nike,97.76,3.1,CUST_1358
ITEM_16199,Fashion Product 6200,Footwear,Uniqlo,154.05,4.5,CUST_1372
ITEM_16200,Fashion Product 6201,Accessories,Zara,61.95,4.2,CUST_1090
ITEM_16201,Fashion Product 6202,Accessories,Puma,162.12,4.7,CUST_1096
ITEM_16202,Fashion Product 6203,Outerwear,Nike,16.77,3.5,CUST_1061
ITEM_16203,Fashion Product 6204,Footwear,Nike,91.88,3.9,CUST_1056
ITEM_16204,Fashion Product 6205,Tops,Nike,189.4,4.3,CUST_1220
ITEM_16205,Fashion Product 6206,Tops,Gucci,203.91,4.9,CUST_1094
ITEM_16206,Fashion Product 6207,Outerwear,Levi's,70.7,5.0,CUST_1040
ITEM_16207,Fashion Product 6208,Footwear,H&M,139.46,5.0,CUST_1337
ITEM_16208,Fashion Product 6209,Footwear,Zara,136.84,4.7,CUST_1319
ITEM_16209,Fashion Product 6210,Bottoms,Levi's,111.15,4.1,CUST_1441
ITEM_16210,Fashion Product 6211,Accessories,Mango,64.82,2.5,CUST_1248
ITEM_16211,Fashion Product 6212,Dresses,Levi's,178.77,4.2,CUST_1466
ITEM_16212,Fashion Product 6213,Outerwear,Mango,70.57,3.1,CUST_1217
ITEM_16213,Fashion Product 6214,Dresses,H&M,228.65,2.6,CUST_1388
ITEM_16214,Fashion Product 6215,Dresses,Zara,136.84,4.2,CUST_1154
ITEM_16215,Fashion Product 6216,Outerwear,Gucci,218.91,4.4,CUST_1351
ITEM_16216,Fashion Product 6217,Footwear,Nike,79.78,4.1,CUST_1062
ITEM_16217,Fashion Product 6218,Outerwear,Zara,203.7,3.4,CUST_1460
ITEM_16218,Fashion Product 6219,Dresses,Gucci,37.28,3.8,CUST_1438
ITEM_16219,Fashion Product 6220,Accessories,Zara,194.04,4.8,CUST_1240
ITEM_16220,Fashion Product 6221,Accessories,Gucci,102.87,4.3,CUST_1190
ITEM_16221,Fashion Product 6222,Accessories,Zara,122.8,3.8,CUST_1146
ITEM_16222,Fashion Product 6223,Footwear,Levi's,50.03,4.0,CUST_1010
ITEM_16223,Fashion Product 6224,Tops,Levi's,14.47,4.8,CUST_1292
ITEM_16224,Fashion Product 6225,Outerwear,Levi's,169.89,3.5,CUST_1130
ITEM_16225,Fashion Product 6226,Accessories,Nike,151.05,2.8,CUST_1060
ITEM_16226,Fashion Product 6227,Outerwear,Uniqlo,159.38,3.3,CUST_1473
ITEM_16227,Fashion Product 6228,Accessories,Adidas,71.2,3.5,CUST_1175
ITEM_16228,Fashion Product 6229,Footwear,Mango,67.43,3.2,CUST_1073
ITEM_16229,Fashion Product 6230,Tops,Levi's,209.27,3.8,CUST_1239
ITEM_16230,Fashion Product 6231,Tops,Uniqlo,192.7,3.3,CUST_1416
ITEM_16231,Fashion Product 6232,Accessories,Mango,90.83,2.8,CUST_1453
ITEM_16232,Fashion Product 6233,Footwear,Zara,163.07,3.0,CUST_1179
ITEM_16233,Fashion Product 6234,Bottoms,H&M,208.76,4.8,CUST_1067
ITEM_16234,Fashion Product 6235,Outerwear,Gucci,223.32,4.1,CUST_1081
ITEM_16235,Fashion Product 6236,Outerwear,Uniqlo,11.39,3.3,CUST_1077
ITEM_16236,Fashion Product 6237,Dresses,Puma,205.23,3.4,CUST_1248
ITEM_16237,Fashion Product 6238,Footwear,Uniqlo,94.09,3.7,CUST_1195
ITEM_16238,Fashion Product 6239,Dresses,Levi's,182.41,4.2,CUST_1476
ITEM_16239,Fashion Product 6240,Accessories,Levi's,99.14,4.0,CUST_1068
ITEM_16240,Fashion Product 6241,Dresses,Uniqlo,155.5,4.8,CUST_1338
ITEM_16241,Fashion Product 6242,Tops,Gucci,165.23,4.1,CUST_1056
ITEM_16242,Fashion Product 6243,Outerwear,Mango,107.2,4.8,CUST_1099
ITEM_16243,Fashion Product 6244,Dresses,Zara,133.07,2.5,CUST_1270
ITEM_16244,Fashion Product 6245,Tops,Puma,184.32,4.7,CUST_1400
ITEM_16245,Fashion Product 6246,Footwear,Zara,124.31,4.3,CUST_1076
ITEM_16246,Fashion Product 6247,Dresses,Nike,13.36,2.9,CUST_1331
ITEM_16247,Fashion Product 6248,Accessories,Gucci,13.1,3.2,CUST_1066
ITEM_16248,Fashion Product 6249,Accessories,Levi's,168.71,3.9,CUST_1033
ITEM_16249,Fashion Product 6250,Accessories,Nike,213.34,2.8,CUST_1269
ITEM_16250,Fashion Product 6251,Outerwear,Zara,198.47,4.5,CUST_1030
ITEM_16251,Fashion Product 6252,Dresses,Zara,84.5,4.5,CUST_1026
ITEM_16252,Fashion Product 6253,Footwear,Puma,123.07,3.3,CUST_1370
ITEM_16253,Fashion Product 6254,Dresses,Adidas,66.2,2.7,CUST_1210
ITEM_16254,Fashion Product 6255,Outerwear,Zara,247.4,5.0,CUST_1269
ITEM_16255,Fashion Product 6256,Tops,Mango,72.52,3.1,CUST_1324
ITEM_16256,Fashion Product 6257,Outerwear,Mango,109.9,2.7,CUST_1123
ITEM_16257,Fashion Product 6258,Accessories,Uniqlo,173.47,3.3,CUST_1033
ITEM_16258,Fashion Product 6259,Tops,Puma,220.24,4.9,CUST_1143
ITEM_16259,Fashion Product 6260,Accessories,Puma,22.35,4.5,CUST_1145
ITEM_16260,Fashion Product 6261,Bottoms,Levi's,82.24,3.7,CUST_1262
ITEM_16261,Fashion Product 6262,Outerwear,Zara,146.56,3.3,CUST_1005
ITEM_16262,Fashion Product 6263,Outerwear,Adidas,158.4,3.6,CUST_1161
ITEM_16263,Fashion Product 6264,Footwear,Nike,26.81,2.5,CUST_1310
ITEM_16264,Fashion Product 6265,Dresses,Puma,169.38,4.3,CUST_1144
ITEM_16265,Fashion Product 6266,Tops,Uniqlo,136.74,2.7,CUST_1430
ITEM_16266,Fashion Product 6267,Tops,Uniqlo,208.63,3.8,CUST_1152
ITEM_16267,Fashion Product 6268,Footwear,Zara,63.33,3.9,CUST_1381
ITEM_16268,Fashion Product 6269,Footwear,Zara,56.81,2.5,CUST_1005
ITEM_16269,Fashion Product 6270,Dresses,H&M,200.4,4.9,CUST_1195
ITEM_16270,Fashion Product 6271,Accessories,H&M,178.93,3.3,CUST_1483
ITEM_16271,Fashion Product 6272,Dresses,Zara,200.0,2.7,CUST_1125
ITEM_16272,Fashion Product 6273,Outerwear,Gucci,197.66,4.6,CUST_1475
ITEM_16273,Fashion Product 6274,Accessories,Mango,34.96,2.9,CUST_1076
ITEM_16274,Fashion Product 6275,Bottoms,Mango,76.86,2.6,CUST_1306
ITEM_16275,Fashion Product 6276,Dresses,Levi's,72.42,3.7,CUST_1169
ITEM_16276,Fashion Product 6277,Footwear,Adidas,234.3,2.8,CUST_1217
ITEM_16277,Fashion Product 6278,Accessories,Uniqlo,126.99,5.0,CUST_1183
ITEM_16278,Fashion Product 6279,Dresses,Mango,36.65,2.5,CUST_1337
ITEM_16279,Fashion Product 6280,Tops,Gucci,79.5,2.6,CUST_1113
ITEM_16280,Fashion Product 6281,Bottoms,Zara,219.26,4.6,CUST_1276
ITEM_16281,Fashion Product 6282,Outerwear,Puma,213.3,3.1,CUST_1476
ITEM_16282,Fashion Product 6283,Tops,Gucci,226.08,4.8,CUST_1178
ITEM_16283,Fashion Product 6284,Tops,Levi's,103.25,3.3,CUST_1125
ITEM_16284,Fashion Product 6285,Bottoms,Gucci,163.92,2.7,CUST_1291
ITEM_16285,Fashion Product 6286,Outerwear,Puma,76.76,2.5,CUST_1434
ITEM_16286,Fashion Product 6287,Footwear,Nike,53.4,3.2,CUST_1463
ITEM_16287,Fashion Product 6288,Accessories,H&M,15.26,3.7,CUST_1417
ITEM_16288,Fashion Product 6289,Outerwear,Nike,63.63,2.5,CUST_1323
ITEM_16289,Fashion Product 6290,Dresses,Uniqlo,155.05,4.0,CUST_1199
ITEM_16290,Fashion Product 6291,Tops,Uniqlo,227.01,3.3,CUST_1138
ITEM_16291,Fashion Product 6292,Dresses,Mango,42.02,3.5,CUST_1489
ITEM_16292,Fashion Product 6293,Footwear,Puma,230.32,3.2,CUST_1218
ITEM_16293,Fashion Product 6294,Dresses,Uniqlo,92.89,3.8,CUST_1297
ITEM_16294,Fashion Product 6295,Outerwear,Mango,112.44,3.1,CUST_1168
ITEM_16295,Fashion Product 6296,Dresses,Levi's,97.59,2.8,CUST_1134
ITEM_16296,Fashion Product 6297,Footwear,Mango,108.07,4.7,CUST_1161
ITEM_16297,Fashion Product 6298,Footwear,Nike,72.21,3.5,CUST_1272
ITEM_16298,Fashion Product 6299,Footwear,Zara,177.67,2.7,CUST_1280
ITEM_16299,Fashion Product 6300,Outerwear,Adidas,191.96,3.1,CUST_1248
ITEM_16300,Fashion Product 6301,Footwear,Nike,207.55,3.3,CUST_1222
ITEM_16301,Fashion Product 6302,Tops,Gucci,91.91,4.4,CUST_1316
ITEM_16302,Fashion Product 6303,Footwear,Zara,193.51,2.6,CUST_1377
ITEM_16303,Fashion Product 6304,Dresses,H&M,163.04,3.7,CUST_1330
ITEM_16304,Fashion Product 6305,Accessories,Nike,239.9,3.5,CUST_1395
ITEM_16305,Fashion Product 6306,Dresses,Nike,111.95,4.9,CUST_1172
ITEM_16306,Fashion Product 6307,Accessories,Gucci,248.15,3.0,CUST_1470
ITEM_16307,Fashion Product 6308,Dresses,Adidas,187.69,4.1,CUST_1259
ITEM_16308,Fashion Product 6309,Outerwear,Gucci,196.31,3.0,CUST_1422
ITEM_16309,Fashion Product 6310,Dresses,Mango,16.17,3.9,CUST_1256
ITEM_16310,Fashion Product 6311,Outerwear,H&M,129.38,3.9,CUST_1168
ITEM_16311,Fashion Product 6312,Outerwear,Uniqlo,136.8,2.7,CUST_1471
ITEM_16312,Fashion Product 6313,Footwear,Levi's,19.74,3.6,CUST_1493
ITEM_16313,Fashion Product 6314,Tops,Uniqlo,84.91,3.7,CUST_1120
ITEM_16314,Fashion Product 6315,Accessories,Adidas,239.35,3.3,CUST_1019
ITEM_16315,Fashion Product 6316,Footwear,Adidas,112.27,3.2,CUST_1296
ITEM_16316,Fashion Product 6317,Footwear,Gucci,54.81,3.1,CUST_1309
ITEM_16317,Fashion Product 6318,Outerwear,Mango,133.2,2.5,CUST_1247
ITEM_16318,Fashion Product 6319,Outerwear,Puma,18.1,2.5,CUST_1205
ITEM_16319,Fashion Product 6320,Accessories,Mango,133.84,4.0,CUST_1420
ITEM_16320,Fashion Product 6321,Dresses,Adidas,152.62,3.2,CUST_1067
ITEM_16321,Fashion Product 6322,Dresses,Adidas,95.85,2.9,CUST_1342
ITEM_16322,Fashion Product 6323,Footwear,Nike,193.02,4.2,CUST_1345
ITEM_16323,Fashion Product 6324,Bottoms,Puma,42.57,3.8,CUST_1404
ITEM_16324,Fashion Product 6325,Bottoms,Adidas,220.76,4.8,CUST_1412
ITEM_16325,Fashion Product 6326,Dresses,Puma,239.31,4.6,CUST_1185
ITEM_16326,Fashion Product 6327,Bottoms,H&M,10.3,4.3,CUST_1387
ITEM_16327,Fashion Product 6328,Dresses,Levi's,212.25,2.8,CUST_1342
ITEM_16328,Fashion Product 6329,Outerwear,Gucci,131.47,4.2,CUST_1108
ITEM_16329,Fashion Product 6330,Footwear,Adidas,120.74,4.2,CUST_1165
ITEM_16330,Fashion Product 6331,Tops,H&M,67.28,4.4,CUST_1121
ITEM_16331,Fashion Product 6332,Footwear,Mango,117.36,3.2,CUST_1486
ITEM_16332,Fashion Product 6333,Dresses,Gucci,238.1,4.1,CUST_1402
ITEM_16333,Fashion Product 6334,Dresses,Puma,60.59,4.0,CUST_1084
ITEM_16334,Fashion Product 6335,Footwear,Gucci,52.97,3.5,CUST_1302
ITEM_16335,Fashion Product 6336,Accessories,Uniqlo,68.06,4.2,CUST_1261
ITEM_16336,Fashion Product 6337,Dresses,Nike,142.44,2.7,CUST_1107
ITEM_16337,Fashion Product 6338,Bottoms,Puma,233.27,4.1,CUST_1123
ITEM_16338,Fashion Product 6339,Bottoms,H&M,147.73,4.0,CUST_1073
ITEM_16339,Fashion Product 6340,Dresses,Adidas,68.44,3.0,CUST_1477
ITEM_16340,Fashion Product 6341,Dresses,Puma,115.71,4.5,CUST_1337
ITEM_16341,Fashion Product 6342,Accessories,Zara,103.7,4.7,CUST_1460
ITEM_16342,Fashion Product 6343,Bottoms,Uniqlo,21.18,3.0,CUST_1313
ITEM_16343,Fashion Product 6344,Dresses,H&M,132.55,2.7,CUST_1154
ITEM_16344,Fashion Product 6345,Dresses,Mango,40.24,4.0,CUST_1289
ITEM_16345,Fashion Product 6346,Accessories,Zara,212.14,3.7,CUST_1097
ITEM_16346,Fashion Product 6347,Accessories,Puma,141.75,3.6,CUST_1292
ITEM_16347,Fashion Product 6348,Footwear,Nike,212.71,4.4,CUST_1349
ITEM_16348,Fashion Product 6349,Accessories,Zara,239.45,4.9,CUST_1278
ITEM_16349,Fashion Product 6350,Tops,Gucci,236.37,3.7,CUST_1254
ITEM_16350,Fashion Product 6351,Bottoms,Puma,34.1,2.5,CUST_1082
ITEM_16351,Fashion Product 6352,Footwear,H&M,236.76,4.0,CUST_1017
ITEM_16352,Fashion Product 6353,Tops,Puma,200.98,4.1,CUST_1300
ITEM_16353,Fashion Product 6354,Dresses,Nike,196.64,4.6,CUST_1180
ITEM_16354,Fashion Product 6355,Dresses,Levi's,31.63,3.0,CUST_1216
ITEM_16355,Fashion Product 6356,Footwear,Gucci,53.08,3.8,CUST_1022
ITEM_16356,Fashion Product 6357,Accessories,Adidas,244.04,3.6,CUST_1236
ITEM_16357,Fashion Product 6358,Dresses,Puma,61.21,4.2,CUST_1453
ITEM_16358,Fashion Product 6359,Outerwear,Nike,50.57,2.7,CUST_1385
ITEM_16359,Fashion Product 6360,Footwear,Zara,96.96,4.7,CUST_1211
ITEM_16360,Fashion Product 6361,Tops,Zara,229.21,3.8,CUST_1286
ITEM_16361,Fashion Product 6362,Footwear,H&M,124.29,4.7,CUST_1423
ITEM_16362,Fashion Product 6363,Bottoms,Gucci,230.94,3.4,CUST_1207
ITEM_16363,Fashion Product 6364,Accessories,Zara,90.24,4.1,CUST_1494
ITEM_16364,Fashion Product 6365,Accessories,Adidas,64.37,4.9,CUST_1419
ITEM_16365,Fashion Product 6366,Footwear,Levi's,128.85,4.9,CUST_1325
ITEM_16366,Fashion Product 6367,Dresses,Levi's,157.71,4.9,CUST_1255
ITEM_16367,Fashion Product 6368,Dresses,H&M,103.96,2.6,CUST_1454
ITEM_16368,Fashion Product 6369,Outerwear,Puma,93.05,3.5,CUST_1345
ITEM_16369,Fashion Product 6370,Outerwear,Zara,62.33,2.7,CUST_1011
ITEM_16370,Fashion Product 6371,Accessories,Nike,76.0,3.3,CUST_1307
ITEM_16371,Fashion Product 6372,Outerwear,Mango,171.55,2.9,CUST_1319
ITEM_16372,Fashion Product 6373,Tops,Levi's,98.77,4.1,CUST_1342
ITEM_16373,Fashion Product 6374,Outerwear,H&M,29.14,4.5,CUST_1379
ITEM_16374,Fashion Product 6375,Tops,Puma,43.16,3.8,CUST_1034
ITEM_16375,Fashion Product 6376,Outerwear,Uniqlo,99.37,4.5,CUST_1121
ITEM_16376,Fashion Product 6377,Accessories,H&M,231.88,2.5,CUST_1236
ITEM_16377,Fashion Product 6378,Accessories,Nike,100.97,4.6,CUST_1183
ITEM_16378,Fashion Product 6379,Tops,Mango,24.55,2.9,CUST_1078
ITEM_16379,Fashion Product 6380,Footwear,Levi's,110.32,3.7,CUST_1123
ITEM_16380,Fashion Product 6381,Accessories,Gucci,170.52,3.6,CUST_1457
ITEM_16381,Fashion Product 6382,Footwear,Levi's,152.46,4.7,CUST_1276
ITEM_16382,Fashion Product 6383,Dresses,Uniqlo,76.91,4.9,CUST_1208
ITEM_16383,Fashion Product 6384,Tops,Uniqlo,175.14,3.1,CUST_1186
ITEM_16384,Fashion Product 6385,Accessories,Levi's,161.35,2.7,CUST_1465
ITEM_16385,Fashion Product 6386,Bottoms,Gucci,51.32,4.1,CUST_1017
ITEM_16386,Fashion Product 6387,Dresses,H&M,48.91,3.8,CUST_1290
ITEM_16387,Fashion Product 6388,Footwear,Gucci,141.32,3.9,CUST_1490
ITEM_16388,Fashion Product 6389,Accessories,Zara,168.27,2.6,CUST_1254
ITEM_16389,Fashion Product 6390,Tops,Levi's,240.86,4.4,CUST_1459
ITEM_16390,Fashion Product 6391,Outerwear,Levi's,111.26,3.1,CUST_1099
ITEM_16391,Fashion Product 6392,Bottoms,Gucci,193.59,3.3,CUST_1446
ITEM_16392,Fashion Product 6393,Footwear,Adidas,37.96,3.1,CUST_1418
ITEM_16393,Fashion Product 6394,Dresses,Adidas,223.51,4.9,CUST_1484
ITEM_16394,Fashion Product 6395,Tops,Nike,161.95,2.9,CUST_1456
ITEM_16395,Fashion Product 6396,Bottoms,Adidas,160.97,4.3,CUST_1147
ITEM_16396,Fashion Product 6397,Tops,Uniqlo,44.19,3.1,CUST_1372
ITEM_16397,Fashion Product 6398,Accessories,Zara,19.5,3.6,CUST_1114
ITEM_16398,Fashion Product 6399,Outerwear,Levi's,178.35,5.0,CUST_1097
ITEM_16399,Fashion Product 6400,Dresses,Uniqlo,38.09,2.8,CUST_1382
ITEM_16400,Fashion Product 6401,Tops,Nike,40.47,4.7,CUST_1376
ITEM_16401,Fashion Product 6402,Footwear,Mango,55.0,4.9,CUST_1471
ITEM_16402,Fashion Product 6403,Accessories,Zara,33.46,4.2,CUST_1322
ITEM_16403,Fashion Product 6404,Accessories,Adidas,160.09,2.5,CUST_1328
ITEM_16404,Fashion Product 6405,Dresses,Puma,111.28,4.6,CUST_1349
ITEM_16405,Fashion Product 6406,Accessories,H&M,73.86,4.7,CUST_1170
ITEM_16406,Fashion Product 6407,Footwear,Levi's,115.78,5.0,CUST_1307
ITEM_16407,Fashion Product 6408,Tops,Mango,212.59,4.6,CUST_1199
ITEM_16408,Fashion Product 6409,Dresses,H&M,232.5,3.6,CUST_1177
ITEM_16409,Fashion Product 6410,Accessories,Gucci,126.99,4.2,CUST_1124
ITEM_16410,Fashion Product 6411,Accessories,Gucci,146.02,3.7,CUST_1157
ITEM_16411,Fashion Product 6412,Footwear,Zara,71.73,3.4,CUST_1095
ITEM_16412,Fashion Product 6413,Outerwear,Zara,133.26,4.1,CUST_1286
ITEM_16413,Fashion Product 6414,Outerwear,Zara,189.55,4.4,CUST_1099
ITEM_16414,Fashion Product 6415,Accessories,Uniqlo,128.11,4.1,CUST_1409
ITEM_16415,Fashion Product 6416,Tops,Uniqlo,82.5,4.6,CUST_1367
ITEM_16416,Fashion Product 6417,Dresses,Gucci,149.69,2.9,CUST_1452
ITEM_16417,Fashion Product 6418,Accessories,Zara,237.2,3.4,CUST_1369
ITEM_16418,Fashion Product 6419,Bottoms,Nike,223.12,3.3,CUST_1235
ITEM_16419,Fashion Product 6420,Dresses,Zara,194.62,3.0,CUST_1190
ITEM_16420,Fashion Product 6421,Outerwear,Levi's,76.29,3.6,CUST_1294
ITEM_16421,Fashion Product 6422,Accessories,Levi's,67.97,4.9,CUST_1273
ITEM_16422,Fashion Product 6423,Footwear,Puma,211.25,3.8,CUST_1330
ITEM_16423,Fashion Product 6424,Bottoms,Gucci,53.52,3.2,CUST_1385
ITEM_16424,Fashion Product 6425,Accessories,Zara,155.35,3.4,CUST_1018
ITEM_16425,Fashion Product 6426,Tops,Adidas,115.34,4.0,CUST_1447
ITEM_16426,Fashion Product 6427,Bottoms,H&M,122.32,3.4,CUST_1174
ITEM_16427,Fashion Product 6428,Accessories,Zara,119.09,3.8,CUST_1403
ITEM_16428,Fashion Product 6429,Tops,Nike,225.99,3.2,CUST_1381
ITEM_16429,Fashion Product 6430,Bottoms,Puma,30.9,3.4,CUST_1306
ITEM_16430,Fashion Product 6431,Tops,Zara,197.9,4.3,CUST_1120
ITEM_16431,Fashion Product 6432,Tops,H&M,210.4,4.0,CUST_1256
ITEM_16432,Fashion Product 6433,Bottoms,H&M,236.29,2.7,CUST_1096
ITEM_16433,Fashion Product 6434,Bottoms,Uniqlo,118.62,4.9,CUST_1310
ITEM_16434,Fashion Product 6435,Tops,Nike,130.02,2.6,CUST_1031
ITEM_16435,Fashion Product 6436,Outerwear,Nike,240.71,2.7,CUST_1097
ITEM_16436,Fashion Product 6437,Bottoms,Adidas,120.03,4.3,CUST_1470
ITEM_16437,Fashion Product 6438,Accessories,Nike,130.85,4.3,CUST_1193
ITEM_16438,Fashion Product 6439,Dresses,Puma,89.74,2.5,CUST_1233
ITEM_16439,Fashion Product 6440,Footwear,Adidas,17.59,4.1,CUST_1046
ITEM_16440,Fashion Product 6441,Tops,Uniqlo,113.93,2.6,CUST_1291
ITEM_16441,Fashion Product 6442,Tops,Nike,167.22,4.9,CUST_1236
ITEM_16442,Fashion Product 6443,Footwear,Uniqlo,175.59,4.2,CUST_1049
ITEM_16443,Fashion Product 6444,Outerwear,H&M,11.56,3.0,CUST_1337
ITEM_16444,Fashion Product 6445,Footwear,Zara,202.25,2.9,CUST_1162
ITEM_16445,Fashion Product 6446,Bottoms,Nike,128.18,3.9,CUST_1285
ITEM_16446,Fashion Product 6447,Footwear,H&M,134.98,4.1,CUST_1134
ITEM_16447,Fashion Product 6448,Tops,Zara,240.82,4.6,CUST_1257
ITEM_16448,Fashion Product 6449,Footwear,Zara,78.27,4.8,CUST_1183
ITEM_16449,Fashion Product 6450,Dresses,H&M,192.8,3.5,CUST_1027
ITEM_16450,Fashion Product 6451,Accessories,Levi's,147.95,4.6,CUST_1140
ITEM_16451,Fashion Product 6452,Bottoms,Adidas,178.19,3.9,CUST_1260
ITEM_16452,Fashion Product 6453,Footwear,Levi's,110.28,3.7,CUST_1080
ITEM_16453,Fashion Product 6454,Tops,Gucci,77.01,4.2,CUST_1180
ITEM_16454,Fashion Product 6455,Accessories,Mango,141.07,2.8,CUST_1384
ITEM_16455,Fashion Product 6456,Bottoms,Zara,99.99,3.2,CUST_1267
ITEM_16456,Fashion Product 6457,Tops,Adidas,63.5,4.5,CUST_1052
ITEM_16457,Fashion Product 6458,Outerwear,Zara,211.42,3.8,CUST_1084
ITEM_16458,Fashion Product 6459,Dresses,Puma,124.2,4.8,CUST_1410
ITEM_16459,Fashion Product 6460,Outerwear,Gucci,213.36,2.7,CUST_1156
ITEM_16460,Fashion Product 6461,Dresses,Gucci,123.77,3.3,CUST_1490
ITEM_16461,Fashion Product 6462,Footwear,Puma,143.63,3.4,CUST_1328
ITEM_16462,Fashion Product 6463,Bottoms,H&M,248.87,3.6,CUST_1450
ITEM_16463,Fashion Product 6464,Footwear,Adidas,238.36,5.0,CUST_1104
ITEM_16464,Fashion Product 6465,Dresses,Uniqlo,75.21,3.3,CUST_1346
ITEM_16465,Fashion Product 6466,Dresses,Adidas,218.48,3.8,CUST_1411
ITEM_16466,Fashion Product 6467,Dresses,Levi's,103.7,3.8,CUST_1097
ITEM_16467,Fashion Product 6468,Accessories,Uniqlo,27.1,4.4,CUST_1125
ITEM_16468,Fashion Product 6469,Tops,Gucci,148.19,3.8,CUST_1183
ITEM_16469,Fashion Product 6470,Bottoms,Gucci,244.49,4.0,CUST_1327
ITEM_16470,Fashion Product 6471,Footwear,H&M,243.84,4.4,CUST_1054
ITEM_16471,Fashion Product 6472,Footwear,Mango,40.35,2.8,CUST_1302
ITEM_16472,Fashion Product 6473,Outerwear,Adidas,195.1,4.9,CUST_1164
ITEM_16473,Fashion Product 6474,Dresses,H&M,202.68,4.6,CUST_1384
ITEM_16474,Fashion Product 6475,Dresses,Uniqlo,98.5,3.5,CUST_1149
ITEM_16475,Fashion Product 6476,Dresses,Puma,168.06,4.3,CUST_1433
ITEM_16476,Fashion Product 6477,Footwear,Zara,127.16,4.4,CUST_1290
ITEM_16477,Fashion Product 6478,Outerwear,Levi's,64.69,4.6,CUST_1378
ITEM_16478,Fashion Product 6479,Tops,Zara,192.7,3.0,CUST_1087
ITEM_16479,Fashion Product 6480,Accessories,Adidas,73.06,4.3,CUST_1162
ITEM_16480,Fashion Product 6481,Bottoms,Puma,91.71,2.6,CUST_1168
ITEM_16481,Fashion Product 6482,Tops,Gucci,55.6,2.8,CUST_1135
ITEM_16482,Fashion Product 6483,Footwear,H&M,182.63,4.4,CUST_1090
ITEM_16483,Fashion Product 6484,Accessories,Uniqlo,120.09,4.5,CUST_1488
ITEM_16484,Fashion Product 6485,Accessories,H&M,116.41,4.0,CUST_1308
ITEM_16485,Fashion Product 6486,Accessories,Uniqlo,155.1,4.0,CUST_1305
ITEM_16486,Fashion Product 6487,Dresses,Mango,47.74,4.4,CUST_1375
ITEM_16487,Fashion Product 6488,Bottoms,Mango,225.56,4.8,CUST_1081
ITEM_16488,Fashion Product 6489,Footwear,H&M,121.63,3.6,CUST_1351
ITEM_16489,Fashion Product 6490,Footwear,Uniqlo,97.97,2.8,CUST_1231
ITEM_16490,Fashion Product 6491,Accessories,Uniqlo,40.41,4.6,CUST_1089
ITEM_16491,Fashion Product 6492,Footwear,Zara,50.31,3.4,CUST_1293
ITEM_16492,Fashion Product 6493,Bottoms,H&M,230.89,2.8,CUST_1446
ITEM_16493,Fashion Product 6494,Bottoms,Nike,119.59,4.0,CUST_1399
ITEM_16494,Fashion Product 6495,Outerwear,Adidas,183.32,3.9,CUST_1002
ITEM_16495,Fashion Product 6496,Outerwear,Gucci,29.32,3.7,CUST_1395
ITEM_16496,Fashion Product 6497,Tops,Mango,164.43,4.6,CUST_1352
ITEM_16497,Fashion Product 6498,Bottoms,Nike,231.16,3.2,CUST_1222
ITEM_16498,Fashion Product 6499,Bottoms,Mango,81.99,2.5,CUST_1017
ITEM_16499,Fashion Product 6500,Bottoms,Puma,148.99,3.3,CUST_1472
ITEM_16500,Fashion Product 6501,Outerwear,Mango,235.65,2.5,CUST_1429
ITEM_16501,Fashion Product 6502,Accessories,Mango,182.64,3.9,CUST_1196
ITEM_16502,Fashion Product 6503,Accessories,Zara,24.96,3.4,CUST_1120
ITEM_16503,Fashion Product 6504,Footwear,Nike,100.9,4.5,CUST_1242
ITEM_16504,Fashion Product 6505,Accessories,Puma,30.59,4.5,CUST_1445
ITEM_16505,Fashion Product 6506,Dresses,Uniqlo,216.72,3.6,CUST_1174
ITEM_16506,Fashion Product 6507,Outerwear,Uniqlo,159.2,3.0,CUST_1032
ITEM_16507,Fashion Product 6508,Bottoms,Puma,239.53,3.6,CUST_1275
ITEM_16508,Fashion Product 6509,Accessories,Levi's,14.74,4.1,CUST_1195
ITEM_16509,Fashion Product 6510,Outerwear,H&M,111.54,3.0,CUST_1004
ITEM_16510,Fashion Product 6511,Accessories,Levi's,35.05,4.4,CUST_1281
ITEM_16511,Fashion Product 6512,Tops,Nike,94.12,3.3,CUST_1457
ITEM_16512,Fashion Product 6513,Bottoms,Mango,48.85,4.8,CUST_1021
ITEM_16513,Fashion Product 6514,Tops,Uniqlo,88.91,3.8,CUST_1471
ITEM_16514,Fashion Product 6515,Bottoms,Zara,206.62,4.6,CUST_1238
ITEM_16515,Fashion Product 6516,Outerwear,Levi's,48.57,4.0,CUST_1093
ITEM_16516,Fashion Product 6517,Footwear,Mango,123.68,3.9,CUST_1478
ITEM_16517,Fashion Product 6518,Accessories,Gucci,231.18,4.2,CUST_1089
ITEM_16518,Fashion Product 6519,Accessories,H&M,249.71,4.5,CUST_1113
ITEM_16519,Fashion Product 6520,Dresses,Puma,70.15,4.1,CUST_1221
ITEM_16520,Fashion Product 6521,Tops,Mango,234.54,4.5,CUST_1098
ITEM_16521,Fashion Product 6522,Accessories,H&M,72.73,3.0,CUST_1142
ITEM_16522,Fashion Product 6523,Outerwear,H&M,109.25,3.2,CUST_1150
ITEM_16523,Fashion Product 6524,Footwear,Uniqlo,220.7,3.1,CUST_1048
ITEM_16524,Fashion Product 6525,Outerwear,Uniqlo,198.68,4.5,CUST_1051
ITEM_16525,Fashion Product 6526,Tops,Nike,215.8,2.7,CUST_1208
ITEM_16526,Fashion Product 6527,Dresses,Gucci,202.06,4.5,CUST_1011
ITEM_16527,Fashion Product 6528,Accessories,Puma,66.41,3.5,CUST_1443
ITEM_16528,Fashion Product 6529,Outerwear,H&M,144.11,2.7,CUST_1270
ITEM_16529,Fashion Product 6530,Bottoms,Nike,102.46,3.6,CUST_1263
ITEM_16530,Fashion Product 6531,Footwear,Levi's,120.33,3.3,CUST_1197
ITEM_16531,Fashion Product 6532,Outerwear,Adidas,46.95,4.0,CUST_1186
ITEM_16532,Fashion Product 6533,Footwear,H&M,85.78,3.7,CUST_1296
ITEM_16533,Fashion Product 6534,Accessories,Nike,215.84,3.2,CUST_1221
ITEM_16534,Fashion Product 6535,Bottoms,Gucci,225.41,4.7,CUST_1081
ITEM_16535,Fashion Product 6536,Dresses,Uniqlo,156.44,3.5,CUST_1222
ITEM_16536,Fashion Product 6537,Dresses,H&M,129.58,3.7,CUST_1409
ITEM_16537,Fashion Product 6538,Bottoms,H&M,181.08,4.6,CUST_1462
ITEM_16538,Fashion Product 6539,Footwear,Mango,156.12,2.7,CUST_1379
ITEM_16539,Fashion Product 6540,Accessories,Gucci,246.08,3.5,CUST_1170
ITEM_16540,Fashion Product 6541,Outerwear,Puma,55.62,3.5,CUST_1086
ITEM_16541,Fashion Product 6542,Bottoms,Uniqlo,117.77,3.7,CUST_1044
ITEM_16542,Fashion Product 6543,Tops,H&M,230.38,2.8,CUST_1261
ITEM_16543,Fashion Product 6544,Footwear,Levi's,229.54,2.8,CUST_1104
ITEM_16544,Fashion Product 6545,Dresses,Uniqlo,128.88,3.5,CUST_1284
ITEM_16545,Fashion Product 6546,Bottoms,Levi's,42.35,2.6,CUST_1460
ITEM_16546,Fashion Product 6547,Dresses,Adidas,205.59,3.1,CUST_1228
ITEM_16547,Fashion Product 6548,Footwear,Puma,150.44,3.0,CUST_1188
ITEM_16548,Fashion Product 6549,Dresses,Adidas,195.56,3.7,CUST_1461
ITEM_16549,Fashion Product 6550,Bottoms,H&M,121.01,2.5,CUST_1121
ITEM_16550,Fashion Product 6551,Footwear,Mango,58.93,4.2,CUST_1149
ITEM_16551,Fashion Product 6552,Tops,Puma,15.76,4.6,CUST_1352
ITEM_16552,Fashion Product 6553,Bottoms,Mango,144.19,4.3,CUST_1305
ITEM_16553,Fashion Product 6554,Outerwear,Nike,48.65,4.5,CUST_1440
ITEM_16554,Fashion Product 6555,Accessories,Gucci,54.91,4.1,CUST_1057
ITEM_16555,Fashion Product 6556,Bottoms,Nike,114.71,3.8,CUST_1341
ITEM_16556,Fashion Product 6557,Footwear,Adidas,116.1,3.0,CUST_1189
ITEM_16557,Fashion Product 6558,Accessories,Levi's,75.85,3.2,CUST_1357
ITEM_16558,Fashion Product 6559,Bottoms,Adidas,41.66,3.3,CUST_1038
ITEM_16559,Fashion Product 6560,Tops,Puma,236.79,2.6,CUST_1201
ITEM_16560,Fashion Product 6561,Tops,Puma,41.59,4.8,CUST_1229
ITEM_16561,Fashion Product 6562,Outerwear,Adidas,94.19,4.8,CUST_1386
ITEM_16562,Fashion Product 6563,Dresses,H&M,83.17,2.8,CUST_1131
ITEM_16563,Fashion Product 6564,Accessories,Adidas,217.92,3.9,CUST_1171
ITEM_16564,Fashion Product 6565,Footwear,Puma,108.41,3.7,CUST_1330
ITEM_16565,Fashion Product 6566,Footwear,Puma,39.77,4.2,CUST_1035
ITEM_16566,Fashion Product 6567,Dresses,Uniqlo,12.46,4.0,CUST_1201
ITEM_16567,Fashion Product 6568,Tops,Zara,183.27,2.8,CUST_1168
ITEM_16568,Fashion Product 6569,Tops,Mango,181.48,4.2,CUST_1496
ITEM_16569,Fashion Product 6570,Bottoms,Nike,110.27,4.0,CUST_1381
ITEM_16570,Fashion Product 6571,Outerwear,Adidas,40.31,3.8,CUST_1246
ITEM_16571,Fashion Product 6572,Accessories,Uniqlo,99.19,3.5,CUST_1224
ITEM_16572,Fashion Product 6573,Outerwear,H&M,151.57,4.9,CUST_1341
ITEM_16573,Fashion Product 6574,Outerwear,Puma,178.95,4.6,CUST_1058
ITEM_16574,Fashion Product 6575,Bottoms,Adidas,28.78,4.0,CUST_1290
ITEM_16575,Fashion Product 6576,Outerwear,Puma,143.51,2.5,CUST_1025
ITEM_16576,Fashion Product 6577,Dresses,Levi's,76.27,3.6,CUST_1490
ITEM_16577,Fashion Product 6578,Bottoms,Uniqlo,158.14,4.3,CUST_1440
ITEM_16578,Fashion Product 6579,Dresses,Adidas,165.55,2.8,CUST_1032
ITEM_16579,Fashion Product 6580,Bottoms,Levi's,228.54,3.5,CUST_1110
ITEM_16580,Fashion Product 6581,Outerwear,Uniqlo,108.49,3.0,CUST_1101
ITEM_16581,Fashion Product 6582,Dresses,Adidas,139.02,3.3,CUST_1150
ITEM_16582,Fashion Product 6583,Dresses,Adidas,74.37,2.6,CUST_1383
ITEM_16583,Fashion Product 6584,Dresses,Gucci,78.77,2.8,CUST_1345
ITEM_16584,Fashion Product 6585,Bottoms,Uniqlo,21.05,3.6,CUST_1193
ITEM_16585,Fashion Product 6586,Footwear,Uniqlo,78.66,4.7,CUST_1109
ITEM_16586,Fashion Product 6587,Outerwear,Puma,25.32,3.7,CUST_1356
ITEM_16587,Fashion Product 6588,Dresses,Adidas,241.34,3.6,CUST_1277
ITEM_16588,Fashion Product 6589,Accessories,Mango,159.82,4.5,CUST_1233
ITEM_16589,Fashion Product 6590,Footwear,Mango,51.56,3.2,CUST_1464
ITEM_16590,Fashion Product 6591,Accessories,Mango,38.02,2.7,CUST_1480
ITEM_16591,Fashion Product 6592,Outerwear,Adidas,98.83,3.0,CUST_1021
ITEM_16592,Fashion Product 6593,Outerwear,Adidas,83.84,4.5,CUST_1373
ITEM_16593,Fashion Product 6594,Dresses,Levi's,77.02,4.2,CUST_1412
ITEM_16594,Fashion Product 6595,Dresses,Gucci,122.37,2.7,CUST_1252
ITEM_16595,Fashion Product 6596,Bottoms,Uniqlo,229.09,4.2,CUST_1403
ITEM_16596,Fashion Product 6597,Footwear,Puma,146.33,4.8,CUST_1014
ITEM_16597,Fashion Product 6598,Footwear,Gucci,135.1,2.6,CUST_1215
ITEM_16598,Fashion Product 6599,Dresses,Levi's,203.57,4.0,CUST_1024
ITEM_16599,Fashion Product 6600,Outerwear,Adidas,10.97,3.4,CUST_1020
ITEM_16600,Fashion Product 6601,Dresses,Nike,57.37,3.8,CUST_1416
ITEM_16601,Fashion Product 6602,Outerwear,Uniqlo,129.08,3.8,CUST_1488
ITEM_16602,Fashion Product 6603,Outerwear,Mango,179.27,4.4,CUST_1202
ITEM_16603,Fashion Product 6604,Dresses,Adidas,126.41,3.9,CUST_1436
ITEM_16604,Fashion Product 6605,Tops,Levi's,49.29,4.0,CUST_1321
ITEM_16605,Fashion Product 6606,Footwear,Nike,233.2,3.3,CUST_1479
ITEM_16606,Fashion Product 6607,Accessories,H&M,88.88,2.8,CUST_1052
ITEM_16607,Fashion Product 6608,Outerwear,Mango,199.17,4.2,CUST_1357
ITEM_16608,Fashion Product 6609,Outerwear,Puma,223.94,2.5,CUST_1186
ITEM_16609,Fashion Product 6610,Tops,Adidas,93.15,3.3,CUST_1207
ITEM_16610,Fashion Product 6611,Accessories,Zara,212.87,3.0,CUST_1360
ITEM_16611,Fashion Product 6612,Bottoms,Nike,180.59,3.5,CUST_1095
ITEM_16612,Fashion Product 6613,Tops,Nike,227.03,3.3,CUST_1348
ITEM_16613,Fashion Product 6614,Accessories,Uniqlo,70.31,4.3,CUST_1266
ITEM_16614,Fashion Product 6615,Tops,Mango,233.51,3.2,CUST_1326
ITEM_16615,Fashion Product 6616,Outerwear,Adidas,25.67,3.9,CUST_1015
ITEM_16616,Fashion Product 6617,Footwear,Zara,200.48,3.6,CUST_1175
ITEM_16617,Fashion Product 6618,Tops,Mango,114.56,4.5,CUST_1219
ITEM_16618,Fashion Product 6619,Bottoms,Levi's,52.69,3.6,CUST_1010
ITEM_16619,Fashion Product 6620,Dresses,Zara,29.06,4.7,CUST_1405
ITEM_16620,Fashion Product 6621,Accessories,Gucci,103.49,2.5,CUST_1019
ITEM_16621,Fashion Product 6622,Tops,Gucci,103.44,4.0,CUST_1068
ITEM_16622,Fashion Product 6623,Tops,Nike,65.19,2.5,CUST_1278
ITEM_16623,Fashion Product 6624,Bottoms,Levi's,61.72,4.3,CUST_1319
ITEM_16624,Fashion Product 6625,Footwear,Gucci,105.88,3.1,CUST_1294
ITEM_16625,Fashion Product 6626,Tops,Nike,108.43,3.4,CUST_1015
ITEM_16626,Fashion Product 6627,Tops,Adidas,116.17,3.5,CUST_1326
ITEM_16627,Fashion Product 6628,Footwear,Nike,218.5,4.6,CUST_1114
ITEM_16628,Fashion Product 6629,Bottoms,Adidas,156.7,2.8,CUST_1459
ITEM_16629,Fashion Product 6630,Accessories,Levi's,14.9,4.2,CUST_1300
ITEM_16630,Fashion Product 6631,Accessories,Uniqlo,134.58,5.0,CUST_1158
ITEM_16631,Fashion Product 6632,Tops,Mango,192.99,2.6,CUST_1104
ITEM_16632,Fashion Product 6633,Footwear,Nike,23.54,4.9,CUST_1280
ITEM_16633,Fashion Product 6634,Tops,Nike,111.43,2.5,CUST_1086
ITEM_16634,Fashion Product 6635,Dresses,Adidas,118.29,4.6,CUST_1094
ITEM_16635,Fashion Product 6636,Accessories,Gucci,238.96,4.9,CUST_1174
ITEM_16636,Fashion Product 6637,Outerwear,Gucci,124.16,5.0,CUST_1388
ITEM_16637,Fashion Product 6638,Dresses,Nike,189.98,3.6,CUST_1242
ITEM_16638,Fashion Product 6639,Tops,Gucci,82.7,4.7,CUST_1262
ITEM_16639,Fashion Product 6640,Bottoms,Gucci,197.03,2.8,CUST_1294
ITEM_16640,Fashion Product 6641,Accessories,Nike,87.44,3.6,CUST_1282
ITEM_16641,Fashion Product 6642,Outerwear,H&M,113.21,3.3,CUST_1147
ITEM_16642,Fashion Product 6643,Dresses,H&M,125.08,3.5,CUST_1002
ITEM_16643,Fashion Product 6644,Accessories,Levi's,232.33,4.3,CUST_1068
ITEM_16644,Fashion Product 6645,Footwear,Puma,22.83,2.7,CUST_1069
ITEM_16645,Fashion Product 6646,Bottoms,Mango,57.25,5.0,CUST_1047
ITEM_16646,Fashion Product 6647,Dresses,Puma,179.38,4.1,CUST_1355
ITEM_16647,Fashion Product 6648,Footwear,Gucci,148.62,4.7,CUST_1413
ITEM_16648,Fashion Product 6649,Tops,Zara,70.37,4.6,CUST_1064
ITEM_16649,Fashion Product 6650,Footwear,Gucci,79.41,4.4,CUST_1080
ITEM_16650,Fashion Product 6651,Dresses,Nike,98.15,2.6,CUST_1254
ITEM_16651,Fashion Product 6652,Dresses,Nike,118.08,3.8,CUST_1237
ITEM_16652,Fashion Product 6653,Tops,Mango,206.33,3.3,CUST_1396
ITEM_16653,Fashion Product 6654,Footwear,Uniqlo,13.32,2.8,CUST_1469
ITEM_16654,Fashion Product 6655,Footwear,Uniqlo,225.52,3.4,CUST_1329
ITEM_16655,Fashion Product 6656,Tops,Uniqlo,109.13,4.1,CUST_1139
ITEM_16656,Fashion Product 6657,Footwear,Levi's,65.32,3.1,CUST_1264
ITEM_16657,Fashion Product 6658,Accessories,Gucci,132.02,3.6,CUST_1316
ITEM_16658,Fashion Product 6659,Tops,Nike,168.32,3.5,CUST_1154
ITEM_16659,Fashion Product 6660,Bottoms,Zara,20.74,2.6,CUST_1416
ITEM_16660,Fashion Product 6661,Dresses,Zara,181.79,4.1,CUST_1423
ITEM_16661,Fashion Product 6662,Bottoms,Zara,192.58,4.0,CUST_1132
ITEM_16662,Fashion Product 6663,Accessories,Uniqlo,49.88,4.9,CUST_1226
ITEM_16663,Fashion Product 6664,Accessories,Mango,50.29,3.2,CUST_1092
ITEM_16664,Fashion Product 6665,Outerwear,Uniqlo,58.91,3.5,CUST_1473
ITEM_16665,Fashion Product 6666,Outerwear,Nike,201.19,3.5,CUST_1499
ITEM_16666,Fashion Product 6667,Outerwear,Gucci,75.28,4.8,CUST_1118
ITEM_16667,Fashion Product 6668,Tops,Gucci,201.02,3.5,CUST_1126
ITEM_16668,Fashion Product 6669,Footwear,Mango,139.73,3.6,CUST_1375
ITEM_16669,Fashion Product 6670,Accessories,Levi's,194.12,3.1,CUST_1428
ITEM_16670,Fashion Product 6671,Bottoms,Zara,142.88,2.5,CUST_1227
ITEM_16671,Fashion Product 6672,Bottoms,Gucci,90.58,2.8,CUST_1339
ITEM_16672,Fashion Product 6673,Bottoms,Mango,228.57,4.3,CUST_1419
ITEM_16673,Fashion Product 6674,Bottoms,Zara,181.67,4.2,CUST_1435
ITEM_16674,Fashion Product 6675,Outerwear,Uniqlo,126.17,3.3,CUST_1179
ITEM_16675,Fashion Product 6676,Bottoms,Adidas,162.98,3.7,CUST_1487
ITEM_16676,Fashion Product 6677,Footwear,Puma,157.8,3.2,CUST_1413
ITEM_16677,Fashion Product 6678,Outerwear,Gucci,95.95,4.3,CUST_1462
ITEM_16678,Fashion Product 6679,Bottoms,Levi's,111.71,4.6,CUST_1085
ITEM_16679,Fashion Product 6680,Tops,Mango,86.38,4.7,CUST_1164
ITEM_16680,Fashion Product 6681,Dresses,Levi's,249.88,2.9,CUST_1230
ITEM_16681,Fashion Product 6682,Dresses,Uniqlo,149.22,4.2,CUST_1206
ITEM_16682,Fashion Product 6683,Dresses,Gucci,32.09,4.9,CUST_1104
ITEM_16683,Fashion Product 6684,Outerwear,Nike,134.59,4.1,CUST_1114
ITEM_16684,Fashion Product 6685,Bottoms,Uniqlo,21.99,3.4,CUST_1188
ITEM_16685,Fashion Product 6686,Accessories,Uniqlo,79.28,4.1,CUST_1271
ITEM_16686,Fashion Product 6687,Accessories,Mango,117.03,4.2,CUST_1051
ITEM_16687,Fashion Product 6688,Accessories,Levi's,138.22,3.5,CUST_1306
ITEM_16688,Fashion Product 6689,Outerwear,Mango,244.28,2.8,CUST_1222
ITEM_16689,Fashion Product 6690,Footwear,Zara,245.73,4.0,CUST_1111
ITEM_16690,Fashion Product 6691,Tops,Adidas,33.54,4.5,CUST_1055
ITEM_16691,Fashion Product 6692,Tops,Levi's,139.15,5.0,CUST_1012
ITEM_16692,Fashion Product 6693,Dresses,Adidas,206.11,3.1,CUST_1434
ITEM_16693,Fashion Product 6694,Dresses,Mango,67.05,4.3,CUST_1190
ITEM_16694,Fashion Product 6695,Accessories,Nike,190.14,2.6,CUST_1389
ITEM_16695,Fashion Product 6696,Accessories,Gucci,220.87,4.9,CUST_1155
ITEM_16696,Fashion Product 6697,Dresses,Uniqlo,169.0,2.5,CUST_1335
ITEM_16697,Fashion Product 6698,Bottoms,Uniqlo,88.65,3.4,CUST_1346
ITEM_16698,Fashion Product 6699,Footwear,Adidas,231.55,2.7,CUST_1265
ITEM_16699,Fashion Product 6700,Footwear,Levi's,222.04,4.1,CUST_1360
ITEM_16700,Fashion Product 6701,Footwear,Gucci,181.8,3.3,CUST_1104
ITEM_16701,Fashion Product 6702,Footwear,Puma,97.28,4.3,CUST_1163
ITEM_16702,Fashion Product 6703,Dresses,Adidas,200.06,3.7,CUST_1141
ITEM_16703,Fashion Product 6704,Tops,Levi's,85.87,3.5,CUST_1237
ITEM_16704,Fashion Product 6705,Dresses,Levi's,70.71,3.4,CUST_1044
ITEM_16705,Fashion Product 6706,Footwear,H&M,133.6,2.7,CUST_1239
ITEM_16706,Fashion Product 6707,Dresses,Uniqlo,249.31,3.0,CUST_1430
ITEM_16707,Fashion Product 6708,Footwear,Gucci,203.04,4.1,CUST_1097
ITEM_16708,Fashion Product 6709,Outerwear,Zara,185.15,3.7,CUST_1098
ITEM_16709,Fashion Product 6710,Accessories,Adidas,118.48,2.7,CUST_1375
ITEM_16710,Fashion Product 6711,Tops,Gucci,84.87,3.9,CUST_1324
ITEM_16711,Fashion Product 6712,Outerwear,H&M,215.42,2.6,CUST_1461
ITEM_16712,Fashion Product 6713,Bottoms,H&M,146.26,3.8,CUST_1458
ITEM_16713,Fashion Product 6714,Dresses,Gucci,205.18,4.9,CUST_1053
ITEM_16714,Fashion Product 6715,Bottoms,Levi's,127.06,3.3,CUST_1109
ITEM_16715,Fashion Product 6716,Dresses,Puma,190.95,4.3,CUST_1257
ITEM_16716,Fashion Product 6717,Accessories,Gucci,218.26,4.4,CUST_1011
ITEM_16717,Fashion Product 6718,Outerwear,Adidas,103.93,3.5,CUST_1178
ITEM_16718,Fashion Product 6719,Accessories,Zara,13.26,4.0,CUST_1393
ITEM_16719,Fashion Product 6720,Footwear,Uniqlo,71.18,3.7,CUST_1294
ITEM_16720,Fashion Product 6721,Accessories,H&M,229.58,3.2,CUST_1471
ITEM_16721,Fashion Product 6722,Accessories,Nike,175.01,4.4,CUST_1397
ITEM_16722,Fashion Product 6723,Footwear,Nike,186.93,4.3,CUST_1389
ITEM_16723,Fashion Product 6724,Dresses,Levi's,88.07,4.8,CUST_1025
ITEM_16724,Fashion Product 6725,Footwear,Uniqlo,178.31,4.0,CUST_1126
ITEM_16725,Fashion Product 6726,Outerwear,H&M,165.11,3.5,CUST_1266
ITEM_16726,Fashion Product 6727,Accessories,Nike,52.81,4.3,CUST_1133
ITEM_16727,Fashion Product 6728,Footwear,Nike,242.49,4.0,CUST_1278
ITEM_16728,Fashion Product 6729,Accessories,Puma,94.97,4.0,CUST_1042
ITEM_16729,Fashion Product 6730,Outerwear,Gucci,89.03,4.6,CUST_1473
ITEM_16730,Fashion Product 6731,Bottoms,Mango,98.6,4.8,CUST_1101
ITEM_16731,Fashion Product 6732,Outerwear,Uniqlo,32.01,3.0,CUST_1404
ITEM_16732,Fashion Product 6733,Tops,Mango,159.99,3.3,CUST_1284
ITEM_16733,Fashion Product 6734,Tops,Zara,67.27,4.1,CUST_1277
ITEM_16734,Fashion Product 6735,Tops,Gucci,202.8,3.9,CUST_1139
ITEM_16735,Fashion Product 6736,Accessories,Zara,104.6,4.1,CUST_1221
ITEM_16736,Fashion Product 6737,Dresses,Adidas,120.05,3.6,CUST_1069
ITEM_16737,Fashion Product 6738,Dresses,H&M,165.14,3.5,CUST_1293
ITEM_16738,Fashion Product 6739,Dresses,Mango,192.85,2.8,CUST_1177
ITEM_16739,Fashion Product 6740,Accessories,Levi's,65.47,4.1,CUST_1373
ITEM_16740,Fashion Product 6741,Outerwear,Adidas,241.91,2.9,CUST_1197
ITEM_16741,Fashion Product 6742,Dresses,Uniqlo,159.36,4.2,CUST_1033
ITEM_16742,Fashion Product 6743,Bottoms,H&M,11.35,4.9,CUST_1301
ITEM_16743,Fashion Product 6744,Tops,Nike,109.75,3.1,CUST_1228
ITEM_16744,Fashion Product 6745,Outerwear,Mango,114.84,2.9,CUST_1136
ITEM_16745,Fashion Product 6746,Tops,Gucci,204.2,2.6,CUST_1372
ITEM_16746,Fashion Product 6747,Dresses,Gucci,83.23,3.4,CUST_1134
ITEM_16747,Fashion Product 6748,Outerwear,Adidas,89.49,3.0,CUST_1399
ITEM_16748,Fashion Product 6749,Footwear,Adidas,26.92,3.7,CUST_1143
ITEM_16749,Fashion Product 6750,Bottoms,Nike,78.05,3.8,CUST_1245
ITEM_16750,Fashion Product 6751,Dresses,Puma,182.07,3.4,CUST_1496
ITEM_16751,Fashion Product 6752,Dresses,Mango,162.34,4.4,CUST_1137
ITEM_16752,Fashion Product 6753,Bottoms,Zara,29.53,4.8,CUST_1061
ITEM_16753,Fashion Product 6754,Bottoms,Uniqlo,37.53,3.0,CUST_1056
ITEM_16754,Fashion Product 6755,Footwear,Mango,100.46,4.6,CUST_1133
ITEM_16755,Fashion Product 6756,Dresses,Mango,188.5,2.8,CUST_1382
ITEM_16756,Fashion Product 6757,Accessories,Nike,209.9,3.1,CUST_1410
ITEM_16757,Fashion Product 6758,Dresses,Mango,13.51,3.9,CUST_1471
ITEM_16758,Fashion Product 6759,Tops,Mango,88.96,3.3,CUST_1208
ITEM_16759,Fashion Product 6760,Outerwear,Levi's,111.82,2.6,CUST_1126
ITEM_16760,Fashion Product 6761,Outerwear,Levi's,228.67,3.2,CUST_1123
ITEM_16761,Fashion Product 6762,Tops,H&M,130.34,4.8,CUST_1441
ITEM_16762,Fashion Product 6763,Outerwear,Uniqlo,74.73,2.9,CUST_1231
ITEM_16763,Fashion Product 6764,Bottoms,Levi's,103.61,4.4,CUST_1035
ITEM_16764,Fashion Product 6765,Outerwear,Uniqlo,114.74,4.3,CUST_1266
ITEM_16765,Fashion Product 6766,Outerwear,Gucci,170.8,2.8,CUST_1091
ITEM_16766,Fashion Product 6767,Tops,Nike,19.86,3.3,CUST_1464
ITEM_16767,Fashion Product 6768,Footwear,Nike,103.47,3.0,CUST_1021
ITEM_16768,Fashion Product 6769,Outerwear,Levi's,165.17,2.6,CUST_1140
ITEM_16769,Fashion Product 6770,Accessories,Gucci,78.0,2.9,CUST_1265
ITEM_16770,Fashion Product 6771,Outerwear,Zara,152.02,3.0,CUST_1400
ITEM_16771,Fashion Product 6772,Footwear,H&M,95.75,2.9,CUST_1457
ITEM_16772,Fashion Product 6773,Tops,Nike,192.09,2.7,CUST_1120
ITEM_16773,Fashion Product 6774,Footwear,H&M,24.54,3.8,CUST_1221
ITEM_16774,Fashion Product 6775,Tops,Nike,230.31,3.3,CUST_1438
ITEM_16775,Fashion Product 6776,Bottoms,Gucci,51.19,4.8,CUST_1383
ITEM_16776,Fashion Product 6777,Tops,Mango,48.05,3.0,CUST_1023
ITEM_16777,Fashion Product 6778,Bottoms,Puma,211.75,4.0,CUST_1039
ITEM_16778,Fashion Product 6779,Bottoms,Mango,218.63,4.8,CUST_1235
ITEM_16779,Fashion Product 6780,Tops,Zara,32.31,2.6,CUST_1241
ITEM_16780,Fashion Product 6781,Accessories,Nike,228.09,3.8,CUST_1128
ITEM_16781,Fashion Product 6782,Dresses,Zara,75.59,3.6,CUST_1472
ITEM_16782,Fashion Product 6783,Tops,Levi's,158.47,4.8,CUST_1022
ITEM_16783,Fashion Product 6784,Outerwear,Levi's,26.46,4.2,CUST_1055
ITEM_16784,Fashion Product 6785,Accessories,Adidas,101.36,3.4,CUST_1415
ITEM_16785,Fashion Product 6786,Accessories,Uniqlo,118.17,4.3,CUST_1330
ITEM_16786,Fashion Product 6787,Outerwear,Levi's,153.96,4.0,CUST_1047
ITEM_16787,Fashion Product 6788,Dresses,Levi's,136.07,3.4,CUST_1234
ITEM_16788,Fashion Product 6789,Accessories,Nike,120.76,4.5,CUST_1027
ITEM_16789,Fashion Product 6790,Bottoms,Adidas,240.31,4.2,CUST_1384
ITEM_16790,Fashion Product 6791,Dresses,Nike,54.41,2.5,CUST_1482
ITEM_16791,Fashion Product 6792,Outerwear,H&M,47.92,4.7,CUST_1048
ITEM_16792,Fashion Product 6793,Dresses,Zara,181.22,3.5,CUST_1167
ITEM_16793,Fashion Product 6794,Tops,H&M,27.89,4.1,CUST_1472
ITEM_16794,Fashion Product 6795,Dresses,Gucci,125.89,3.5,CUST_1405
ITEM_16795,Fashion Product 6796,Bottoms,Gucci,126.17,4.7,CUST_1271
ITEM_16796,Fashion Product 6797,Tops,Nike,84.41,4.1,CUST_1081
ITEM_16797,Fashion Product 6798,Footwear,Puma,233.31,3.9,CUST_1118
ITEM_16798,Fashion Product 6799,Outerwear,Puma,77.81,5.0,CUST_1045
ITEM_16799,Fashion Product 6800,Outerwear,H&M,79.23,3.2,CUST_1275
ITEM_16800,Fashion Product 6801,Dresses,Levi's,66.23,2.7,CUST_1181
ITEM_16801,Fashion Product 6802,Accessories,Nike,44.99,3.8,CUST_1473
ITEM_16802,Fashion Product 6803,Tops,H&M,97.36,3.6,CUST_1311
ITEM_16803,Fashion Product 6804,Footwear,Nike,173.41,3.6,CUST_1232
ITEM_16804,Fashion Product 6805,Tops,H&M,188.12,4.1,CUST_1086
ITEM_16805,Fashion Product 6806,Outerwear,Gucci,205.22,4.0,CUST_1105
ITEM_16806,Fashion Product 6807,Tops,Adidas,57.41,3.5,CUST_1243
ITEM_16807,Fashion Product 6808,Footwear,Nike,18.55,4.7,CUST_1177
ITEM_16808,Fashion Product 6809,Accessories,Adidas,243.92,4.1,CUST_1234
ITEM_16809,Fashion Product 6810,Dresses,Gucci,13.44,4.7,CUST_1078
ITEM_16810,Fashion Product 6811,Bottoms,Puma,240.56,4.8,CUST_1126
ITEM_16811,Fashion Product 6812,Tops,Mango,208.92,2.9,CUST_1189
ITEM_16812,Fashion Product 6813,Bottoms,Zara,228.9,4.2,CUST_1060
ITEM_16813,Fashion Product 6814,Outerwear,Zara,102.92,3.3,CUST_1220
ITEM_16814,Fashion Product 6815,Dresses,Zara,57.33,4.6,CUST_1076
ITEM_16815,Fashion Product 6816,Dresses,Gucci,155.55,4.3,CUST_1091
ITEM_16816,Fashion Product 6817,Tops,Gucci,187.9,3.0,CUST_1116
ITEM_16817,Fashion Product 6818,Accessories,Puma,41.41,4.8,CUST_1280
ITEM_16818,Fashion Product 6819,Dresses,Mango,201.43,4.2,CUST_1470
ITEM_16819,Fashion Product 6820,Tops,Uniqlo,60.06,4.9,CUST_1167
ITEM_16820,Fashion Product 6821,Tops,Zara,128.0,3.0,CUST_1126
ITEM_16821,Fashion Product 6822,Bottoms,Levi's,215.56,4.7,CUST_1445
ITEM_16822,Fashion Product 6823,Dresses,Zara,56.42,4.2,CUST_1233
ITEM_16823,Fashion Product 6824,Tops,Uniqlo,68.05,3.9,CUST_1114
ITEM_16824,Fashion Product 6825,Bottoms,Nike,25.07,4.6,CUST_1487
ITEM_16825,Fashion Product 6826,Footwear,Puma,45.19,4.1,CUST_1100
ITEM_16826,Fashion Product 6827,Bottoms,Adidas,45.17,4.2,CUST_1151
ITEM_16827,Fashion Product 6828,Bottoms,Adidas,58.82,3.1,CUST_1072
ITEM_16828,Fashion Product 6829,Tops,Uniqlo,78.69,4.5,CUST_1476
ITEM_16829,Fashion Product 6830,Outerwear,Zara,205.6,4.1,CUST_1370
ITEM_16830,Fashion Product 6831,Outerwear,Adidas,229.78,4.6,CUST_1349
ITEM_16831,Fashion Product 6832,Accessories,Uniqlo,107.51,3.4,CUST_1463
ITEM_16832,Fashion Product 6833,Outerwear,Gucci,40.77,3.3,CUST_1167
ITEM_16833,Fashion Product 6834,Bottoms,H&M,63.71,2.6,CUST_1072
ITEM_16834,Fashion Product 6835,Accessories,Gucci,186.69,4.4,CUST_1348
ITEM_16835,Fashion Product 6836,Tops,Zara,172.58,3.3,CUST_1353
ITEM_16836,Fashion Product 6837,Dresses,Uniqlo,242.13,3.3,CUST_1011
ITEM_16837,Fashion Product 6838,Bottoms,Nike,13.48,4.2,CUST_1298
ITEM_16838,Fashion Product 6839,Bottoms,Adidas,190.18,3.1,CUST_1229
ITEM_16839,Fashion Product 6840,Accessories,Adidas,131.39,4.8,CUST_1126
ITEM_16840,Fashion Product 6841,Tops,Adidas,226.65,3.8,CUST_1153
ITEM_16841,Fashion Product 6842,Footwear,Uniqlo,148.28,4.9,CUST_1162
ITEM_16842,Fashion Product 6843,Bottoms,Gucci,117.2,2.7,CUST_1278
ITEM_16843,Fashion Product 6844,Footwear,Nike,169.8,3.3,CUST_1386
ITEM_16844,Fashion Product 6845,Footwear,Uniqlo,210.05,3.5,CUST_1179
ITEM_16845,Fashion Product 6846,Outerwear,Zara,77.8,4.3,CUST_1144
ITEM_16846,Fashion Product 6847,Tops,Puma,35.81,3.0,CUST_1139
ITEM_16847,Fashion Product 6848,Footwear,Zara,113.92,3.4,CUST_1206
ITEM_16848,Fashion Product 6849,Tops,H&M,61.48,4.8,CUST_1096
ITEM_16849,Fashion Product 6850,Outerwear,Puma,113.09,2.8,CUST_1214
ITEM_16850,Fashion Product 6851,Tops,Zara,247.85,4.4,CUST_1069
ITEM_16851,Fashion Product 6852,Bottoms,Nike,147.79,4.3,CUST_1356
ITEM_16852,Fashion Product 6853,Footwear,Mango,176.46,2.8,CUST_1471
ITEM_16853,Fashion Product 6854,Tops,Mango,172.7,4.2,CUST_1318
ITEM_16854,Fashion Product 6855,Dresses,Mango,206.97,3.9,CUST_1019
ITEM_16855,Fashion Product 6856,Tops,H&M,236.59,3.2,CUST_1413
ITEM_16856,Fashion Product 6857,Footwear,H&M,168.12,3.3,CUST_1426
ITEM_16857,Fashion Product 6858,Outerwear,Mango,124.26,4.6,CUST_1407
ITEM_16858,Fashion Product 6859,Outerwear,Adidas,86.28,3.1,CUST_1316
ITEM_16859,Fashion Product 6860,Footwear,Puma,96.47,3.8,CUST_1457
ITEM_16860,Fashion Product 6861,Bottoms,Puma,90.28,4.2,CUST_1402
ITEM_16861,Fashion Product 6862,Bottoms,Adidas,87.87,2.8,CUST_1351
ITEM_16862,Fashion Product 6863,Outerwear,Gucci,176.71,4.8,CUST_1101
ITEM_16863,Fashion Product 6864,Outerwear,Mango,151.05,3.2,CUST_1081
ITEM_16864,Fashion Product 6865,Footwear,Adidas,58.48,3.3,CUST_1183
ITEM_16865,Fashion Product 6866,Bottoms,Uniqlo,242.71,4.2,CUST_1018
ITEM_16866,Fashion Product 6867,Outerwear,Puma,112.65,2.7,CUST_1155
ITEM_16867,Fashion Product 6868,Bottoms,Uniqlo,145.86,4.1,CUST_1341
ITEM_16868,Fashion Product 6869,Outerwear,Adidas,178.62,4.8,CUST_1129
ITEM_16869,Fashion Product 6870,Tops,Adidas,157.28,3.1,CUST_1480
ITEM_16870,Fashion Product 6871,Dresses,Zara,84.65,3.4,CUST_1398
ITEM_16871,Fashion Product 6872,Accessories,Zara,201.45,3.1,CUST_1315
ITEM_16872,Fashion Product 6873,Tops,Nike,36.44,4.5,CUST_1366
ITEM_16873,Fashion Product 6874,Accessories,Nike,146.56,2.9,CUST_1462
ITEM_16874,Fashion Product 6875,Outerwear,H&M,75.6,3.4,CUST_1161
ITEM_16875,Fashion Product 6876,Dresses,H&M,157.78,4.0,CUST_1420
ITEM_16876,Fashion Product 6877,Dresses,Mango,62.32,3.5,CUST_1119
ITEM_16877,Fashion Product 6878,Outerwear,Zara,195.33,2.7,CUST_1423
ITEM_16878,Fashion Product 6879,Outerwear,Mango,64.61,4.9,CUST_1376
ITEM_16879,Fashion Product 6880,Bottoms,Adidas,223.69,3.3,CUST_1332
ITEM_16880,Fashion Product 6881,Outerwear,Mango,216.77,3.6,CUST_1173
ITEM_16881,Fashion Product 6882,Footwear,Adidas,96.97,2.9,CUST_1153
ITEM_16882,Fashion Product 6883,Outerwear,Puma,102.6,4.7,CUST_1399
ITEM_16883,Fashion Product 6884,Footwear,Zara,178.36,3.2,CUST_1020
ITEM_16884,Fashion Product 6885,Outerwear,Nike,31.69,2.5,CUST_1034
ITEM_16885,Fashion Product 6886,Bottoms,Mango,29.42,3.3,CUST_1314
ITEM_16886,Fashion Product 6887,Footwear,Zara,42.72,5.0,CUST_1060
ITEM_16887,Fashion Product 6888,Tops,Puma,144.99,2.9,CUST_1462
ITEM_16888,Fashion Product 6889,Footwear,Uniqlo,45.76,2.6,CUST_1158
ITEM_16889,Fashion Product 6890,Bottoms,Nike,76.63,3.9,CUST_1364
ITEM_16890,Fashion Product 6891,Accessories,Levi's,165.26,3.4,CUST_1397
ITEM_16891,Fashion Product 6892,Footwear,Zara,13.75,4.5,CUST_1206
ITEM_16892,Fashion Product 6893,Outerwear,Gucci,53.26,4.3,CUST_1093
ITEM_16893,Fashion Product 6894,Outerwear,Zara,233.18,3.0,CUST_1218
ITEM_16894,Fashion Product 6895,Accessories,Adidas,169.26,3.9,CUST_1323
ITEM_16895,Fashion Product 6896,Bottoms,Gucci,83.33,2.6,CUST_1089
ITEM_16896,Fashion Product 6897,Dresses,Mango,20.87,3.6,CUST_1475
ITEM_16897,Fashion Product 6898,Outerwear,Puma,150.65,4.3,CUST_1173
ITEM_16898,Fashion Product 6899,Tops,Gucci,63.49,3.5,CUST_1040
ITEM_16899,Fashion Product 6900,Bottoms,Mango,240.44,2.8,CUST_1464
ITEM_16900,Fashion Product 6901,Footwear,Mango,174.87,2.7,CUST_1422
ITEM_16901,Fashion Product 6902,Footwear,Mango,243.79,4.6,CUST_1203
ITEM_16902,Fashion Product 6903,Tops,Adidas,213.74,4.7,CUST_1221
ITEM_16903,Fashion Product 6904,Outerwear,Gucci,125.93,3.4,CUST_1047
ITEM_16904,Fashion Product 6905,Bottoms,H&M,170.7,2.9,CUST_1243
ITEM_16905,Fashion Product 6906,Tops,Puma,204.91,4.9,CUST_1088
ITEM_16906,Fashion Product 6907,Outerwear,Uniqlo,148.76,3.9,CUST_1157
ITEM_16907,Fashion Product 6908,Bottoms,Zara,24.76,3.7,CUST_1162
ITEM_16908,Fashion Product 6909,Footwear,Adidas,122.91,4.4,CUST_1395
ITEM_16909,Fashion Product 6910,Bottoms,Nike,41.34,2.9,CUST_1020
ITEM_16910,Fashion Product 6911,Accessories,Uniqlo,181.56,3.9,CUST_1148
ITEM_16911,Fashion Product 6912,Dresses,Puma,173.35,4.7,CUST_1201
ITEM_16912,Fashion Product 6913,Bottoms,Adidas,248.3,2.6,CUST_1312
ITEM_16913,Fashion Product 6914,Dresses,Uniqlo,160.91,4.2,CUST_1151
ITEM_16914,Fashion Product 6915,Bottoms,Zara,202.03,3.9,CUST_1100
ITEM_16915,Fashion Product 6916,Dresses,Mango,74.39,4.9,CUST_1247
ITEM_16916,Fashion Product 6917,Accessories,Mango,91.61,3.1,CUST_1113
ITEM_16917,Fashion Product 6918,Footwear,Puma,230.09,4.6,CUST_1219
ITEM_16918,Fashion Product 6919,Outerwear,Zara,191.25,3.3,CUST_1344
ITEM_16919,Fashion Product 6920,Dresses,Uniqlo,167.26,3.6,CUST_1360
ITEM_16920,Fashion Product 6921,Accessories,Levi's,70.97,3.0,CUST_1025
ITEM_16921,Fashion Product 6922,Dresses,Mango,177.66,4.7,CUST_1473
ITEM_16922,Fashion Product 6923,Footwear,H&M,222.82,3.0,CUST_1496
ITEM_16923,Fashion Product 6924,Dresses,Uniqlo,65.39,4.6,CUST_1289
ITEM_16924,Fashion Product 6925,Accessories,Mango,179.47,3.6,CUST_1415
ITEM_16925,Fashion Product 6926,Accessories,Uniqlo,104.49,4.6,CUST_1458
ITEM_16926,Fashion Product 6927,Tops,Puma,38.5,3.2,CUST_1103
ITEM_16927,Fashion Product 6928,Footwear,Nike,193.23,2.8,CUST_1079
ITEM_16928,Fashion Product 6929,Tops,Mango,50.11,3.9,CUST_1385
ITEM_16929,Fashion Product 6930,Footwear,Uniqlo,70.7,3.8,CUST_1438
ITEM_16930,Fashion Product 6931,Dresses,Nike,197.91,3.4,CUST_1016
ITEM_16931,Fashion Product 6932,Accessories,Nike,188.11,4.2,CUST_1341
ITEM_16932,Fashion Product 6933,Tops,H&M,71.0,2.7,CUST_1059
ITEM_16933,Fashion Product 6934,Dresses,Nike,235.83,4.1,CUST_1194
ITEM_16934,Fashion Product 6935,Accessories,Zara,61.67,3.0,CUST_1125
ITEM_16935,Fashion Product 6936,Footwear,Nike,248.47,2.8,CUST_1387
ITEM_16936,Fashion Product 6937,Accessories,Levi's,187.1,4.8,CUST_1399
ITEM_16937,Fashion Product 6938,Dresses,Uniqlo,104.2,3.6,CUST_1032
ITEM_16938,Fashion Product 6939,Tops,Nike,41.28,4.4,CUST_1178
ITEM_16939,Fashion Product 6940,Tops,Gucci,86.92,2.7,CUST_1367
ITEM_16940,Fashion Product 6941,Accessories,Zara,56.5,2.6,CUST_1219
ITEM_16941,Fashion Product 6942,Dresses,Adidas,159.24,3.7,CUST_1100
ITEM_16942,Fashion Product 6943,Bottoms,Zara,95.65,3.3,CUST_1483
ITEM_16943,Fashion Product 6944,Footwear,Puma,80.8,2.5,CUST_1444
ITEM_16944,Fashion Product 6945,Footwear,Adidas,191.71,3.0,CUST_1103
ITEM_16945,Fashion Product 6946,Dresses,H&M,65.34,3.0,CUST_1472
ITEM_16946,Fashion Product 6947,Bottoms,Zara,150.85,3.2,CUST_1372
ITEM_16947,Fashion Product 6948,Tops,Puma,56.7,4.7,CUST_1118
ITEM_16948,Fashion Product 6949,Outerwear,Zara,181.55,3.6,CUST_1243
ITEM_16949,Fashion Product 6950,Outerwear,Nike,160.03,4.2,CUST_1119
ITEM_16950,Fashion Product 6951,Dresses,Mango,201.56,2.5,CUST_1392
ITEM_16951,Fashion Product 6952,Bottoms,Mango,26.44,4.5,CUST_1007
ITEM_16952,Fashion Product 6953,Bottoms,Puma,60.43,3.1,CUST_1388
ITEM_16953,Fashion Product 6954,Footwear,Zara,47.07,3.3,CUST_1478
ITEM_16954,Fashion Product 6955,Tops,Puma,55.73,2.6,CUST_1010
ITEM_16955,Fashion Product 6956,Accessories,H&M,34.72,3.5,CUST_1316
ITEM_16956,Fashion Product 6957,Bottoms,Mango,144.9,4.6,CUST_1281
ITEM_16957,Fashion Product 6958,Accessories,Gucci,152.42,3.4,CUST_1042
ITEM_16958,Fashion Product 6959,Outerwear,Adidas,212.44,4.8,CUST_1047
ITEM_16959,Fashion Product 6960,Accessories,Nike,110.26,4.7,CUST_1096
ITEM_16960,Fashion Product 6961,Tops,Gucci,137.77,2.7,CUST_1246
ITEM_16961,Fashion Product 6962,Tops,Gucci,247.91,3.3,CUST_1224
ITEM_16962,Fashion Product 6963,Accessories,Uniqlo,137.64,4.8,CUST_1114
ITEM_16963,Fashion Product 6964,Dresses,Gucci,147.66,2.6,CUST_1032
ITEM_16964,Fashion Product 6965,Bottoms,Adidas,249.02,4.4,CUST_1330
ITEM_16965,Fashion Product 6966,Dresses,Adidas,248.59,4.8,CUST_1457
ITEM_16966,Fashion Product 6967,Accessories,Nike,111.77,4.4,CUST_1153
ITEM_16967,Fashion Product 6968,Bottoms,Puma,162.39,4.4,CUST_1217
ITEM_16968,Fashion Product 6969,Footwear,Levi's,125.39,4.6,CUST_1489
ITEM_16969,Fashion Product 6970,Dresses,Levi's,182.97,4.2,CUST_1246
ITEM_16970,Fashion Product 6971,Dresses,Zara,235.21,3.6,CUST_1272
ITEM_16971,Fashion Product 6972,Accessories,Zara,84.32,2.7,CUST_1433
ITEM_16972,Fashion Product 6973,Outerwear,Adidas,206.53,4.5,CUST_1400
ITEM_16973,Fashion Product 6974,Accessories,Zara,167.16,4.8,CUST_1350
ITEM_16974,Fashion Product 6975,Dresses,Uniqlo,77.24,3.8,CUST_1422
ITEM_16975,Fashion Product 6976,Bottoms,Zara,201.35,3.8,CUST_1261
ITEM_16976,Fashion Product 6977,Outerwear,H&M,112.51,3.5,CUST_1007
ITEM_16977,Fashion Product 6978,Accessories,H&M,38.9,4.6,CUST_1205
ITEM_16978,Fashion Product 6979,Accessories,Uniqlo,248.42,2.5,CUST_1264
ITEM_16979,Fashion Product 6980,Dresses,Gucci,112.16,4.1,CUST_1289
ITEM_16980,Fashion Product 6981,Dresses,H&M,139.97,4.8,CUST_1318
ITEM_16981,Fashion Product 6982,Footwear,Levi's,203.91,2.8,CUST_1202
ITEM_16982,Fashion Product 6983,Accessories,Levi's,240.61,4.9,CUST_1116
ITEM_16983,Fashion Product 6984,Dresses,H&M,219.49,4.9,CUST_1212
ITEM_16984,Fashion Product 6985,Tops,Zara,136.01,4.8,CUST_1160
ITEM_16985,Fashion Product 6986,Outerwear,Levi's,140.97,3.7,CUST_1477
ITEM_16986,Fashion Product 6987,Tops,H&M,77.41,3.5,CUST_1129
ITEM_16987,Fashion Product 6988,Outerwear,Gucci,121.07,4.3,CUST_1347
ITEM_16988,Fashion Product 6989,Accessories,Nike,237.24,3.3,CUST_1148
ITEM_16989,Fashion Product 6990,Footwear,Zara,184.47,2.7,CUST_1311
ITEM_16990,Fashion Product 6991,Dresses,Zara,12.85,4.8,CUST_1447
ITEM_16991,Fashion Product 6992,Dresses,H&M,37.96,4.1,CUST_1078
ITEM_16992,Fashion Product 6993,Dresses,Puma,231.71,3.0,CUST_1463
ITEM_16993,Fashion Product 6994,Accessories,Mango,213.69,2.5,CUST_1262
ITEM_16994,Fashion Product 6995,Outerwear,H&M,126.68,4.3,CUST_1052
ITEM_16995,Fashion Product 6996,Dresses,Uniqlo,158.07,4.6,CUST_1258
ITEM_16996,Fashion Product 6997,Tops,H&M,79.52,3.5,CUST_1221
ITEM_16997,Fashion Product 6998,Dresses,Zara,200.28,2.7,CUST_1039
ITEM_16998,Fashion Product 6999,Accessories,Nike,154.8,4.1,CUST_1248
ITEM_16999,Fashion Product 7000,Footwear,Uniqlo,176.76,3.2,CUST_1377
ITEM_17000,Fashion Product 7001,Tops,Adidas,99.98,2.9,CUST_1288
ITEM_17001,Fashion Product 7002,Dresses,Adidas,113.31,3.8,CUST_1254
ITEM_17002,Fashion Product 7003,Dresses,Puma,59.84,3.7,CUST_1116
ITEM_17003,Fashion Product 7004,Bottoms,Gucci,237.53,3.8,CUST_1435
ITEM_17004,Fashion Product 7005,Outerwear,Levi's,237.17,4.6,CUST_1197
ITEM_17005,Fashion Product 7006,Tops,Puma,206.26,3.7,CUST_1214
ITEM_17006,Fashion Product 7007,Bottoms,Adidas,234.53,4.8,CUST_1092
ITEM_17007,Fashion Product 7008,Footwear,Levi's,169.68,4.6,CUST_1032
ITEM_17008,Fashion Product 7009,Outerwear,Gucci,66.32,4.1,CUST_1093
ITEM_17009,Fashion Product 7010,Tops,Levi's,192.45,2.6,CUST_1232
ITEM_17010,Fashion Product 7011,Dresses,Gucci,88.07,4.7,CUST_1131
ITEM_17011,Fashion Product 7012,Tops,Mango,115.72,4.8,CUST_1318
ITEM_17012,Fashion Product 7013,Dresses,Uniqlo,75.84,3.4,CUST_1223
ITEM_17013,Fashion Product 7014,Outerwear,Levi's,111.67,3.8,CUST_1013
ITEM_17014,Fashion Product 7015,Dresses,Levi's,173.04,3.2,CUST_1326
ITEM_17015,Fashion Product 7016,Footwear,Levi's,36.55,2.5,CUST_1021
ITEM_17016,Fashion Product 7017,Accessories,Nike,35.25,3.7,CUST_1445
ITEM_17017,Fashion Product 7018,Dresses,Nike,174.1,2.8,CUST_1014
ITEM_17018,Fashion Product 7019,Footwear,Mango,197.1,3.0,CUST_1345
ITEM_17019,Fashion Product 7020,Accessories,Mango,142.35,3.7,CUST_1327
ITEM_17020,Fashion Product 7021,Outerwear,Mango,53.59,4.7,CUST_1107
ITEM_17021,Fashion Product 7022,Outerwear,Adidas,113.38,4.6,CUST_1406
ITEM_17022,Fashion Product 7023,Tops,Adidas,191.96,4.9,CUST_1128
ITEM_17023,Fashion Product 7024,Footwear,H&M,174.58,3.7,CUST_1032
ITEM_17024,Fashion Product 7025,Footwear,Puma,36.37,3.9,CUST_1169
ITEM_17025,Fashion Product 7026,Bottoms,Uniqlo,242.6,4.6,CUST_1288
ITEM_17026,Fashion Product 7027,Bottoms,Nike,63.61,4.2,CUST_1426
ITEM_17027,Fashion Product 7028,Accessories,Gucci,62.89,3.0,CUST_1436
ITEM_17028,Fashion Product 7029,Accessories,Uniqlo,120.37,3.5,CUST_1478
ITEM_17029,Fashion Product 7030,Bottoms,Uniqlo,88.54,4.8,CUST_1081
ITEM_17030,Fashion Product 7031,Accessories,Gucci,246.16,2.9,CUST_1488
ITEM_17031,Fashion Product 7032,Dresses,Zara,28.36,3.0,CUST_1182
ITEM_17032,Fashion Product 7033,Bottoms,Levi's,83.55,3.5,CUST_1358
ITEM_17033,Fashion Product 7034,Footwear,Puma,101.85,4.8,CUST_1190
ITEM_17034,Fashion Product 7035,Dresses,H&M,128.43,2.8,CUST_1255
ITEM_17035,Fashion Product 7036,Accessories,Mango,13.94,4.2,CUST_1341
ITEM_17036,Fashion Product 7037,Outerwear,Gucci,29.77,2.8,CUST_1474
ITEM_17037,Fashion Product 7038,Tops,Adidas,71.87,3.8,CUST_1299
ITEM_17038,Fashion Product 7039,Bottoms,Mango,142.96,3.8,CUST_1387
ITEM_17039,Fashion Product 7040,Outerwear,Gucci,194.27,2.6,CUST_1166
ITEM_17040,Fashion Product 7041,Accessories,Mango,174.76,4.9,CUST_1465
ITEM_17041,Fashion Product 7042,Footwear,Levi's,146.09,4.5,CUST_1256
ITEM_17042,Fashion Product 7043,Tops,Levi's,105.34,3.3,CUST_1423
ITEM_17043,Fashion Product 7044,Outerwear,Levi's,218.97,2.8,CUST_1198
ITEM_17044,Fashion Product 7045,Tops,Mango,120.35,3.4,CUST_1213
ITEM_17045,Fashion Product 7046,Bottoms,Levi's,81.82,4.7,CUST_1045
ITEM_17046,Fashion Product 7047,Accessories,Nike,161.04,2.8,CUST_1302
ITEM_17047,Fashion Product 7048,Footwear,Adidas,176.11,3.4,CUST_1371
ITEM_17048,Fashion Product 7049,Accessories,H&M,105.63,3.7,CUST_1360
ITEM_17049,Fashion Product 7050,Tops,Gucci,16.75,2.6,CUST_1013
ITEM_17050,Fashion Product 7051,Outerwear,Uniqlo,32.59,3.2,CUST_1052
ITEM_17051,Fashion Product 7052,Bottoms,Mango,212.94,4.0,CUST_1265
ITEM_17052,Fashion Product 7053,Bottoms,Mango,23.57,3.3,CUST_1441
ITEM_17053,Fashion Product 7054,Accessories,Adidas,152.08,4.7,CUST_1325
ITEM_17054,Fashion Product 7055,Outerwear,Zara,54.09,4.8,CUST_1043
ITEM_17055,Fashion Product 7056,Outerwear,Puma,64.94,3.6,CUST_1007
ITEM_17056,Fashion Product 7057,Tops,Gucci,75.6,3.8,CUST_1230
ITEM_17057,Fashion Product 7058,Accessories,Zara,19.19,4.1,CUST_1044
ITEM_17058,Fashion Product 7059,Accessories,Puma,52.54,4.2,CUST_1172
ITEM_17059,Fashion Product 7060,Dresses,Uniqlo,166.12,2.7,CUST_1102
ITEM_17060,Fashion Product 7061,Accessories,Mango,129.69,2.6,CUST_1223
ITEM_17061,Fashion Product 7062,Bottoms,Levi's,201.36,4.7,CUST_1068
ITEM_17062,Fashion Product 7063,Tops,Adidas,24.7,3.0,CUST_1122
ITEM_17063,Fashion Product 7064,Outerwear,Gucci,223.34,4.0,CUST_1077
ITEM_17064,Fashion Product 7065,Accessories,Adidas,249.14,4.1,CUST_1300
ITEM_17065,Fashion Product 7066,Tops,H&M,13.78,2.9,CUST_1463
ITEM_17066,Fashion Product 7067,Accessories,Uniqlo,242.23,4.4,CUST_1296
ITEM_17067,Fashion Product 7068,Outerwear,H&M,66.61,4.7,CUST_1205
ITEM_17068,Fashion Product 7069,Footwear,Puma,176.21,3.2,CUST_1427
ITEM_17069,Fashion Product 7070,Outerwear,Puma,80.2,4.7,CUST_1491
ITEM_17070,Fashion Product 7071,Outerwear,Nike,135.24,2.7,CUST_1318
ITEM_17071,Fashion Product 7072,Outerwear,Puma,132.5,4.5,CUST_1171
ITEM_17072,Fashion Product 7073,Accessories,Zara,96.67,4.1,CUST_1218
ITEM_17073,Fashion Product 7074,Dresses,Zara,182.21,4.0,CUST_1403
ITEM_17074,Fashion Product 7075,Outerwear,Levi's,153.91,3.1,CUST_1305
ITEM_17075,Fashion Product 7076,Bottoms,Mango,131.99,3.4,CUST_1193
ITEM_17076,Fashion Product 7077,Bottoms,Adidas,245.88,4.8,CUST_1333
ITEM_17077,Fashion Product 7078,Tops,Mango,235.6,3.7,CUST_1153
ITEM_17078,Fashion Product 7079,Dresses,Mango,239.3,4.0,CUST_1468
ITEM_17079,Fashion Product 7080,Tops,Zara,221.52,4.8,CUST_1041
ITEM_17080,Fashion Product 7081,Bottoms,Adidas,71.24,3.7,CUST_1023
ITEM_17081,Fashion Product 7082,Bottoms,Levi's,93.99,3.5,CUST_1186
ITEM_17082,Fashion Product 7083,Footwear,Uniqlo,65.45,4.7,CUST_1216
ITEM_17083,Fashion Product 7084,Outerwear,Nike,246.68,4.8,CUST_1043
ITEM_17084,Fashion Product 7085,Bottoms,Zara,46.64,3.4,CUST_1361
ITEM_17085,Fashion Product 7086,Accessories,H&M,97.96,4.0,CUST_1113
ITEM_17086,Fashion Product 7087,Accessories,Nike,57.77,4.9,CUST_1231
ITEM_17087,Fashion Product 7088,Tops,Uniqlo,63.63,2.6,CUST_1424
ITEM_17088,Fashion Product 7089,Tops,Puma,69.3,2.6,CUST_1414
ITEM_17089,Fashion Product 7090,Outerwear,Mango,163.52,3.8,CUST_1418
ITEM_17090,Fashion Product 7091,Outerwear,Gucci,28.25,3.2,CUST_1110
ITEM_17091,Fashion Product 7092,Footwear,Levi's,147.41,4.0,CUST_1138
ITEM_17092,Fashion Product 7093,Dresses,Mango,206.63,4.3,CUST_1105
ITEM_17093,Fashion Product 7094,Tops,Puma,193.97,2.7,CUST_1316
ITEM_17094,Fashion Product 7095,Outerwear,Uniqlo,46.28,4.7,CUST_1385
ITEM_17095,Fashion Product 7096,Tops,H&M,229.54,3.2,CUST_1140
ITEM_17096,Fashion Product 7097,Outerwear,Levi's,194.82,3.5,CUST_1430
ITEM_17097,Fashion Product 7098,Bottoms,Levi's,11.27,3.3,CUST_1255
ITEM_17098,Fashion Product 7099,Tops,Uniqlo,186.97,4.6,CUST_1499
ITEM_17099,Fashion Product 7100,Bottoms,Nike,186.98,2.9,CUST_1349
ITEM_17100,Fashion Product 7101,Tops,Mango,129.24,2.6,CUST_1075
ITEM_17101,Fashion Product 7102,Dresses,Nike,21.04,4.9,CUST_1233
ITEM_17102,Fashion Product 7103,Footwear,Zara,149.18,5.0,CUST_1401
ITEM_17103,Fashion Product 7104,Accessories,Uniqlo,193.78,3.1,CUST_1212
ITEM_17104,Fashion Product 7105,Accessories,Zara,75.01,2.5,CUST_1058
ITEM_17105,Fashion Product 7106,Accessories,H&M,170.1,4.1,CUST_1038
ITEM_17106,Fashion Product 7107,Bottoms,Nike,94.94,4.1,CUST_1262
ITEM_17107,Fashion Product 7108,Outerwear,Gucci,147.73,4.9,CUST_1446
ITEM_17108,Fashion Product 7109,Accessories,Uniqlo,102.3,3.2,CUST_1212
ITEM_17109,Fashion Product 7110,Dresses,Uniqlo,82.9,3.0,CUST_1458
ITEM_17110,Fashion Product 7111,Accessories,Levi's,215.42,4.0,CUST_1138
ITEM_17111,Fashion Product 7112,Tops,Puma,190.92,3.9,CUST_1479
ITEM_17112,Fashion Product 7113,Bottoms,H&M,92.91,4.3,CUST_1282
ITEM_17113,Fashion Product 7114,Tops,Nike,114.31,4.7,CUST_1058
ITEM_17114,Fashion Product 7115,Tops,Uniqlo,176.01,3.9,CUST_1273
ITEM_17115,Fashion Product 7116,Tops,Uniqlo,204.66,2.9,CUST_1053
ITEM_17116,Fashion Product 7117,Footwear,Gucci,174.24,4.0,CUST_1206
ITEM_17117,Fashion Product 7118,Footwear,Mango,139.82,3.4,CUST_1005
ITEM_17118,Fashion Product 7119,Outerwear,Nike,239.05,3.6,CUST_1323
ITEM_17119,Fashion Product 7120,Bottoms,Levi's,195.79,4.9,CUST_1107
ITEM_17120,Fashion Product 7121,Dresses,Gucci,37.74,3.9,CUST_1243
ITEM_17121,Fashion Product 7122,Dresses,Levi's,143.95,2.9,CUST_1148
ITEM_17122,Fashion Product 7123,Dresses,Adidas,108.29,3.6,CUST_1179
ITEM_17123,Fashion Product 7124,Tops,Nike,200.78,3.1,CUST_1174
ITEM_17124,Fashion Product 7125,Footwear,Uniqlo,20.72,2.8,CUST_1463
ITEM_17125,Fashion Product 7126,Bottoms,Adidas,108.57,4.3,CUST_1323
ITEM_17126,Fashion Product 7127,Tops,Levi's,86.39,4.1,CUST_1387
ITEM_17127,Fashion Product 7128,Footwear,Levi's,43.88,3.7,CUST_1407
ITEM_17128,Fashion Product 7129,Footwear,Nike,100.91,3.6,CUST_1393
ITEM_17129,Fashion Product 7130,Accessories,Puma,171.47,3.3,CUST_1139
ITEM_17130,Fashion Product 7131,Accessories,Mango,96.8,2.7,CUST_1175
ITEM_17131,Fashion Product 7132,Bottoms,Uniqlo,149.2,3.2,CUST_1253
ITEM_17132,Fashion Product 7133,Bottoms,Adidas,152.27,4.6,CUST_1433
ITEM_17133,Fashion Product 7134,Bottoms,H&M,150.91,4.5,CUST_1250
ITEM_17134,Fashion Product 7135,Tops,Puma,137.09,4.9,CUST_1428
ITEM_17135,Fashion Product 7136,Outerwear,Uniqlo,38.08,4.1,CUST_1369
ITEM_17136,Fashion Product 7137,Bottoms,H&M,62.43,3.9,CUST_1489
ITEM_17137,Fashion Product 7138,Accessories,Mango,202.02,3.2,CUST_1397
ITEM_17138,Fashion Product 7139,Outerwear,H&M,130.57,2.7,CUST_1136
ITEM_17139,Fashion Product 7140,Tops,H&M,179.46,4.0,CUST_1447
ITEM_17140,Fashion Product 7141,Outerwear,Puma,146.78,3.7,CUST_1022
ITEM_17141,Fashion Product 7142,Dresses,Zara,19.29,4.4,CUST_1038
ITEM_17142,Fashion Product 7143,Outerwear,Puma,201.09,3.5,CUST_1027
ITEM_17143,Fashion Product 7144,Bottoms,Adidas,25.44,5.0,CUST_1282
ITEM_17144,Fashion Product 7145,Tops,Zara,236.36,3.5,CUST_1279
ITEM_17145,Fashion Product 7146,Bottoms,Mango,61.69,3.3,CUST_1120
ITEM_17146,Fashion Product 7147,Accessories,Puma,132.98,4.7,CUST_1253
ITEM_17147,Fashion Product 7148,Dresses,Zara,25.26,3.5,CUST_1359
ITEM_17148,Fashion Product 7149,Accessories,Levi's,224.78,4.7,CUST_1479
ITEM_17149,Fashion Product 7150,Bottoms,Puma,245.19,2.6,CUST_1477
ITEM_17150,Fashion Product 7151,Bottoms,Zara,45.11,4.2,CUST_1065
ITEM_17151,Fashion Product 7152,Bottoms,Nike,80.99,2.7,CUST_1074
ITEM_17152,Fashion Product 7153,Footwear,Adidas,13.81,2.9,CUST_1303
ITEM_17153,Fashion Product 7154,Dresses,Uniqlo,198.87,4.3,CUST_1317
ITEM_17154,Fashion Product 7155,Bottoms,H&M,84.75,3.2,CUST_1174
ITEM_17155,Fashion Product 7156,Bottoms,Zara,151.32,3.0,CUST_1388
ITEM_17156,Fashion Product 7157,Accessories,Uniqlo,19.41,4.5,CUST_1415
ITEM_17157,Fashion Product 7158,Accessories,Puma,181.71,4.9,CUST_1260
ITEM_17158,Fashion Product 7159,Bottoms,Uniqlo,137.06,3.1,CUST_1285
ITEM_17159,Fashion Product 7160,Tops,Levi's,184.0,3.3,CUST_1073
ITEM_17160,Fashion Product 7161,Footwear,Gucci,199.5,4.3,CUST_1079
ITEM_17161,Fashion Product 7162,Accessories,Gucci,31.42,4.5,CUST_1044
ITEM_17162,Fashion Product 7163,Tops,Adidas,148.74,5.0,CUST_1233
ITEM_17163,Fashion Product 7164,Footwear,Zara,165.99,3.2,CUST_1003
ITEM_17164,Fashion Product 7165,Bottoms,Levi's,134.01,3.9,CUST_1443
ITEM_17165,Fashion Product 7166,Dresses,H&M,53.78,2.8,CUST_1079
ITEM_17166,Fashion Product 7167,Outerwear,Mango,200.94,3.3,CUST_1377
ITEM_17167,Fashion Product 7168,Outerwear,Adidas,249.39,2.6,CUST_1181
ITEM_17168,Fashion Product 7169,Bottoms,Gucci,242.62,3.0,CUST_1139
ITEM_17169,Fashion Product 7170,Accessories,Nike,196.61,3.8,CUST_1390
ITEM_17170,Fashion Product 7171,Tops,Mango,110.35,2.9,CUST_1303
ITEM_17171,Fashion Product 7172,Dresses,Mango,90.95,4.7,CUST_1007
ITEM_17172,Fashion Product 7173,Footwear,Nike,26.45,4.3,CUST_1371
ITEM_17173,Fashion Product 7174,Bottoms,Puma,109.91,2.6,CUST_1366
ITEM_17174,Fashion Product 7175,Dresses,Uniqlo,47.45,4.7,CUST_1324
ITEM_17175,Fashion Product 7176,Dresses,Adidas,71.04,4.9,CUST_1213
ITEM_17176,Fashion Product 7177,Accessories,Levi's,224.05,3.8,CUST_1001
ITEM_17177,Fashion Product 7178,Footwear,Mango,242.45,3.3,CUST_1184
ITEM_17178,Fashion Product 7179,Dresses,Uniqlo,237.65,3.2,CUST_1251
ITEM_17179,Fashion Product 7180,Accessories,Gucci,56.41,2.7,CUST_1215
ITEM_17180,Fashion Product 7181,Tops,Levi's,226.21,3.7,CUST_1077
ITEM_17181,Fashion Product 7182,Accessories,Adidas,43.96,2.6,CUST_1043
ITEM_17182,Fashion Product 7183,Tops,H&M,131.84,3.8,CUST_1412
ITEM_17183,Fashion Product 7184,Tops,Mango,164.48,3.1,CUST_1157
ITEM_17184,Fashion Product 7185,Dresses,Gucci,120.99,3.7,CUST_1018
ITEM_17185,Fashion Product 7186,Accessories,Adidas,238.44,3.5,CUST_1343
ITEM_17186,Fashion Product 7187,Tops,Zara,89.97,3.3,CUST_1220
ITEM_17187,Fashion Product 7188,Footwear,Gucci,136.57,3.6,CUST_1073
ITEM_17188,Fashion Product 7189,Dresses,Levi's,28.11,3.7,CUST_1190
ITEM_17189,Fashion Product 7190,Accessories,Zara,214.53,4.6,CUST_1363
ITEM_17190,Fashion Product 7191,Accessories,Gucci,109.21,4.2,CUST_1262
ITEM_17191,Fashion Product 7192,Outerwear,H&M,178.13,3.6,CUST_1144
ITEM_17192,Fashion Product 7193,Accessories,Uniqlo,173.74,4.8,CUST_1485
ITEM_17193,Fashion Product 7194,Dresses,H&M,172.3,4.4,CUST_1129
ITEM_17194,Fashion Product 7195,Footwear,H&M,131.67,2.7,CUST_1278
ITEM_17195,Fashion Product 7196,Accessories,Nike,76.6,2.9,CUST_1302
ITEM_17196,Fashion Product 7197,Outerwear,Gucci,160.02,2.7,CUST_1190
ITEM_17197,Fashion Product 7198,Dresses,Uniqlo,240.83,3.3,CUST_1151
ITEM_17198,Fashion Product 7199,Tops,Puma,210.15,3.6,CUST_1405
ITEM_17199,Fashion Product 7200,Bottoms,Nike,36.1,3.8,CUST_1307
ITEM_17200,Fashion Product 7201,Bottoms,Nike,15.56,4.6,CUST_1384
ITEM_17201,Fashion Product 7202,Tops,H&M,129.75,2.5,CUST_1095
ITEM_17202,Fashion Product 7203,Accessories,Mango,196.2,3.6,CUST_1038
ITEM_17203,Fashion Product 7204,Bottoms,Mango,85.34,3.5,CUST_1156
ITEM_17204,Fashion Product 7205,Bottoms,Zara,178.3,4.9,CUST_1300
ITEM_17205,Fashion Product 7206,Tops,Puma,233.66,3.1,CUST_1347
ITEM_17206,Fashion Product 7207,Accessories,Uniqlo,120.16,2.8,CUST_1423
ITEM_17207,Fashion Product 7208,Accessories,Nike,68.6,2.9,CUST_1426
ITEM_17208,Fashion Product 7209,Tops,Gucci,230.26,3.8,CUST_1042
ITEM_17209,Fashion Product 7210,Accessories,H&M,123.34,3.5,CUST_1316
ITEM_17210,Fashion Product 7211,Accessories,Levi's,107.88,4.4,CUST_1126
ITEM_17211,Fashion Product 7212,Dresses,Gucci,94.81,3.3,CUST_1313
ITEM_17212,Fashion Product 7213,Dresses,Gucci,111.52,2.8,CUST_1077
ITEM_17213,Fashion Product 7214,Tops,Nike,171.68,3.5,CUST_1096
ITEM_17214,Fashion Product 7215,Footwear,Uniqlo,114.09,4.7,CUST_1263
ITEM_17215,Fashion Product 7216,Bottoms,H&M,87.81,3.5,CUST_1307
ITEM_17216,Fashion Product 7217,Dresses,H&M,188.47,4.6,CUST_1225
ITEM_17217,Fashion Product 7218,Bottoms,Uniqlo,58.71,3.4,CUST_1111
ITEM_17218,Fashion Product 7219,Outerwear,Mango,58.46,3.2,CUST_1238
ITEM_17219,Fashion Product 7220,Tops,Adidas,177.14,4.4,CUST_1205
ITEM_17220,Fashion Product 7221,Footwear,Zara,218.01,3.0,CUST_1288
ITEM_17221,Fashion Product 7222,Outerwear,Zara,67.89,3.1,CUST_1263
ITEM_17222,Fashion Product 7223,Outerwear,Mango,55.87,2.6,CUST_1076
ITEM_17223,Fashion Product 7224,Accessories,Nike,170.87,3.0,CUST_1424
ITEM_17224,Fashion Product 7225,Outerwear,Nike,158.99,3.4,CUST_1143
ITEM_17225,Fashion Product 7226,Tops,Puma,117.34,3.5,CUST_1315
ITEM_17226,Fashion Product 7227,Dresses,Zara,33.01,3.6,CUST_1369
ITEM_17227,Fashion Product 7228,Tops,Zara,32.03,3.7,CUST_1085
ITEM_17228,Fashion Product 7229,Dresses,Nike,196.56,3.9,CUST_1396
ITEM_17229,Fashion Product 7230,Outerwear,Gucci,118.42,3.0,CUST_1252
ITEM_17230,Fashion Product 7231,Outerwear,Zara,215.91,4.0,CUST_1333
ITEM_17231,Fashion Product 7232,Footwear,Uniqlo,147.94,3.3,CUST_1232
ITEM_17232,Fashion Product 7233,Dresses,Levi's,158.5,4.3,CUST_1426
ITEM_17233,Fashion Product 7234,Outerwear,Uniqlo,234.21,3.9,CUST_1295
ITEM_17234,Fashion Product 7235,Accessories,Gucci,49.51,3.9,CUST_1319
ITEM_17235,Fashion Product 7236,Bottoms,Puma,140.33,4.2,CUST_1130
ITEM_17236,Fashion Product 7237,Footwear,Nike,23.95,3.3,CUST_1285
ITEM_17237,Fashion Product 7238,Tops,Puma,96.14,3.6,CUST_1317
ITEM_17238,Fashion Product 7239,Footwear,Puma,45.54,4.0,CUST_1496
ITEM_17239,Fashion Product 7240,Bottoms,Nike,55.08,3.6,CUST_1029
ITEM_17240,Fashion Product 7241,Dresses,H&M,234.35,3.6,CUST_1228
ITEM_17241,Fashion Product 7242,Tops,Levi's,156.56,3.2,CUST_1294
ITEM_17242,Fashion Product 7243,Tops,Zara,224.12,3.2,CUST_1007
ITEM_17243,Fashion Product 7244,Dresses,Puma,116.44,4.2,CUST_1030
ITEM_17244,Fashion Product 7245,Footwear,Uniqlo,153.43,2.5,CUST_1215
ITEM_17245,Fashion Product 7246,Outerwear,H&M,17.7,2.7,CUST_1115
ITEM_17246,Fashion Product 7247,Footwear,H&M,122.68,4.9,CUST_1476
ITEM_17247,Fashion Product 7248,Bottoms,Gucci,145.37,3.0,CUST_1440
ITEM_17248,Fashion Product 7249,Accessories,Puma,14.03,3.5,CUST_1215
ITEM_17249,Fashion Product 7250,Outerwear,Puma,199.48,4.6,CUST_1164
ITEM_17250,Fashion Product 7251,Footwear,Adidas,80.9,2.5,CUST_1170
ITEM_17251,Fashion Product 7252,Accessories,Gucci,118.6,4.8,CUST_1221
ITEM_17252,Fashion Product 7253,Accessories,H&M,138.55,2.6,CUST_1260
ITEM_17253,Fashion Product 7254,Dresses,H&M,248.13,2.9,CUST_1212
ITEM_17254,Fashion Product 7255,Bottoms,Adidas,33.8,2.6,CUST_1261
ITEM_17255,Fashion Product 7256,Bottoms,Zara,143.27,3.8,CUST_1302
ITEM_17256,Fashion Product 7257,Bottoms,Mango,137.34,4.9,CUST_1331
ITEM_17257,Fashion Product 7258,Outerwear,Uniqlo,26.54,4.6,CUST_1130
ITEM_17258,Fashion Product 7259,Tops,Mango,162.15,4.1,CUST_1105
ITEM_17259,Fashion Product 7260,Outerwear,Puma,78.85,3.0,CUST_1054
ITEM_17260,Fashion Product 7261,Footwear,Nike,34.9,4.7,CUST_1108
ITEM_17261,Fashion Product 7262,Accessories,Gucci,52.87,4.4,CUST_1472
ITEM_17262,Fashion Product 7263,Accessories,Puma,207.66,3.2,CUST_1315
ITEM_17263,Fashion Product 7264,Tops,Zara,34.99,4.5,CUST_1289
ITEM_17264,Fashion Product 7265,Footwear,Mango,122.06,4.7,CUST_1255
ITEM_17265,Fashion Product 7266,Tops,Puma,56.87,4.2,CUST_1278
ITEM_17266,Fashion Product 7267,Accessories,Uniqlo,48.96,2.8,CUST_1047
ITEM_17267,Fashion Product 7268,Outerwear,H&M,59.37,5.0,CUST_1134
ITEM_17268,Fashion Product 7269,Bottoms,Levi's,128.27,2.7,CUST_1024
ITEM_17269,Fashion Product 7270,Accessories,Puma,67.07,4.1,CUST_1477
ITEM_17270,Fashion Product 7271,Dresses,Zara,33.22,2.8,CUST_1433
ITEM_17271,Fashion Product 7272,Bottoms,Gucci,202.34,4.8,CUST_1480
ITEM_17272,Fashion Product 7273,Accessories,Nike,139.56,3.4,CUST_1117
ITEM_17273,Fashion Product 7274,Outerwear,Uniqlo,47.64,3.8,CUST_1239
ITEM_17274,Fashion Product 7275,Tops,Adidas,123.14,2.9,CUST_1478
ITEM_17275,Fashion Product 7276,Bottoms,Zara,26.41,3.9,CUST_1494
ITEM_17276,Fashion Product 7277,Outerwear,Mango,149.3,4.8,CUST_1382
ITEM_17277,Fashion Product 7278,Footwear,Mango,91.67,4.8,CUST_1307
ITEM_17278,Fashion Product 7279,Dresses,H&M,34.85,2.7,CUST_1374
ITEM_17279,Fashion Product 7280,Bottoms,Mango,54.07,3.4,CUST_1041
ITEM_17280,Fashion Product 7281,Tops,Gucci,92.97,3.2,CUST_1250
ITEM_17281,Fashion Product 7282,Footwear,Mango,203.54,3.7,CUST_1323
ITEM_17282,Fashion Product 7283,Outerwear,Uniqlo,51.7,4.6,CUST_1089
ITEM_17283,Fashion Product 7284,Dresses,Uniqlo,36.32,4.3,CUST_1092
ITEM_17284,Fashion Product 7285,Tops,Levi's,133.83,3.4,CUST_1377
ITEM_17285,Fashion Product 7286,Outerwear,Mango,144.09,3.5,CUST_1463
ITEM_17286,Fashion Product 7287,Outerwear,Gucci,31.66,4.1,CUST_1081
ITEM_17287,Fashion Product 7288,Bottoms,Gucci,78.28,3.0,CUST_1130
ITEM_17288,Fashion Product 7289,Bottoms,Puma,73.06,2.8,CUST_1091
ITEM_17289,Fashion Product 7290,Tops,Nike,54.69,3.1,CUST_1100
ITEM_17290,Fashion Product 7291,Accessories,Zara,85.75,2.8,CUST_1078
ITEM_17291,Fashion Product 7292,Accessories,Adidas,18.91,3.4,CUST_1043
ITEM_17292,Fashion Product 7293,Outerwear,H&M,166.37,4.8,CUST_1123
ITEM_17293,Fashion Product 7294,Bottoms,H&M,247.24,2.8,CUST_1288
ITEM_17294,Fashion Product 7295,Dresses,Puma,162.17,4.5,CUST_1396
ITEM_17295,Fashion Product 7296,Dresses,Nike,96.66,3.8,CUST_1023
ITEM_17296,Fashion Product 7297,Outerwear,Gucci,170.3,4.1,CUST_1144
ITEM_17297,Fashion Product 7298,Bottoms,Levi's,147.16,2.9,CUST_1428
ITEM_17298,Fashion Product 7299,Tops,Gucci,213.22,2.9,CUST_1258
ITEM_17299,Fashion Product 7300,Tops,Mango,159.25,2.9,CUST_1007
ITEM_17300,Fashion Product 7301,Tops,Adidas,162.18,4.2,CUST_1277
ITEM_17301,Fashion Product 7302,Dresses,Nike,63.2,4.4,CUST_1186
ITEM_17302,Fashion Product 7303,Bottoms,Nike,109.75,4.8,CUST_1095
ITEM_17303,Fashion Product 7304,Bottoms,Puma,92.66,3.5,CUST_1407
ITEM_17304,Fashion Product 7305,Dresses,Adidas,12.74,3.7,CUST_1382
ITEM_17305,Fashion Product 7306,Tops,Mango,85.19,3.7,CUST_1444
ITEM_17306,Fashion Product 7307,Tops,Mango,126.65,3.2,CUST_1377
ITEM_17307,Fashion Product 7308,Outerwear,Levi's,153.96,3.3,CUST_1025
ITEM_17308,Fashion Product 7309,Accessories,Zara,234.3,4.6,CUST_1291
ITEM_17309,Fashion Product 7310,Footwear,Gucci,67.39,3.4,CUST_1227
ITEM_17310,Fashion Product 7311,Accessories,Adidas,46.58,4.7,CUST_1173
ITEM_17311,Fashion Product 7312,Bottoms,Mango,218.67,3.3,CUST_1135
ITEM_17312,Fashion Product 7313,Bottoms,Mango,236.04,3.3,CUST_1453
ITEM_17313,Fashion Product 7314,Bottoms,Zara,127.11,3.9,CUST_1288
ITEM_17314,Fashion Product 7315,Accessories,Nike,37.65,2.8,CUST_1309
ITEM_17315,Fashion Product 7316,Footwear,Mango,126.49,4.8,CUST_1069
ITEM_17316,Fashion Product 7317,Outerwear,Levi's,36.27,4.6,CUST_1281
ITEM_17317,Fashion Product 7318,Accessories,Mango,221.96,4.2,CUST_1351
ITEM_17318,Fashion Product 7319,Footwear,Mango,179.96,5.0,CUST_1468
ITEM_17319,Fashion Product 7320,Tops,Zara,67.87,2.5,CUST_1342
ITEM_17320,Fashion Product 7321,Tops,Levi's,222.81,3.5,CUST_1358
ITEM_17321,Fashion Product 7322,Bottoms,Uniqlo,163.1,4.6,CUST_1333
ITEM_17322,Fashion Product 7323,Dresses,H&M,238.78,3.6,CUST_1231
ITEM_17323,Fashion Product 7324,Bottoms,Zara,245.32,2.5,CUST_1386
ITEM_17324,Fashion Product 7325,Dresses,Nike,10.79,2.9,CUST_1342
ITEM_17325,Fashion Product 7326,Footwear,Nike,38.85,3.6,CUST_1317
ITEM_17326,Fashion Product 7327,Tops,Adidas,141.26,4.2,CUST_1393
ITEM_17327,Fashion Product 7328,Accessories,Zara,239.4,2.9,CUST_1307
ITEM_17328,Fashion Product 7329,Dresses,Puma,248.62,3.6,CUST_1258
ITEM_17329,Fashion Product 7330,Footwear,Zara,146.18,2.5,CUST_1173
ITEM_17330,Fashion Product 7331,Tops,Uniqlo,51.71,3.7,CUST_1032
ITEM_17331,Fashion Product 7332,Accessories,Mango,49.13,4.7,CUST_1200
ITEM_17332,Fashion Product 7333,Dresses,Zara,193.33,4.0,CUST_1080
ITEM_17333,Fashion Product 7334,Bottoms,Puma,152.07,3.6,CUST_1353
ITEM_17334,Fashion Product 7335,Bottoms,Puma,141.71,2.9,CUST_1075
ITEM_17335,Fashion Product 7336,Bottoms,Nike,121.78,3.0,CUST_1416
ITEM_17336,Fashion Product 7337,Footwear,Uniqlo,184.03,2.7,CUST_1264
ITEM_17337,Fashion Product 7338,Bottoms,Mango,215.93,4.4,CUST_1480
ITEM_17338,Fashion Product 7339,Outerwear,Puma,82.71,2.7,CUST_1085
ITEM_17339,Fashion Product 7340,Tops,Uniqlo,63.02,3.5,CUST_1217
ITEM_17340,Fashion Product 7341,Footwear,Levi's,170.85,4.4,CUST_1121
ITEM_17341,Fashion Product 7342,Accessories,Levi's,229.54,4.3,CUST_1020
ITEM_17342,Fashion Product 7343,Bottoms,Levi's,93.56,3.9,CUST_1449
ITEM_17343,Fashion Product 7344,Tops,Mango,75.39,3.9,CUST_1149
ITEM_17344,Fashion Product 7345,Dresses,H&M,64.27,2.7,CUST_1007
ITEM_17345,Fashion Product 7346,Bottoms,H&M,71.08,2.9,CUST_1377
ITEM_17346,Fashion Product 7347,Tops,Uniqlo,42.38,3.8,CUST_1378
ITEM_17347,Fashion Product 7348,Outerwear,Levi's,153.23,3.4,CUST_1473
ITEM_17348,Fashion Product 7349,Dresses,Nike,77.4,2.5,CUST_1393
ITEM_17349,Fashion Product 7350,Outerwear,Mango,157.59,4.5,CUST_1086
ITEM_17350,Fashion Product 7351,Accessories,H&M,29.93,4.1,CUST_1386
ITEM_17351,Fashion Product 7352,Tops,Zara,37.71,3.3,CUST_1147
ITEM_17352,Fashion Product 7353,Outerwear,Adidas,138.67,2.7,CUST_1316
ITEM_17353,Fashion Product 7354,Accessories,Gucci,132.77,4.0,CUST_1454
ITEM_17354,Fashion Product 7355,Tops,H&M,75.16,3.4,CUST_1187
ITEM_17355,Fashion Product 7356,Tops,Levi's,208.51,3.1,CUST_1325
ITEM_17356,Fashion Product 7357,Outerwear,Gucci,54.89,4.3,CUST_1301
ITEM_17357,Fashion Product 7358,Tops,Nike,96.56,3.3,CUST_1318
ITEM_17358,Fashion Product 7359,Bottoms,Zara,143.32,2.8,CUST_1394
ITEM_17359,Fashion Product 7360,Tops,Uniqlo,218.13,3.7,CUST_1379
ITEM_17360,Fashion Product 7361,Footwear,Gucci,110.45,4.6,CUST_1193
ITEM_17361,Fashion Product 7362,Accessories,Nike,105.66,4.6,CUST_1282
ITEM_17362,Fashion Product 7363,Tops,H&M,149.09,4.6,CUST_1474
ITEM_17363,Fashion Product 7364,Footwear,Puma,86.01,3.6,CUST_1188
ITEM_17364,Fashion Product 7365,Tops,Uniqlo,180.2,4.5,CUST_1018
ITEM_17365,Fashion Product 7366,Tops,Mango,69.69,4.6,CUST_1315
ITEM_17366,Fashion Product 7367,Outerwear,Adidas,207.57,3.6,CUST_1149
ITEM_17367,Fashion Product 7368,Bottoms,H&M,75.36,3.3,CUST_1046
ITEM_17368,Fashion Product 7369,Accessories,H&M,248.25,4.3,CUST_1012
ITEM_17369,Fashion Product 7370,Bottoms,Levi's,85.95,4.8,CUST_1230
ITEM_17370,Fashion Product 7371,Dresses,H&M,220.92,4.9,CUST_1462
ITEM_17371,Fashion Product 7372,Outerwear,Gucci,105.37,3.2,CUST_1113
ITEM_17372,Fashion Product 7373,Outerwear,Gucci,69.05,4.9,CUST_1160
ITEM_17373,Fashion Product 7374,Bottoms,Zara,64.28,3.7,CUST_1423
ITEM_17374,Fashion Product 7375,Outerwear,Zara,214.05,3.3,CUST_1227
ITEM_17375,Fashion Product 7376,Bottoms,Uniqlo,84.1,5.0,CUST_1465
ITEM_17376,Fashion Product 7377,Outerwear,H&M,91.26,4.7,CUST_1183
ITEM_17377,Fashion Product 7378,Tops,Zara,57.28,4.2,CUST_1055
ITEM_17378,Fashion Product 7379,Bottoms,Levi's,240.72,4.7,CUST_1266
ITEM_17379,Fashion Product 7380,Bottoms,Nike,68.74,4.2,CUST_1035
ITEM_17380,Fashion Product 7381,Footwear,Zara,69.39,3.6,CUST_1080
ITEM_17381,Fashion Product 7382,Outerwear,H&M,236.54,4.9,CUST_1006
ITEM_17382,Fashion Product 7383,Outerwear,Gucci,226.22,4.9,CUST_1127
ITEM_17383,Fashion Product 7384,Bottoms,Adidas,69.74,3.3,CUST_1068
ITEM_17384,Fashion Product 7385,Tops,Puma,217.53,3.4,CUST_1190
ITEM_17385,Fashion Product 7386,Tops,Mango,69.96,3.5,CUST_1244
ITEM_17386,Fashion Product 7387,Accessories,Zara,30.27,4.6,CUST_1009
ITEM_17387,Fashion Product 7388,Tops,Mango,206.89,4.5,CUST_1157
ITEM_17388,Fashion Product 7389,Outerwear,Puma,195.17,5.0,CUST_1071
ITEM_17389,Fashion Product 7390,Footwear,Uniqlo,80.72,3.7,CUST_1464
ITEM_17390,Fashion Product 7391,Bottoms,Gucci,31.63,4.3,CUST_1134
ITEM_17391,Fashion Product 7392,Dresses,Gucci,59.55,4.6,CUST_1300
ITEM_17392,Fashion Product 7393,Footwear,Puma,195.05,3.1,CUST_1320
ITEM_17393,Fashion Product 7394,Dresses,H&M,241.54,4.1,CUST_1249
ITEM_17394,Fashion Product 7395,Footwear,Mango,72.16,3.9,CUST_1323
ITEM_17395,Fashion Product 7396,Tops,Mango,206.38,4.4,CUST_1044
ITEM_17396,Fashion Product 7397,Outerwear,Puma,64.7,4.2,CUST_1116
ITEM_17397,Fashion Product 7398,Dresses,Mango,173.1,4.5,CUST_1462
ITEM_17398,Fashion Product 7399,Footwear,H&M,30.07,3.3,CUST_1398
ITEM_17399,Fashion Product 7400,Outerwear,Gucci,150.47,3.0,CUST_1393
ITEM_17400,Fashion Product 7401,Dresses,Uniqlo,74.61,4.5,CUST_1228
ITEM_17401,Fashion Product 7402,Bottoms,Levi's,232.2,3.4,CUST_1407
ITEM_17402,Fashion Product 7403,Footwear,Gucci,79.54,3.2,CUST_1057
ITEM_17403,Fashion Product 7404,Bottoms,Nike,105.63,3.3,CUST_1244
ITEM_17404,Fashion Product 7405,Tops,Nike,211.76,2.7,CUST_1057
ITEM_17405,Fashion Product 7406,Bottoms,Gucci,115.19,4.4,CUST_1143
ITEM_17406,Fashion Product 7407,Bottoms,H&M,67.22,4.3,CUST_1192
ITEM_17407,Fashion Product 7408,Accessories,Levi's,141.41,3.9,CUST_1007
ITEM_17408,Fashion Product 7409,Footwear,Uniqlo,211.6,4.3,CUST_1404
ITEM_17409,Fashion Product 7410,Tops,Mango,113.96,3.4,CUST_1448
ITEM_17410,Fashion Product 7411,Bottoms,Nike,41.89,3.2,CUST_1275
ITEM_17411,Fashion Product 7412,Outerwear,Nike,101.94,4.7,CUST_1134
ITEM_17412,Fashion Product 7413,Dresses,Nike,239.07,3.6,CUST_1435
ITEM_17413,Fashion Product 7414,Bottoms,H&M,27.29,3.0,CUST_1039
ITEM_17414,Fashion Product 7415,Tops,Gucci,108.03,4.4,CUST_1193
ITEM_17415,Fashion Product 7416,Bottoms,Levi's,165.53,3.3,CUST_1327
ITEM_17416,Fashion Product 7417,Dresses,Gucci,28.84,3.0,CUST_1483
ITEM_17417,Fashion Product 7418,Tops,Nike,92.79,2.6,CUST_1025
ITEM_17418,Fashion Product 7419,Footwear,Puma,235.74,4.9,CUST_1102
ITEM_17419,Fashion Product 7420,Tops,H&M,17.35,3.7,CUST_1151
ITEM_17420,Fashion Product 7421,Footwear,Uniqlo,190.42,2.9,CUST_1217
ITEM_17421,Fashion Product 7422,Tops,Mango,211.93,4.4,CUST_1230
ITEM_17422,Fashion Product 7423,Dresses,Adidas,76.49,4.7,CUST_1442
ITEM_17423,Fashion Product 7424,Dresses,Levi's,61.53,3.8,CUST_1267
ITEM_17424,Fashion Product 7425,Tops,Uniqlo,229.56,2.6,CUST_1162
ITEM_17425,Fashion Product 7426,Bottoms,Adidas,193.36,3.4,CUST_1287
ITEM_17426,Fashion Product 7427,Dresses,Uniqlo,37.21,3.1,CUST_1166
ITEM_17427,Fashion Product 7428,Footwear,Gucci,60.93,4.1,CUST_1374
ITEM_17428,Fashion Product 7429,Footwear,Gucci,159.13,3.8,CUST_1370
ITEM_17429,Fashion Product 7430,Outerwear,Nike,110.66,3.4,CUST_1247
ITEM_17430,Fashion Product 7431,Accessories,Zara,131.0,4.1,CUST_1174
ITEM_17431,Fashion Product 7432,Accessories,Mango,238.37,4.0,CUST_1396
ITEM_17432,Fashion Product 7433,Accessories,H&M,110.86,4.8,CUST_1009
ITEM_17433,Fashion Product 7434,Footwear,H&M,221.6,4.0,CUST_1397
ITEM_17434,Fashion Product 7435,Outerwear,Nike,168.58,3.8,CUST_1448
ITEM_17435,Fashion Product 7436,Accessories,Gucci,39.19,4.6,CUST_1276
ITEM_17436,Fashion Product 7437,Accessories,Nike,188.68,3.0,CUST_1059
ITEM_17437,Fashion Product 7438,Tops,Puma,134.85,3.1,CUST_1085
ITEM_17438,Fashion Product 7439,Tops,Levi's,64.02,4.5,CUST_1150
ITEM_17439,Fashion Product 7440,Tops,Gucci,79.49,3.6,CUST_1321
ITEM_17440,Fashion Product 7441,Bottoms,Zara,143.76,3.5,CUST_1488
ITEM_17441,Fashion Product 7442,Accessories,Puma,154.41,4.7,CUST_1060
ITEM_17442,Fashion Product 7443,Bottoms,Puma,242.36,4.0,CUST_1125
ITEM_17443,Fashion Product 7444,Outerwear,Gucci,215.13,4.5,CUST_1041
ITEM_17444,Fashion Product 7445,Footwear,Adidas,59.4,4.5,CUST_1337
ITEM_17445,Fashion Product 7446,Accessories,Levi's,195.76,2.8,CUST_1173
ITEM_17446,Fashion Product 7447,Footwear,Levi's,11.99,4.1,CUST_1260
ITEM_17447,Fashion Product 7448,Tops,Gucci,41.15,4.9,CUST_1326
ITEM_17448,Fashion Product 7449,Accessories,Mango,57.93,3.7,CUST_1173
ITEM_17449,Fashion Product 7450,Dresses,Mango,153.33,4.3,CUST_1186
ITEM_17450,Fashion Product 7451,Bottoms,Zara,56.72,3.9,CUST_1241
ITEM_17451,Fashion Product 7452,Bottoms,Mango,97.67,3.0,CUST_1339
ITEM_17452,Fashion Product 7453,Accessories,Uniqlo,68.27,3.0,CUST_1094
ITEM_17453,Fashion Product 7454,Tops,Uniqlo,90.98,3.6,CUST_1407
ITEM_17454,Fashion Product 7455,Bottoms,H&M,236.19,3.7,CUST_1416
ITEM_17455,Fashion Product 7456,Tops,Uniqlo,249.37,3.8,CUST_1063
ITEM_17456,Fashion Product 7457,Outerwear,Adidas,174.57,4.9,CUST_1221
ITEM_17457,Fashion Product 7458,Footwear,Adidas,147.35,2.8,CUST_1008
ITEM_17458,Fashion Product 7459,Dresses,Adidas,180.03,3.5,CUST_1213
ITEM_17459,Fashion Product 7460,Footwear,Uniqlo,195.2,3.8,CUST_1209
ITEM_17460,Fashion Product 7461,Footwear,Zara,187.36,4.9,CUST_1209
ITEM_17461,Fashion Product 7462,Outerwear,Gucci,29.65,3.8,CUST_1376
ITEM_17462,Fashion Product 7463,Bottoms,Nike,84.47,4.4,CUST_1085
ITEM_17463,Fashion Product 7464,Dresses,H&M,92.42,4.4,CUST_1207
ITEM_17464,Fashion Product 7465,Bottoms,Levi's,98.62,3.9,CUST_1347
ITEM_17465,Fashion Product 7466,Accessories,Puma,92.64,2.8,CUST_1153
ITEM_17466,Fashion Product 7467,Footwear,Levi's,198.9,3.0,CUST_1161
ITEM_17467,Fashion Product 7468,Accessories,H&M,189.43,3.1,CUST_1450
ITEM_17468,Fashion Product 7469,Tops,Levi's,11.1,2.6,CUST_1116
ITEM_17469,Fashion Product 7470,Footwear,Levi's,81.13,3.4,CUST_1362
ITEM_17470,Fashion Product 7471,Bottoms,Levi's,159.68,4.0,CUST_1251
ITEM_17471,Fashion Product 7472,Footwear,Uniqlo,38.86,2.9,CUST_1400
ITEM_17472,Fashion Product 7473,Tops,Nike,27.09,2.9,CUST_1183
ITEM_17473,Fashion Product 7474,Outerwear,Mango,208.82,4.3,CUST_1164
ITEM_17474,Fashion Product 7475,Accessories,Nike,118.64,2.9,CUST_1328
ITEM_17475,Fashion Product 7476,Accessories,Levi's,215.36,2.8,CUST_1080
ITEM_17476,Fashion Product 7477,Bottoms,Nike,207.65,4.9,CUST_1007
ITEM_17477,Fashion Product 7478,Footwear,H&M,224.41,2.5,CUST_1325
ITEM_17478,Fashion Product 7479,Bottoms,Gucci,21.59,3.3,CUST_1087
ITEM_17479,Fashion Product 7480,Outerwear,Mango,54.67,2.6,CUST_1008
ITEM_17480,Fashion Product 7481,Footwear,Gucci,81.07,4.6,CUST_1387
ITEM_17481,Fashion Product 7482,Footwear,Puma,42.7,4.0,CUST_1419
ITEM_17482,Fashion Product 7483,Bottoms,Nike,126.51,2.6,CUST_1370
ITEM_17483,Fashion Product 7484,Bottoms,Gucci,201.75,4.0,CUST_1036
ITEM_17484,Fashion Product 7485,Tops,Zara,238.28,2.8,CUST_1251
ITEM_17485,Fashion Product 7486,Outerwear,Zara,223.5,3.7,CUST_1100
ITEM_17486,Fashion Product 7487,Tops,Gucci,119.76,4.2,CUST_1079
ITEM_17487,Fashion Product 7488,Accessories,Levi's,162.76,2.9,CUST_1286
ITEM_17488,Fashion Product 7489,Footwear,Mango,65.37,3.7,CUST_1271
ITEM_17489,Fashion Product 7490,Bottoms,Adidas,106.72,3.6,CUST_1221
ITEM_17490,Fashion Product 7491,Footwear,H&M,219.08,4.8,CUST_1196
ITEM_17491,Fashion Product 7492,Footwear,Levi's,17.01,5.0,CUST_1226
ITEM_17492,Fashion Product 7493,Dresses,Mango,137.86,4.1,CUST_1087
ITEM_17493,Fashion Product 7494,Accessories,Gucci,219.47,4.6,CUST_1058
ITEM_17494,Fashion Product 7495,Dresses,Levi's,39.28,4.1,CUST_1483
ITEM_17495,Fashion Product 7496,Footwear,Levi's,245.81,4.7,CUST_1412
ITEM_17496,Fashion Product 7497,Bottoms,Gucci,12.97,3.6,CUST_1479
ITEM_17497,Fashion Product 7498,Footwear,Gucci,222.67,4.0,CUST_1170
ITEM_17498,Fashion Product 7499,Accessories,Nike,94.88,4.6,CUST_1097
ITEM_17499,Fashion Product 7500,Dresses,Nike,41.85,4.8,CUST_1146
ITEM_17500,Fashion Product 7501,Bottoms,H&M,47.77,2.6,CUST_1389
ITEM_17501,Fashion Product 7502,Footwear,Zara,178.28,2.8,CUST_1393
ITEM_17502,Fashion Product 7503,Outerwear,Uniqlo,218.97,4.8,CUST_1468
ITEM_17503,Fashion Product 7504,Accessories,H&M,163.86,3.9,CUST_1358
ITEM_17504,Fashion Product 7505,Accessories,H&M,232.89,5.0,CUST_1371
ITEM_17505,Fashion Product 7506,Outerwear,Adidas,212.19,4.5,CUST_1393
ITEM_17506,Fashion Product 7507,Footwear,Uniqlo,12.17,4.5,CUST_1018
ITEM_17507,Fashion Product 7508,Accessories,Zara,170.66,3.5,CUST_1184
ITEM_17508,Fashion Product 7509,Bottoms,Levi's,83.11,3.1,CUST_1143
ITEM_17509,Fashion Product 7510,Footwear,Uniqlo,119.08,4.0,CUST_1463
ITEM_17510,Fashion Product 7511,Footwear,Adidas,32.57,4.7,CUST_1334
ITEM_17511,Fashion Product 7512,Dresses,Puma,77.7,4.3,CUST_1062
ITEM_17512,Fashion Product 7513,Accessories,H&M,161.84,3.7,CUST_1163
ITEM_17513,Fashion Product 7514,Accessories,Gucci,62.41,4.4,CUST_1040
ITEM_17514,Fashion Product 7515,Outerwear,H&M,165.41,4.2,CUST_1179
ITEM_17515,Fashion Product 7516,Dresses,Adidas,231.53,4.8,CUST_1235
ITEM_17516,Fashion Product 7517,Dresses,H&M,11.19,3.2,CUST_1380
ITEM_17517,Fashion Product 7518,Accessories,H&M,198.58,2.8,CUST_1060
ITEM_17518,Fashion Product 7519,Footwear,Uniqlo,163.92,3.7,CUST_1228
ITEM_17519,Fashion Product 7520,Dresses,Uniqlo,21.19,3.4,CUST_1239
ITEM_17520,Fashion Product 7521,Outerwear,Gucci,199.64,4.9,CUST_1056
ITEM_17521,Fashion Product 7522,Dresses,Mango,63.89,2.5,CUST_1234
ITEM_17522,Fashion Product 7523,Outerwear,Gucci,73.8,4.8,CUST_1084
ITEM_17523,Fashion Product 7524,Dresses,Puma,32.44,4.9,CUST_1203
ITEM_17524,Fashion Product 7525,Outerwear,Uniqlo,138.25,2.6,CUST_1041
ITEM_17525,Fashion Product 7526,Dresses,H&M,129.57,4.7,CUST_1438
ITEM_17526,Fashion Product 7527,Dresses,Levi's,93.32,3.7,CUST_1017
ITEM_17527,Fashion Product 7528,Bottoms,H&M,50.5,4.4,CUST_1105
ITEM_17528,Fashion Product 7529,Outerwear,Zara,211.11,2.7,CUST_1025
ITEM_17529,Fashion Product 7530,Outerwear,Gucci,220.33,4.9,CUST_1382
ITEM_17530,Fashion Product 7531,Outerwear,Levi's,139.74,4.0,CUST_1093
ITEM_17531,Fashion Product 7532,Tops,Zara,68.61,4.7,CUST_1215
ITEM_17532,Fashion Product 7533,Dresses,Puma,33.07,4.2,CUST_1393
ITEM_17533,Fashion Product 7534,Outerwear,H&M,218.45,3.8,CUST_1184
ITEM_17534,Fashion Product 7535,Accessories,Mango,33.05,2.9,CUST_1217
ITEM_17535,Fashion Product 7536,Tops,Adidas,13.16,2.9,CUST_1489
ITEM_17536,Fashion Product 7537,Bottoms,Zara,122.66,3.7,CUST_1151
ITEM_17537,Fashion Product 7538,Outerwear,H&M,185.51,4.7,CUST_1374
ITEM_17538,Fashion Product 7539,Outerwear,H&M,119.81,2.8,CUST_1258
ITEM_17539,Fashion Product 7540,Tops,Mango,22.34,5.0,CUST_1301
ITEM_17540,Fashion Product 7541,Dresses,Zara,175.61,4.7,CUST_1119
ITEM_17541,Fashion Product 7542,Accessories,Uniqlo,164.16,3.5,CUST_1449
ITEM_17542,Fashion Product 7543,Bottoms,Adidas,173.57,3.1,CUST_1422
ITEM_17543,Fashion Product 7544,Outerwear,H&M,60.69,4.8,CUST_1134
ITEM_17544,Fashion Product 7545,Dresses,H&M,200.97,2.8,CUST_1432
ITEM_17545,Fashion Product 7546,Accessories,Puma,125.0,3.4,CUST_1428
ITEM_17546,Fashion Product 7547,Accessories,Puma,138.72,2.7,CUST_1207
ITEM_17547,Fashion Product 7548,Bottoms,Mango,141.0,4.9,CUST_1263
ITEM_17548,Fashion Product 7549,Footwear,Zara,78.83,4.0,CUST_1322
ITEM_17549,Fashion Product 7550,Accessories,Nike,70.03,3.3,CUST_1190
ITEM_17550,Fashion Product 7551,Footwear,Levi's,11.14,3.2,CUST_1158
ITEM_17551,Fashion Product 7552,Accessories,Zara,105.19,3.6,CUST_1477
ITEM_17552,Fashion Product 7553,Bottoms,H&M,126.42,2.7,CUST_1076
ITEM_17553,Fashion Product 7554,Tops,Gucci,188.27,4.7,CUST_1052
ITEM_17554,Fashion Product 7555,Bottoms,Puma,25.99,3.8,CUST_1226
ITEM_17555,Fashion Product 7556,Bottoms,Levi's,231.76,4.3,CUST_1094
ITEM_17556,Fashion Product 7557,Tops,Uniqlo,73.35,3.1,CUST_1292
ITEM_17557,Fashion Product 7558,Tops,Uniqlo,98.01,3.8,CUST_1291
ITEM_17558,Fashion Product 7559,Dresses,Puma,21.61,3.0,CUST_1322
ITEM_17559,Fashion Product 7560,Accessories,Zara,166.75,4.5,CUST_1178
ITEM_17560,Fashion Product 7561,Dresses,Levi's,180.14,4.4,CUST_1387
ITEM_17561,Fashion Product 7562,Tops,H&M,232.91,2.9,CUST_1106
ITEM_17562,Fashion Product 7563,Footwear,Zara,90.84,2.7,CUST_1076
ITEM_17563,Fashion Product 7564,Footwear,Puma,71.77,4.6,CUST_1004
ITEM_17564,Fashion Product 7565,Bottoms,Mango,184.26,2.8,CUST_1311
ITEM_17565,Fashion Product 7566,Outerwear,Nike,179.63,3.9,CUST_1436
ITEM_17566,Fashion Product 7567,Bottoms,Zara,234.91,3.8,CUST_1187
ITEM_17567,Fashion Product 7568,Bottoms,Adidas,59.28,3.0,CUST_1455
ITEM_17568,Fashion Product 7569,Outerwear,Uniqlo,179.27,4.0,CUST_1020
ITEM_17569,Fashion Product 7570,Accessories,Adidas,26.05,3.8,CUST_1275
ITEM_17570,Fashion Product 7571,Tops,Zara,125.29,3.8,CUST_1136
ITEM_17571,Fashion Product 7572,Footwear,Zara,38.65,3.4,CUST_1451
ITEM_17572,Fashion Product 7573,Bottoms,Adidas,166.76,4.6,CUST_1027
ITEM_17573,Fashion Product 7574,Outerwear,Mango,154.35,2.7,CUST_1463
ITEM_17574,Fashion Product 7575,Dresses,Adidas,21.72,3.6,CUST_1136
ITEM_17575,Fashion Product 7576,Bottoms,H&M,86.71,3.1,CUST_1018
ITEM_17576,Fashion Product 7577,Footwear,Levi's,104.81,4.6,CUST_1285
ITEM_17577,Fashion Product 7578,Tops,Adidas,69.53,3.1,CUST_1302
ITEM_17578,Fashion Product 7579,Bottoms,Adidas,19.28,4.4,CUST_1499
ITEM_17579,Fashion Product 7580,Bottoms,Levi's,86.52,4.0,CUST_1420
ITEM_17580,Fashion Product 7581,Accessories,Nike,200.23,4.7,CUST_1387
ITEM_17581,Fashion Product 7582,Outerwear,Adidas,96.43,4.0,CUST_1393
ITEM_17582,Fashion Product 7583,Dresses,Adidas,87.61,3.9,CUST_1138
ITEM_17583,Fashion Product 7584,Dresses,H&M,236.02,4.5,CUST_1232
ITEM_17584,Fashion Product 7585,Tops,Uniqlo,19.99,3.9,CUST_1340
ITEM_17585,Fashion Product 7586,Footwear,H&M,194.15,4.6,CUST_1450
ITEM_17586,Fashion Product 7587,Tops,Adidas,125.94,2.6,CUST_1257
ITEM_17587,Fashion Product 7588,Bottoms,H&M,236.67,3.7,CUST_1219
ITEM_17588,Fashion Product 7589,Bottoms,Levi's,104.43,4.5,CUST_1132
ITEM_17589,Fashion Product 7590,Dresses,Mango,179.93,4.6,CUST_1432
ITEM_17590,Fashion Product 7591,Footwear,Gucci,26.78,4.6,CUST_1357
ITEM_17591,Fashion Product 7592,Outerwear,Levi's,232.91,4.0,CUST_1256
ITEM_17592,Fashion Product 7593,Footwear,Gucci,92.69,5.0,CUST_1096
ITEM_17593,Fashion Product 7594,Bottoms,Adidas,135.76,3.0,CUST_1274
ITEM_17594,Fashion Product 7595,Outerwear,Adidas,43.24,2.9,CUST_1334
ITEM_17595,Fashion Product 7596,Footwear,Mango,236.93,2.6,CUST_1301
ITEM_17596,Fashion Product 7597,Footwear,Zara,171.51,5.0,CUST_1368
ITEM_17597,Fashion Product 7598,Outerwear,Gucci,22.95,3.4,CUST_1015
ITEM_17598,Fashion Product 7599,Bottoms,H&M,47.25,4.4,CUST_1179
ITEM_17599,Fashion Product 7600,Footwear,Mango,105.96,2.6,CUST_1445
ITEM_17600,Fashion Product 7601,Outerwear,Levi's,62.03,3.2,CUST_1260
ITEM_17601,Fashion Product 7602,Accessories,Nike,83.11,4.1,CUST_1403
ITEM_17602,Fashion Product 7603,Accessories,H&M,249.4,3.8,CUST_1088
ITEM_17603,Fashion Product 7604,Bottoms,Adidas,168.08,3.0,CUST_1094
ITEM_17604,Fashion Product 7605,Outerwear,Levi's,231.33,3.7,CUST_1333
ITEM_17605,Fashion Product 7606,Accessories,Mango,114.59,2.8,CUST_1395
ITEM_17606,Fashion Product 7607,Outerwear,Gucci,180.47,3.9,CUST_1028
ITEM_17607,Fashion Product 7608,Footwear,Gucci,120.33,2.7,CUST_1498
ITEM_17608,Fashion Product 7609,Bottoms,Puma,88.77,4.1,CUST_1185
ITEM_17609,Fashion Product 7610,Accessories,Adidas,134.6,2.9,CUST_1075
ITEM_17610,Fashion Product 7611,Footwear,H&M,112.55,3.9,CUST_1054
ITEM_17611,Fashion Product 7612,Tops,Adidas,245.33,2.8,CUST_1321
ITEM_17612,Fashion Product 7613,Tops,Puma,129.08,3.5,CUST_1047
ITEM_17613,Fashion Product 7614,Bottoms,Puma,204.67,3.4,CUST_1248
ITEM_17614,Fashion Product 7615,Accessories,H&M,170.04,4.4,CUST_1234
ITEM_17615,Fashion Product 7616,Accessories,Puma,125.11,4.1,CUST_1118
ITEM_17616,Fashion Product 7617,Accessories,Mango,123.8,4.8,CUST_1260
ITEM_17617,Fashion Product 7618,Outerwear,Puma,92.05,4.8,CUST_1230
ITEM_17618,Fashion Product 7619,Footwear,Gucci,35.68,4.3,CUST_1290
ITEM_17619,Fashion Product 7620,Accessories,Uniqlo,192.75,4.4,CUST_1241
ITEM_17620,Fashion Product 7621,Footwear,Zara,230.34,4.1,CUST_1332
ITEM_17621,Fashion Product 7622,Bottoms,Gucci,62.31,4.2,CUST_1182
ITEM_17622,Fashion Product 7623,Accessories,Gucci,232.16,4.0,CUST_1472
ITEM_17623,Fashion Product 7624,Bottoms,Nike,65.75,3.3,CUST_1317
ITEM_17624,Fashion Product 7625,Accessories,Nike,137.22,3.4,CUST_1101
ITEM_17625,Fashion Product 7626,Tops,Adidas,92.47,3.9,CUST_1248
ITEM_17626,Fashion Product 7627,Dresses,Nike,37.48,4.3,CUST_1480
ITEM_17627,Fashion Product 7628,Bottoms,Adidas,22.68,3.5,CUST_1467
ITEM_17628,Fashion Product 7629,Accessories,Gucci,97.68,2.9,CUST_1349
ITEM_17629,Fashion Product 7630,Dresses,Zara,21.36,3.6,CUST_1358
ITEM_17630,Fashion Product 7631,Bottoms,H&M,35.01,4.9,CUST_1113
ITEM_17631,Fashion Product 7632,Outerwear,H&M,44.15,3.0,CUST_1221
ITEM_17632,Fashion Product 7633,Accessories,Uniqlo,10.46,4.1,CUST_1339
ITEM_17633,Fashion Product 7634,Outerwear,Levi's,46.78,5.0,CUST_1148
ITEM_17634,Fashion Product 7635,Tops,H&M,148.55,3.4,CUST_1387
ITEM_17635,Fashion Product 7636,Accessories,Levi's,206.69,4.7,CUST_1296
ITEM_17636,Fashion Product 7637,Tops,Puma,56.42,4.7,CUST_1197
ITEM_17637,Fashion Product 7638,Dresses,Gucci,29.41,3.3,CUST_1407
ITEM_17638,Fashion Product 7639,Bottoms,Zara,185.08,2.7,CUST_1069
ITEM_17639,Fashion Product 7640,Footwear,Adidas,11.96,2.9,CUST_1478
ITEM_17640,Fashion Product 7641,Tops,Levi's,186.2,3.4,CUST_1288
ITEM_17641,Fashion Product 7642,Footwear,Uniqlo,41.47,4.9,CUST_1024
ITEM_17642,Fashion Product 7643,Footwear,H&M,64.79,3.2,CUST_1369
ITEM_17643,Fashion Product 7644,Bottoms,Mango,38.82,4.8,CUST_1435
ITEM_17644,Fashion Product 7645,Dresses,H&M,69.36,3.0,CUST_1371
ITEM_17645,Fashion Product 7646,Bottoms,Nike,201.56,4.9,CUST_1186
ITEM_17646,Fashion Product 7647,Accessories,Gucci,41.81,3.2,CUST_1170
ITEM_17647,Fashion Product 7648,Tops,Nike,248.6,4.1,CUST_1291
ITEM_17648,Fashion Product 7649,Footwear,H&M,88.5,2.7,CUST_1032
ITEM_17649,Fashion Product 7650,Bottoms,Mango,231.27,3.2,CUST_1438
ITEM_17650,Fashion Product 7651,Bottoms,Nike,55.61,3.0,CUST_1301
ITEM_17651,Fashion Product 7652,Bottoms,Zara,55.1,2.5,CUST_1176
ITEM_17652,Fashion Product 7653,Tops,Nike,145.68,2.9,CUST_1364
ITEM_17653,Fashion Product 7654,Dresses,Mango,22.14,4.0,CUST_1342
ITEM_17654,Fashion Product 7655,Bottoms,Nike,202.24,3.5,CUST_1469
ITEM_17655,Fashion Product 7656,Tops,Levi's,115.51,4.3,CUST_1476
ITEM_17656,Fashion Product 7657,Footwear,Puma,177.81,4.2,CUST_1177
ITEM_17657,Fashion Product 7658,Accessories,Adidas,51.91,4.5,CUST_1290
ITEM_17658,Fashion Product 7659,Outerwear,H&M,164.17,4.7,CUST_1144
ITEM_17659,Fashion Product 7660,Tops,Levi's,152.58,4.5,CUST_1011
ITEM_17660,Fashion Product 7661,Outerwear,Adidas,191.36,3.6,CUST_1481
ITEM_17661,Fashion Product 7662,Bottoms,Puma,81.38,3.3,CUST_1492
ITEM_17662,Fashion Product 7663,Bottoms,Levi's,233.96,3.8,CUST_1486
ITEM_17663,Fashion Product 7664,Tops,Uniqlo,240.71,3.8,CUST_1147
ITEM_17664,Fashion Product 7665,Outerwear,Levi's,218.35,3.3,CUST_1348
ITEM_17665,Fashion Product 7666,Bottoms,Zara,147.29,3.9,CUST_1413
ITEM_17666,Fashion Product 7667,Footwear,Mango,110.87,2.8,CUST_1485
ITEM_17667,Fashion Product 7668,Dresses,H&M,23.92,3.1,CUST_1310
ITEM_17668,Fashion Product 7669,Dresses,Gucci,237.33,4.4,CUST_1437
ITEM_17669,Fashion Product 7670,Bottoms,Adidas,238.43,3.0,CUST_1195
ITEM_17670,Fashion Product 7671,Outerwear,Nike,14.49,2.8,CUST_1466
ITEM_17671,Fashion Product 7672,Accessories,H&M,95.65,3.2,CUST_1466
ITEM_17672,Fashion Product 7673,Bottoms,Gucci,221.21,3.4,CUST_1076
ITEM_17673,Fashion Product 7674,Accessories,Puma,29.4,3.3,CUST_1466
ITEM_17674,Fashion Product 7675,Accessories,Levi's,57.18,3.4,CUST_1160
ITEM_17675,Fashion Product 7676,Outerwear,Gucci,244.88,2.8,CUST_1490
ITEM_17676,Fashion Product 7677,Accessories,Uniqlo,213.35,2.9,CUST_1100
ITEM_17677,Fashion Product 7678,Footwear,H&M,228.9,3.1,CUST_1116
ITEM_17678,Fashion Product 7679,Outerwear,H&M,44.12,3.5,CUST_1380
ITEM_17679,Fashion Product 7680,Bottoms,H&M,60.72,3.3,CUST_1083
ITEM_17680,Fashion Product 7681,Footwear,Mango,155.3,4.5,CUST_1312
ITEM_17681,Fashion Product 7682,Tops,Puma,130.42,3.8,CUST_1063
ITEM_17682,Fashion Product 7683,Dresses,Mango,81.64,3.9,CUST_1132
ITEM_17683,Fashion Product 7684,Bottoms,H&M,222.12,3.9,CUST_1248
ITEM_17684,Fashion Product 7685,Bottoms,Uniqlo,226.33,3.5,CUST_1395
ITEM_17685,Fashion Product 7686,Bottoms,Nike,80.0,5.0,CUST_1131
ITEM_17686,Fashion Product 7687,Footwear,Uniqlo,47.38,2.6,CUST_1411
ITEM_17687,Fashion Product 7688,Tops,Adidas,45.78,3.0,CUST_1367
ITEM_17688,Fashion Product 7689,Outerwear,Puma,126.26,3.2,CUST_1464
ITEM_17689,Fashion Product 7690,Tops,Levi's,41.9,4.7,CUST_1428
ITEM_17690,Fashion Product 7691,Footwear,H&M,123.6,4.8,CUST_1402
ITEM_17691,Fashion Product 7692,Bottoms,Gucci,120.86,4.6,CUST_1158
ITEM_17692,Fashion Product 7693,Dresses,Nike,222.19,3.5,CUST_1216
ITEM_17693,Fashion Product 7694,Bottoms,Levi's,81.09,4.8,CUST_1326
ITEM_17694,Fashion Product 7695,Outerwear,Uniqlo,144.56,2.7,CUST_1431
ITEM_17695,Fashion Product 7696,Accessories,Nike,188.44,4.1,CUST_1034
ITEM_17696,Fashion Product 7697,Dresses,Mango,153.02,4.8,CUST_1375
ITEM_17697,Fashion Product 7698,Bottoms,Levi's,238.98,4.4,CUST_1332
ITEM_17698,Fashion Product 7699,Dresses,Puma,154.55,3.2,CUST_1298
ITEM_17699,Fashion Product 7700,Accessories,Uniqlo,226.45,4.3,CUST_1279
ITEM_17700,Fashion Product 7701,Tops,Nike,68.81,3.2,CUST_1484
ITEM_17701,Fashion Product 7702,Footwear,Uniqlo,144.58,2.8,CUST_1296
ITEM_17702,Fashion Product 7703,Bottoms,Nike,140.39,4.3,CUST_1015
ITEM_17703,Fashion Product 7704,Outerwear,Nike,247.47,2.9,CUST_1115
ITEM_17704,Fashion Product 7705,Tops,Levi's,59.08,2.8,CUST_1464
ITEM_17705,Fashion Product 7706,Bottoms,Uniqlo,43.84,3.9,CUST_1493
ITEM_17706,Fashion Product 7707,Tops,Levi's,156.8,4.1,CUST_1057
ITEM_17707,Fashion Product 7708,Outerwear,Adidas,63.69,2.6,CUST_1367
ITEM_17708,Fashion Product 7709,Bottoms,Puma,163.4,2.5,CUST_1142
ITEM_17709,Fashion Product 7710,Accessories,Adidas,243.4,4.7,CUST_1207
ITEM_17710,Fashion Product 7711,Accessories,Zara,237.16,2.8,CUST_1140
ITEM_17711,Fashion Product 7712,Outerwear,H&M,65.46,4.0,CUST_1107
ITEM_17712,Fashion Product 7713,Dresses,Adidas,51.02,4.9,CUST_1373
ITEM_17713,Fashion Product 7714,Outerwear,Mango,144.58,3.8,CUST_1291
ITEM_17714,Fashion Product 7715,Dresses,Puma,150.83,2.8,CUST_1409
ITEM_17715,Fashion Product 7716,Bottoms,H&M,168.94,3.5,CUST_1078
ITEM_17716,Fashion Product 7717,Dresses,Levi's,187.96,4.1,CUST_1002
ITEM_17717,Fashion Product 7718,Bottoms,Mango,154.23,4.4,CUST_1274
ITEM_17718,Fashion Product 7719,Bottoms,H&M,36.82,4.0,CUST_1035
ITEM_17719,Fashion Product 7720,Footwear,H&M,199.64,2.6,CUST_1265
ITEM_17720,Fashion Product 7721,Bottoms,Nike,29.08,2.9,CUST_1395
ITEM_17721,Fashion Product 7722,Dresses,Zara,14.8,3.4,CUST_1218
ITEM_17722,Fashion Product 7723,Footwear,Levi's,194.72,4.3,CUST_1067
ITEM_17723,Fashion Product 7724,Footwear,Uniqlo,141.61,4.0,CUST_1069
ITEM_17724,Fashion Product 7725,Bottoms,Adidas,177.66,2.6,CUST_1224
ITEM_17725,Fashion Product 7726,Outerwear,Puma,101.86,4.5,CUST_1361
ITEM_17726,Fashion Product 7727,Outerwear,Zara,12.66,4.0,CUST_1458
ITEM_17727,Fashion Product 7728,Accessories,Nike,89.44,4.7,CUST_1294
ITEM_17728,Fashion Product 7729,Footwear,Nike,155.95,3.5,CUST_1326
ITEM_17729,Fashion Product 7730,Bottoms,H&M,64.17,3.7,CUST_1203
ITEM_17730,Fashion Product 7731,Outerwear,Gucci,175.07,3.5,CUST_1081
ITEM_17731,Fashion Product 7732,Bottoms,Adidas,200.66,4.3,CUST_1443
ITEM_17732,Fashion Product 7733,Bottoms,Zara,119.02,4.4,CUST_1066
ITEM_17733,Fashion Product 7734,Footwear,H&M,220.17,4.3,CUST_1297
ITEM_17734,Fashion Product 7735,Accessories,Zara,215.16,3.2,CUST_1280
ITEM_17735,Fashion Product 7736,Footwear,Mango,220.73,4.1,CUST_1434
ITEM_17736,Fashion Product 7737,Tops,Levi's,168.65,3.3,CUST_1261
ITEM_17737,Fashion Product 7738,Outerwear,Puma,83.15,4.6,CUST_1277
ITEM_17738,Fashion Product 7739,Outerwear,Adidas,125.5,2.6,CUST_1006
ITEM_17739,Fashion Product 7740,Outerwear,Nike,180.52,2.6,CUST_1132
ITEM_17740,Fashion Product 7741,Dresses,Gucci,60.54,2.8,CUST_1265
ITEM_17741,Fashion Product 7742,Bottoms,Uniqlo,187.32,3.0,CUST_1325
ITEM_17742,Fashion Product 7743,Footwear,Levi's,141.54,2.6,CUST_1068
ITEM_17743,Fashion Product 7744,Outerwear,Adidas,33.04,2.7,CUST_1126
ITEM_17744,Fashion Product 7745,Tops,Mango,143.75,3.3,CUST_1393
ITEM_17745,Fashion Product 7746,Outerwear,Adidas,26.03,2.7,CUST_1402
ITEM_17746,Fashion Product 7747,Accessories,Puma,13.43,4.5,CUST_1315
ITEM_17747,Fashion Product 7748,Bottoms,Puma,223.51,2.6,CUST_1171
ITEM_17748,Fashion Product 7749,Bottoms,Zara,127.58,4.8,CUST_1336
ITEM_17749,Fashion Product 7750,Footwear,H&M,140.39,4.7,CUST_1450
ITEM_17750,Fashion Product 7751,Dresses,Puma,77.19,3.0,CUST_1029
ITEM_17751,Fashion Product 7752,Footwear,Gucci,140.26,2.7,CUST_1176
ITEM_17752,Fashion Product 7753,Outerwear,Uniqlo,50.53,2.8,CUST_1307
ITEM_17753,Fashion Product 7754,Accessories,Mango,188.95,3.9,CUST_1426
ITEM_17754,Fashion Product 7755,Tops,Nike,207.6,4.0,CUST_1292
ITEM_17755,Fashion Product 7756,Footwear,Puma,215.41,3.3,CUST_1332
ITEM_17756,Fashion Product 7757,Dresses,Nike,35.6,3.2,CUST_1105
ITEM_17757,Fashion Product 7758,Footwear,Puma,143.86,3.8,CUST_1045
ITEM_17758,Fashion Product 7759,Bottoms,Gucci,204.1,3.3,CUST_1101
ITEM_17759,Fashion Product 7760,Outerwear,Nike,40.77,4.8,CUST_1226
ITEM_17760,Fashion Product 7761,Outerwear,H&M,33.89,3.5,CUST_1419
ITEM_17761,Fashion Product 7762,Outerwear,Mango,206.07,3.0,CUST_1104
ITEM_17762,Fashion Product 7763,Outerwear,Uniqlo,201.22,2.9,CUST_1262
ITEM_17763,Fashion Product 7764,Outerwear,Gucci,117.69,4.1,CUST_1253
ITEM_17764,Fashion Product 7765,Outerwear,H&M,36.33,3.3,CUST_1165
ITEM_17765,Fashion Product 7766,Tops,Uniqlo,133.87,3.0,CUST_1292
ITEM_17766,Fashion Product 7767,Dresses,H&M,104.75,3.2,CUST_1212
ITEM_17767,Fashion Product 7768,Outerwear,H&M,134.45,3.3,CUST_1144
ITEM_17768,Fashion Product 7769,Dresses,H&M,115.57,4.1,CUST_1456
ITEM_17769,Fashion Product 7770,Accessories,Zara,146.44,2.9,CUST_1236
ITEM_17770,Fashion Product 7771,Outerwear,Uniqlo,184.51,4.3,CUST_1022
ITEM_17771,Fashion Product 7772,Footwear,H&M,195.97,3.3,CUST_1069
ITEM_17772,Fashion Product 7773,Outerwear,Levi's,165.76,3.7,CUST_1069
ITEM_17773,Fashion Product 7774,Bottoms,Levi's,57.75,4.1,CUST_1246
ITEM_17774,Fashion Product 7775,Tops,Puma,105.31,3.9,CUST_1063
ITEM_17775,Fashion Product 7776,Footwear,Mango,27.09,4.2,CUST_1237
ITEM_17776,Fashion Product 7777,Footwear,Nike,118.4,3.3,CUST_1331
ITEM_17777,Fashion Product 7778,Bottoms,Puma,242.88,4.9,CUST_1363
ITEM_17778,Fashion Product 7779,Outerwear,Zara,164.02,3.6,CUST_1019
ITEM_17779,Fashion Product 7780,Tops,Levi's,47.11,3.3,CUST_1231
ITEM_17780,Fashion Product 7781,Footwear,Uniqlo,74.46,3.2,CUST_1465
ITEM_17781,Fashion Product 7782,Tops,Mango,25.5,2.6,CUST_1229
ITEM_17782,Fashion Product 7783,Footwear,Mango,53.78,4.2,CUST_1358
ITEM_17783,Fashion Product 7784,Outerwear,Nike,127.08,3.2,CUST_1382
ITEM_17784,Fashion Product 7785,Accessories,Uniqlo,92.77,4.9,CUST_1127
ITEM_17785,Fashion Product 7786,Footwear,Nike,58.95,3.0,CUST_1146
ITEM_17786,Fashion Product 7787,Accessories,Mango,45.18,3.8,CUST_1370
ITEM_17787,Fashion Product 7788,Footwear,Zara,167.46,4.3,CUST_1329
ITEM_17788,Fashion Product 7789,Dresses,Gucci,143.94,4.7,CUST_1114
ITEM_17789,Fashion Product 7790,Outerwear,Gucci,212.23,2.9,CUST_1243
ITEM_17790,Fashion Product 7791,Bottoms,Levi's,53.98,5.0,CUST_1145
ITEM_17791,Fashion Product 7792,Accessories,Mango,213.52,4.8,CUST_1041
ITEM_17792,Fashion Product 7793,Bottoms,Zara,148.7,4.9,CUST_1161
ITEM_17793,Fashion Product 7794,Outerwear,Nike,73.89,4.6,CUST_1468
ITEM_17794,Fashion Product 7795,Bottoms,Zara,75.65,4.7,CUST_1439
ITEM_17795,Fashion Product 7796,Outerwear,Adidas,103.69,4.0,CUST_1338
ITEM_17796,Fashion Product 7797,Bottoms,Nike,120.43,4.6,CUST_1408
ITEM_17797,Fashion Product 7798,Accessories,H&M,29.8,3.8,CUST_1077
ITEM_17798,Fashion Product 7799,Dresses,Nike,212.08,3.8,CUST_1168
ITEM_17799,Fashion Product 7800,Bottoms,Levi's,39.17,3.9,CUST_1284
ITEM_17800,Fashion Product 7801,Accessories,Gucci,126.03,5.0,CUST_1110
ITEM_17801,Fashion Product 7802,Footwear,Nike,101.91,2.8,CUST_1195
ITEM_17802,Fashion Product 7803,Outerwear,H&M,132.95,4.5,CUST_1228
ITEM_17803,Fashion Product 7804,Tops,Adidas,223.0,3.2,CUST_1459
ITEM_17804,Fashion Product 7805,Tops,Zara,247.38,3.4,CUST_1167
ITEM_17805,Fashion Product 7806,Outerwear,Uniqlo,14.87,2.7,CUST_1021
ITEM_17806,Fashion Product 7807,Dresses,Gucci,104.38,3.4,CUST_1165
ITEM_17807,Fashion Product 7808,Bottoms,Zara,206.23,5.0,CUST_1130
ITEM_17808,Fashion Product 7809,Dresses,Adidas,88.38,3.5,CUST_1262
ITEM_17809,Fashion Product 7810,Tops,Uniqlo,165.77,4.2,CUST_1052
ITEM_17810,Fashion Product 7811,Accessories,Mango,248.14,2.8,CUST_1261
ITEM_17811,Fashion Product 7812,Outerwear,Puma,165.23,4.8,CUST_1175
ITEM_17812,Fashion Product 7813,Outerwear,Levi's,36.69,4.6,CUST_1299
ITEM_17813,Fashion Product 7814,Dresses,Zara,212.3,3.5,CUST_1096
ITEM_17814,Fashion Product 7815,Accessories,Uniqlo,242.0,3.4,CUST_1357
ITEM_17815,Fashion Product 7816,Dresses,Mango,181.0,3.6,CUST_1370
ITEM_17816,Fashion Product 7817,Bottoms,Puma,110.58,3.5,CUST_1040
ITEM_17817,Fashion Product 7818,Footwear,Puma,237.62,3.1,CUST_1395
ITEM_17818,Fashion Product 7819,Accessories,Gucci,242.46,5.0,CUST_1209
ITEM_17819,Fashion Product 7820,Footwear,Gucci,234.43,4.5,CUST_1142
ITEM_17820,Fashion Product 7821,Bottoms,Gucci,108.84,3.2,CUST_1258
ITEM_17821,Fashion Product 7822,Footwear,Gucci,199.53,5.0,CUST_1167
ITEM_17822,Fashion Product 7823,Tops,Gucci,167.0,2.5,CUST_1191
ITEM_17823,Fashion Product 7824,Footwear,Mango,53.13,3.6,CUST_1319
ITEM_17824,Fashion Product 7825,Bottoms,Levi's,138.52,3.9,CUST_1119
ITEM_17825,Fashion Product 7826,Footwear,Nike,189.45,2.6,CUST_1146
ITEM_17826,Fashion Product 7827,Outerwear,Mango,225.02,2.9,CUST_1481
ITEM_17827,Fashion Product 7828,Dresses,Adidas,217.02,3.1,CUST_1350
ITEM_17828,Fashion Product 7829,Tops,Gucci,47.12,4.3,CUST_1335
ITEM_17829,Fashion Product 7830,Outerwear,Uniqlo,127.13,4.8,CUST_1477
ITEM_17830,Fashion Product 7831,Outerwear,Uniqlo,124.78,4.1,CUST_1474
ITEM_17831,Fashion Product 7832,Bottoms,Adidas,225.7,3.9,CUST_1129
ITEM_17832,Fashion Product 7833,Dresses,Mango,10.46,3.8,CUST_1145
ITEM_17833,Fashion Product 7834,Dresses,Uniqlo,187.29,3.4,CUST_1054
ITEM_17834,Fashion Product 7835,Accessories,H&M,158.47,4.6,CUST_1122
ITEM_17835,Fashion Product 7836,Tops,H&M,231.18,3.9,CUST_1124
ITEM_17836,Fashion Product 7837,Bottoms,Nike,119.66,3.1,CUST_1167
ITEM_17837,Fashion Product 7838,Tops,H&M,167.84,2.8,CUST_1432
ITEM_17838,Fashion Product 7839,Accessories,Zara,243.46,5.0,CUST_1322
ITEM_17839,Fashion Product 7840,Footwear,Gucci,188.54,2.5,CUST_1143
ITEM_17840,Fashion Product 7841,Outerwear,Adidas,26.17,4.8,CUST_1022
ITEM_17841,Fashion Product 7842,Tops,Zara,50.21,3.0,CUST_1276
ITEM_17842,Fashion Product 7843,Outerwear,Levi's,207.15,4.1,CUST_1349
ITEM_17843,Fashion Product 7844,Bottoms,Gucci,90.35,3.3,CUST_1473
ITEM_17844,Fashion Product 7845,Footwear,Uniqlo,179.42,4.6,CUST_1427
ITEM_17845,Fashion Product 7846,Bottoms,Gucci,177.96,3.9,CUST_1440
ITEM_17846,Fashion Product 7847,Footwear,Puma,248.49,2.9,CUST_1408
ITEM_17847,Fashion Product 7848,Footwear,Puma,122.77,3.2,CUST_1482
ITEM_17848,Fashion Product 7849,Outerwear,Zara,187.08,3.3,CUST_1299
ITEM_17849,Fashion Product 7850,Bottoms,Mango,21.7,4.7,CUST_1277
ITEM_17850,Fashion Product 7851,Bottoms,Uniqlo,121.02,4.4,CUST_1304
ITEM_17851,Fashion Product 7852,Tops,H&M,54.8,4.6,CUST_1322
ITEM_17852,Fashion Product 7853,Bottoms,Puma,211.74,2.6,CUST_1115
ITEM_17853,Fashion Product 7854,Tops,Levi's,211.58,3.9,CUST_1272
ITEM_17854,Fashion Product 7855,Dresses,Adidas,66.73,5.0,CUST_1168
ITEM_17855,Fashion Product 7856,Dresses,Gucci,86.39,4.5,CUST_1277
ITEM_17856,Fashion Product 7857,Dresses,Adidas,178.59,2.8,CUST_1436
ITEM_17857,Fashion Product 7858,Accessories,Puma,187.18,4.2,CUST_1357
ITEM_17858,Fashion Product 7859,Bottoms,Puma,167.83,4.4,CUST_1264
ITEM_17859,Fashion Product 7860,Accessories,Levi's,249.21,3.8,CUST_1250
ITEM_17860,Fashion Product 7861,Bottoms,Nike,218.48,2.7,CUST_1462
ITEM_17861,Fashion Product 7862,Tops,Zara,110.09,2.6,CUST_1366
ITEM_17862,Fashion Product 7863,Accessories,H&M,88.47,4.8,CUST_1439
ITEM_17863,Fashion Product 7864,Accessories,Mango,153.24,3.1,CUST_1255
ITEM_17864,Fashion Product 7865,Accessories,Levi's,206.23,3.4,CUST_1342
ITEM_17865,Fashion Product 7866,Footwear,Nike,124.08,4.5,CUST_1466
ITEM_17866,Fashion Product 7867,Tops,H&M,187.05,4.2,CUST_1058
ITEM_17867,Fashion Product 7868,Dresses,Zara,14.6,4.9,CUST_1005
ITEM_17868,Fashion Product 7869,Tops,H&M,232.2,2.7,CUST_1426
ITEM_17869,Fashion Product 7870,Footwear,Nike,195.72,4.3,CUST_1111
ITEM_17870,Fashion Product 7871,Bottoms,Puma,104.61,2.7,CUST_1365
ITEM_17871,Fashion Product 7872,Tops,H&M,102.16,2.5,CUST_1286
ITEM_17872,Fashion Product 7873,Accessories,Adidas,34.69,2.8,CUST_1351
ITEM_17873,Fashion Product 7874,Dresses,H&M,205.88,4.0,CUST_1265
ITEM_17874,Fashion Product 7875,Dresses,Puma,194.47,4.2,CUST_1249
ITEM_17875,Fashion Product 7876,Bottoms,Gucci,161.26,3.6,CUST_1095
ITEM_17876,Fashion Product 7877,Tops,Gucci,34.35,2.6,CUST_1351
ITEM_17877,Fashion Product 7878,Footwear,Gucci,72.96,4.1,CUST_1297
ITEM_17878,Fashion Product 7879,Bottoms,Levi's,120.14,2.7,CUST_1307
ITEM_17879,Fashion Product 7880,Tops,Zara,73.83,2.9,CUST_1185
ITEM_17880,Fashion Product 7881,Outerwear,Zara,114.15,3.8,CUST_1457
ITEM_17881,Fashion Product 7882,Dresses,H&M,64.23,3.4,CUST_1229
ITEM_17882,Fashion Product 7883,Footwear,Mango,93.9,3.7,CUST_1317
ITEM_17883,Fashion Product 7884,Accessories,Zara,166.55,4.1,CUST_1262
ITEM_17884,Fashion Product 7885,Footwear,Adidas,224.17,2.9,CUST_1119
ITEM_17885,Fashion Product 7886,Accessories,Adidas,102.41,4.7,CUST_1234
ITEM_17886,Fashion Product 7887,Footwear,Uniqlo,176.06,3.9,CUST_1282
ITEM_17887,Fashion Product 7888,Dresses,Adidas,42.35,2.6,CUST_1202
ITEM_17888,Fashion Product 7889,Accessories,Zara,139.8,4.1,CUST_1262
ITEM_17889,Fashion Product 7890,Tops,Mango,231.21,3.7,CUST_1053
ITEM_17890,Fashion Product 7891,Accessories,Puma,16.7,4.3,CUST_1317
ITEM_17891,Fashion Product 7892,Bottoms,Gucci,74.21,4.5,CUST_1161
ITEM_17892,Fashion Product 7893,Tops,H&M,41.8,4.8,CUST_1244
ITEM_17893,Fashion Product 7894,Bottoms,Puma,137.95,5.0,CUST_1429
ITEM_17894,Fashion Product 7895,Footwear,Mango,173.11,3.9,CUST_1094
ITEM_17895,Fashion Product 7896,Tops,Levi's,23.87,3.9,CUST_1040
ITEM_17896,Fashion Product 7897,Footwear,Gucci,26.87,2.6,CUST_1280
ITEM_17897,Fashion Product 7898,Outerwear,Uniqlo,218.71,4.7,CUST_1092
ITEM_17898,Fashion Product 7899,Footwear,Levi's,119.5,2.6,CUST_1301
ITEM_17899,Fashion Product 7900,Footwear,Zara,121.11,4.1,CUST_1038
ITEM_17900,Fashion Product 7901,Bottoms,Mango,236.7,2.7,CUST_1413
ITEM_17901,Fashion Product 7902,Accessories,Gucci,86.85,3.2,CUST_1243
ITEM_17902,Fashion Product 7903,Outerwear,Uniqlo,225.29,2.9,CUST_1364
ITEM_17903,Fashion Product 7904,Footwear,H&M,243.82,2.8,CUST_1463
ITEM_17904,Fashion Product 7905,Footwear,H&M,68.01,2.7,CUST_1136
ITEM_17905,Fashion Product 7906,Outerwear,Zara,133.37,3.3,CUST_1064
ITEM_17906,Fashion Product 7907,Outerwear,Adidas,138.25,3.6,CUST_1343
ITEM_17907,Fashion Product 7908,Tops,Mango,217.88,3.7,CUST_1363
ITEM_17908,Fashion Product 7909,Bottoms,Uniqlo,82.94,3.6,CUST_1201
ITEM_17909,Fashion Product 7910,Outerwear,Uniqlo,201.53,3.8,CUST_1307
ITEM_17910,Fashion Product 7911,Outerwear,Adidas,243.04,4.6,CUST_1459
ITEM_17911,Fashion Product 7912,Dresses,Adidas,211.68,4.1,CUST_1262
ITEM_17912,Fashion Product 7913,Accessories,Levi's,228.19,2.5,CUST_1175
ITEM_17913,Fashion Product 7914,Outerwear,Gucci,180.01,2.9,CUST_1177
ITEM_17914,Fashion Product 7915,Bottoms,Levi's,226.95,3.4,CUST_1460
ITEM_17915,Fashion Product 7916,Accessories,Nike,49.56,4.9,CUST_1482
ITEM_17916,Fashion Product 7917,Accessories,Nike,180.97,2.7,CUST_1085
ITEM_17917,Fashion Product 7918,Footwear,Zara,185.65,4.3,CUST_1160
ITEM_17918,Fashion Product 7919,Footwear,Mango,115.4,2.6,CUST_1182
ITEM_17919,Fashion Product 7920,Footwear,Uniqlo,29.14,3.4,CUST_1036
ITEM_17920,Fashion Product 7921,Footwear,Gucci,159.39,4.4,CUST_1345
ITEM_17921,Fashion Product 7922,Dresses,H&M,22.45,3.4,CUST_1099
ITEM_17922,Fashion Product 7923,Outerwear,H&M,101.78,3.6,CUST_1226
ITEM_17923,Fashion Product 7924,Footwear,Puma,104.48,4.8,CUST_1403
ITEM_17924,Fashion Product 7925,Tops,Adidas,249.74,2.7,CUST_1037
ITEM_17925,Fashion Product 7926,Footwear,Zara,81.95,3.8,CUST_1273
ITEM_17926,Fashion Product 7927,Outerwear,Puma,206.91,3.4,CUST_1464
ITEM_17927,Fashion Product 7928,Footwear,Puma,22.76,4.9,CUST_1272
ITEM_17928,Fashion Product 7929,Dresses,Mango,137.14,4.5,CUST_1186
ITEM_17929,Fashion Product 7930,Bottoms,Uniqlo,138.81,2.8,CUST_1428
ITEM_17930,Fashion Product 7931,Bottoms,Gucci,160.9,4.8,CUST_1452
ITEM_17931,Fashion Product 7932,Outerwear,H&M,204.4,3.0,CUST_1049
ITEM_17932,Fashion Product 7933,Bottoms,H&M,192.86,2.7,CUST_1094
ITEM_17933,Fashion Product 7934,Bottoms,H&M,192.64,3.9,CUST_1307
ITEM_17934,Fashion Product 7935,Tops,Nike,113.75,4.3,CUST_1226
ITEM_17935,Fashion Product 7936,Outerwear,Mango,184.59,4.3,CUST_1005
ITEM_17936,Fashion Product 7937,Outerwear,Zara,127.92,3.8,CUST_1353
ITEM_17937,Fashion Product 7938,Bottoms,H&M,26.07,3.7,CUST_1442
ITEM_17938,Fashion Product 7939,Bottoms,H&M,223.64,4.9,CUST_1174
ITEM_17939,Fashion Product 7940,Bottoms,Zara,223.64,4.6,CUST_1183
ITEM_17940,Fashion Product 7941,Accessories,Nike,87.49,4.2,CUST_1073
ITEM_17941,Fashion Product 7942,Dresses,Puma,229.34,3.0,CUST_1145
ITEM_17942,Fashion Product 7943,Footwear,Zara,191.92,4.5,CUST_1396
ITEM_17943,Fashion Product 7944,Dresses,Puma,106.19,4.4,CUST_1152
ITEM_17944,Fashion Product 7945,Outerwear,Adidas,89.56,5.0,CUST_1056
ITEM_17945,Fashion Product 7946,Tops,Levi's,244.03,2.8,CUST_1183
ITEM_17946,Fashion Product 7947,Footwear,H&M,181.03,4.3,CUST_1122
ITEM_17947,Fashion Product 7948,Tops,Zara,100.91,4.9,CUST_1244
ITEM_17948,Fashion Product 7949,Accessories,Levi's,164.08,3.7,CUST_1382
ITEM_17949,Fashion Product 7950,Outerwear,Gucci,147.17,4.3,CUST_1204
ITEM_17950,Fashion Product 7951,Accessories,Mango,135.89,4.9,CUST_1079
ITEM_17951,Fashion Product 7952,Outerwear,Adidas,164.73,3.9,CUST_1016
ITEM_17952,Fashion Product 7953,Tops,Gucci,139.03,4.2,CUST_1126
ITEM_17953,Fashion Product 7954,Tops,Gucci,167.15,2.6,CUST_1087
ITEM_17954,Fashion Product 7955,Tops,Adidas,227.82,3.8,CUST_1466
ITEM_17955,Fashion Product 7956,Outerwear,Puma,248.38,3.1,CUST_1278
ITEM_17956,Fashion Product 7957,Bottoms,Zara,180.23,2.8,CUST_1366
ITEM_17957,Fashion Product 7958,Tops,Uniqlo,232.68,4.3,CUST_1428
ITEM_17958,Fashion Product 7959,Accessories,H&M,216.02,2.6,CUST_1351
ITEM_17959,Fashion Product 7960,Footwear,Nike,80.81,4.8,CUST_1043
ITEM_17960,Fashion Product 7961,Outerwear,Zara,233.9,3.8,CUST_1079
ITEM_17961,Fashion Product 7962,Accessories,H&M,26.99,4.1,CUST_1277
ITEM_17962,Fashion Product 7963,Dresses,Zara,89.18,3.1,CUST_1379
ITEM_17963,Fashion Product 7964,Dresses,Gucci,163.59,3.0,CUST_1264
ITEM_17964,Fashion Product 7965,Footwear,Uniqlo,136.46,3.1,CUST_1305
ITEM_17965,Fashion Product 7966,Bottoms,Nike,140.18,3.1,CUST_1488
ITEM_17966,Fashion Product 7967,Tops,Zara,200.77,4.7,CUST_1228
ITEM_17967,Fashion Product 7968,Outerwear,H&M,56.73,4.5,CUST_1125
ITEM_17968,Fashion Product 7969,Accessories,Nike,245.7,4.6,CUST_1106
ITEM_17969,Fashion Product 7970,Tops,Nike,114.99,4.3,CUST_1230
ITEM_17970,Fashion Product 7971,Accessories,Mango,237.96,4.1,CUST_1134
ITEM_17971,Fashion Product 7972,Outerwear,Gucci,101.95,3.8,CUST_1081
ITEM_17972,Fashion Product 7973,Dresses,Mango,154.43,3.2,CUST_1360
ITEM_17973,Fashion Product 7974,Tops,H&M,118.07,4.3,CUST_1109
ITEM_17974,Fashion Product 7975,Footwear,H&M,172.22,2.8,CUST_1175
ITEM_17975,Fashion Product 7976,Bottoms,Puma,54.07,3.8,CUST_1164
ITEM_17976,Fashion Product 7977,Footwear,Zara,106.15,3.0,CUST_1125
ITEM_17977,Fashion Product 7978,Bottoms,Zara,26.41,3.8,CUST_1348
ITEM_17978,Fashion Product 7979,Accessories,Puma,153.54,3.2,CUST_1377
ITEM_17979,Fashion Product 7980,Tops,Levi's,241.04,2.6,CUST_1367
ITEM_17980,Fashion Product 7981,Tops,Adidas,21.02,3.8,CUST_1023
ITEM_17981,Fashion Product 7982,Bottoms,Zara,168.31,3.0,CUST_1415
ITEM_17982,Fashion Product 7983,Dresses,Adidas,196.02,2.9,CUST_1366
ITEM_17983,Fashion Product 7984,Outerwear,Zara,61.15,3.5,CUST_1331
ITEM_17984,Fashion Product 7985,Footwear,Levi's,75.54,3.4,CUST_1062
ITEM_17985,Fashion Product 7986,Accessories,Uniqlo,58.38,4.7,CUST_1212
ITEM_17986,Fashion Product 7987,Footwear,Levi's,81.38,3.9,CUST_1252
ITEM_17987,Fashion Product 7988,Footwear,H&M,36.42,4.6,CUST_1096
ITEM_17988,Fashion Product 7989,Accessories,Puma,98.88,2.9,CUST_1209
ITEM_17989,Fashion Product 7990,Accessories,H&M,98.54,3.4,CUST_1057
ITEM_17990,Fashion Product 7991,Tops,Uniqlo,203.74,3.9,CUST_1234
ITEM_17991,Fashion Product 7992,Footwear,Mango,202.23,2.9,CUST_1358
ITEM_17992,Fashion Product 7993,Outerwear,H&M,201.21,2.8,CUST_1326
ITEM_17993,Fashion Product 7994,Outerwear,H&M,146.09,4.2,CUST_1065
ITEM_17994,Fashion Product 7995,Bottoms,H&M,88.21,4.1,CUST_1293
ITEM_17995,Fashion Product 7996,Accessories,Nike,108.63,3.1,CUST_1324
ITEM_17996,Fashion Product 7997,Tops,Adidas,86.26,3.1,CUST_1479
ITEM_17997,Fashion Product 7998,Outerwear,Levi's,149.66,4.4,CUST_1331
ITEM_17998,Fashion Product 7999,Dresses,Mango,235.11,2.8,CUST_1017
ITEM_17999,Fashion Product 8000,Tops,Levi's,78.28,4.8,CUST_1135
ITEM_18000,Fashion Product 8001,Tops,Adidas,120.12,4.9,CUST_1308
ITEM_18001,Fashion Product 8002,Outerwear,Mango,167.23,4.7,CUST_1419
ITEM_18002,Fashion Product 8003,Dresses,Gucci,212.73,3.0,CUST_1130
ITEM_18003,Fashion Product 8004,Bottoms,Nike,70.8,2.5,CUST_1424
ITEM_18004,Fashion Product 8005,Outerwear,H&M,77.27,4.8,CUST_1037
ITEM_18005,Fashion Product 8006,Dresses,Nike,222.44,3.4,CUST_1250
ITEM_18006,Fashion Product 8007,Tops,Levi's,29.26,3.3,CUST_1057
ITEM_18007,Fashion Product 8008,Dresses,Mango,155.31,3.2,CUST_1357
ITEM_18008,Fashion Product 8009,Tops,Uniqlo,216.51,3.1,CUST_1010
ITEM_18009,Fashion Product 8010,Outerwear,Nike,231.22,4.3,CUST_1460
ITEM_18010,Fashion Product 8011,Accessories,H&M,13.04,4.8,CUST_1081
ITEM_18011,Fashion Product 8012,Outerwear,Uniqlo,98.72,4.5,CUST_1430
ITEM_18012,Fashion Product 8013,Footwear,Levi's,71.74,4.2,CUST_1090
ITEM_18013,Fashion Product 8014,Footwear,Uniqlo,146.33,3.2,CUST_1389
ITEM_18014,Fashion Product 8015,Footwear,Adidas,161.89,3.9,CUST_1389
ITEM_18015,Fashion Product 8016,Outerwear,Gucci,249.95,3.1,CUST_1120
ITEM_18016,Fashion Product 8017,Bottoms,H&M,133.06,2.8,CUST_1102
ITEM_18017,Fashion Product 8018,Outerwear,Nike,142.35,2.8,CUST_1495
ITEM_18018,Fashion Product 8019,Accessories,Mango,109.44,4.0,CUST_1027
ITEM_18019,Fashion Product 8020,Dresses,Puma,45.44,2.6,CUST_1261
ITEM_18020,Fashion Product 8021,Outerwear,Uniqlo,82.8,4.9,CUST_1061
ITEM_18021,Fashion Product 8022,Outerwear,Zara,69.28,5.0,CUST_1136
ITEM_18022,Fashion Product 8023,Tops,Puma,202.29,2.9,CUST_1415
ITEM_18023,Fashion Product 8024,Tops,Levi's,141.0,3.6,CUST_1097
ITEM_18024,Fashion Product 8025,Tops,Zara,81.09,4.4,CUST_1149
ITEM_18025,Fashion Product 8026,Outerwear,Zara,127.38,4.9,CUST_1227
ITEM_18026,Fashion Product 8027,Bottoms,Zara,62.53,4.7,CUST_1277
ITEM_18027,Fashion Product 8028,Dresses,Puma,54.43,3.1,CUST_1307
ITEM_18028,Fashion Product 8029,Dresses,Levi's,216.39,2.7,CUST_1335
ITEM_18029,Fashion Product 8030,Accessories,Nike,236.75,3.2,CUST_1228
ITEM_18030,Fashion Product 8031,Bottoms,Gucci,29.2,3.6,CUST_1315
ITEM_18031,Fashion Product 8032,Bottoms,Levi's,193.57,3.4,CUST_1249
ITEM_18032,Fashion Product 8033,Dresses,Nike,118.79,4.4,CUST_1258
ITEM_18033,Fashion Product 8034,Footwear,Nike,103.35,3.1,CUST_1414
ITEM_18034,Fashion Product 8035,Tops,Zara,175.46,4.6,CUST_1314
ITEM_18035,Fashion Product 8036,Tops,H&M,73.9,3.1,CUST_1220
ITEM_18036,Fashion Product 8037,Dresses,Puma,14.94,3.4,CUST_1465
ITEM_18037,Fashion Product 8038,Bottoms,Nike,61.36,3.6,CUST_1236
ITEM_18038,Fashion Product 8039,Accessories,Puma,54.38,3.2,CUST_1020
ITEM_18039,Fashion Product 8040,Footwear,Adidas,18.17,4.4,CUST_1424
ITEM_18040,Fashion Product 8041,Dresses,Gucci,87.12,3.5,CUST_1413
ITEM_18041,Fashion Product 8042,Tops,Adidas,123.88,4.7,CUST_1389
ITEM_18042,Fashion Product 8043,Outerwear,Nike,186.6,4.9,CUST_1345
ITEM_18043,Fashion Product 8044,Bottoms,Levi's,88.16,4.6,CUST_1138
ITEM_18044,Fashion Product 8045,Outerwear,Puma,56.69,3.8,CUST_1467
ITEM_18045,Fashion Product 8046,Accessories,Adidas,65.35,3.8,CUST_1189
ITEM_18046,Fashion Product 8047,Dresses,Puma,223.88,3.0,CUST_1105
ITEM_18047,Fashion Product 8048,Tops,Levi's,59.13,4.0,CUST_1368
ITEM_18048,Fashion Product 8049,Footwear,Adidas,221.02,4.9,CUST_1385
ITEM_18049,Fashion Product 8050,Outerwear,Puma,117.3,2.7,CUST_1431
ITEM_18050,Fashion Product 8051,Footwear,Levi's,234.26,4.4,CUST_1098
ITEM_18051,Fashion Product 8052,Accessories,Zara,107.94,4.7,CUST_1441
ITEM_18052,Fashion Product 8053,Tops,Uniqlo,52.64,5.0,CUST_1270
ITEM_18053,Fashion Product 8054,Outerwear,Zara,141.77,3.3,CUST_1153
ITEM_18054,Fashion Product 8055,Accessories,Gucci,151.05,3.4,CUST_1218
ITEM_18055,Fashion Product 8056,Footwear,Nike,162.52,3.1,CUST_1021
ITEM_18056,Fashion Product 8057,Footwear,H&M,108.76,4.5,CUST_1272
ITEM_18057,Fashion Product 8058,Outerwear,Uniqlo,21.66,2.9,CUST_1202
ITEM_18058,Fashion Product 8059,Tops,Nike,160.41,3.2,CUST_1160
ITEM_18059,Fashion Product 8060,Footwear,Adidas,233.93,3.2,CUST_1492
ITEM_18060,Fashion Product 8061,Dresses,Gucci,239.81,3.4,CUST_1429
ITEM_18061,Fashion Product 8062,Accessories,Gucci,153.25,3.6,CUST_1064
ITEM_18062,Fashion Product 8063,Outerwear,Puma,14.77,3.9,CUST_1084
ITEM_18063,Fashion Product 8064,Bottoms,Gucci,35.45,4.9,CUST_1073
ITEM_18064,Fashion Product 8065,Bottoms,Adidas,210.16,3.1,CUST_1060
ITEM_18065,Fashion Product 8066,Tops,Mango,209.14,4.4,CUST_1354
ITEM_18066,Fashion Product 8067,Dresses,Gucci,237.04,4.2,CUST_1479
ITEM_18067,Fashion Product 8068,Footwear,Zara,145.31,2.8,CUST_1147
ITEM_18068,Fashion Product 8069,Bottoms,Mango,217.32,4.5,CUST_1047
ITEM_18069,Fashion Product 8070,Tops,Mango,207.97,2.7,CUST_1223
ITEM_18070,Fashion Product 8071,Accessories,Adidas,151.46,4.3,CUST_1448
ITEM_18071,Fashion Product 8072,Dresses,Uniqlo,198.07,4.3,CUST_1158
ITEM_18072,Fashion Product 8073,Dresses,Zara,40.17,4.2,CUST_1047
ITEM_18073,Fashion Product 8074,Tops,Gucci,163.41,3.2,CUST_1472
ITEM_18074,Fashion Product 8075,Tops,Mango,238.83,3.9,CUST_1289
ITEM_18075,Fashion Product 8076,Footwear,Nike,48.87,4.4,CUST_1210
ITEM_18076,Fashion Product 8077,Tops,Nike,188.57,4.1,CUST_1021
ITEM_18077,Fashion Product 8078,Footwear,Mango,86.99,4.5,CUST_1351
ITEM_18078,Fashion Product 8079,Footwear,Puma,206.1,4.2,CUST_1319
ITEM_18079,Fashion Product 8080,Outerwear,Gucci,177.33,3.2,CUST_1231
ITEM_18080,Fashion Product 8081,Dresses,Adidas,232.28,2.9,CUST_1298
ITEM_18081,Fashion Product 8082,Accessories,Mango,180.86,4.1,CUST_1445
ITEM_18082,Fashion Product 8083,Dresses,Zara,108.47,4.4,CUST_1105
ITEM_18083,Fashion Product 8084,Dresses,Mango,12.61,2.9,CUST_1126
ITEM_18084,Fashion Product 8085,Outerwear,Levi's,200.3,2.9,CUST_1371
ITEM_18085,Fashion Product 8086,Footwear,Uniqlo,108.03,2.5,CUST_1299
ITEM_18086,Fashion Product 8087,Footwear,Zara,170.95,3.8,CUST_1068
ITEM_18087,Fashion Product 8088,Tops,Levi's,35.22,3.9,CUST_1026
ITEM_18088,Fashion Product 8089,Outerwear,Uniqlo,223.83,3.8,CUST_1161
ITEM_18089,Fashion Product 8090,Tops,H&M,114.56,3.3,CUST_1108
ITEM_18090,Fashion Product 8091,Outerwear,Zara,230.73,3.6,CUST_1289
ITEM_18091,Fashion Product 8092,Tops,Nike,179.68,4.4,CUST_1305
ITEM_18092,Fashion Product 8093,Bottoms,Puma,39.15,3.0,CUST_1084
ITEM_18093,Fashion Product 8094,Dresses,H&M,149.01,3.0,CUST_1041
ITEM_18094,Fashion Product 8095,Dresses,Levi's,228.38,4.2,CUST_1200
ITEM_18095,Fashion Product 8096,Accessories,H&M,201.99,4.7,CUST_1036
ITEM_18096,Fashion Product 8097,Footwear,Adidas,110.32,3.4,CUST_1456
ITEM_18097,Fashion Product 8098,Accessories,Gucci,239.22,4.8,CUST_1351
ITEM_18098,Fashion Product 8099,Bottoms,Gucci,74.46,2.6,CUST_1375
ITEM_18099,Fashion Product 8100,Accessories,Nike,100.03,2.8,CUST_1406
ITEM_18100,Fashion Product 8101,Dresses,H&M,189.93,3.6,CUST_1234
ITEM_18101,Fashion Product 8102,Footwear,Levi's,65.9,4.3,CUST_1242
ITEM_18102,Fashion Product 8103,Bottoms,Nike,133.69,3.4,CUST_1431
ITEM_18103,Fashion Product 8104,Dresses,Gucci,184.91,3.9,CUST_1339
ITEM_18104,Fashion Product 8105,Tops,H&M,164.55,2.6,CUST_1020
ITEM_18105,Fashion Product 8106,Outerwear,Nike,47.29,3.7,CUST_1343
ITEM_18106,Fashion Product 8107,Bottoms,Zara,161.12,3.1,CUST_1152
ITEM_18107,Fashion Product 8108,Footwear,Mango,147.45,3.8,CUST_1382
ITEM_18108,Fashion Product 8109,Accessories,Puma,143.88,3.8,CUST_1171
ITEM_18109,Fashion Product 8110,Accessories,Uniqlo,208.25,4.4,CUST_1216
ITEM_18110,Fashion Product 8111,Bottoms,Zara,54.14,3.8,CUST_1356
ITEM_18111,Fashion Product 8112,Footwear,Nike,190.38,4.0,CUST_1329
ITEM_18112,Fashion Product 8113,Bottoms,Levi's,192.62,3.8,CUST_1232
ITEM_18113,Fashion Product 8114,Footwear,Adidas,183.43,5.0,CUST_1016
ITEM_18114,Fashion Product 8115,Accessories,Mango,131.43,4.5,CUST_1283
ITEM_18115,Fashion Product 8116,Dresses,Uniqlo,104.93,4.4,CUST_1301
ITEM_18116,Fashion Product 8117,Tops,Zara,104.72,4.1,CUST_1165
ITEM_18117,Fashion Product 8118,Dresses,Adidas,186.11,3.8,CUST_1269
ITEM_18118,Fashion Product 8119,Tops,Adidas,129.5,3.4,CUST_1179
ITEM_18119,Fashion Product 8120,Accessories,Adidas,91.22,4.5,CUST_1258
ITEM_18120,Fashion Product 8121,Dresses,Mango,160.11,3.0,CUST_1076
ITEM_18121,Fashion Product 8122,Dresses,H&M,210.88,2.6,CUST_1105
ITEM_18122,Fashion Product 8123,Bottoms,Zara,24.76,4.2,CUST_1353
ITEM_18123,Fashion Product 8124,Outerwear,H&M,243.31,2.9,CUST_1087
ITEM_18124,Fashion Product 8125,Accessories,Mango,33.2,4.8,CUST_1315
ITEM_18125,Fashion Product 8126,Footwear,Adidas,132.82,4.4,CUST_1014
ITEM_18126,Fashion Product 8127,Accessories,Adidas,144.45,4.0,CUST_1359
ITEM_18127,Fashion Product 8128,Footwear,Mango,43.17,3.3,CUST_1433
ITEM_18128,Fashion Product 8129,Footwear,Puma,229.74,4.1,CUST_1286
ITEM_18129,Fashion Product 8130,Tops,Levi's,123.15,3.7,CUST_1247
ITEM_18130,Fashion Product 8131,Footwear,Puma,44.35,3.2,CUST_1366
ITEM_18131,Fashion Product 8132,Footwear,H&M,180.79,4.9,CUST_1241
ITEM_18132,Fashion Product 8133,Bottoms,Mango,169.22,2.9,CUST_1354
ITEM_18133,Fashion Product 8134,Dresses,Levi's,241.09,4.4,CUST_1009
ITEM_18134,Fashion Product 8135,Accessories,Puma,115.96,4.5,CUST_1463
ITEM_18135,Fashion Product 8136,Accessories,H&M,74.27,4.9,CUST_1024
ITEM_18136,Fashion Product 8137,Footwear,Nike,24.4,3.9,CUST_1112
ITEM_18137,Fashion Product 8138,Outerwear,Gucci,185.95,3.8,CUST_1297
ITEM_18138,Fashion Product 8139,Accessories,Levi's,158.15,4.8,CUST_1444
ITEM_18139,Fashion Product 8140,Footwear,Uniqlo,243.43,4.5,CUST_1217
ITEM_18140,Fashion Product 8141,Tops,Levi's,180.92,4.4,CUST_1228
ITEM_18141,Fashion Product 8142,Tops,H&M,233.96,4.5,CUST_1032
ITEM_18142,Fashion Product 8143,Tops,Adidas,247.98,3.7,CUST_1431
ITEM_18143,Fashion Product 8144,Footwear,H&M,112.82,2.6,CUST_1277
ITEM_18144,Fashion Product 8145,Bottoms,Zara,46.07,3.0,CUST_1170
ITEM_18145,Fashion Product 8146,Outerwear,Adidas,57.0,4.1,CUST_1231
ITEM_18146,Fashion Product 8147,Footwear,H&M,86.41,3.5,CUST_1070
ITEM_18147,Fashion Product 8148,Bottoms,Puma,132.13,4.0,CUST_1111
ITEM_18148,Fashion Product 8149,Bottoms,Gucci,39.38,3.9,CUST_1089
ITEM_18149,Fashion Product 8150,Accessories,H&M,82.41,3.6,CUST_1002
ITEM_18150,Fashion Product 8151,Footwear,Puma,83.87,3.1,CUST_1415
ITEM_18151,Fashion Product 8152,Footwear,Uniqlo,10.98,4.3,CUST_1056
ITEM_18152,Fashion Product 8153,Bottoms,Zara,95.0,4.8,CUST_1158
ITEM_18153,Fashion Product 8154,Bottoms,Nike,37.88,4.4,CUST_1447
ITEM_18154,Fashion Product 8155,Bottoms,Zara,113.13,2.8,CUST_1271
ITEM_18155,Fashion Product 8156,Accessories,Adidas,57.17,3.8,CUST_1274
ITEM_18156,Fashion Product 8157,Footwear,Gucci,207.31,4.6,CUST_1032
ITEM_18157,Fashion Product 8158,Bottoms,Zara,29.33,4.0,CUST_1270
ITEM_18158,Fashion Product 8159,Tops,Levi's,217.76,3.6,CUST_1190
ITEM_18159,Fashion Product 8160,Footwear,Nike,149.33,3.2,CUST_1210
ITEM_18160,Fashion Product 8161,Accessories,Adidas,120.07,3.3,CUST_1483
ITEM_18161,Fashion Product 8162,Tops,Levi's,141.94,3.1,CUST_1308
ITEM_18162,Fashion Product 8163,Dresses,Adidas,100.27,3.0,CUST_1022
ITEM_18163,Fashion Product 8164,Footwear,Levi's,40.63,4.0,CUST_1014
ITEM_18164,Fashion Product 8165,Dresses,Gucci,193.81,3.8,CUST_1486
ITEM_18165,Fashion Product 8166,Bottoms,Puma,232.7,4.3,CUST_1206
ITEM_18166,Fashion Product 8167,Accessories,Zara,238.02,3.3,CUST_1034
ITEM_18167,Fashion Product 8168,Bottoms,Uniqlo,170.97,3.7,CUST_1342
ITEM_18168,Fashion Product 8169,Accessories,Levi's,108.48,4.2,CUST_1464
ITEM_18169,Fashion Product 8170,Outerwear,Gucci,124.81,4.9,CUST_1056
ITEM_18170,Fashion Product 8171,Bottoms,Uniqlo,167.67,3.4,CUST_1240
ITEM_18171,Fashion Product 8172,Dresses,Zara,207.54,3.2,CUST_1437
ITEM_18172,Fashion Product 8173,Accessories,Uniqlo,99.9,3.6,CUST_1433
ITEM_18173,Fashion Product 8174,Bottoms,Nike,230.03,4.3,CUST_1063
ITEM_18174,Fashion Product 8175,Footwear,Mango,87.83,4.9,CUST_1400
ITEM_18175,Fashion Product 8176,Accessories,Adidas,137.41,3.8,CUST_1080
ITEM_18176,Fashion Product 8177,Accessories,Adidas,240.73,4.5,CUST_1040
ITEM_18177,Fashion Product 8178,Bottoms,H&M,235.17,3.7,CUST_1294
ITEM_18178,Fashion Product 8179,Outerwear,Nike,176.98,2.6,CUST_1402
ITEM_18179,Fashion Product 8180,Bottoms,Mango,87.89,4.7,CUST_1279
ITEM_18180,Fashion Product 8181,Dresses,H&M,62.57,3.2,CUST_1256
ITEM_18181,Fashion Product 8182,Dresses,Uniqlo,29.23,2.8,CUST_1110
ITEM_18182,Fashion Product 8183,Accessories,H&M,180.08,5.0,CUST_1048
ITEM_18183,Fashion Product 8184,Accessories,Levi's,130.83,3.4,CUST_1232
ITEM_18184,Fashion Product 8185,Bottoms,Nike,147.35,2.8,CUST_1082
ITEM_18185,Fashion Product 8186,Dresses,Mango,123.37,3.3,CUST_1174
ITEM_18186,Fashion Product 8187,Dresses,Zara,125.91,3.8,CUST_1113
ITEM_18187,Fashion Product 8188,Outerwear,Nike,147.11,2.7,CUST_1278
ITEM_18188,Fashion Product 8189,Footwear,Gucci,229.42,3.4,CUST_1381
ITEM_18189,Fashion Product 8190,Outerwear,Adidas,17.05,4.2,CUST_1310
ITEM_18190,Fashion Product 8191,Tops,Gucci,202.39,4.8,CUST_1040
ITEM_18191,Fashion Product 8192,Outerwear,H&M,103.72,3.5,CUST_1030
ITEM_18192,Fashion Product 8193,Bottoms,Puma,188.78,3.9,CUST_1255
ITEM_18193,Fashion Product 8194,Footwear,Levi's,237.65,4.1,CUST_1240
ITEM_18194,Fashion Product 8195,Bottoms,Puma,83.51,2.7,CUST_1183
ITEM_18195,Fashion Product 8196,Tops,Nike,31.49,3.4,CUST_1184
ITEM_18196,Fashion Product 8197,Footwear,Puma,65.75,4.2,CUST_1042
ITEM_18197,Fashion Product 8198,Accessories,Gucci,63.3,4.3,CUST_1426
ITEM_18198,Fashion Product 8199,Dresses,Zara,188.04,3.4,CUST_1446
ITEM_18199,Fashion Product 8200,Outerwear,Nike,24.85,2.5,CUST_1466
ITEM_18200,Fashion Product 8201,Bottoms,Adidas,22.22,2.5,CUST_1127
ITEM_18201,Fashion Product 8202,Tops,Mango,176.47,3.8,CUST_1437
ITEM_18202,Fashion Product 8203,Dresses,Nike,143.61,3.9,CUST_1082
ITEM_18203,Fashion Product 8204,Outerwear,Uniqlo,110.26,3.9,CUST_1233
ITEM_18204,Fashion Product 8205,Dresses,Adidas,148.09,4.3,CUST_1309
ITEM_18205,Fashion Product 8206,Outerwear,Nike,186.46,4.8,CUST_1192
ITEM_18206,Fashion Product 8207,Accessories,Uniqlo,34.83,5.0,CUST_1001
ITEM_18207,Fashion Product 8208,Footwear,Adidas,142.79,4.3,CUST_1496
ITEM_18208,Fashion Product 8209,Dresses,H&M,207.86,3.8,CUST_1362
ITEM_18209,Fashion Product 8210,Dresses,Levi's,96.98,2.9,CUST_1207
ITEM_18210,Fashion Product 8211,Dresses,Gucci,193.12,3.5,CUST_1197
ITEM_18211,Fashion Product 8212,Footwear,Mango,212.9,3.9,CUST_1283
ITEM_18212,Fashion Product 8213,Tops,Nike,207.02,5.0,CUST_1017
ITEM_18213,Fashion Product 8214,Outerwear,H&M,166.09,2.8,CUST_1319
ITEM_18214,Fashion Product 8215,Accessories,Puma,182.16,4.5,CUST_1384
ITEM_18215,Fashion Product 8216,Dresses,Gucci,199.04,5.0,CUST_1169
ITEM_18216,Fashion Product 8217,Footwear,Zara,186.09,4.5,CUST_1377
ITEM_18217,Fashion Product 8218,Tops,Mango,118.4,4.4,CUST_1186
ITEM_18218,Fashion Product 8219,Outerwear,Puma,48.19,3.1,CUST_1122
ITEM_18219,Fashion Product 8220,Footwear,Levi's,84.34,2.5,CUST_1441
ITEM_18220,Fashion Product 8221,Accessories,Nike,59.74,3.1,CUST_1224
ITEM_18221,Fashion Product 8222,Accessories,H&M,96.75,4.5,CUST_1127
ITEM_18222,Fashion Product 8223,Outerwear,Adidas,127.44,2.8,CUST_1166
ITEM_18223,Fashion Product 8224,Dresses,Zara,240.17,3.2,CUST_1474
ITEM_18224,Fashion Product 8225,Accessories,Mango,240.27,3.9,CUST_1122
ITEM_18225,Fashion Product 8226,Tops,Levi's,194.7,3.9,CUST_1322
ITEM_18226,Fashion Product 8227,Footwear,Levi's,245.23,3.9,CUST_1220
ITEM_18227,Fashion Product 8228,Tops,Puma,249.52,5.0,CUST_1429
ITEM_18228,Fashion Product 8229,Dresses,Puma,222.46,2.5,CUST_1279
ITEM_18229,Fashion Product 8230,Tops,Gucci,29.08,3.7,CUST_1498
ITEM_18230,Fashion Product 8231,Tops,H&M,112.25,3.8,CUST_1148
ITEM_18231,Fashion Product 8232,Bottoms,Mango,138.19,3.2,CUST_1292
ITEM_18232,Fashion Product 8233,Tops,Adidas,39.78,3.8,CUST_1426
ITEM_18233,Fashion Product 8234,Outerwear,Adidas,204.07,4.2,CUST_1247
ITEM_18234,Fashion Product 8235,Footwear,Nike,45.68,4.2,CUST_1406
ITEM_18235,Fashion Product 8236,Bottoms,Nike,102.0,2.7,CUST_1188
ITEM_18236,Fashion Product 8237,Footwear,Mango,26.54,4.5,CUST_1011
ITEM_18237,Fashion Product 8238,Footwear,Puma,135.9,4.8,CUST_1284
ITEM_18238,Fashion Product 8239,Dresses,Zara,153.29,2.8,CUST_1045
ITEM_18239,Fashion Product 8240,Dresses,Nike,186.44,3.5,CUST_1124
ITEM_18240,Fashion Product 8241,Bottoms,Zara,91.47,3.8,CUST_1378
ITEM_18241,Fashion Product 8242,Accessories,Nike,151.73,2.8,CUST_1247
ITEM_18242,Fashion Product 8243,Dresses,Adidas,186.2,3.8,CUST_1406
ITEM_18243,Fashion Product 8244,Dresses,Levi's,192.89,3.0,CUST_1337
ITEM_18244,Fashion Product 8245,Dresses,Nike,82.39,4.8,CUST_1447
ITEM_18245,Fashion Product 8246,Footwear,Levi's,26.25,3.6,CUST_1159
ITEM_18246,Fashion Product 8247,Bottoms,Zara,19.03,5.0,CUST_1267
ITEM_18247,Fashion Product 8248,Footwear,Mango,194.33,2.6,CUST_1292
ITEM_18248,Fashion Product 8249,Outerwear,Levi's,102.51,2.8,CUST_1078
ITEM_18249,Fashion Product 8250,Footwear,Adidas,42.15,3.6,CUST_1291
ITEM_18250,Fashion Product 8251,Outerwear,H&M,54.28,4.7,CUST_1383
ITEM_18251,Fashion Product 8252,Tops,Adidas,193.88,3.9,CUST_1151
ITEM_18252,Fashion Product 8253,Tops,Zara,153.74,4.3,CUST_1285
ITEM_18253,Fashion Product 8254,Outerwear,Levi's,130.34,3.6,CUST_1151
ITEM_18254,Fashion Product 8255,Outerwear,Levi's,159.52,2.6,CUST_1492
ITEM_18255,Fashion Product 8256,Footwear,Mango,43.0,4.1,CUST_1124
ITEM_18256,Fashion Product 8257,Outerwear,Levi's,86.57,4.1,CUST_1228
ITEM_18257,Fashion Product 8258,Bottoms,Nike,99.78,2.7,CUST_1272
ITEM_18258,Fashion Product 8259,Tops,Uniqlo,85.48,2.9,CUST_1359
ITEM_18259,Fashion Product 8260,Tops,Mango,217.46,3.7,CUST_1340
ITEM_18260,Fashion Product 8261,Accessories,Uniqlo,149.54,3.6,CUST_1217
ITEM_18261,Fashion Product 8262,Outerwear,Zara,185.04,4.4,CUST_1147
ITEM_18262,Fashion Product 8263,Dresses,Puma,66.81,3.5,CUST_1218
ITEM_18263,Fashion Product 8264,Dresses,Adidas,73.38,4.2,CUST_1096
ITEM_18264,Fashion Product 8265,Outerwear,Gucci,64.08,4.3,CUST_1447
ITEM_18265,Fashion Product 8266,Bottoms,Levi's,175.12,4.1,CUST_1050
ITEM_18266,Fashion Product 8267,Dresses,Adidas,93.77,4.0,CUST_1469
ITEM_18267,Fashion Product 8268,Accessories,Gucci,107.22,4.5,CUST_1457
ITEM_18268,Fashion Product 8269,Outerwear,Zara,180.19,4.1,CUST_1043
ITEM_18269,Fashion Product 8270,Bottoms,Zara,243.23,4.6,CUST_1019
ITEM_18270,Fashion Product 8271,Bottoms,Puma,48.85,4.1,CUST_1113
ITEM_18271,Fashion Product 8272,Footwear,Mango,25.04,2.9,CUST_1377
ITEM_18272,Fashion Product 8273,Bottoms,Adidas,56.76,3.3,CUST_1213
ITEM_18273,Fashion Product 8274,Dresses,Adidas,186.39,3.3,CUST_1018
ITEM_18274,Fashion Product 8275,Dresses,Levi's,56.71,2.7,CUST_1134
ITEM_18275,Fashion Product 8276,Outerwear,Zara,150.24,4.2,CUST_1291
ITEM_18276,Fashion Product 8277,Outerwear,Gucci,151.68,4.0,CUST_1014
ITEM_18277,Fashion Product 8278,Bottoms,H&M,80.66,4.0,CUST_1064
ITEM_18278,Fashion Product 8279,Accessories,Puma,26.49,3.7,CUST_1393
ITEM_18279,Fashion Product 8280,Tops,Mango,105.81,3.9,CUST_1163
ITEM_18280,Fashion Product 8281,Footwear,H&M,54.83,2.5,CUST_1258
ITEM_18281,Fashion Product 8282,Tops,Nike,54.27,2.7,CUST_1499
ITEM_18282,Fashion Product 8283,Bottoms,Uniqlo,135.42,4.2,CUST_1006
ITEM_18283,Fashion Product 8284,Bottoms,Puma,171.55,3.2,CUST_1355
ITEM_18284,Fashion Product 8285,Tops,Gucci,28.1,2.8,CUST_1121
ITEM_18285,Fashion Product 8286,Footwear,H&M,148.8,3.3,CUST_1153
ITEM_18286,Fashion Product 8287,Tops,Gucci,69.09,3.1,CUST_1329
ITEM_18287,Fashion Product 8288,Outerwear,Levi's,171.59,2.6,CUST_1178
ITEM_18288,Fashion Product 8289,Dresses,Puma,204.45,3.5,CUST_1479
ITEM_18289,Fashion Product 8290,Accessories,Zara,203.68,2.6,CUST_1391
ITEM_18290,Fashion Product 8291,Outerwear,Mango,98.77,2.5,CUST_1063
ITEM_18291,Fashion Product 8292,Dresses,Gucci,146.14,4.5,CUST_1412
ITEM_18292,Fashion Product 8293,Accessories,Adidas,200.49,3.3,CUST_1258
ITEM_18293,Fashion Product 8294,Accessories,H&M,24.59,3.9,CUST_1065
ITEM_18294,Fashion Product 8295,Accessories,Adidas,155.35,3.2,CUST_1357
ITEM_18295,Fashion Product 8296,Bottoms,Gucci,210.77,4.8,CUST_1187
ITEM_18296,Fashion Product 8297,Accessories,H&M,99.37,4.3,CUST_1408
ITEM_18297,Fashion Product 8298,Footwear,Zara,119.3,3.4,CUST_1446
ITEM_18298,Fashion Product 8299,Tops,Uniqlo,177.69,3.0,CUST_1227
ITEM_18299,Fashion Product 8300,Footwear,Uniqlo,26.29,2.8,CUST_1199
ITEM_18300,Fashion Product 8301,Tops,Levi's,102.55,4.4,CUST_1294
ITEM_18301,Fashion Product 8302,Outerwear,Nike,80.97,3.6,CUST_1251
ITEM_18302,Fashion Product 8303,Outerwear,Uniqlo,14.08,3.1,CUST_1477
ITEM_18303,Fashion Product 8304,Tops,Nike,57.03,4.8,CUST_1318
ITEM_18304,Fashion Product 8305,Footwear,H&M,105.01,3.5,CUST_1193
ITEM_18305,Fashion Product 8306,Tops,Uniqlo,57.38,3.9,CUST_1119
ITEM_18306,Fashion Product 8307,Accessories,Gucci,154.58,4.6,CUST_1179
ITEM_18307,Fashion Product 8308,Bottoms,Zara,117.68,4.6,CUST_1478
ITEM_18308,Fashion Product 8309,Outerwear,Gucci,19.48,4.1,CUST_1052
ITEM_18309,Fashion Product 8310,Bottoms,Gucci,76.01,4.7,CUST_1110
ITEM_18310,Fashion Product 8311,Accessories,Nike,14.67,4.9,CUST_1224
ITEM_18311,Fashion Product 8312,Accessories,Mango,95.95,4.8,CUST_1330
ITEM_18312,Fashion Product 8313,Outerwear,Uniqlo,72.19,3.4,CUST_1098
ITEM_18313,Fashion Product 8314,Outerwear,Zara,175.16,3.5,CUST_1319
ITEM_18314,Fashion Product 8315,Accessories,Zara,83.78,3.1,CUST_1395
ITEM_18315,Fashion Product 8316,Dresses,Adidas,100.04,4.6,CUST_1048
ITEM_18316,Fashion Product 8317,Bottoms,Gucci,184.08,2.8,CUST_1497
ITEM_18317,Fashion Product 8318,Bottoms,Zara,125.42,3.4,CUST_1101
ITEM_18318,Fashion Product 8319,Dresses,H&M,143.55,2.5,CUST_1438
ITEM_18319,Fashion Product 8320,Footwear,Puma,211.92,4.0,CUST_1475
ITEM_18320,Fashion Product 8321,Bottoms,Gucci,59.65,4.1,CUST_1434
ITEM_18321,Fashion Product 8322,Tops,Nike,247.4,3.1,CUST_1240
ITEM_18322,Fashion Product 8323,Accessories,Gucci,226.03,4.3,CUST_1074
ITEM_18323,Fashion Product 8324,Accessories,Zara,78.77,3.5,CUST_1038
ITEM_18324,Fashion Product 8325,Dresses,Levi's,224.31,3.3,CUST_1470
ITEM_18325,Fashion Product 8326,Bottoms,H&M,190.95,4.9,CUST_1216
ITEM_18326,Fashion Product 8327,Footwear,H&M,233.38,4.0,CUST_1136
ITEM_18327,Fashion Product 8328,Bottoms,Uniqlo,175.87,3.1,CUST_1006
ITEM_18328,Fashion Product 8329,Accessories,Nike,171.87,5.0,CUST_1247
ITEM_18329,Fashion Product 8330,Outerwear,Uniqlo,10.83,3.5,CUST_1324
ITEM_18330,Fashion Product 8331,Tops,Mango,123.91,4.1,CUST_1197
ITEM_18331,Fashion Product 8332,Dresses,Puma,58.06,4.3,CUST_1390
ITEM_18332,Fashion Product 8333,Outerwear,Adidas,87.78,3.6,CUST_1111
ITEM_18333,Fashion Product 8334,Footwear,H&M,244.92,3.8,CUST_1288
ITEM_18334,Fashion Product 8335,Outerwear,Nike,30.52,3.1,CUST_1038
ITEM_18335,Fashion Product 8336,Outerwear,Nike,183.4,3.7,CUST_1115
ITEM_18336,Fashion Product 8337,Footwear,Adidas,51.51,3.3,CUST_1185
ITEM_18337,Fashion Product 8338,Outerwear,Adidas,11.78,3.9,CUST_1212
ITEM_18338,Fashion Product 8339,Dresses,Uniqlo,130.34,4.2,CUST_1488
ITEM_18339,Fashion Product 8340,Accessories,Gucci,48.69,4.0,CUST_1365
ITEM_18340,Fashion Product 8341,Bottoms,Mango,241.71,4.4,CUST_1484
ITEM_18341,Fashion Product 8342,Outerwear,Mango,58.89,2.6,CUST_1255
ITEM_18342,Fashion Product 8343,Dresses,Zara,56.09,2.7,CUST_1320
ITEM_18343,Fashion Product 8344,Bottoms,Mango,17.72,3.0,CUST_1310
ITEM_18344,Fashion Product 8345,Bottoms,Nike,89.16,5.0,CUST_1113
ITEM_18345,Fashion Product 8346,Outerwear,Mango,15.79,4.5,CUST_1270
ITEM_18346,Fashion Product 8347,Dresses,Mango,129.73,4.8,CUST_1320
ITEM_18347,Fashion Product 8348,Accessories,H&M,131.35,3.2,CUST_1434
ITEM_18348,Fashion Product 8349,Outerwear,Zara,22.78,3.9,CUST_1175
ITEM_18349,Fashion Product 8350,Footwear,Nike,67.61,3.9,CUST_1310
ITEM_18350,Fashion Product 8351,Bottoms,Adidas,209.71,3.9,CUST_1019
ITEM_18351,Fashion Product 8352,Outerwear,Uniqlo,121.01,4.3,CUST_1203
ITEM_18352,Fashion Product 8353,Bottoms,Puma,114.31,3.5,CUST_1423
ITEM_18353,Fashion Product 8354,Dresses,Uniqlo,177.71,4.2,CUST_1449
ITEM_18354,Fashion Product 8355,Tops,Gucci,181.57,4.5,CUST_1126
ITEM_18355,Fashion Product 8356,Outerwear,Puma,192.87,3.2,CUST_1483
ITEM_18356,Fashion Product 8357,Accessories,Levi's,209.32,4.9,CUST_1467
ITEM_18357,Fashion Product 8358,Outerwear,Zara,65.74,3.8,CUST_1254
ITEM_18358,Fashion Product 8359,Bottoms,Adidas,25.93,4.3,CUST_1316
ITEM_18359,Fashion Product 8360,Dresses,Uniqlo,101.26,4.3,CUST_1417
ITEM_18360,Fashion Product 8361,Footwear,Mango,215.22,3.9,CUST_1255
ITEM_18361,Fashion Product 8362,Accessories,Zara,28.73,3.3,CUST_1288
ITEM_18362,Fashion Product 8363,Dresses,Mango,148.23,4.2,CUST_1292
ITEM_18363,Fashion Product 8364,Outerwear,Zara,178.26,2.7,CUST_1152
ITEM_18364,Fashion Product 8365,Footwear,Zara,125.54,5.0,CUST_1427
ITEM_18365,Fashion Product 8366,Dresses,Gucci,71.24,3.0,CUST_1199
ITEM_18366,Fashion Product 8367,Tops,H&M,88.31,3.2,CUST_1199
ITEM_18367,Fashion Product 8368,Accessories,Mango,27.2,4.9,CUST_1302
ITEM_18368,Fashion Product 8369,Bottoms,Mango,80.22,3.0,CUST_1175
ITEM_18369,Fashion Product 8370,Dresses,Mango,20.65,2.9,CUST_1453
ITEM_18370,Fashion Product 8371,Dresses,Gucci,184.32,4.5,CUST_1270
ITEM_18371,Fashion Product 8372,Tops,Uniqlo,225.52,3.1,CUST_1429
ITEM_18372,Fashion Product 8373,Outerwear,Nike,162.04,2.7,CUST_1180
ITEM_18373,Fashion Product 8374,Accessories,Mango,167.61,3.1,CUST_1218
ITEM_18374,Fashion Product 8375,Accessories,Uniqlo,123.31,4.7,CUST_1118
ITEM_18375,Fashion Product 8376,Bottoms,H&M,47.45,3.2,CUST_1306
ITEM_18376,Fashion Product 8377,Dresses,Mango,11.85,4.2,CUST_1321
ITEM_18377,Fashion Product 8378,Footwear,Adidas,92.55,3.5,CUST_1333
ITEM_18378,Fashion Product 8379,Dresses,Levi's,190.36,3.2,CUST_1320
ITEM_18379,Fashion Product 8380,Bottoms,Mango,240.5,2.9,CUST_1023
ITEM_18380,Fashion Product 8381,Dresses,Nike,113.46,4.9,CUST_1125
ITEM_18381,Fashion Product 8382,Tops,Adidas,97.69,3.8,CUST_1084
ITEM_18382,Fashion Product 8383,Dresses,Gucci,117.03,2.8,CUST_1199
ITEM_18383,Fashion Product 8384,Dresses,Levi's,112.67,3.0,CUST_1326
ITEM_18384,Fashion Product 8385,Footwear,Gucci,160.21,3.5,CUST_1187
ITEM_18385,Fashion Product 8386,Tops,Nike,186.2,3.9,CUST_1329
ITEM_18386,Fashion Product 8387,Tops,Levi's,198.39,3.0,CUST_1092
ITEM_18387,Fashion Product 8388,Dresses,Nike,165.91,3.2,CUST_1330
ITEM_18388,Fashion Product 8389,Accessories,Gucci,115.05,4.5,CUST_1182
ITEM_18389,Fashion Product 8390,Footwear,Levi's,238.02,3.5,CUST_1227
ITEM_18390,Fashion Product 8391,Dresses,Puma,180.64,2.5,CUST_1199
ITEM_18391,Fashion Product 8392,Dresses,Uniqlo,112.4,2.6,CUST_1473
ITEM_18392,Fashion Product 8393,Bottoms,Levi's,117.18,3.6,CUST_1478
ITEM_18393,Fashion Product 8394,Bottoms,Nike,206.32,2.7,CUST_1235
ITEM_18394,Fashion Product 8395,Accessories,Nike,115.73,2.9,CUST_1410
ITEM_18395,Fashion Product 8396,Footwear,H&M,133.91,4.3,CUST_1044
ITEM_18396,Fashion Product 8397,Outerwear,Nike,79.97,3.7,CUST_1076
ITEM_18397,Fashion Product 8398,Bottoms,Zara,211.34,3.7,CUST_1141
ITEM_18398,Fashion Product 8399,Outerwear,Uniqlo,135.35,4.0,CUST_1182
ITEM_18399,Fashion Product 8400,Tops,Gucci,142.61,4.5,CUST_1119
ITEM_18400,Fashion Product 8401,Bottoms,Adidas,221.36,2.9,CUST_1040
ITEM_18401,Fashion Product 8402,Bottoms,H&M,230.92,2.9,CUST_1260
ITEM_18402,Fashion Product 8403,Footwear,Nike,207.81,2.8,CUST_1437
ITEM_18403,Fashion Product 8404,Accessories,Zara,25.69,4.8,CUST_1244
ITEM_18404,Fashion Product 8405,Outerwear,H&M,116.44,3.9,CUST_1129
ITEM_18405,Fashion Product 8406,Bottoms,Zara,92.4,2.7,CUST_1006
ITEM_18406,Fashion Product 8407,Bottoms,H&M,61.24,3.1,CUST_1311
ITEM_18407,Fashion Product 8408,Footwear,Nike,228.15,4.3,CUST_1066
ITEM_18408,Fashion Product 8409,Footwear,Zara,223.62,2.6,CUST_1374
ITEM_18409,Fashion Product 8410,Accessories,Levi's,121.67,4.3,CUST_1494
ITEM_18410,Fashion Product 8411,Outerwear,Adidas,42.29,4.8,CUST_1219
ITEM_18411,Fashion Product 8412,Tops,Gucci,13.21,2.6,CUST_1146
ITEM_18412,Fashion Product 8413,Accessories,Adidas,115.23,3.0,CUST_1234
ITEM_18413,Fashion Product 8414,Tops,Gucci,19.59,2.5,CUST_1029
ITEM_18414,Fashion Product 8415,Dresses,Puma,156.29,2.8,CUST_1309
ITEM_18415,Fashion Product 8416,Bottoms,Uniqlo,156.02,4.0,CUST_1161
ITEM_18416,Fashion Product 8417,Outerwear,Puma,225.75,2.6,CUST_1131
ITEM_18417,Fashion Product 8418,Accessories,Mango,55.61,3.6,CUST_1148
ITEM_18418,Fashion Product 8419,Bottoms,Nike,99.13,3.8,CUST_1388
ITEM_18419,Fashion Product 8420,Outerwear,Levi's,216.29,4.8,CUST_1082
ITEM_18420,Fashion Product 8421,Outerwear,Levi's,123.83,3.7,CUST_1392
ITEM_18421,Fashion Product 8422,Outerwear,Adidas,24.33,2.9,CUST_1470
ITEM_18422,Fashion Product 8423,Bottoms,Gucci,36.59,3.2,CUST_1361
ITEM_18423,Fashion Product 8424,Accessories,Puma,205.23,4.2,CUST_1342
ITEM_18424,Fashion Product 8425,Footwear,Levi's,188.49,2.8,CUST_1083
ITEM_18425,Fashion Product 8426,Bottoms,Puma,220.21,3.1,CUST_1412
ITEM_18426,Fashion Product 8427,Outerwear,Uniqlo,38.53,5.0,CUST_1450
ITEM_18427,Fashion Product 8428,Accessories,Uniqlo,192.5,2.5,CUST_1073
ITEM_18428,Fashion Product 8429,Dresses,Gucci,167.23,2.9,CUST_1355
ITEM_18429,Fashion Product 8430,Tops,Mango,65.75,4.6,CUST_1214
ITEM_18430,Fashion Product 8431,Outerwear,Levi's,243.74,2.8,CUST_1026
ITEM_18431,Fashion Product 8432,Dresses,Puma,146.89,2.6,CUST_1290
ITEM_18432,Fashion Product 8433,Footwear,Puma,227.65,2.8,CUST_1071
ITEM_18433,Fashion Product 8434,Outerwear,Uniqlo,216.18,4.2,CUST_1350
ITEM_18434,Fashion Product 8435,Dresses,Nike,89.95,5.0,CUST_1177
ITEM_18435,Fashion Product 8436,Outerwear,Gucci,138.63,4.0,CUST_1089
ITEM_18436,Fashion Product 8437,Bottoms,Puma,113.53,2.8,CUST_1177
ITEM_18437,Fashion Product 8438,Accessories,Uniqlo,180.18,3.0,CUST_1457
ITEM_18438,Fashion Product 8439,Dresses,Uniqlo,151.13,3.8,CUST_1027
ITEM_18439,Fashion Product 8440,Accessories,Zara,198.36,4.3,CUST_1449
ITEM_18440,Fashion Product 8441,Bottoms,Puma,12.82,4.2,CUST_1289
ITEM_18441,Fashion Product 8442,Bottoms,Zara,175.07,3.9,CUST_1328
ITEM_18442,Fashion Product 8443,Accessories,Uniqlo,86.58,5.0,CUST_1305
ITEM_18443,Fashion Product 8444,Dresses,Nike,63.81,3.0,CUST_1063
ITEM_18444,Fashion Product 8445,Accessories,Nike,202.3,2.9,CUST_1416
ITEM_18445,Fashion Product 8446,Accessories,Zara,31.41,4.6,CUST_1488
ITEM_18446,Fashion Product 8447,Tops,Uniqlo,64.83,3.2,CUST_1019
ITEM_18447,Fashion Product 8448,Dresses,Zara,58.9,3.3,CUST_1484
ITEM_18448,Fashion Product 8449,Tops,Gucci,110.76,3.9,CUST_1434
ITEM_18449,Fashion Product 8450,Outerwear,Zara,87.36,3.5,CUST_1493
ITEM_18450,Fashion Product 8451,Accessories,Mango,182.91,3.2,CUST_1278
ITEM_18451,Fashion Product 8452,Outerwear,Puma,177.85,4.8,CUST_1487
ITEM_18452,Fashion Product 8453,Dresses,H&M,88.11,2.8,CUST_1346
ITEM_18453,Fashion Product 8454,Accessories,Uniqlo,114.88,3.5,CUST_1067
ITEM_18454,Fashion Product 8455,Outerwear,Nike,59.9,2.5,CUST_1238
ITEM_18455,Fashion Product 8456,Footwear,Levi's,171.0,4.5,CUST_1137
ITEM_18456,Fashion Product 8457,Bottoms,Puma,105.09,2.9,CUST_1163
ITEM_18457,Fashion Product 8458,Accessories,H&M,41.88,4.4,CUST_1327
ITEM_18458,Fashion Product 8459,Bottoms,Mango,40.54,2.9,CUST_1335
ITEM_18459,Fashion Product 8460,Tops,Levi's,87.36,3.5,CUST_1388
ITEM_18460,Fashion Product 8461,Outerwear,Nike,189.36,4.3,CUST_1293
ITEM_18461,Fashion Product 8462,Tops,Mango,16.12,3.2,CUST_1028
ITEM_18462,Fashion Product 8463,Accessories,Nike,71.87,3.3,CUST_1256
ITEM_18463,Fashion Product 8464,Bottoms,Nike,49.0,4.2,CUST_1393
ITEM_18464,Fashion Product 8465,Bottoms,Uniqlo,239.55,3.0,CUST_1291
ITEM_18465,Fashion Product 8466,Outerwear,Levi's,179.27,4.9,CUST_1112
ITEM_18466,Fashion Product 8467,Accessories,Gucci,65.98,3.0,CUST_1240
ITEM_18467,Fashion Product 8468,Footwear,Zara,59.79,4.4,CUST_1243
ITEM_18468,Fashion Product 8469,Footwear,Zara,215.93,4.5,CUST_1153
ITEM_18469,Fashion Product 8470,Outerwear,Puma,55.65,3.4,CUST_1265
ITEM_18470,Fashion Product 8471,Accessories,Nike,249.29,2.9,CUST_1445
ITEM_18471,Fashion Product 8472,Outerwear,Puma,77.75,2.9,CUST_1052
ITEM_18472,Fashion Product 8473,Accessories,Levi's,30.24,5.0,CUST_1481
ITEM_18473,Fashion Product 8474,Tops,Nike,175.83,4.3,CUST_1401
ITEM_18474,Fashion Product 8475,Outerwear,Nike,156.31,3.6,CUST_1460
ITEM_18475,Fashion Product 8476,Accessories,H&M,249.96,3.1,CUST_1265
ITEM_18476,Fashion Product 8477,Footwear,Zara,202.5,2.5,CUST_1054
ITEM_18477,Fashion Product 8478,Accessories,Levi's,112.92,4.2,CUST_1133
ITEM_18478,Fashion Product 8479,Accessories,Mango,172.39,4.9,CUST_1191
ITEM_18479,Fashion Product 8480,Outerwear,Mango,206.28,2.8,CUST_1124
ITEM_18480,Fashion Product 8481,Tops,Gucci,133.29,4.4,CUST_1431
ITEM_18481,Fashion Product 8482,Tops,Adidas,75.49,2.9,CUST_1218
ITEM_18482,Fashion Product 8483,Tops,Levi's,60.43,4.5,CUST_1365
ITEM_18483,Fashion Product 8484,Tops,Adidas,80.87,3.4,CUST_1403
ITEM_18484,Fashion Product 8485,Dresses,H&M,213.54,4.3,CUST_1483
ITEM_18485,Fashion Product 8486,Outerwear,Mango,101.3,4.8,CUST_1322
ITEM_18486,Fashion Product 8487,Bottoms,Levi's,78.8,4.1,CUST_1301
ITEM_18487,Fashion Product 8488,Outerwear,Nike,203.41,4.8,CUST_1071
ITEM_18488,Fashion Product 8489,Dresses,Uniqlo,17.66,3.1,CUST_1457
ITEM_18489,Fashion Product 8490,Tops,Gucci,152.55,4.9,CUST_1214
ITEM_18490,Fashion Product 8491,Dresses,Mango,219.67,4.7,CUST_1362
ITEM_18491,Fashion Product 8492,Footwear,Puma,108.42,2.8,CUST_1033
ITEM_18492,Fashion Product 8493,Footwear,Puma,74.64,3.5,CUST_1374
ITEM_18493,Fashion Product 8494,Outerwear,Uniqlo,128.01,4.8,CUST_1336
ITEM_18494,Fashion Product 8495,Outerwear,Mango,182.19,2.7,CUST_1171
ITEM_18495,Fashion Product 8496,Bottoms,Levi's,133.99,3.6,CUST_1344
ITEM_18496,Fashion Product 8497,Bottoms,Nike,11.83,4.3,CUST_1456
ITEM_18497,Fashion Product 8498,Footwear,Gucci,28.8,2.6,CUST_1350
ITEM_18498,Fashion Product 8499,Tops,Puma,183.12,4.4,CUST_1410
ITEM_18499,Fashion Product 8500,Dresses,Uniqlo,105.99,3.4,CUST_1301
ITEM_18500,Fashion Product 8501,Bottoms,Nike,198.35,3.1,CUST_1496
ITEM_18501,Fashion Product 8502,Accessories,Puma,165.88,3.9,CUST_1291
ITEM_18502,Fashion Product 8503,Bottoms,Levi's,149.56,3.9,CUST_1237
ITEM_18503,Fashion Product 8504,Tops,Nike,226.33,4.7,CUST_1337
ITEM_18504,Fashion Product 8505,Tops,Levi's,15.12,4.2,CUST_1437
ITEM_18505,Fashion Product 8506,Outerwear,Gucci,47.21,3.6,CUST_1102
ITEM_18506,Fashion Product 8507,Dresses,Nike,159.85,4.1,CUST_1010
ITEM_18507,Fashion Product 8508,Tops,Gucci,25.8,4.4,CUST_1041
ITEM_18508,Fashion Product 8509,Bottoms,Uniqlo,164.79,4.8,CUST_1370
ITEM_18509,Fashion Product 8510,Bottoms,Mango,246.19,4.3,CUST_1126
ITEM_18510,Fashion Product 8511,Footwear,H&M,220.91,3.9,CUST_1273
ITEM_18511,Fashion Product 8512,Tops,Gucci,151.82,3.4,CUST_1383
ITEM_18512,Fashion Product 8513,Accessories,Levi's,224.55,4.7,CUST_1327
ITEM_18513,Fashion Product 8514,Outerwear,Puma,37.9,4.5,CUST_1450
ITEM_18514,Fashion Product 8515,Dresses,Gucci,119.13,2.7,CUST_1011
ITEM_18515,Fashion Product 8516,Accessories,Puma,112.88,4.2,CUST_1319
ITEM_18516,Fashion Product 8517,Outerwear,Uniqlo,90.75,3.8,CUST_1498
ITEM_18517,Fashion Product 8518,Bottoms,Zara,10.05,2.8,CUST_1195
ITEM_18518,Fashion Product 8519,Accessories,Nike,223.85,3.9,CUST_1430
ITEM_18519,Fashion Product 8520,Outerwear,Puma,196.65,3.0,CUST_1020
ITEM_18520,Fashion Product 8521,Bottoms,Puma,166.69,4.3,CUST_1397
ITEM_18521,Fashion Product 8522,Bottoms,Nike,40.95,3.2,CUST_1471
ITEM_18522,Fashion Product 8523,Bottoms,Zara,100.77,2.9,CUST_1273
ITEM_18523,Fashion Product 8524,Bottoms,Levi's,231.84,2.7,CUST_1477
ITEM_18524,Fashion Product 8525,Bottoms,Mango,158.06,3.7,CUST_1235
ITEM_18525,Fashion Product 8526,Footwear,Puma,154.82,3.0,CUST_1487
ITEM_18526,Fashion Product 8527,Accessories,Zara,229.15,4.6,CUST_1416
ITEM_18527,Fashion Product 8528,Outerwear,Zara,144.36,2.5,CUST_1227
ITEM_18528,Fashion Product 8529,Footwear,Uniqlo,153.43,4.6,CUST_1227
ITEM_18529,Fashion Product 8530,Footwear,Puma,92.97,3.8,CUST_1354
ITEM_18530,Fashion Product 8531,Tops,Gucci,99.15,4.8,CUST_1341
ITEM_18531,Fashion Product 8532,Tops,Levi's,174.55,3.0,CUST_1272
ITEM_18532,Fashion Product 8533,Tops,Zara,86.9,2.8,CUST_1279
ITEM_18533,Fashion Product 8534,Dresses,Uniqlo,144.19,4.1,CUST_1395
ITEM_18534,Fashion Product 8535,Tops,Uniqlo,77.01,4.3,CUST_1124
ITEM_18535,Fashion Product 8536,Outerwear,Nike,49.87,3.4,CUST_1398
ITEM_18536,Fashion Product 8537,Footwear,Puma,119.06,2.5,CUST_1195
ITEM_18537,Fashion Product 8538,Outerwear,Zara,62.19,3.5,CUST_1071
ITEM_18538,Fashion Product 8539,Accessories,Levi's,225.64,3.1,CUST_1232
ITEM_18539,Fashion Product 8540,Tops,Gucci,82.87,3.4,CUST_1173
ITEM_18540,Fashion Product 8541,Dresses,H&M,153.38,3.8,CUST_1499
ITEM_18541,Fashion Product 8542,Accessories,H&M,73.23,4.3,CUST_1203
ITEM_18542,Fashion Product 8543,Dresses,Gucci,71.92,4.9,CUST_1033
ITEM_18543,Fashion Product 8544,Accessories,Zara,94.15,2.9,CUST_1211
ITEM_18544,Fashion Product 8545,Footwear,Puma,229.81,4.2,CUST_1301
ITEM_18545,Fashion Product 8546,Outerwear,Levi's,103.96,3.1,CUST_1182
ITEM_18546,Fashion Product 8547,Bottoms,Nike,207.1,3.1,CUST_1241
ITEM_18547,Fashion Product 8548,Outerwear,Puma,57.35,4.1,CUST_1489
ITEM_18548,Fashion Product 8549,Tops,Mango,21.56,4.4,CUST_1051
ITEM_18549,Fashion Product 8550,Bottoms,Puma,197.6,4.9,CUST_1371
ITEM_18550,Fashion Product 8551,Dresses,Puma,140.05,4.4,CUST_1380
ITEM_18551,Fashion Product 8552,Footwear,Zara,130.89,2.9,CUST_1343
ITEM_18552,Fashion Product 8553,Footwear,Nike,75.33,3.1,CUST_1407
ITEM_18553,Fashion Product 8554,Dresses,Zara,27.36,4.4,CUST_1029
ITEM_18554,Fashion Product 8555,Tops,Adidas,125.89,3.8,CUST_1006
ITEM_18555,Fashion Product 8556,Dresses,Nike,218.13,3.2,CUST_1423
ITEM_18556,Fashion Product 8557,Accessories,Zara,38.81,3.7,CUST_1133
ITEM_18557,Fashion Product 8558,Tops,H&M,233.0,4.8,CUST_1096
ITEM_18558,Fashion Product 8559,Bottoms,Adidas,75.93,4.4,CUST_1424
ITEM_18559,Fashion Product 8560,Dresses,Nike,137.72,3.6,CUST_1346
ITEM_18560,Fashion Product 8561,Tops,Mango,25.96,5.0,CUST_1462
ITEM_18561,Fashion Product 8562,Bottoms,Levi's,112.01,4.5,CUST_1082
ITEM_18562,Fashion Product 8563,Dresses,Mango,40.22,2.5,CUST_1277
ITEM_18563,Fashion Product 8564,Footwear,H&M,21.51,2.8,CUST_1315
ITEM_18564,Fashion Product 8565,Dresses,H&M,241.97,3.9,CUST_1217
ITEM_18565,Fashion Product 8566,Outerwear,Gucci,185.22,3.4,CUST_1404
ITEM_18566,Fashion Product 8567,Dresses,Gucci,182.57,4.5,CUST_1280
ITEM_18567,Fashion Product 8568,Outerwear,Mango,31.73,4.7,CUST_1131
ITEM_18568,Fashion Product 8569,Bottoms,Puma,233.04,3.1,CUST_1086
ITEM_18569,Fashion Product 8570,Dresses,Zara,122.67,4.4,CUST_1328
ITEM_18570,Fashion Product 8571,Bottoms,Levi's,214.55,3.8,CUST_1366
ITEM_18571,Fashion Product 8572,Bottoms,Adidas,13.02,3.5,CUST_1313
ITEM_18572,Fashion Product 8573,Tops,Levi's,81.57,4.5,CUST_1366
ITEM_18573,Fashion Product 8574,Bottoms,H&M,249.05,3.9,CUST_1093
ITEM_18574,Fashion Product 8575,Bottoms,Gucci,112.68,4.1,CUST_1071
ITEM_18575,Fashion Product 8576,Dresses,Puma,223.24,2.7,CUST_1326
ITEM_18576,Fashion Product 8577,Dresses,Uniqlo,88.72,4.0,CUST_1326
ITEM_18577,Fashion Product 8578,Footwear,Nike,136.08,3.3,CUST_1332
ITEM_18578,Fashion Product 8579,Tops,Uniqlo,215.01,3.7,CUST_1191
ITEM_18579,Fashion Product 8580,Bottoms,Uniqlo,155.4,3.1,CUST_1214
ITEM_18580,Fashion Product 8581,Tops,Gucci,184.05,4.0,CUST_1047
ITEM_18581,Fashion Product 8582,Outerwear,Uniqlo,64.92,2.9,CUST_1218
ITEM_18582,Fashion Product 8583,Bottoms,Adidas,47.41,2.8,CUST_1089
ITEM_18583,Fashion Product 8584,Tops,H&M,65.27,3.0,CUST_1275
ITEM_18584,Fashion Product 8585,Footwear,Uniqlo,128.33,4.5,CUST_1484
ITEM_18585,Fashion Product 8586,Footwear,Puma,202.23,2.6,CUST_1227
ITEM_18586,Fashion Product 8587,Bottoms,Nike,94.96,4.3,CUST_1397
ITEM_18587,Fashion Product 8588,Outerwear,Zara,145.56,2.6,CUST_1217
ITEM_18588,Fashion Product 8589,Footwear,Gucci,203.15,4.0,CUST_1240
ITEM_18589,Fashion Product 8590,Footwear,Gucci,67.31,4.4,CUST_1301
ITEM_18590,Fashion Product 8591,Outerwear,Mango,221.91,3.1,CUST_1416
ITEM_18591,Fashion Product 8592,Tops,Puma,238.74,3.0,CUST_1414
ITEM_18592,Fashion Product 8593,Footwear,H&M,19.35,3.2,CUST_1341
ITEM_18593,Fashion Product 8594,Dresses,Adidas,24.19,4.2,CUST_1382
ITEM_18594,Fashion Product 8595,Accessories,Puma,31.83,3.1,CUST_1170
ITEM_18595,Fashion Product 8596,Accessories,Levi's,196.42,3.8,CUST_1365
ITEM_18596,Fashion Product 8597,Footwear,Zara,55.44,2.8,CUST_1232
ITEM_18597,Fashion Product 8598,Tops,Nike,184.17,3.7,CUST_1108
ITEM_18598,Fashion Product 8599,Tops,Mango,115.91,4.1,CUST_1328
ITEM_18599,Fashion Product 8600,Bottoms,Puma,210.7,2.7,CUST_1233
ITEM_18600,Fashion Product 8601,Dresses,Mango,204.05,4.5,CUST_1170
ITEM_18601,Fashion Product 8602,Tops,Zara,240.32,4.8,CUST_1135
ITEM_18602,Fashion Product 8603,Outerwear,Uniqlo,70.25,3.0,CUST_1131
ITEM_18603,Fashion Product 8604,Dresses,Mango,65.02,4.4,CUST_1037
ITEM_18604,Fashion Product 8605,Accessories,Gucci,17.56,3.3,CUST_1259
ITEM_18605,Fashion Product 8606,Dresses,Uniqlo,108.5,4.2,CUST_1402
ITEM_18606,Fashion Product 8607,Outerwear,Puma,120.18,3.3,CUST_1499
ITEM_18607,Fashion Product 8608,Footwear,Nike,241.48,4.7,CUST_1124
ITEM_18608,Fashion Product 8609,Outerwear,Gucci,209.39,3.4,CUST_1426
ITEM_18609,Fashion Product 8610,Outerwear,Zara,50.03,4.6,CUST_1393
ITEM_18610,Fashion Product 8611,Footwear,Uniqlo,201.64,4.4,CUST_1441
ITEM_18611,Fashion Product 8612,Footwear,Gucci,52.79,3.0,CUST_1408
ITEM_18612,Fashion Product 8613,Footwear,Uniqlo,28.66,2.9,CUST_1263
ITEM_18613,Fashion Product 8614,Footwear,H&M,210.9,4.4,CUST_1353
ITEM_18614,Fashion Product 8615,Footwear,H&M,244.23,3.5,CUST_1217
ITEM_18615,Fashion Product 8616,Outerwear,Uniqlo,31.15,4.9,CUST_1170
ITEM_18616,Fashion Product 8617,Bottoms,Uniqlo,205.34,4.9,CUST_1098
ITEM_18617,Fashion Product 8618,Bottoms,H&M,216.21,4.2,CUST_1358
ITEM_18618,Fashion Product 8619,Tops,Puma,38.5,3.8,CUST_1186
ITEM_18619,Fashion Product 8620,Bottoms,Mango,77.98,3.0,CUST_1213
ITEM_18620,Fashion Product 8621,Accessories,Nike,186.08,4.7,CUST_1358
ITEM_18621,Fashion Product 8622,Bottoms,Gucci,203.86,2.7,CUST_1312
ITEM_18622,Fashion Product 8623,Outerwear,Gucci,94.95,3.4,CUST_1232
ITEM_18623,Fashion Product 8624,Footwear,Zara,48.38,3.3,CUST_1442
ITEM_18624,Fashion Product 8625,Footwear,Nike,165.6,4.9,CUST_1402
ITEM_18625,Fashion Product 8626,Outerwear,Adidas,178.47,2.8,CUST_1167
ITEM_18626,Fashion Product 8627,Accessories,H&M,130.87,4.7,CUST_1306
ITEM_18627,Fashion Product 8628,Bottoms,Adidas,44.79,3.6,CUST_1161
ITEM_18628,Fashion Product 8629,Outerwear,Nike,212.68,2.6,CUST_1284
ITEM_18629,Fashion Product 8630,Tops,Levi's,164.86,4.3,CUST_1184
ITEM_18630,Fashion Product 8631,Footwear,Zara,218.6,2.8,CUST_1025
ITEM_18631,Fashion Product 8632,Dresses,Uniqlo,233.91,3.1,CUST_1142
ITEM_18632,Fashion Product 8633,Tops,Mango,203.37,4.5,CUST_1183
ITEM_18633,Fashion Product 8634,Accessories,Levi's,240.08,2.9,CUST_1084
ITEM_18634,Fashion Product 8635,Tops,Nike,239.02,3.3,CUST_1231
ITEM_18635,Fashion Product 8636,Outerwear,Nike,158.64,3.4,CUST_1468
ITEM_18636,Fashion Product 8637,Bottoms,Adidas,184.76,4.0,CUST_1391
ITEM_18637,Fashion Product 8638,Footwear,Puma,177.86,4.5,CUST_1388
ITEM_18638,Fashion Product 8639,Accessories,Adidas,159.07,3.1,CUST_1223
ITEM_18639,Fashion Product 8640,Accessories,Gucci,14.65,3.0,CUST_1158
ITEM_18640,Fashion Product 8641,Dresses,Adidas,95.42,3.1,CUST_1318
ITEM_18641,Fashion Product 8642,Tops,Puma,34.02,3.5,CUST_1185
ITEM_18642,Fashion Product 8643,Dresses,Mango,82.06,3.8,CUST_1421
ITEM_18643,Fashion Product 8644,Bottoms,H&M,26.46,2.5,CUST_1183
ITEM_18644,Fashion Product 8645,Bottoms,Nike,230.81,4.5,CUST_1085
ITEM_18645,Fashion Product 8646,Dresses,Uniqlo,118.32,4.8,CUST_1065
ITEM_18646,Fashion Product 8647,Footwear,Adidas,55.45,4.6,CUST_1052
ITEM_18647,Fashion Product 8648,Bottoms,Levi's,150.35,2.6,CUST_1003
ITEM_18648,Fashion Product 8649,Dresses,Mango,57.15,3.8,CUST_1077
ITEM_18649,Fashion Product 8650,Tops,Zara,203.07,4.5,CUST_1135
ITEM_18650,Fashion Product 8651,Dresses,Nike,83.42,3.4,CUST_1326
ITEM_18651,Fashion Product 8652,Dresses,Puma,85.58,4.7,CUST_1070
ITEM_18652,Fashion Product 8653,Outerwear,Gucci,218.79,4.7,CUST_1162
ITEM_18653,Fashion Product 8654,Bottoms,Puma,144.21,2.9,CUST_1096
ITEM_18654,Fashion Product 8655,Footwear,Adidas,222.95,3.7,CUST_1016
ITEM_18655,Fashion Product 8656,Footwear,Gucci,109.09,2.6,CUST_1230
ITEM_18656,Fashion Product 8657,Outerwear,Levi's,92.54,3.2,CUST_1392
ITEM_18657,Fashion Product 8658,Accessories,Puma,131.49,4.5,CUST_1405
ITEM_18658,Fashion Product 8659,Footwear,Levi's,24.76,4.9,CUST_1377
ITEM_18659,Fashion Product 8660,Dresses,Zara,47.01,4.8,CUST_1267
ITEM_18660,Fashion Product 8661,Outerwear,Levi's,62.69,2.6,CUST_1306
ITEM_18661,Fashion Product 8662,Tops,Nike,206.0,4.8,CUST_1343
ITEM_18662,Fashion Product 8663,Bottoms,Mango,186.11,4.6,CUST_1006
ITEM_18663,Fashion Product 8664,Bottoms,Gucci,56.39,4.7,CUST_1110
ITEM_18664,Fashion Product 8665,Bottoms,Nike,76.42,4.8,CUST_1143
ITEM_18665,Fashion Product 8666,Dresses,Uniqlo,236.62,3.7,CUST_1395
ITEM_18666,Fashion Product 8667,Tops,Puma,30.59,3.0,CUST_1155
ITEM_18667,Fashion Product 8668,Outerwear,Puma,141.39,2.6,CUST_1207
ITEM_18668,Fashion Product 8669,Outerwear,Uniqlo,135.28,2.6,CUST_1429
ITEM_18669,Fashion Product 8670,Bottoms,Levi's,184.17,4.1,CUST_1166
ITEM_18670,Fashion Product 8671,Tops,Nike,72.74,3.3,CUST_1260
ITEM_18671,Fashion Product 8672,Tops,Gucci,234.35,3.7,CUST_1462
ITEM_18672,Fashion Product 8673,Tops,Gucci,108.54,2.8,CUST_1173
ITEM_18673,Fashion Product 8674,Footwear,Uniqlo,78.57,4.9,CUST_1394
ITEM_18674,Fashion Product 8675,Footwear,Puma,90.85,2.8,CUST_1121
ITEM_18675,Fashion Product 8676,Bottoms,Uniqlo,93.69,3.6,CUST_1438
ITEM_18676,Fashion Product 8677,Tops,Zara,57.74,3.6,CUST_1413
ITEM_18677,Fashion Product 8678,Accessories,Zara,232.73,2.5,CUST_1140
ITEM_18678,Fashion Product 8679,Tops,Zara,51.97,4.2,CUST_1440
ITEM_18679,Fashion Product 8680,Outerwear,H&M,221.88,3.8,CUST_1168
ITEM_18680,Fashion Product 8681,Outerwear,Mango,107.18,3.7,CUST_1084
ITEM_18681,Fashion Product 8682,Bottoms,Adidas,74.63,4.5,CUST_1421
ITEM_18682,Fashion Product 8683,Accessories,H&M,57.64,3.1,CUST_1194
ITEM_18683,Fashion Product 8684,Tops,Gucci,131.04,4.7,CUST_1276
ITEM_18684,Fashion Product 8685,Accessories,Levi's,170.62,4.7,CUST_1268
ITEM_18685,Fashion Product 8686,Bottoms,Puma,225.57,4.6,CUST_1038
ITEM_18686,Fashion Product 8687,Outerwear,Levi's,166.59,3.4,CUST_1414
ITEM_18687,Fashion Product 8688,Outerwear,Uniqlo,126.08,2.9,CUST_1303
ITEM_18688,Fashion Product 8689,Footwear,Puma,18.03,3.7,CUST_1338
ITEM_18689,Fashion Product 8690,Bottoms,Adidas,229.7,3.1,CUST_1242
ITEM_18690,Fashion Product 8691,Bottoms,Adidas,226.57,2.6,CUST_1330
ITEM_18691,Fashion Product 8692,Tops,Nike,100.89,3.2,CUST_1199
ITEM_18692,Fashion Product 8693,Tops,Levi's,16.97,3.7,CUST_1298
ITEM_18693,Fashion Product 8694,Footwear,Adidas,186.01,2.8,CUST_1005
ITEM_18694,Fashion Product 8695,Dresses,Mango,200.0,4.9,CUST_1432
ITEM_18695,Fashion Product 8696,Accessories,Nike,140.19,4.1,CUST_1477
ITEM_18696,Fashion Product 8697,Dresses,Puma,106.69,2.8,CUST_1371
ITEM_18697,Fashion Product 8698,Dresses,Levi's,214.27,4.5,CUST_1383
ITEM_18698,Fashion Product 8699,Bottoms,Levi's,56.2,4.8,CUST_1355
ITEM_18699,Fashion Product 8700,Accessories,Adidas,115.49,3.2,CUST_1103
ITEM_18700,Fashion Product 8701,Bottoms,Puma,15.88,2.9,CUST_1435
ITEM_18701,Fashion Product 8702,Accessories,Nike,49.36,3.3,CUST_1396
ITEM_18702,Fashion Product 8703,Outerwear,Mango,235.8,4.6,CUST_1138
ITEM_18703,Fashion Product 8704,Bottoms,Gucci,148.74,2.9,CUST_1293
ITEM_18704,Fashion Product 8705,Bottoms,Gucci,203.34,4.4,CUST_1381
ITEM_18705,Fashion Product 8706,Bottoms,H&M,126.76,4.3,CUST_1066
ITEM_18706,Fashion Product 8707,Footwear,Mango,210.36,4.1,CUST_1067
ITEM_18707,Fashion Product 8708,Bottoms,Puma,139.35,3.6,CUST_1270
ITEM_18708,Fashion Product 8709,Tops,Puma,11.09,3.4,CUST_1047
ITEM_18709,Fashion Product 8710,Tops,Nike,225.93,2.7,CUST_1404
ITEM_18710,Fashion Product 8711,Accessories,Levi's,45.66,3.4,CUST_1365
ITEM_18711,Fashion Product 8712,Outerwear,H&M,118.13,4.0,CUST_1369
ITEM_18712,Fashion Product 8713,Footwear,Nike,124.4,4.7,CUST_1180
ITEM_18713,Fashion Product 8714,Accessories,H&M,21.34,4.6,CUST_1068
ITEM_18714,Fashion Product 8715,Tops,Levi's,22.74,2.6,CUST_1115
ITEM_18715,Fashion Product 8716,Footwear,Uniqlo,193.01,2.8,CUST_1026
ITEM_18716,Fashion Product 8717,Footwear,H&M,82.11,4.6,CUST_1047
ITEM_18717,Fashion Product 8718,Outerwear,Nike,108.31,4.8,CUST_1207
ITEM_18718,Fashion Product 8719,Footwear,Uniqlo,145.39,2.6,CUST_1073
ITEM_18719,Fashion Product 8720,Bottoms,Mango,99.61,4.3,CUST_1259
ITEM_18720,Fashion Product 8721,Footwear,Adidas,196.01,3.4,CUST_1386
ITEM_18721,Fashion Product 8722,Outerwear,Nike,222.27,3.4,CUST_1487
ITEM_18722,Fashion Product 8723,Accessories,Gucci,24.33,4.1,CUST_1425
ITEM_18723,Fashion Product 8724,Outerwear,Gucci,162.5,4.5,CUST_1030
ITEM_18724,Fashion Product 8725,Outerwear,Puma,86.24,3.2,CUST_1421
ITEM_18725,Fashion Product 8726,Tops,Nike,149.99,4.3,CUST_1465
ITEM_18726,Fashion Product 8727,Bottoms,Zara,126.14,4.1,CUST_1003
ITEM_18727,Fashion Product 8728,Tops,Adidas,90.08,3.8,CUST_1009
ITEM_18728,Fashion Product 8729,Accessories,Zara,32.76,4.0,CUST_1008
ITEM_18729,Fashion Product 8730,Dresses,Mango,144.27,2.5,CUST_1009
ITEM_18730,Fashion Product 8731,Accessories,Puma,37.07,2.5,CUST_1376
ITEM_18731,Fashion Product 8732,Bottoms,Adidas,47.47,3.9,CUST_1401
ITEM_18732,Fashion Product 8733,Footwear,Uniqlo,245.72,3.8,CUST_1152
ITEM_18733,Fashion Product 8734,Outerwear,H&M,86.01,2.7,CUST_1456
ITEM_18734,Fashion Product 8735,Dresses,Adidas,150.26,3.7,CUST_1142
ITEM_18735,Fashion Product 8736,Bottoms,Levi's,75.34,4.4,CUST_1438
ITEM_18736,Fashion Product 8737,Tops,Uniqlo,217.72,3.9,CUST_1336
ITEM_18737,Fashion Product 8738,Outerwear,H&M,78.0,3.8,CUST_1274
ITEM_18738,Fashion Product 8739,Accessories,Mango,98.05,4.3,CUST_1497
ITEM_18739,Fashion Product 8740,Tops,Gucci,156.01,2.9,CUST_1472
ITEM_18740,Fashion Product 8741,Bottoms,H&M,218.8,3.6,CUST_1423
ITEM_18741,Fashion Product 8742,Bottoms,Levi's,205.89,2.9,CUST_1372
ITEM_18742,Fashion Product 8743,Accessories,Puma,73.33,3.8,CUST_1431
ITEM_18743,Fashion Product 8744,Dresses,H&M,209.09,4.0,CUST_1027
ITEM_18744,Fashion Product 8745,Accessories,Adidas,178.29,2.8,CUST_1348
ITEM_18745,Fashion Product 8746,Footwear,Adidas,247.56,2.7,CUST_1071
ITEM_18746,Fashion Product 8747,Tops,Puma,234.51,2.9,CUST_1482
ITEM_18747,Fashion Product 8748,Dresses,Adidas,137.95,4.0,CUST_1219
ITEM_18748,Fashion Product 8749,Outerwear,Mango,189.98,3.0,CUST_1290
ITEM_18749,Fashion Product 8750,Footwear,Levi's,146.84,3.2,CUST_1256
ITEM_18750,Fashion Product 8751,Dresses,Nike,152.8,4.3,CUST_1103
ITEM_18751,Fashion Product 8752,Tops,Nike,34.36,3.1,CUST_1147
ITEM_18752,Fashion Product 8753,Bottoms,Gucci,10.54,3.5,CUST_1390
ITEM_18753,Fashion Product 8754,Outerwear,Mango,21.56,4.8,CUST_1158
ITEM_18754,Fashion Product 8755,Accessories,Nike,241.99,4.6,CUST_1348
ITEM_18755,Fashion Product 8756,Tops,H&M,40.3,3.1,CUST_1140
ITEM_18756,Fashion Product 8757,Footwear,H&M,20.65,4.0,CUST_1143
ITEM_18757,Fashion Product 8758,Footwear,H&M,84.31,4.2,CUST_1109
ITEM_18758,Fashion Product 8759,Bottoms,Adidas,151.16,4.8,CUST_1423
ITEM_18759,Fashion Product 8760,Bottoms,Adidas,237.63,3.9,CUST_1359
ITEM_18760,Fashion Product 8761,Outerwear,Zara,177.97,3.9,CUST_1320
ITEM_18761,Fashion Product 8762,Accessories,H&M,76.32,4.7,CUST_1064
ITEM_18762,Fashion Product 8763,Outerwear,H&M,235.37,2.6,CUST_1271
ITEM_18763,Fashion Product 8764,Bottoms,Uniqlo,18.65,4.1,CUST_1186
ITEM_18764,Fashion Product 8765,Bottoms,Puma,244.97,3.5,CUST_1356
ITEM_18765,Fashion Product 8766,Footwear,Nike,24.07,4.8,CUST_1323
ITEM_18766,Fashion Product 8767,Bottoms,Adidas,190.92,4.9,CUST_1001
ITEM_18767,Fashion Product 8768,Dresses,Levi's,20.87,2.9,CUST_1007
ITEM_18768,Fashion Product 8769,Tops,Adidas,233.57,3.2,CUST_1393
ITEM_18769,Fashion Product 8770,Bottoms,Levi's,36.08,3.2,CUST_1001
ITEM_18770,Fashion Product 8771,Outerwear,Zara,22.11,2.8,CUST_1261
ITEM_18771,Fashion Product 8772,Accessories,Levi's,223.42,3.7,CUST_1047
ITEM_18772,Fashion Product 8773,Accessories,Adidas,32.99,3.8,CUST_1356
ITEM_18773,Fashion Product 8774,Accessories,Gucci,201.5,3.9,CUST_1266
ITEM_18774,Fashion Product 8775,Dresses,Adidas,189.29,4.2,CUST_1002
ITEM_18775,Fashion Product 8776,Outerwear,Mango,153.73,2.7,CUST_1023
ITEM_18776,Fashion Product 8777,Dresses,Gucci,100.71,4.1,CUST_1359
ITEM_18777,Fashion Product 8778,Bottoms,H&M,229.74,4.8,CUST_1477
ITEM_18778,Fashion Product 8779,Tops,Nike,219.06,3.6,CUST_1440
ITEM_18779,Fashion Product 8780,Accessories,Levi's,112.3,2.8,CUST_1403
ITEM_18780,Fashion Product 8781,Outerwear,Adidas,65.61,2.7,CUST_1422
ITEM_18781,Fashion Product 8782,Accessories,Adidas,75.42,3.2,CUST_1303
ITEM_18782,Fashion Product 8783,Dresses,Levi's,62.88,4.4,CUST_1084
ITEM_18783,Fashion Product 8784,Footwear,Nike,139.9,3.2,CUST_1204
ITEM_18784,Fashion Product 8785,Bottoms,Uniqlo,218.45,4.5,CUST_1459
ITEM_18785,Fashion Product 8786,Tops,Puma,195.67,4.5,CUST_1227
ITEM_18786,Fashion Product 8787,Bottoms,H&M,200.92,3.6,CUST_1436
ITEM_18787,Fashion Product 8788,Footwear,Gucci,117.59,3.3,CUST_1252
ITEM_18788,Fashion Product 8789,Tops,Adidas,87.39,4.0,CUST_1305
ITEM_18789,Fashion Product 8790,Footwear,Zara,191.77,4.5,CUST_1455
ITEM_18790,Fashion Product 8791,Bottoms,Nike,200.39,2.7,CUST_1151
ITEM_18791,Fashion Product 8792,Dresses,Levi's,176.88,4.9,CUST_1247
ITEM_18792,Fashion Product 8793,Bottoms,Adidas,17.71,4.1,CUST_1306
ITEM_18793,Fashion Product 8794,Bottoms,Gucci,151.52,3.5,CUST_1017
ITEM_18794,Fashion Product 8795,Bottoms,Zara,93.29,3.8,CUST_1304
ITEM_18795,Fashion Product 8796,Outerwear,Puma,57.09,3.5,CUST_1377
ITEM_18796,Fashion Product 8797,Footwear,Puma,176.65,3.5,CUST_1002
ITEM_18797,Fashion Product 8798,Footwear,Gucci,74.45,4.0,CUST_1197
ITEM_18798,Fashion Product 8799,Accessories,Nike,229.08,2.7,CUST_1446
ITEM_18799,Fashion Product 8800,Footwear,Zara,81.54,2.9,CUST_1341
ITEM_18800,Fashion Product 8801,Accessories,Levi's,143.24,3.1,CUST_1269
ITEM_18801,Fashion Product 8802,Outerwear,Zara,208.66,3.5,CUST_1061
ITEM_18802,Fashion Product 8803,Dresses,Mango,106.51,3.4,CUST_1267
ITEM_18803,Fashion Product 8804,Accessories,Levi's,208.88,4.3,CUST_1472
ITEM_18804,Fashion Product 8805,Bottoms,H&M,183.69,3.1,CUST_1097
ITEM_18805,Fashion Product 8806,Dresses,Uniqlo,231.01,2.6,CUST_1283
ITEM_18806,Fashion Product 8807,Outerwear,H&M,88.2,2.6,CUST_1247
ITEM_18807,Fashion Product 8808,Footwear,Uniqlo,35.21,2.5,CUST_1035
ITEM_18808,Fashion Product 8809,Accessories,H&M,113.28,2.6,CUST_1274
ITEM_18809,Fashion Product 8810,Bottoms,Zara,198.6,4.6,CUST_1469
ITEM_18810,Fashion Product 8811,Tops,Nike,118.1,4.2,CUST_1068
ITEM_18811,Fashion Product 8812,Tops,Gucci,72.88,5.0,CUST_1189
ITEM_18812,Fashion Product 8813,Dresses,Adidas,16.62,2.6,CUST_1041
ITEM_18813,Fashion Product 8814,Footwear,Uniqlo,85.13,4.6,CUST_1096
ITEM_18814,Fashion Product 8815,Tops,Adidas,181.21,4.2,CUST_1171
ITEM_18815,Fashion Product 8816,Dresses,Mango,45.43,4.1,CUST_1433
ITEM_18816,Fashion Product 8817,Outerwear,Mango,91.81,3.4,CUST_1395
ITEM_18817,Fashion Product 8818,Dresses,Adidas,14.86,3.4,CUST_1067
ITEM_18818,Fashion Product 8819,Dresses,Mango,183.22,4.6,CUST_1435
ITEM_18819,Fashion Product 8820,Dresses,Levi's,221.36,4.3,CUST_1308
ITEM_18820,Fashion Product 8821,Bottoms,Adidas,146.45,4.2,CUST_1119
ITEM_18821,Fashion Product 8822,Dresses,Mango,16.21,2.6,CUST_1341
ITEM_18822,Fashion Product 8823,Accessories,Uniqlo,62.23,3.0,CUST_1171
ITEM_18823,Fashion Product 8824,Dresses,Nike,115.23,4.9,CUST_1186
ITEM_18824,Fashion Product 8825,Bottoms,Mango,151.02,3.6,CUST_1462
ITEM_18825,Fashion Product 8826,Bottoms,Adidas,129.11,4.5,CUST_1070
ITEM_18826,Fashion Product 8827,Outerwear,Uniqlo,229.81,3.5,CUST_1499
ITEM_18827,Fashion Product 8828,Footwear,Adidas,235.27,4.4,CUST_1245
ITEM_18828,Fashion Product 8829,Tops,Puma,35.72,2.8,CUST_1413
ITEM_18829,Fashion Product 8830,Tops,Zara,43.21,2.6,CUST_1159
ITEM_18830,Fashion Product 8831,Dresses,Zara,95.93,3.7,CUST_1495
ITEM_18831,Fashion Product 8832,Outerwear,Zara,111.1,4.0,CUST_1284
ITEM_18832,Fashion Product 8833,Dresses,H&M,150.66,3.3,CUST_1107
ITEM_18833,Fashion Product 8834,Tops,Levi's,195.56,4.3,CUST_1434
ITEM_18834,Fashion Product 8835,Bottoms,Adidas,42.58,3.7,CUST_1036
ITEM_18835,Fashion Product 8836,Footwear,Levi's,202.63,4.8,CUST_1348
ITEM_18836,Fashion Product 8837,Outerwear,Adidas,156.41,2.7,CUST_1403
ITEM_18837,Fashion Product 8838,Bottoms,Puma,245.41,2.7,CUST_1195
ITEM_18838,Fashion Product 8839,Footwear,Mango,166.28,4.8,CUST_1268
ITEM_18839,Fashion Product 8840,Outerwear,H&M,181.86,4.2,CUST_1484
ITEM_18840,Fashion Product 8841,Outerwear,Nike,56.85,4.2,CUST_1472
ITEM_18841,Fashion Product 8842,Tops,Adidas,194.53,2.6,CUST_1076
ITEM_18842,Fashion Product 8843,Bottoms,Uniqlo,29.02,4.8,CUST_1280
ITEM_18843,Fashion Product 8844,Outerwear,Mango,167.57,4.4,CUST_1321
ITEM_18844,Fashion Product 8845,Accessories,Gucci,23.34,4.4,CUST_1348
ITEM_18845,Fashion Product 8846,Outerwear,Gucci,37.65,4.8,CUST_1080
ITEM_18846,Fashion Product 8847,Footwear,Nike,35.89,3.9,CUST_1405
ITEM_18847,Fashion Product 8848,Tops,Uniqlo,22.6,3.5,CUST_1478
ITEM_18848,Fashion Product 8849,Dresses,Zara,87.07,3.7,CUST_1098
ITEM_18849,Fashion Product 8850,Tops,H&M,248.64,4.4,CUST_1282
ITEM_18850,Fashion Product 8851,Dresses,Levi's,93.57,4.4,CUST_1118
ITEM_18851,Fashion Product 8852,Bottoms,H&M,192.59,4.0,CUST_1419
ITEM_18852,Fashion Product 8853,Bottoms,Mango,41.76,3.0,CUST_1223
ITEM_18853,Fashion Product 8854,Outerwear,Puma,119.08,4.5,CUST_1252
ITEM_18854,Fashion Product 8855,Accessories,Mango,54.43,4.1,CUST_1080
ITEM_18855,Fashion Product 8856,Bottoms,Gucci,56.1,3.1,CUST_1314
ITEM_18856,Fashion Product 8857,Outerwear,Levi's,33.93,3.7,CUST_1170
ITEM_18857,Fashion Product 8858,Tops,Gucci,113.69,5.0,CUST_1413
ITEM_18858,Fashion Product 8859,Bottoms,Adidas,28.13,3.3,CUST_1157
ITEM_18859,Fashion Product 8860,Tops,Gucci,228.35,2.8,CUST_1393
ITEM_18860,Fashion Product 8861,Tops,Levi's,117.5,2.6,CUST_1334
ITEM_18861,Fashion Product 8862,Accessories,Gucci,211.26,3.0,CUST_1377
ITEM_18862,Fashion Product 8863,Bottoms,H&M,245.07,3.0,CUST_1328
ITEM_18863,Fashion Product 8864,Tops,H&M,172.67,4.6,CUST_1002
ITEM_18864,Fashion Product 8865,Accessories,Nike,226.36,2.9,CUST_1203
ITEM_18865,Fashion Product 8866,Accessories,Puma,42.49,4.7,CUST_1258
ITEM_18866,Fashion Product 8867,Bottoms,Levi's,209.2,2.7,CUST_1251
ITEM_18867,Fashion Product 8868,Accessories,Gucci,75.09,4.8,CUST_1367
ITEM_18868,Fashion Product 8869,Bottoms,Levi's,123.42,3.1,CUST_1146
ITEM_18869,Fashion Product 8870,Bottoms,Mango,165.18,4.0,CUST_1325
ITEM_18870,Fashion Product 8871,Dresses,Zara,226.85,2.9,CUST_1378
ITEM_18871,Fashion Product 8872,Tops,Uniqlo,228.64,3.5,CUST_1441
ITEM_18872,Fashion Product 8873,Footwear,Mango,32.1,2.7,CUST_1455
ITEM_18873,Fashion Product 8874,Bottoms,Mango,97.49,3.9,CUST_1407
ITEM_18874,Fashion Product 8875,Tops,Gucci,200.36,3.4,CUST_1275
ITEM_18875,Fashion Product 8876,Accessories,Zara,178.76,4.6,CUST_1019
ITEM_18876,Fashion Product 8877,Outerwear,H&M,16.32,3.0,CUST_1442
ITEM_18877,Fashion Product 8878,Bottoms,H&M,117.97,3.2,CUST_1368
ITEM_18878,Fashion Product 8879,Accessories,Mango,209.02,2.9,CUST_1467
ITEM_18879,Fashion Product 8880,Accessories,Puma,187.04,3.9,CUST_1433
ITEM_18880,Fashion Product 8881,Accessories,H&M,108.84,2.8,CUST_1429
ITEM_18881,Fashion Product 8882,Accessories,Adidas,186.44,3.0,CUST_1252
ITEM_18882,Fashion Product 8883,Accessories,Mango,142.29,4.2,CUST_1488
ITEM_18883,Fashion Product 8884,Bottoms,Uniqlo,229.03,2.7,CUST_1284
ITEM_18884,Fashion Product 8885,Footwear,Zara,150.91,4.4,CUST_1331
ITEM_18885,Fashion Product 8886,Dresses,Nike,106.18,2.8,CUST_1050
ITEM_18886,Fashion Product 8887,Accessories,Levi's,217.1,4.0,CUST_1395
ITEM_18887,Fashion Product 8888,Accessories,Mango,21.97,5.0,CUST_1311
ITEM_18888,Fashion Product 8889,Dresses,H&M,226.12,2.9,CUST_1137
ITEM_18889,Fashion Product 8890,Bottoms,Levi's,177.12,3.2,CUST_1398
ITEM_18890,Fashion Product 8891,Tops,Uniqlo,235.75,4.7,CUST_1226
ITEM_18891,Fashion Product 8892,Outerwear,Gucci,70.12,4.1,CUST_1221
ITEM_18892,Fashion Product 8893,Outerwear,Puma,176.78,3.7,CUST_1113
ITEM_18893,Fashion Product 8894,Tops,Nike,204.27,3.9,CUST_1149
ITEM_18894,Fashion Product 8895,Bottoms,Gucci,178.5,3.2,CUST_1048
ITEM_18895,Fashion Product 8896,Outerwear,Uniqlo,60.48,4.6,CUST_1058
ITEM_18896,Fashion Product 8897,Dresses,H&M,76.14,4.4,CUST_1197
ITEM_18897,Fashion Product 8898,Tops,Adidas,146.02,4.1,CUST_1225
ITEM_18898,Fashion Product 8899,Footwear,Zara,117.22,4.8,CUST_1137
ITEM_18899,Fashion Product 8900,Bottoms,Gucci,186.43,3.9,CUST_1195
ITEM_18900,Fashion Product 8901,Tops,Gucci,100.88,3.8,CUST_1206
ITEM_18901,Fashion Product 8902,Outerwear,Nike,216.28,4.9,CUST_1018
ITEM_18902,Fashion Product 8903,Bottoms,Zara,113.66,3.0,CUST_1268
ITEM_18903,Fashion Product 8904,Dresses,Uniqlo,19.61,2.9,CUST_1215
ITEM_18904,Fashion Product 8905,Bottoms,Levi's,14.17,2.9,CUST_1206
ITEM_18905,Fashion Product 8906,Bottoms,Levi's,165.22,5.0,CUST_1124
ITEM_18906,Fashion Product 8907,Dresses,Zara,139.73,4.1,CUST_1016
ITEM_18907,Fashion Product 8908,Accessories,Puma,140.26,3.3,CUST_1165
ITEM_18908,Fashion Product 8909,Dresses,Mango,199.6,3.1,CUST_1148
ITEM_18909,Fashion Product 8910,Bottoms,Puma,100.17,2.6,CUST_1276
ITEM_18910,Fashion Product 8911,Dresses,Puma,248.91,2.8,CUST_1399
ITEM_18911,Fashion Product 8912,Accessories,Gucci,236.93,4.8,CUST_1233
ITEM_18912,Fashion Product 8913,Tops,Gucci,13.11,4.4,CUST_1025
ITEM_18913,Fashion Product 8914,Dresses,H&M,224.98,4.9,CUST_1401
ITEM_18914,Fashion Product 8915,Dresses,Uniqlo,173.33,3.6,CUST_1268
ITEM_18915,Fashion Product 8916,Bottoms,Uniqlo,130.5,4.0,CUST_1365
ITEM_18916,Fashion Product 8917,Tops,Gucci,149.86,3.7,CUST_1426
ITEM_18917,Fashion Product 8918,Footwear,Nike,212.05,4.7,CUST_1295
ITEM_18918,Fashion Product 8919,Footwear,Nike,238.25,5.0,CUST_1440
ITEM_18919,Fashion Product 8920,Outerwear,H&M,144.48,4.8,CUST_1437
ITEM_18920,Fashion Product 8921,Dresses,Zara,53.51,4.0,CUST_1071
ITEM_18921,Fashion Product 8922,Dresses,Gucci,163.54,2.7,CUST_1200
ITEM_18922,Fashion Product 8923,Tops,Levi's,28.29,4.0,CUST_1472
ITEM_18923,Fashion Product 8924,Accessories,Levi's,162.43,2.7,CUST_1047
ITEM_18924,Fashion Product 8925,Footwear,Gucci,204.07,2.8,CUST_1025
ITEM_18925,Fashion Product 8926,Outerwear,Adidas,94.8,3.0,CUST_1213
ITEM_18926,Fashion Product 8927,Tops,Zara,27.08,3.4,CUST_1434
ITEM_18927,Fashion Product 8928,Dresses,Levi's,176.13,4.0,CUST_1374
ITEM_18928,Fashion Product 8929,Footwear,Mango,91.44,3.3,CUST_1033
ITEM_18929,Fashion Product 8930,Outerwear,Puma,69.78,3.6,CUST_1458
ITEM_18930,Fashion Product 8931,Bottoms,Gucci,175.4,2.6,CUST_1214
ITEM_18931,Fashion Product 8932,Footwear,Adidas,242.7,4.0,CUST_1211
ITEM_18932,Fashion Product 8933,Outerwear,Mango,188.88,4.1,CUST_1029
ITEM_18933,Fashion Product 8934,Tops,Puma,127.92,2.7,CUST_1259
ITEM_18934,Fashion Product 8935,Bottoms,Puma,154.12,4.5,CUST_1039
ITEM_18935,Fashion Product 8936,Outerwear,H&M,44.15,4.1,CUST_1260
ITEM_18936,Fashion Product 8937,Outerwear,Zara,205.17,3.7,CUST_1165
ITEM_18937,Fashion Product 8938,Dresses,Gucci,155.03,3.9,CUST_1095
ITEM_18938,Fashion Product 8939,Accessories,Adidas,241.8,3.8,CUST_1390
ITEM_18939,Fashion Product 8940,Footwear,H&M,245.08,2.6,CUST_1220
ITEM_18940,Fashion Product 8941,Dresses,Nike,95.1,4.3,CUST_1394
ITEM_18941,Fashion Product 8942,Bottoms,Mango,247.25,3.8,CUST_1268
ITEM_18942,Fashion Product 8943,Accessories,Mango,239.64,2.9,CUST_1494
ITEM_18943,Fashion Product 8944,Outerwear,Gucci,163.56,4.2,CUST_1118
ITEM_18944,Fashion Product 8945,Dresses,Adidas,90.03,4.2,CUST_1066
ITEM_18945,Fashion Product 8946,Accessories,Adidas,190.8,3.0,CUST_1387
ITEM_18946,Fashion Product 8947,Footwear,Puma,75.1,4.5,CUST_1193
ITEM_18947,Fashion Product 8948,Bottoms,Adidas,161.16,3.6,CUST_1320
ITEM_18948,Fashion Product 8949,Tops,Levi's,15.9,3.0,CUST_1035
ITEM_18949,Fashion Product 8950,Dresses,Mango,160.86,4.1,CUST_1408
ITEM_18950,Fashion Product 8951,Bottoms,Puma,238.39,4.0,CUST_1175
ITEM_18951,Fashion Product 8952,Tops,Gucci,66.43,2.9,CUST_1112
ITEM_18952,Fashion Product 8953,Dresses,Adidas,196.76,4.7,CUST_1308
ITEM_18953,Fashion Product 8954,Bottoms,Uniqlo,80.42,4.6,CUST_1290
ITEM_18954,Fashion Product 8955,Bottoms,Gucci,179.88,4.6,CUST_1340
ITEM_18955,Fashion Product 8956,Accessories,Levi's,177.99,3.5,CUST_1080
ITEM_18956,Fashion Product 8957,Dresses,Zara,54.34,4.6,CUST_1478
ITEM_18957,Fashion Product 8958,Bottoms,Nike,153.31,4.6,CUST_1111
ITEM_18958,Fashion Product 8959,Outerwear,Uniqlo,216.2,5.0,CUST_1487
ITEM_18959,Fashion Product 8960,Dresses,Puma,101.81,4.9,CUST_1409
ITEM_18960,Fashion Product 8961,Bottoms,Mango,180.47,3.5,CUST_1453
ITEM_18961,Fashion Product 8962,Accessories,Zara,171.86,3.0,CUST_1413
ITEM_18962,Fashion Product 8963,Tops,Uniqlo,71.8,3.2,CUST_1485
ITEM_18963,Fashion Product 8964,Tops,Mango,230.47,3.7,CUST_1092
ITEM_18964,Fashion Product 8965,Outerwear,Nike,145.24,4.5,CUST_1448
ITEM_18965,Fashion Product 8966,Dresses,H&M,95.27,4.3,CUST_1437
ITEM_18966,Fashion Product 8967,Accessories,H&M,49.45,4.5,CUST_1186
ITEM_18967,Fashion Product 8968,Bottoms,Uniqlo,123.63,3.4,CUST_1041
ITEM_18968,Fashion Product 8969,Bottoms,Zara,185.23,3.1,CUST_1087
ITEM_18969,Fashion Product 8970,Tops,H&M,159.67,2.6,CUST_1224
ITEM_18970,Fashion Product 8971,Accessories,H&M,184.49,4.1,CUST_1494
ITEM_18971,Fashion Product 8972,Outerwear,Uniqlo,200.02,4.5,CUST_1051
ITEM_18972,Fashion Product 8973,Tops,Uniqlo,115.84,4.7,CUST_1126
ITEM_18973,Fashion Product 8974,Tops,Zara,134.84,3.7,CUST_1146
ITEM_18974,Fashion Product 8975,Outerwear,Puma,246.74,4.8,CUST_1041
ITEM_18975,Fashion Product 8976,Dresses,Puma,242.33,3.0,CUST_1355
ITEM_18976,Fashion Product 8977,Bottoms,Zara,109.56,3.8,CUST_1445
ITEM_18977,Fashion Product 8978,Dresses,Gucci,174.44,3.0,CUST_1363
ITEM_18978,Fashion Product 8979,Accessories,Puma,74.22,3.0,CUST_1024
ITEM_18979,Fashion Product 8980,Footwear,Puma,46.65,4.9,CUST_1303
ITEM_18980,Fashion Product 8981,Footwear,Mango,194.42,4.5,CUST_1284
ITEM_18981,Fashion Product 8982,Footwear,Uniqlo,114.68,2.5,CUST_1036
ITEM_18982,Fashion Product 8983,Outerwear,Gucci,52.49,3.2,CUST_1277
ITEM_18983,Fashion Product 8984,Tops,H&M,192.12,3.0,CUST_1184
ITEM_18984,Fashion Product 8985,Dresses,Puma,229.64,2.9,CUST_1325
ITEM_18985,Fashion Product 8986,Bottoms,Nike,233.99,4.2,CUST_1154
ITEM_18986,Fashion Product 8987,Footwear,Nike,153.12,3.9,CUST_1498
ITEM_18987,Fashion Product 8988,Dresses,Puma,125.11,3.6,CUST_1182
ITEM_18988,Fashion Product 8989,Footwear,Nike,44.05,3.0,CUST_1471
ITEM_18989,Fashion Product 8990,Footwear,Adidas,200.27,3.2,CUST_1300
ITEM_18990,Fashion Product 8991,Bottoms,Gucci,236.88,3.4,CUST_1417
ITEM_18991,Fashion Product 8992,Accessories,Uniqlo,223.47,4.5,CUST_1154
ITEM_18992,Fashion Product 8993,Accessories,Puma,190.43,5.0,CUST_1377
ITEM_18993,Fashion Product 8994,Accessories,Puma,11.1,3.0,CUST_1150
ITEM_18994,Fashion Product 8995,Outerwear,H&M,107.86,3.4,CUST_1404
ITEM_18995,Fashion Product 8996,Tops,Gucci,108.57,3.2,CUST_1002
ITEM_18996,Fashion Product 8997,Outerwear,Levi's,224.65,2.6,CUST_1297
ITEM_18997,Fashion Product 8998,Dresses,Mango,25.76,3.0,CUST_1054
ITEM_18998,Fashion Product 8999,Outerwear,Adidas,137.49,4.8,CUST_1441
ITEM_18999,Fashion Product 9000,Dresses,Zara,42.67,4.6,CUST_1402
ITEM_19000,Fashion Product 9001,Dresses,Zara,168.95,2.9,CUST_1389
ITEM_19001,Fashion Product 9002,Tops,Levi's,200.14,3.4,CUST_1246
ITEM_19002,Fashion Product 9003,Bottoms,Uniqlo,164.07,3.3,CUST_1480
ITEM_19003,Fashion Product 9004,Tops,Zara,200.7,2.9,CUST_1046
ITEM_19004,Fashion Product 9005,Accessories,Nike,155.8,4.1,CUST_1075
ITEM_19005,Fashion Product 9006,Accessories,Mango,55.56,3.9,CUST_1149
ITEM_19006,Fashion Product 9007,Outerwear,Gucci,101.84,3.6,CUST_1406
ITEM_19007,Fashion Product 9008,Dresses,H&M,239.65,4.6,CUST_1003
ITEM_19008,Fashion Product 9009,Footwear,Gucci,79.16,4.0,CUST_1009
ITEM_19009,Fashion Product 9010,Footwear,Zara,25.09,3.1,CUST_1002
ITEM_19010,Fashion Product 9011,Dresses,H&M,102.36,3.4,CUST_1238
ITEM_19011,Fashion Product 9012,Tops,Gucci,97.91,2.9,CUST_1028
ITEM_19012,Fashion Product 9013,Bottoms,Puma,122.87,4.0,CUST_1290
ITEM_19013,Fashion Product 9014,Tops,Adidas,144.47,4.0,CUST_1181
ITEM_19014,Fashion Product 9015,Dresses,H&M,248.18,4.7,CUST_1315
ITEM_19015,Fashion Product 9016,Dresses,Levi's,191.5,4.6,CUST_1266
ITEM_19016,Fashion Product 9017,Bottoms,Adidas,18.61,4.6,CUST_1083
ITEM_19017,Fashion Product 9018,Outerwear,Gucci,181.05,3.9,CUST_1349
ITEM_19018,Fashion Product 9019,Outerwear,Uniqlo,207.82,4.1,CUST_1253
ITEM_19019,Fashion Product 9020,Bottoms,Levi's,224.95,4.4,CUST_1258
ITEM_19020,Fashion Product 9021,Outerwear,Puma,111.76,2.7,CUST_1048
ITEM_19021,Fashion Product 9022,Footwear,H&M,85.27,3.3,CUST_1134
ITEM_19022,Fashion Product 9023,Outerwear,Nike,211.44,2.9,CUST_1300
ITEM_19023,Fashion Product 9024,Outerwear,H&M,196.63,3.8,CUST_1438
ITEM_19024,Fashion Product 9025,Outerwear,Adidas,138.65,4.6,CUST_1199
ITEM_19025,Fashion Product 9026,Footwear,H&M,38.29,3.1,CUST_1292
ITEM_19026,Fashion Product 9027,Outerwear,Adidas,166.42,4.3,CUST_1136
ITEM_19027,Fashion Product 9028,Accessories,Levi's,25.76,3.5,CUST_1083
ITEM_19028,Fashion Product 9029,Footwear,H&M,34.09,4.8,CUST_1266
ITEM_19029,Fashion Product 9030,Bottoms,Levi's,89.47,4.1,CUST_1417
ITEM_19030,Fashion Product 9031,Tops,Puma,99.08,4.9,CUST_1485
ITEM_19031,Fashion Product 9032,Bottoms,Puma,120.87,3.1,CUST_1358
ITEM_19032,Fashion Product 9033,Tops,Adidas,91.39,4.8,CUST_1219
ITEM_19033,Fashion Product 9034,Bottoms,Gucci,18.11,3.4,CUST_1349
ITEM_19034,Fashion Product 9035,Accessories,Puma,47.78,4.1,CUST_1019
ITEM_19035,Fashion Product 9036,Tops,Mango,37.63,2.9,CUST_1018
ITEM_19036,Fashion Product 9037,Tops,H&M,113.48,4.4,CUST_1371
ITEM_19037,Fashion Product 9038,Dresses,Mango,60.91,4.9,CUST_1179
ITEM_19038,Fashion Product 9039,Tops,H&M,80.45,4.5,CUST_1023
ITEM_19039,Fashion Product 9040,Tops,Zara,123.18,4.0,CUST_1385
ITEM_19040,Fashion Product 9041,Dresses,Levi's,66.53,3.6,CUST_1315
ITEM_19041,Fashion Product 9042,Outerwear,Adidas,69.02,3.4,CUST_1244
ITEM_19042,Fashion Product 9043,Outerwear,Uniqlo,209.95,3.5,CUST_1107
ITEM_19043,Fashion Product 9044,Dresses,Gucci,141.54,3.3,CUST_1131
ITEM_19044,Fashion Product 9045,Footwear,Adidas,215.62,4.6,CUST_1010
ITEM_19045,Fashion Product 9046,Tops,Puma,133.49,4.7,CUST_1379
ITEM_19046,Fashion Product 9047,Tops,Nike,228.22,4.9,CUST_1199
ITEM_19047,Fashion Product 9048,Dresses,Gucci,71.14,3.5,CUST_1305
ITEM_19048,Fashion Product 9049,Dresses,Gucci,158.0,3.9,CUST_1312
ITEM_19049,Fashion Product 9050,Footwear,Nike,130.78,3.9,CUST_1090
ITEM_19050,Fashion Product 9051,Accessories,Levi's,230.49,4.1,CUST_1144
ITEM_19051,Fashion Product 9052,Outerwear,Gucci,110.44,2.5,CUST_1295
ITEM_19052,Fashion Product 9053,Bottoms,Zara,215.16,4.6,CUST_1109
ITEM_19053,Fashion Product 9054,Accessories,Gucci,145.34,3.2,CUST_1352
ITEM_19054,Fashion Product 9055,Outerwear,Uniqlo,180.05,3.7,CUST_1204
ITEM_19055,Fashion Product 9056,Tops,Mango,222.85,4.6,CUST_1044
ITEM_19056,Fashion Product 9057,Accessories,Levi's,249.26,5.0,CUST_1008
ITEM_19057,Fashion Product 9058,Dresses,Adidas,185.47,4.5,CUST_1392
ITEM_19058,Fashion Product 9059,Footwear,Puma,85.49,2.6,CUST_1301
ITEM_19059,Fashion Product 9060,Outerwear,Zara,81.76,3.4,CUST_1395
ITEM_19060,Fashion Product 9061,Footwear,Levi's,84.18,3.1,CUST_1353
ITEM_19061,Fashion Product 9062,Outerwear,Mango,33.5,4.9,CUST_1153
ITEM_19062,Fashion Product 9063,Accessories,Uniqlo,22.86,3.2,CUST_1017
ITEM_19063,Fashion Product 9064,Tops,Mango,149.4,4.9,CUST_1479
ITEM_19064,Fashion Product 9065,Bottoms,Adidas,204.54,4.8,CUST_1339
ITEM_19065,Fashion Product 9066,Footwear,Nike,18.67,4.6,CUST_1237
ITEM_19066,Fashion Product 9067,Footwear,Puma,145.99,2.7,CUST_1439
ITEM_19067,Fashion Product 9068,Bottoms,Nike,99.22,2.5,CUST_1335
ITEM_19068,Fashion Product 9069,Footwear,H&M,224.2,4.5,CUST_1056
ITEM_19069,Fashion Product 9070,Footwear,Uniqlo,44.89,4.6,CUST_1044
ITEM_19070,Fashion Product 9071,Outerwear,Puma,145.22,4.9,CUST_1309
ITEM_19071,Fashion Product 9072,Outerwear,Adidas,243.02,3.0,CUST_1241
ITEM_19072,Fashion Product 9073,Bottoms,Levi's,92.81,4.3,CUST_1419
ITEM_19073,Fashion Product 9074,Tops,Puma,188.03,3.8,CUST_1039
ITEM_19074,Fashion Product 9075,Accessories,Levi's,221.79,3.3,CUST_1130
ITEM_19075,Fashion Product 9076,Accessories,Levi's,54.69,4.0,CUST_1098
ITEM_19076,Fashion Product 9077,Footwear,H&M,248.21,3.9,CUST_1281
ITEM_19077,Fashion Product 9078,Tops,Zara,204.25,3.2,CUST_1422
ITEM_19078,Fashion Product 9079,Bottoms,Uniqlo,43.02,3.2,CUST_1452
ITEM_19079,Fashion Product 9080,Bottoms,Uniqlo,84.61,3.7,CUST_1080
ITEM_19080,Fashion Product 9081,Outerwear,H&M,159.99,3.7,CUST_1288
ITEM_19081,Fashion Product 9082,Footwear,Nike,222.38,3.3,CUST_1335
ITEM_19082,Fashion Product 9083,Dresses,Nike,56.76,3.2,CUST_1234
ITEM_19083,Fashion Product 9084,Bottoms,Adidas,185.49,4.9,CUST_1334
ITEM_19084,Fashion Product 9085,Footwear,Zara,74.96,4.7,CUST_1169
ITEM_19085,Fashion Product 9086,Tops,Levi's,203.3,4.5,CUST_1079
ITEM_19086,Fashion Product 9087,Outerwear,Gucci,174.03,3.0,CUST_1071
ITEM_19087,Fashion Product 9088,Accessories,Gucci,135.5,3.0,CUST_1263
ITEM_19088,Fashion Product 9089,Tops,Nike,165.97,4.5,CUST_1200
ITEM_19089,Fashion Product 9090,Bottoms,H&M,220.35,3.0,CUST_1211
ITEM_19090,Fashion Product 9091,Bottoms,Zara,102.74,3.8,CUST_1018
ITEM_19091,Fashion Product 9092,Tops,Mango,194.62,3.1,CUST_1273
ITEM_19092,Fashion Product 9093,Bottoms,Zara,48.14,3.4,CUST_1210
ITEM_19093,Fashion Product 9094,Footwear,Adidas,178.28,4.6,CUST_1467
ITEM_19094,Fashion Product 9095,Bottoms,Levi's,190.16,4.7,CUST_1117
ITEM_19095,Fashion Product 9096,Outerwear,Levi's,116.32,5.0,CUST_1104
ITEM_19096,Fashion Product 9097,Footwear,Uniqlo,200.47,4.9,CUST_1077
ITEM_19097,Fashion Product 9098,Dresses,Puma,143.7,4.2,CUST_1315
ITEM_19098,Fashion Product 9099,Bottoms,Puma,234.71,3.6,CUST_1011
ITEM_19099,Fashion Product 9100,Bottoms,Uniqlo,36.99,2.6,CUST_1381
ITEM_19100,Fashion Product 9101,Outerwear,Adidas,41.4,4.0,CUST_1051
ITEM_19101,Fashion Product 9102,Outerwear,Levi's,212.18,3.0,CUST_1007
ITEM_19102,Fashion Product 9103,Accessories,Puma,212.17,4.6,CUST_1411
ITEM_19103,Fashion Product 9104,Tops,Puma,123.09,3.9,CUST_1443
ITEM_19104,Fashion Product 9105,Tops,Puma,241.35,4.3,CUST_1037
ITEM_19105,Fashion Product 9106,Tops,Levi's,173.05,4.2,CUST_1261
ITEM_19106,Fashion Product 9107,Outerwear,Adidas,245.88,3.4,CUST_1062
ITEM_19107,Fashion Product 9108,Tops,Mango,137.77,4.4,CUST_1200
ITEM_19108,Fashion Product 9109,Tops,Nike,58.39,4.6,CUST_1330
ITEM_19109,Fashion Product 9110,Dresses,Zara,116.65,4.4,CUST_1485
ITEM_19110,Fashion Product 9111,Tops,H&M,245.32,4.4,CUST_1090
ITEM_19111,Fashion Product 9112,Bottoms,Gucci,98.9,3.4,CUST_1079
ITEM_19112,Fashion Product 9113,Accessories,Zara,239.68,4.9,CUST_1055
ITEM_19113,Fashion Product 9114,Outerwear,Puma,201.29,3.6,CUST_1400
ITEM_19114,Fashion Product 9115,Footwear,Adidas,116.11,4.7,CUST_1221
ITEM_19115,Fashion Product 9116,Accessories,Mango,140.05,4.6,CUST_1092
ITEM_19116,Fashion Product 9117,Dresses,Gucci,155.79,2.8,CUST_1074
ITEM_19117,Fashion Product 9118,Outerwear,Uniqlo,169.78,4.9,CUST_1056
ITEM_19118,Fashion Product 9119,Outerwear,Mango,28.41,5.0,CUST_1232
ITEM_19119,Fashion Product 9120,Bottoms,Nike,234.06,4.0,CUST_1179
ITEM_19120,Fashion Product 9121,Accessories,Puma,153.28,4.5,CUST_1452
ITEM_19121,Fashion Product 9122,Accessories,H&M,233.48,4.8,CUST_1430
ITEM_19122,Fashion Product 9123,Tops,Gucci,161.66,2.6,CUST_1061
ITEM_19123,Fashion Product 9124,Bottoms,Puma,113.44,4.8,CUST_1360
ITEM_19124,Fashion Product 9125,Tops,Gucci,146.06,4.1,CUST_1117
ITEM_19125,Fashion Product 9126,Tops,H&M,209.08,4.6,CUST_1078
ITEM_19126,Fashion Product 9127,Outerwear,Nike,88.27,3.9,CUST_1236
ITEM_19127,Fashion Product 9128,Accessories,Uniqlo,239.55,3.8,CUST_1033
ITEM_19128,Fashion Product 9129,Tops,Levi's,121.83,4.7,CUST_1055
ITEM_19129,Fashion Product 9130,Dresses,Adidas,239.5,3.8,CUST_1243
ITEM_19130,Fashion Product 9131,Dresses,Mango,221.38,3.7,CUST_1274
ITEM_19131,Fashion Product 9132,Accessories,Zara,194.24,4.0,CUST_1396
ITEM_19132,Fashion Product 9133,Dresses,Uniqlo,122.19,3.8,CUST_1074
ITEM_19133,Fashion Product 9134,Outerwear,Uniqlo,150.87,3.6,CUST_1021
ITEM_19134,Fashion Product 9135,Bottoms,Gucci,211.13,3.0,CUST_1353
ITEM_19135,Fashion Product 9136,Footwear,Gucci,140.57,3.5,CUST_1462
ITEM_19136,Fashion Product 9137,Tops,Mango,187.17,3.2,CUST_1201
ITEM_19137,Fashion Product 9138,Footwear,Gucci,199.76,3.5,CUST_1154
ITEM_19138,Fashion Product 9139,Bottoms,Levi's,133.14,4.0,CUST_1254
ITEM_19139,Fashion Product 9140,Bottoms,Adidas,138.7,4.0,CUST_1207
ITEM_19140,Fashion Product 9141,Outerwear,Zara,57.48,3.1,CUST_1149
ITEM_19141,Fashion Product 9142,Dresses,Zara,68.74,2.7,CUST_1406
ITEM_19142,Fashion Product 9143,Dresses,H&M,227.19,4.4,CUST_1183
ITEM_19143,Fashion Product 9144,Bottoms,H&M,211.68,3.8,CUST_1302
ITEM_19144,Fashion Product 9145,Outerwear,Adidas,12.43,3.6,CUST_1297
ITEM_19145,Fashion Product 9146,Outerwear,Puma,218.65,2.8,CUST_1491
ITEM_19146,Fashion Product 9147,Accessories,Puma,16.06,3.5,CUST_1261
ITEM_19147,Fashion Product 9148,Tops,Uniqlo,119.99,4.5,CUST_1044
ITEM_19148,Fashion Product 9149,Dresses,Uniqlo,26.18,4.0,CUST_1144
ITEM_19149,Fashion Product 9150,Bottoms,Nike,242.52,2.7,CUST_1244
ITEM_19150,Fashion Product 9151,Accessories,H&M,243.36,3.3,CUST_1419
ITEM_19151,Fashion Product 9152,Footwear,Nike,156.61,4.9,CUST_1005
ITEM_19152,Fashion Product 9153,Dresses,Gucci,104.13,3.9,CUST_1062
ITEM_19153,Fashion Product 9154,Tops,Zara,132.88,3.2,CUST_1346
ITEM_19154,Fashion Product 9155,Outerwear,Uniqlo,192.95,4.8,CUST_1026
ITEM_19155,Fashion Product 9156,Bottoms,Puma,63.57,3.3,CUST_1317
ITEM_19156,Fashion Product 9157,Dresses,Adidas,116.01,4.3,CUST_1435
ITEM_19157,Fashion Product 9158,Footwear,H&M,186.94,2.9,CUST_1325
ITEM_19158,Fashion Product 9159,Tops,Zara,104.89,2.9,CUST_1184
ITEM_19159,Fashion Product 9160,Tops,Mango,17.68,3.9,CUST_1306
ITEM_19160,Fashion Product 9161,Accessories,Adidas,131.77,3.1,CUST_1381
ITEM_19161,Fashion Product 9162,Dresses,Nike,186.98,2.6,CUST_1036
ITEM_19162,Fashion Product 9163,Footwear,Levi's,244.44,4.8,CUST_1408
ITEM_19163,Fashion Product 9164,Tops,Nike,18.89,2.6,CUST_1463
ITEM_19164,Fashion Product 9165,Bottoms,H&M,139.58,4.3,CUST_1030
ITEM_19165,Fashion Product 9166,Tops,Adidas,117.99,3.3,CUST_1069
ITEM_19166,Fashion Product 9167,Footwear,Levi's,68.19,4.8,CUST_1232
ITEM_19167,Fashion Product 9168,Outerwear,Gucci,163.06,5.0,CUST_1176
ITEM_19168,Fashion Product 9169,Outerwear,Mango,49.27,3.3,CUST_1278
ITEM_19169,Fashion Product 9170,Accessories,Nike,78.13,4.0,CUST_1033
ITEM_19170,Fashion Product 9171,Dresses,Mango,197.62,4.4,CUST_1069
ITEM_19171,Fashion Product 9172,Footwear,Adidas,120.5,2.8,CUST_1352
ITEM_19172,Fashion Product 9173,Accessories,Zara,248.48,4.3,CUST_1255
ITEM_19173,Fashion Product 9174,Tops,Adidas,102.75,4.8,CUST_1050
ITEM_19174,Fashion Product 9175,Tops,Puma,121.18,2.9,CUST_1496
ITEM_19175,Fashion Product 9176,Outerwear,Levi's,82.06,4.6,CUST_1023
ITEM_19176,Fashion Product 9177,Accessories,Zara,66.71,2.8,CUST_1254
ITEM_19177,Fashion Product 9178,Outerwear,Nike,231.35,3.9,CUST_1394
ITEM_19178,Fashion Product 9179,Bottoms,Gucci,189.72,3.3,CUST_1164
ITEM_19179,Fashion Product 9180,Outerwear,Mango,90.02,3.7,CUST_1370
ITEM_19180,Fashion Product 9181,Bottoms,Adidas,178.04,3.3,CUST_1273
ITEM_19181,Fashion Product 9182,Tops,H&M,241.79,3.2,CUST_1181
ITEM_19182,Fashion Product 9183,Accessories,Nike,27.77,4.4,CUST_1347
ITEM_19183,Fashion Product 9184,Bottoms,H&M,73.48,3.1,CUST_1250
ITEM_19184,Fashion Product 9185,Accessories,Zara,58.14,3.5,CUST_1237
ITEM_19185,Fashion Product 9186,Accessories,Puma,218.75,3.2,CUST_1392
ITEM_19186,Fashion Product 9187,Bottoms,Nike,53.01,3.1,CUST_1232
ITEM_19187,Fashion Product 9188,Dresses,Puma,83.94,4.1,CUST_1428
ITEM_19188,Fashion Product 9189,Outerwear,Puma,140.53,2.6,CUST_1445
ITEM_19189,Fashion Product 9190,Bottoms,Gucci,159.06,4.5,CUST_1122
ITEM_19190,Fashion Product 9191,Tops,Zara,203.96,3.9,CUST_1242
ITEM_19191,Fashion Product 9192,Accessories,Adidas,107.76,4.6,CUST_1134
ITEM_19192,Fashion Product 9193,Footwear,Levi's,138.22,3.0,CUST_1071
ITEM_19193,Fashion Product 9194,Bottoms,Puma,241.71,4.3,CUST_1346
ITEM_19194,Fashion Product 9195,Outerwear,Zara,81.37,3.6,CUST_1465
ITEM_19195,Fashion Product 9196,Accessories,Gucci,69.54,2.7,CUST_1421
ITEM_19196,Fashion Product 9197,Dresses,Nike,180.54,4.4,CUST_1310
ITEM_19197,Fashion Product 9198,Tops,Uniqlo,195.07,4.4,CUST_1279
ITEM_19198,Fashion Product 9199,Dresses,Uniqlo,109.55,3.2,CUST_1219
ITEM_19199,Fashion Product 9200,Footwear,Gucci,61.11,4.8,CUST_1185
ITEM_19200,Fashion Product 9201,Bottoms,Zara,196.94,4.4,CUST_1307
ITEM_19201,Fashion Product 9202,Accessories,Gucci,170.92,3.3,CUST_1488
ITEM_19202,Fashion Product 9203,Bottoms,Levi's,220.29,3.1,CUST_1314
ITEM_19203,Fashion Product 9204,Outerwear,Levi's,212.64,3.6,CUST_1403
ITEM_19204,Fashion Product 9205,Bottoms,Adidas,59.25,3.2,CUST_1411
ITEM_19205,Fashion Product 9206,Tops,Uniqlo,209.76,3.0,CUST_1217
ITEM_19206,Fashion Product 9207,Footwear,Uniqlo,52.04,3.5,CUST_1488
ITEM_19207,Fashion Product 9208,Dresses,Levi's,217.29,2.6,CUST_1281
ITEM_19208,Fashion Product 9209,Footwear,Gucci,194.88,3.5,CUST_1405
ITEM_19209,Fashion Product 9210,Accessories,Puma,146.77,3.1,CUST_1379
ITEM_19210,Fashion Product 9211,Bottoms,Nike,164.13,3.2,CUST_1281
ITEM_19211,Fashion Product 9212,Accessories,Uniqlo,34.98,2.7,CUST_1125
ITEM_19212,Fashion Product 9213,Dresses,Levi's,19.57,4.0,CUST_1179
ITEM_19213,Fashion Product 9214,Accessories,Gucci,89.36,3.7,CUST_1327
ITEM_19214,Fashion Product 9215,Outerwear,Zara,207.14,4.4,CUST_1035
ITEM_19215,Fashion Product 9216,Footwear,Nike,121.79,5.0,CUST_1070
ITEM_19216,Fashion Product 9217,Dresses,H&M,63.61,2.8,CUST_1360
ITEM_19217,Fashion Product 9218,Dresses,H&M,210.29,3.2,CUST_1178
ITEM_19218,Fashion Product 9219,Dresses,Gucci,64.87,4.2,CUST_1399
ITEM_19219,Fashion Product 9220,Tops,Mango,205.72,3.1,CUST_1408
ITEM_19220,Fashion Product 9221,Footwear,Mango,118.72,2.6,CUST_1049
ITEM_19221,Fashion Product 9222,Accessories,Uniqlo,121.24,2.8,CUST_1068
ITEM_19222,Fashion Product 9223,Dresses,Zara,75.45,3.6,CUST_1007
ITEM_19223,Fashion Product 9224,Footwear,Puma,226.04,3.6,CUST_1094
ITEM_19224,Fashion Product 9225,Dresses,Gucci,31.31,4.9,CUST_1384
ITEM_19225,Fashion Product 9226,Outerwear,H&M,44.66,3.7,CUST_1081
ITEM_19226,Fashion Product 9227,Outerwear,H&M,162.61,4.2,CUST_1438
ITEM_19227,Fashion Product 9228,Outerwear,Zara,214.03,3.7,CUST_1250
ITEM_19228,Fashion Product 9229,Bottoms,Uniqlo,32.91,3.2,CUST_1038
ITEM_19229,Fashion Product 9230,Dresses,Mango,186.1,2.8,CUST_1350
ITEM_19230,Fashion Product 9231,Bottoms,Adidas,188.2,4.6,CUST_1045
ITEM_19231,Fashion Product 9232,Footwear,Uniqlo,149.57,2.9,CUST_1359
ITEM_19232,Fashion Product 9233,Bottoms,Uniqlo,126.81,2.7,CUST_1137
ITEM_19233,Fashion Product 9234,Footwear,Puma,87.06,3.0,CUST_1311
ITEM_19234,Fashion Product 9235,Footwear,Puma,94.35,2.5,CUST_1467
ITEM_19235,Fashion Product 9236,Footwear,H&M,171.86,2.7,CUST_1308
ITEM_19236,Fashion Product 9237,Accessories,Puma,25.67,4.1,CUST_1461
ITEM_19237,Fashion Product 9238,Bottoms,H&M,150.38,3.1,CUST_1367
ITEM_19238,Fashion Product 9239,Accessories,Uniqlo,76.9,3.3,CUST_1305
ITEM_19239,Fashion Product 9240,Dresses,Zara,121.99,4.6,CUST_1229
ITEM_19240,Fashion Product 9241,Bottoms,Adidas,144.16,4.4,CUST_1183
ITEM_19241,Fashion Product 9242,Dresses,Zara,222.56,3.7,CUST_1467
ITEM_19242,Fashion Product 9243,Dresses,Uniqlo,148.98,4.0,CUST_1326
ITEM_19243,Fashion Product 9244,Footwear,Levi's,64.52,2.7,CUST_1204
ITEM_19244,Fashion Product 9245,Bottoms,Gucci,29.07,4.4,CUST_1463
ITEM_19245,Fashion Product 9246,Dresses,Mango,160.48,3.8,CUST_1111
ITEM_19246,Fashion Product 9247,Outerwear,Gucci,140.81,3.9,CUST_1387
ITEM_19247,Fashion Product 9248,Dresses,Adidas,171.23,4.2,CUST_1068
ITEM_19248,Fashion Product 9249,Outerwear,Puma,120.26,3.8,CUST_1357
ITEM_19249,Fashion Product 9250,Bottoms,Gucci,208.03,3.8,CUST_1038
ITEM_19250,Fashion Product 9251,Accessories,Puma,230.84,3.7,CUST_1198
ITEM_19251,Fashion Product 9252,Bottoms,Uniqlo,19.6,3.7,CUST_1305
ITEM_19252,Fashion Product 9253,Accessories,Adidas,188.58,4.4,CUST_1092
ITEM_19253,Fashion Product 9254,Accessories,Mango,18.44,3.6,CUST_1264
ITEM_19254,Fashion Product 9255,Bottoms,Mango,116.82,2.5,CUST_1243
ITEM_19255,Fashion Product 9256,Dresses,Levi's,120.78,4.0,CUST_1116
ITEM_19256,Fashion Product 9257,Tops,H&M,177.09,4.9,CUST_1095
ITEM_19257,Fashion Product 9258,Dresses,Mango,94.58,3.1,CUST_1213
ITEM_19258,Fashion Product 9259,Dresses,Nike,207.02,4.5,CUST_1246
ITEM_19259,Fashion Product 9260,Footwear,H&M,92.29,3.6,CUST_1173
ITEM_19260,Fashion Product 9261,Footwear,Mango,92.2,4.1,CUST_1285
ITEM_19261,Fashion Product 9262,Dresses,Uniqlo,63.46,4.7,CUST_1079
ITEM_19262,Fashion Product 9263,Outerwear,Adidas,174.13,4.4,CUST_1433
ITEM_19263,Fashion Product 9264,Accessories,Adidas,28.38,4.7,CUST_1280
ITEM_19264,Fashion Product 9265,Footwear,Nike,97.13,2.5,CUST_1149
ITEM_19265,Fashion Product 9266,Dresses,Uniqlo,74.05,3.0,CUST_1369
ITEM_19266,Fashion Product 9267,Tops,Nike,65.04,3.6,CUST_1279
ITEM_19267,Fashion Product 9268,Outerwear,Puma,24.64,4.6,CUST_1351
ITEM_19268,Fashion Product 9269,Bottoms,Zara,55.69,4.6,CUST_1226
ITEM_19269,Fashion Product 9270,Dresses,Mango,117.1,3.0,CUST_1412
ITEM_19270,Fashion Product 9271,Dresses,Uniqlo,130.9,2.9,CUST_1416
ITEM_19271,Fashion Product 9272,Accessories,Zara,74.68,4.6,CUST_1406
ITEM_19272,Fashion Product 9273,Outerwear,Zara,166.06,3.9,CUST_1446
ITEM_19273,Fashion Product 9274,Footwear,Adidas,90.59,4.1,CUST_1323
ITEM_19274,Fashion Product 9275,Footwear,Adidas,98.14,4.5,CUST_1118
ITEM_19275,Fashion Product 9276,Footwear,Puma,197.83,3.0,CUST_1073
ITEM_19276,Fashion Product 9277,Bottoms,Uniqlo,142.47,2.8,CUST_1006
ITEM_19277,Fashion Product 9278,Outerwear,Levi's,238.76,4.6,CUST_1321
ITEM_19278,Fashion Product 9279,Outerwear,Uniqlo,96.23,2.8,CUST_1022
ITEM_19279,Fashion Product 9280,Footwear,Puma,208.68,2.7,CUST_1179
ITEM_19280,Fashion Product 9281,Footwear,Adidas,187.2,3.2,CUST_1196
ITEM_19281,Fashion Product 9282,Accessories,Adidas,223.65,3.3,CUST_1109
ITEM_19282,Fashion Product 9283,Tops,Mango,239.63,3.1,CUST_1372
ITEM_19283,Fashion Product 9284,Tops,Gucci,11.84,4.4,CUST_1185
ITEM_19284,Fashion Product 9285,Dresses,Adidas,31.19,4.9,CUST_1456
ITEM_19285,Fashion Product 9286,Dresses,Nike,171.84,3.0,CUST_1055
ITEM_19286,Fashion Product 9287,Outerwear,Mango,103.65,4.5,CUST_1229
ITEM_19287,Fashion Product 9288,Outerwear,H&M,206.59,2.6,CUST_1426
ITEM_19288,Fashion Product 9289,Bottoms,Gucci,12.88,2.8,CUST_1436
ITEM_19289,Fashion Product 9290,Bottoms,Gucci,203.67,3.8,CUST_1445
ITEM_19290,Fashion Product 9291,Tops,Nike,42.46,5.0,CUST_1019
ITEM_19291,Fashion Product 9292,Dresses,Gucci,79.66,4.9,CUST_1364
ITEM_19292,Fashion Product 9293,Tops,Levi's,242.58,2.8,CUST_1385
ITEM_19293,Fashion Product 9294,Tops,Adidas,22.38,3.1,CUST_1425
ITEM_19294,Fashion Product 9295,Dresses,Adidas,93.77,4.9,CUST_1447
ITEM_19295,Fashion Product 9296,Bottoms,Mango,30.29,2.9,CUST_1216
ITEM_19296,Fashion Product 9297,Accessories,Puma,214.87,4.4,CUST_1048
ITEM_19297,Fashion Product 9298,Accessories,Nike,178.72,2.5,CUST_1465
ITEM_19298,Fashion Product 9299,Accessories,Adidas,202.08,4.1,CUST_1160
ITEM_19299,Fashion Product 9300,Dresses,Zara,136.55,3.7,CUST_1434
ITEM_19300,Fashion Product 9301,Footwear,Adidas,95.85,3.7,CUST_1398
ITEM_19301,Fashion Product 9302,Footwear,Uniqlo,10.55,4.6,CUST_1273
ITEM_19302,Fashion Product 9303,Footwear,Zara,76.7,2.7,CUST_1096
ITEM_19303,Fashion Product 9304,Outerwear,Puma,133.49,3.4,CUST_1481
ITEM_19304,Fashion Product 9305,Bottoms,Zara,169.45,3.6,CUST_1030
ITEM_19305,Fashion Product 9306,Bottoms,Gucci,64.94,2.8,CUST_1121
ITEM_19306,Fashion Product 9307,Outerwear,H&M,43.34,2.7,CUST_1367
ITEM_19307,Fashion Product 9308,Tops,Adidas,58.39,2.9,CUST_1435
ITEM_19308,Fashion Product 9309,Accessories,Mango,94.98,3.1,CUST_1354
ITEM_19309,Fashion Product 9310,Footwear,Levi's,45.61,4.9,CUST_1476
ITEM_19310,Fashion Product 9311,Accessories,Puma,47.64,3.7,CUST_1190
ITEM_19311,Fashion Product 9312,Footwear,Mango,20.5,3.8,CUST_1152
ITEM_19312,Fashion Product 9313,Accessories,Adidas,215.61,4.3,CUST_1376
ITEM_19313,Fashion Product 9314,Tops,Mango,62.74,4.2,CUST_1255
ITEM_19314,Fashion Product 9315,Accessories,Uniqlo,207.26,3.8,CUST_1191
ITEM_19315,Fashion Product 9316,Accessories,Zara,115.19,3.3,CUST_1142
ITEM_19316,Fashion Product 9317,Dresses,Levi's,161.79,3.3,CUST_1246
ITEM_19317,Fashion Product 9318,Accessories,Adidas,28.17,2.6,CUST_1034
ITEM_19318,Fashion Product 9319,Dresses,Gucci,150.06,4.7,CUST_1187
ITEM_19319,Fashion Product 9320,Bottoms,Puma,79.6,4.4,CUST_1367
ITEM_19320,Fashion Product 9321,Outerwear,Gucci,32.85,4.1,CUST_1449
ITEM_19321,Fashion Product 9322,Accessories,Zara,227.98,3.5,CUST_1086
ITEM_19322,Fashion Product 9323,Bottoms,Levi's,154.87,4.0,CUST_1161
ITEM_19323,Fashion Product 9324,Dresses,Zara,68.01,3.7,CUST_1364
ITEM_19324,Fashion Product 9325,Accessories,Nike,110.72,3.2,CUST_1118
ITEM_19325,Fashion Product 9326,Accessories,Gucci,95.66,3.2,CUST_1111
ITEM_19326,Fashion Product 9327,Tops,Zara,178.14,4.7,CUST_1058
ITEM_19327,Fashion Product 9328,Bottoms,Zara,155.78,4.1,CUST_1018
ITEM_19328,Fashion Product 9329,Footwear,Mango,14.75,2.5,CUST_1367
ITEM_19329,Fashion Product 9330,Footwear,Adidas,57.48,3.3,CUST_1359
ITEM_19330,Fashion Product 9331,Tops,Mango,124.75,3.3,CUST_1140
ITEM_19331,Fashion Product 9332,Dresses,Nike,116.92,4.3,CUST_1458
ITEM_19332,Fashion Product 9333,Footwear,Mango,134.0,4.3,CUST_1194
ITEM_19333,Fashion Product 9334,Footwear,H&M,181.55,3.7,CUST_1130
ITEM_19334,Fashion Product 9335,Outerwear,Gucci,173.68,4.9,CUST_1454
ITEM_19335,Fashion Product 9336,Bottoms,Mango,99.48,4.7,CUST_1212
ITEM_19336,Fashion Product 9337,Dresses,Uniqlo,220.62,4.7,CUST_1486
ITEM_19337,Fashion Product 9338,Accessories,Uniqlo,25.1,3.4,CUST_1284
ITEM_19338,Fashion Product 9339,Bottoms,Puma,150.28,3.6,CUST_1120
ITEM_19339,Fashion Product 9340,Dresses,Nike,237.92,3.5,CUST_1379
ITEM_19340,Fashion Product 9341,Footwear,Nike,141.78,3.6,CUST_1042
ITEM_19341,Fashion Product 9342,Outerwear,Mango,119.23,4.7,CUST_1003
ITEM_19342,Fashion Product 9343,Bottoms,Levi's,42.14,3.1,CUST_1432
ITEM_19343,Fashion Product 9344,Footwear,Zara,204.45,4.5,CUST_1229
ITEM_19344,Fashion Product 9345,Dresses,Adidas,99.71,3.8,CUST_1229
ITEM_19345,Fashion Product 9346,Bottoms,Zara,178.3,3.1,CUST_1490
ITEM_19346,Fashion Product 9347,Accessories,Zara,57.41,3.8,CUST_1473
ITEM_19347,Fashion Product 9348,Bottoms,Nike,20.05,3.0,CUST_1343
ITEM_19348,Fashion Product 9349,Footwear,Nike,83.31,2.8,CUST_1141
ITEM_19349,Fashion Product 9350,Bottoms,Uniqlo,77.54,4.6,CUST_1057
ITEM_19350,Fashion Product 9351,Accessories,Nike,219.63,4.2,CUST_1216
ITEM_19351,Fashion Product 9352,Outerwear,Mango,217.52,3.0,CUST_1131
ITEM_19352,Fashion Product 9353,Outerwear,Uniqlo,138.13,4.9,CUST_1114
ITEM_19353,Fashion Product 9354,Footwear,Gucci,14.56,2.6,CUST_1191
ITEM_19354,Fashion Product 9355,Dresses,Zara,64.8,3.3,CUST_1243
ITEM_19355,Fashion Product 9356,Footwear,Gucci,163.36,2.6,CUST_1294
ITEM_19356,Fashion Product 9357,Outerwear,Zara,34.34,2.9,CUST_1315
ITEM_19357,Fashion Product 9358,Tops,Zara,178.15,3.0,CUST_1028
ITEM_19358,Fashion Product 9359,Tops,Puma,12.87,4.5,CUST_1026
ITEM_19359,Fashion Product 9360,Bottoms,Zara,173.81,5.0,CUST_1084
ITEM_19360,Fashion Product 9361,Accessories,Levi's,212.69,4.7,CUST_1347
ITEM_19361,Fashion Product 9362,Bottoms,Gucci,122.61,4.1,CUST_1321
ITEM_19362,Fashion Product 9363,Tops,Zara,208.98,4.3,CUST_1330
ITEM_19363,Fashion Product 9364,Outerwear,H&M,197.57,3.8,CUST_1202
ITEM_19364,Fashion Product 9365,Bottoms,H&M,171.14,3.6,CUST_1061
ITEM_19365,Fashion Product 9366,Footwear,H&M,116.84,4.2,CUST_1185
ITEM_19366,Fashion Product 9367,Accessories,Mango,75.26,4.9,CUST_1246
ITEM_19367,Fashion Product 9368,Footwear,Uniqlo,216.61,2.6,CUST_1001
ITEM_19368,Fashion Product 9369,Accessories,Gucci,165.66,3.3,CUST_1416
ITEM_19369,Fashion Product 9370,Outerwear,Zara,201.52,3.3,CUST_1243
ITEM_19370,Fashion Product 9371,Bottoms,Uniqlo,142.47,3.5,CUST_1032
ITEM_19371,Fashion Product 9372,Accessories,Adidas,51.25,4.1,CUST_1235
ITEM_19372,Fashion Product 9373,Footwear,Levi's,245.07,3.8,CUST_1411
ITEM_19373,Fashion Product 9374,Bottoms,Adidas,53.86,2.5,CUST_1397
ITEM_19374,Fashion Product 9375,Bottoms,Nike,228.7,3.5,CUST_1017
ITEM_19375,Fashion Product 9376,Footwear,Uniqlo,59.95,4.0,CUST_1412
ITEM_19376,Fashion Product 9377,Tops,Puma,99.7,3.8,CUST_1089
ITEM_19377,Fashion Product 9378,Accessories,Zara,115.62,4.7,CUST_1052
ITEM_19378,Fashion Product 9379,Footwear,Mango,231.13,3.5,CUST_1370
ITEM_19379,Fashion Product 9380,Outerwear,Gucci,223.17,2.5,CUST_1164
ITEM_19380,Fashion Product 9381,Dresses,Zara,207.57,3.2,CUST_1303
ITEM_19381,Fashion Product 9382,Footwear,Gucci,100.4,2.8,CUST_1450
ITEM_19382,Fashion Product 9383,Bottoms,Puma,11.08,3.1,CUST_1416
ITEM_19383,Fashion Product 9384,Bottoms,Zara,173.58,3.4,CUST_1032
ITEM_19384,Fashion Product 9385,Footwear,Levi's,108.63,4.2,CUST_1198
ITEM_19385,Fashion Product 9386,Dresses,Nike,191.69,3.3,CUST_1351
ITEM_19386,Fashion Product 9387,Footwear,H&M,200.76,4.7,CUST_1379
ITEM_19387,Fashion Product 9388,Dresses,Puma,115.53,3.2,CUST_1439
ITEM_19388,Fashion Product 9389,Dresses,Nike,189.54,2.8,CUST_1201
ITEM_19389,Fashion Product 9390,Outerwear,Zara,211.58,2.9,CUST_1107
ITEM_19390,Fashion Product 9391,Accessories,Nike,232.83,4.8,CUST_1384
ITEM_19391,Fashion Product 9392,Bottoms,Mango,149.79,3.6,CUST_1336
ITEM_19392,Fashion Product 9393,Bottoms,Nike,196.83,3.5,CUST_1345
ITEM_19393,Fashion Product 9394,Dresses,Adidas,128.7,2.7,CUST_1296
ITEM_19394,Fashion Product 9395,Bottoms,Levi's,20.0,4.3,CUST_1028
ITEM_19395,Fashion Product 9396,Tops,Puma,47.25,4.2,CUST_1337
ITEM_19396,Fashion Product 9397,Dresses,H&M,40.77,3.4,CUST_1287
ITEM_19397,Fashion Product 9398,Bottoms,Zara,51.22,4.2,CUST_1119
ITEM_19398,Fashion Product 9399,Tops,Puma,12.45,3.4,CUST_1343
ITEM_19399,Fashion Product 9400,Outerwear,Uniqlo,216.09,2.7,CUST_1031
ITEM_19400,Fashion Product 9401,Bottoms,Puma,144.44,4.3,CUST_1154
ITEM_19401,Fashion Product 9402,Tops,Mango,101.96,4.9,CUST_1260
ITEM_19402,Fashion Product 9403,Footwear,Puma,108.35,4.1,CUST_1487
ITEM_19403,Fashion Product 9404,Accessories,Uniqlo,121.2,3.2,CUST_1107
ITEM_19404,Fashion Product 9405,Footwear,Nike,27.73,3.2,CUST_1251
ITEM_19405,Fashion Product 9406,Tops,Adidas,75.92,4.8,CUST_1363
ITEM_19406,Fashion Product 9407,Dresses,Nike,214.39,3.3,CUST_1107
ITEM_19407,Fashion Product 9408,Dresses,Nike,188.48,4.4,CUST_1442
ITEM_19408,Fashion Product 9409,Bottoms,Uniqlo,145.22,4.1,CUST_1117
ITEM_19409,Fashion Product 9410,Footwear,Gucci,125.37,4.0,CUST_1245
ITEM_19410,Fashion Product 9411,Dresses,H&M,72.15,3.0,CUST_1079
ITEM_19411,Fashion Product 9412,Dresses,Uniqlo,123.1,2.6,CUST_1229
ITEM_19412,Fashion Product 9413,Footwear,Nike,153.49,3.7,CUST_1486
ITEM_19413,Fashion Product 9414,Outerwear,Puma,181.03,5.0,CUST_1023
ITEM_19414,Fashion Product 9415,Dresses,H&M,49.99,3.0,CUST_1197
ITEM_19415,Fashion Product 9416,Accessories,Zara,205.15,3.8,CUST_1361
ITEM_19416,Fashion Product 9417,Tops,Zara,92.99,4.2,CUST_1188
ITEM_19417,Fashion Product 9418,Bottoms,Mango,130.78,3.7,CUST_1427
ITEM_19418,Fashion Product 9419,Dresses,Nike,155.9,3.8,CUST_1217
ITEM_19419,Fashion Product 9420,Accessories,Puma,127.14,4.2,CUST_1478
ITEM_19420,Fashion Product 9421,Accessories,Gucci,147.27,4.5,CUST_1247
ITEM_19421,Fashion Product 9422,Dresses,Adidas,36.77,3.3,CUST_1154
ITEM_19422,Fashion Product 9423,Outerwear,Adidas,113.72,4.7,CUST_1195
ITEM_19423,Fashion Product 9424,Tops,H&M,77.31,3.7,CUST_1116
ITEM_19424,Fashion Product 9425,Bottoms,Gucci,30.65,4.2,CUST_1196
ITEM_19425,Fashion Product 9426,Dresses,Zara,56.0,2.8,CUST_1055
ITEM_19426,Fashion Product 9427,Bottoms,Levi's,154.59,3.7,CUST_1175
ITEM_19427,Fashion Product 9428,Footwear,Zara,57.2,2.5,CUST_1466
ITEM_19428,Fashion Product 9429,Accessories,Zara,53.46,3.5,CUST_1443
ITEM_19429,Fashion Product 9430,Accessories,Zara,142.68,2.6,CUST_1485
ITEM_19430,Fashion Product 9431,Dresses,Puma,227.13,4.7,CUST_1459
ITEM_19431,Fashion Product 9432,Dresses,Uniqlo,199.29,4.2,CUST_1459
ITEM_19432,Fashion Product 9433,Footwear,Puma,227.22,4.5,CUST_1484
ITEM_19433,Fashion Product 9434,Outerwear,Adidas,149.92,3.7,CUST_1144
ITEM_19434,Fashion Product 9435,Dresses,Puma,108.38,4.6,CUST_1314
ITEM_19435,Fashion Product 9436,Accessories,Puma,185.11,4.7,CUST_1363
ITEM_19436,Fashion Product 9437,Bottoms,Uniqlo,72.73,3.4,CUST_1217
ITEM_19437,Fashion Product 9438,Tops,H&M,28.73,3.4,CUST_1257
ITEM_19438,Fashion Product 9439,Bottoms,Gucci,92.71,3.8,CUST_1127
ITEM_19439,Fashion Product 9440,Outerwear,H&M,81.82,2.6,CUST_1474
ITEM_19440,Fashion Product 9441,Tops,Levi's,172.13,5.0,CUST_1173
ITEM_19441,Fashion Product 9442,Bottoms,Adidas,142.33,3.4,CUST_1094
ITEM_19442,Fashion Product 9443,Bottoms,Levi's,43.18,3.7,CUST_1499
ITEM_19443,Fashion Product 9444,Footwear,Levi's,228.04,4.4,CUST_1390
ITEM_19444,Fashion Product 9445,Outerwear,Gucci,152.4,3.2,CUST_1219
ITEM_19445,Fashion Product 9446,Accessories,Gucci,119.84,3.0,CUST_1052
ITEM_19446,Fashion Product 9447,Footwear,Uniqlo,234.93,2.8,CUST_1019
ITEM_19447,Fashion Product 9448,Tops,Uniqlo,33.35,3.8,CUST_1358
ITEM_19448,Fashion Product 9449,Accessories,H&M,199.5,2.5,CUST_1237
ITEM_19449,Fashion Product 9450,Footwear,Uniqlo,97.52,4.3,CUST_1171
ITEM_19450,Fashion Product 9451,Outerwear,Uniqlo,176.89,3.7,CUST_1275
ITEM_19451,Fashion Product 9452,Dresses,Mango,233.37,3.8,CUST_1295
ITEM_19452,Fashion Product 9453,Dresses,Nike,134.25,3.2,CUST_1364
ITEM_19453,Fashion Product 9454,Tops,H&M,15.43,2.9,CUST_1160
ITEM_19454,Fashion Product 9455,Dresses,Gucci,16.92,4.2,CUST_1240
ITEM_19455,Fashion Product 9456,Footwear,H&M,89.33,3.0,CUST_1065
ITEM_19456,Fashion Product 9457,Tops,Gucci,197.6,4.5,CUST_1217
ITEM_19457,Fashion Product 9458,Accessories,Puma,79.18,3.0,CUST_1047
ITEM_19458,Fashion Product 9459,Outerwear,Nike,90.27,4.0,CUST_1397
ITEM_19459,Fashion Product 9460,Tops,Mango,198.27,4.1,CUST_1074
ITEM_19460,Fashion Product 9461,Accessories,Mango,37.89,3.8,CUST_1466
ITEM_19461,Fashion Product 9462,Tops,Adidas,213.24,5.0,CUST_1164
ITEM_19462,Fashion Product 9463,Bottoms,Gucci,73.79,3.4,CUST_1470
ITEM_19463,Fashion Product 9464,Bottoms,Adidas,22.29,4.7,CUST_1198
ITEM_19464,Fashion Product 9465,Tops,Puma,38.16,2.9,CUST_1411
ITEM_19465,Fashion Product 9466,Dresses,Mango,238.61,3.3,CUST_1328
ITEM_19466,Fashion Product 9467,Bottoms,Puma,118.32,2.9,CUST_1408
ITEM_19467,Fashion Product 9468,Outerwear,Levi's,71.55,4.0,CUST_1148
ITEM_19468,Fashion Product 9469,Accessories,Nike,135.11,4.1,CUST_1086
ITEM_19469,Fashion Product 9470,Footwear,Puma,173.76,3.6,CUST_1009
ITEM_19470,Fashion Product 9471,Bottoms,Nike,86.51,4.3,CUST_1253
ITEM_19471,Fashion Product 9472,Tops,H&M,184.07,4.7,CUST_1232
ITEM_19472,Fashion Product 9473,Dresses,Puma,70.54,4.4,CUST_1376
ITEM_19473,Fashion Product 9474,Footwear,Uniqlo,36.96,3.1,CUST_1498
ITEM_19474,Fashion Product 9475,Accessories,Zara,141.93,3.3,CUST_1423
ITEM_19475,Fashion Product 9476,Accessories,Mango,46.27,3.5,CUST_1467
ITEM_19476,Fashion Product 9477,Bottoms,Mango,235.72,3.0,CUST_1247
ITEM_19477,Fashion Product 9478,Accessories,Mango,10.11,3.4,CUST_1370
ITEM_19478,Fashion Product 9479,Accessories,H&M,191.37,3.1,CUST_1001
ITEM_19479,Fashion Product 9480,Dresses,Zara,77.07,5.0,CUST_1267
ITEM_19480,Fashion Product 9481,Dresses,Nike,213.06,4.5,CUST_1105
ITEM_19481,Fashion Product 9482,Dresses,H&M,24.44,4.7,CUST_1234
ITEM_19482,Fashion Product 9483,Tops,Mango,238.72,4.8,CUST_1458
ITEM_19483,Fashion Product 9484,Accessories,Mango,34.33,4.2,CUST_1257
ITEM_19484,Fashion Product 9485,Accessories,Adidas,199.09,2.9,CUST_1475
ITEM_19485,Fashion Product 9486,Accessories,Adidas,134.16,4.4,CUST_1081
ITEM_19486,Fashion Product 9487,Outerwear,Levi's,113.29,2.5,CUST_1123
ITEM_19487,Fashion Product 9488,Dresses,Adidas,77.24,2.8,CUST_1492
ITEM_19488,Fashion Product 9489,Footwear,Mango,211.93,2.6,CUST_1172
ITEM_19489,Fashion Product 9490,Bottoms,Uniqlo,57.94,2.8,CUST_1307
ITEM_19490,Fashion Product 9491,Footwear,Zara,183.1,4.4,CUST_1273
ITEM_19491,Fashion Product 9492,Tops,Uniqlo,116.99,4.7,CUST_1359
ITEM_19492,Fashion Product 9493,Tops,H&M,249.64,3.2,CUST_1247
ITEM_19493,Fashion Product 9494,Accessories,Nike,156.74,2.8,CUST_1363
ITEM_19494,Fashion Product 9495,Footwear,Puma,35.01,3.2,CUST_1376
ITEM_19495,Fashion Product 9496,Accessories,Puma,110.69,4.1,CUST_1194
ITEM_19496,Fashion Product 9497,Outerwear,Zara,25.91,3.4,CUST_1112
ITEM_19497,Fashion Product 9498,Tops,Gucci,78.56,4.9,CUST_1023
ITEM_19498,Fashion Product 9499,Tops,Puma,92.4,2.8,CUST_1425
ITEM_19499,Fashion Product 9500,Footwear,Zara,214.76,5.0,CUST_1382
ITEM_19500,Fashion Product 9501,Tops,Gucci,211.12,2.5,CUST_1315
ITEM_19501,Fashion Product 9502,Outerwear,H&M,12.77,3.6,CUST_1202
ITEM_19502,Fashion Product 9503,Outerwear,Gucci,137.75,3.1,CUST_1106
ITEM_19503,Fashion Product 9504,Outerwear,Nike,63.65,3.9,CUST_1094
ITEM_19504,Fashion Product 9505,Bottoms,Puma,86.82,2.7,CUST_1483
ITEM_19505,Fashion Product 9506,Outerwear,Mango,15.2,4.7,CUST_1025
ITEM_19506,Fashion Product 9507,Outerwear,Adidas,189.94,2.8,CUST_1145
ITEM_19507,Fashion Product 9508,Bottoms,H&M,238.14,4.0,CUST_1366
ITEM_19508,Fashion Product 9509,Accessories,H&M,62.62,2.6,CUST_1019
ITEM_19509,Fashion Product 9510,Dresses,Zara,92.03,3.3,CUST_1210
ITEM_19510,Fashion Product 9511,Tops,Levi's,59.54,2.9,CUST_1082
ITEM_19511,Fashion Product 9512,Outerwear,Gucci,233.21,4.9,CUST_1046
ITEM_19512,Fashion Product 9513,Tops,Gucci,12.25,2.5,CUST_1035
ITEM_19513,Fashion Product 9514,Footwear,Zara,150.13,3.4,CUST_1202
ITEM_19514,Fashion Product 9515,Tops,Adidas,218.98,3.3,CUST_1023
ITEM_19515,Fashion Product 9516,Accessories,Mango,54.71,4.1,CUST_1365
ITEM_19516,Fashion Product 9517,Bottoms,H&M,151.6,2.6,CUST_1470
ITEM_19517,Fashion Product 9518,Tops,Adidas,22.16,4.5,CUST_1300
ITEM_19518,Fashion Product 9519,Tops,Mango,205.5,3.7,CUST_1265
ITEM_19519,Fashion Product 9520,Tops,Levi's,75.86,3.6,CUST_1416
ITEM_19520,Fashion Product 9521,Dresses,Zara,247.3,3.1,CUST_1346
ITEM_19521,Fashion Product 9522,Dresses,Nike,231.28,3.7,CUST_1349
ITEM_19522,Fashion Product 9523,Footwear,Levi's,185.8,3.4,CUST_1187
ITEM_19523,Fashion Product 9524,Bottoms,Zara,129.24,3.1,CUST_1298
ITEM_19524,Fashion Product 9525,Tops,Zara,193.98,2.9,CUST_1190
ITEM_19525,Fashion Product 9526,Tops,Zara,41.35,4.3,CUST_1403
ITEM_19526,Fashion Product 9527,Tops,Puma,84.45,2.9,CUST_1240
ITEM_19527,Fashion Product 9528,Tops,Adidas,16.46,2.9,CUST_1349
ITEM_19528,Fashion Product 9529,Dresses,Mango,164.81,3.9,CUST_1373
ITEM_19529,Fashion Product 9530,Accessories,Gucci,203.33,3.1,CUST_1127
ITEM_19530,Fashion Product 9531,Accessories,H&M,237.11,3.6,CUST_1291
ITEM_19531,Fashion Product 9532,Footwear,H&M,174.76,3.9,CUST_1460
ITEM_19532,Fashion Product 9533,Outerwear,Nike,185.7,3.2,CUST_1392
ITEM_19533,Fashion Product 9534,Bottoms,Nike,224.91,3.4,CUST_1473
ITEM_19534,Fashion Product 9535,Accessories,Nike,234.73,3.0,CUST_1475
ITEM_19535,Fashion Product 9536,Tops,Uniqlo,127.91,3.7,CUST_1111
ITEM_19536,Fashion Product 9537,Accessories,Nike,36.35,5.0,CUST_1043
ITEM_19537,Fashion Product 9538,Footwear,H&M,121.94,3.4,CUST_1301
ITEM_19538,Fashion Product 9539,Outerwear,Levi's,143.46,4.1,CUST_1134
ITEM_19539,Fashion Product 9540,Accessories,Mango,161.57,4.1,CUST_1013
ITEM_19540,Fashion Product 9541,Footwear,Nike,247.43,4.5,CUST_1011
ITEM_19541,Fashion Product 9542,Dresses,Levi's,230.22,4.3,CUST_1102
ITEM_19542,Fashion Product 9543,Outerwear,Uniqlo,105.13,2.5,CUST_1454
ITEM_19543,Fashion Product 9544,Footwear,Uniqlo,37.23,3.3,CUST_1197
ITEM_19544,Fashion Product 9545,Accessories,Gucci,61.55,4.7,CUST_1391
ITEM_19545,Fashion Product 9546,Dresses,Puma,51.71,3.8,CUST_1055
ITEM_19546,Fashion Product 9547,Footwear,Puma,95.44,2.8,CUST_1183
ITEM_19547,Fashion Product 9548,Footwear,Puma,220.36,3.2,CUST_1019
ITEM_19548,Fashion Product 9549,Accessories,Adidas,115.11,3.2,CUST_1363
ITEM_19549,Fashion Product 9550,Outerwear,Puma,146.15,4.7,CUST_1262
ITEM_19550,Fashion Product 9551,Dresses,Uniqlo,53.0,3.9,CUST_1473
ITEM_19551,Fashion Product 9552,Tops,Gucci,128.28,4.0,CUST_1009
ITEM_19552,Fashion Product 9553,Bottoms,Levi's,219.67,3.4,CUST_1148
ITEM_19553,Fashion Product 9554,Outerwear,Nike,195.63,2.7,CUST_1025
ITEM_19554,Fashion Product 9555,Dresses,Puma,29.49,2.7,CUST_1306
ITEM_19555,Fashion Product 9556,Footwear,Levi's,216.9,3.6,CUST_1072
ITEM_19556,Fashion Product 9557,Dresses,Zara,75.72,2.9,CUST_1434
ITEM_19557,Fashion Product 9558,Bottoms,H&M,169.77,2.8,CUST_1485
ITEM_19558,Fashion Product 9559,Accessories,Puma,45.13,3.2,CUST_1422
ITEM_19559,Fashion Product 9560,Bottoms,H&M,171.91,4.4,CUST_1322
ITEM_19560,Fashion Product 9561,Tops,Puma,18.57,2.7,CUST_1057
ITEM_19561,Fashion Product 9562,Tops,Zara,154.15,3.6,CUST_1022
ITEM_19562,Fashion Product 9563,Bottoms,Nike,165.03,4.6,CUST_1312
ITEM_19563,Fashion Product 9564,Outerwear,Adidas,68.68,3.2,CUST_1036
ITEM_19564,Fashion Product 9565,Outerwear,Mango,234.87,3.3,CUST_1179
ITEM_19565,Fashion Product 9566,Footwear,Levi's,21.03,4.7,CUST_1068
ITEM_19566,Fashion Product 9567,Tops,Levi's,224.01,4.1,CUST_1496
ITEM_19567,Fashion Product 9568,Footwear,Nike,101.66,4.5,CUST_1001
ITEM_19568,Fashion Product 9569,Tops,Gucci,181.34,3.2,CUST_1048
ITEM_19569,Fashion Product 9570,Bottoms,Uniqlo,166.37,5.0,CUST_1417
ITEM_19570,Fashion Product 9571,Outerwear,Puma,50.38,2.9,CUST_1152
ITEM_19571,Fashion Product 9572,Outerwear,Mango,86.56,4.9,CUST_1433
ITEM_19572,Fashion Product 9573,Bottoms,Gucci,137.12,4.8,CUST_1197
ITEM_19573,Fashion Product 9574,Footwear,Mango,213.16,3.9,CUST_1058
ITEM_19574,Fashion Product 9575,Footwear,Uniqlo,239.17,4.0,CUST_1048
ITEM_19575,Fashion Product 9576,Dresses,H&M,14.94,4.4,CUST_1441
ITEM_19576,Fashion Product 9577,Tops,Puma,94.61,3.3,CUST_1448
ITEM_19577,Fashion Product 9578,Footwear,Uniqlo,170.35,3.8,CUST_1355
ITEM_19578,Fashion Product 9579,Bottoms,Levi's,136.66,4.8,CUST_1234
ITEM_19579,Fashion Product 9580,Footwear,Levi's,236.33,2.7,CUST_1498
ITEM_19580,Fashion Product 9581,Outerwear,Puma,14.07,4.8,CUST_1437
ITEM_19581,Fashion Product 9582,Tops,Adidas,115.06,4.3,CUST_1188
ITEM_19582,Fashion Product 9583,Accessories,Nike,170.51,4.4,CUST_1382
ITEM_19583,Fashion Product 9584,Dresses,Nike,62.22,2.7,CUST_1114
ITEM_19584,Fashion Product 9585,Tops,Levi's,184.21,3.0,CUST_1090
ITEM_19585,Fashion Product 9586,Outerwear,Levi's,29.49,4.8,CUST_1369
ITEM_19586,Fashion Product 9587,Outerwear,Uniqlo,118.25,2.8,CUST_1427
ITEM_19587,Fashion Product 9588,Outerwear,Zara,172.3,4.1,CUST_1169
ITEM_19588,Fashion Product 9589,Outerwear,Adidas,74.02,4.5,CUST_1363
ITEM_19589,Fashion Product 9590,Bottoms,Gucci,27.72,3.1,CUST_1410
ITEM_19590,Fashion Product 9591,Dresses,Uniqlo,239.69,4.2,CUST_1443
ITEM_19591,Fashion Product 9592,Accessories,Uniqlo,229.32,2.7,CUST_1361
ITEM_19592,Fashion Product 9593,Outerwear,Levi's,232.33,3.7,CUST_1177
ITEM_19593,Fashion Product 9594,Outerwear,Levi's,244.84,3.3,CUST_1192
ITEM_19594,Fashion Product 9595,Footwear,Puma,54.33,4.1,CUST_1133
ITEM_19595,Fashion Product 9596,Dresses,Gucci,47.87,4.7,CUST_1172
ITEM_19596,Fashion Product 9597,Tops,Uniqlo,18.21,2.8,CUST_1018
ITEM_19597,Fashion Product 9598,Dresses,Gucci,224.04,3.6,CUST_1251
ITEM_19598,Fashion Product 9599,Dresses,Mango,190.66,3.6,CUST_1441
ITEM_19599,Fashion Product 9600,Accessories,Nike,161.98,3.3,CUST_1473
ITEM_19600,Fashion Product 9601,Dresses,Puma,232.64,3.7,CUST_1112
ITEM_19601,Fashion Product 9602,Accessories,Nike,148.02,4.7,CUST_1489
ITEM_19602,Fashion Product 9603,Outerwear,Puma,41.14,4.9,CUST_1040
ITEM_19603,Fashion Product 9604,Outerwear,Adidas,52.45,2.5,CUST_1102
ITEM_19604,Fashion Product 9605,Bottoms,Uniqlo,41.72,4.3,CUST_1369
ITEM_19605,Fashion Product 9606,Accessories,Nike,83.84,4.0,CUST_1174
ITEM_19606,Fashion Product 9607,Accessories,Gucci,101.08,5.0,CUST_1314
ITEM_19607,Fashion Product 9608,Tops,Uniqlo,201.24,2.7,CUST_1341
ITEM_19608,Fashion Product 9609,Footwear,Gucci,55.9,4.5,CUST_1408
ITEM_19609,Fashion Product 9610,Dresses,Nike,184.09,4.8,CUST_1412
ITEM_19610,Fashion Product 9611,Tops,Levi's,127.89,4.8,CUST_1302
ITEM_19611,Fashion Product 9612,Accessories,Mango,249.92,3.9,CUST_1196
ITEM_19612,Fashion Product 9613,Tops,Adidas,196.38,3.3,CUST_1072
ITEM_19613,Fashion Product 9614,Bottoms,Adidas,242.55,4.1,CUST_1182
ITEM_19614,Fashion Product 9615,Footwear,Nike,92.16,3.3,CUST_1241
ITEM_19615,Fashion Product 9616,Accessories,H&M,39.53,3.5,CUST_1289
ITEM_19616,Fashion Product 9617,Accessories,Mango,131.41,3.6,CUST_1323
ITEM_19617,Fashion Product 9618,Dresses,Zara,39.82,3.3,CUST_1113
ITEM_19618,Fashion Product 9619,Footwear,Puma,128.19,3.4,CUST_1340
ITEM_19619,Fashion Product 9620,Bottoms,Adidas,74.79,2.5,CUST_1163
ITEM_19620,Fashion Product 9621,Outerwear,Uniqlo,127.85,3.2,CUST_1039
ITEM_19621,Fashion Product 9622,Tops,Levi's,237.91,3.7,CUST_1235
ITEM_19622,Fashion Product 9623,Dresses,Zara,79.37,2.9,CUST_1431
ITEM_19623,Fashion Product 9624,Accessories,Uniqlo,248.42,4.5,CUST_1071
ITEM_19624,Fashion Product 9625,Outerwear,Nike,65.04,3.8,CUST_1219
ITEM_19625,Fashion Product 9626,Bottoms,Mango,59.95,4.5,CUST_1005
ITEM_19626,Fashion Product 9627,Footwear,Adidas,140.75,2.8,CUST_1241
ITEM_19627,Fashion Product 9628,Tops,Puma,212.09,4.6,CUST_1165
ITEM_19628,Fashion Product 9629,Dresses,Zara,189.88,4.9,CUST_1001
ITEM_19629,Fashion Product 9630,Accessories,Adidas,183.65,3.4,CUST_1470
ITEM_19630,Fashion Product 9631,Accessories,H&M,77.83,3.2,CUST_1381
ITEM_19631,Fashion Product 9632,Outerwear,H&M,15.4,4.1,CUST_1184
ITEM_19632,Fashion Product 9633,Outerwear,H&M,48.82,4.1,CUST_1391
ITEM_19633,Fashion Product 9634,Tops,Levi's,93.87,2.8,CUST_1369
ITEM_19634,Fashion Product 9635,Footwear,Nike,243.2,4.8,CUST_1448
ITEM_19635,Fashion Product 9636,Bottoms,Uniqlo,230.75,3.7,CUST_1008
ITEM_19636,Fashion Product 9637,Footwear,Adidas,58.15,4.4,CUST_1108
ITEM_19637,Fashion Product 9638,Footwear,Uniqlo,184.15,3.4,CUST_1382
ITEM_19638,Fashion Product 9639,Footwear,Uniqlo,148.96,3.2,CUST_1382
ITEM_19639,Fashion Product 9640,Tops,Adidas,21.96,2.8,CUST_1478
ITEM_19640,Fashion Product 9641,Tops,Levi's,99.21,3.2,CUST_1448
ITEM_19641,Fashion Product 9642,Bottoms,Levi's,126.66,5.0,CUST_1185
ITEM_19642,Fashion Product 9643,Footwear,Mango,170.22,4.1,CUST_1284
ITEM_19643,Fashion Product 9644,Tops,Nike,80.78,4.5,CUST_1154
ITEM_19644,Fashion Product 9645,Bottoms,Mango,234.12,4.9,CUST_1034
ITEM_19645,Fashion Product 9646,Accessories,Uniqlo,118.45,2.7,CUST_1497
ITEM_19646,Fashion Product 9647,Bottoms,Nike,69.65,2.9,CUST_1352
ITEM_19647,Fashion Product 9648,Footwear,Mango,85.94,4.8,CUST_1022
ITEM_19648,Fashion Product 9649,Dresses,Mango,190.45,3.9,CUST_1380
ITEM_19649,Fashion Product 9650,Footwear,H&M,163.67,4.1,CUST_1148
ITEM_19650,Fashion Product 9651,Dresses,Levi's,188.12,3.6,CUST_1398
ITEM_19651,Fashion Product 9652,Bottoms,Gucci,80.16,4.5,CUST_1151
ITEM_19652,Fashion Product 9653,Accessories,Mango,88.44,3.8,CUST_1067
ITEM_19653,Fashion Product 9654,Accessories,Zara,105.21,4.6,CUST_1403
ITEM_19654,Fashion Product 9655,Tops,H&M,55.26,5.0,CUST_1078
ITEM_19655,Fashion Product 9656,Accessories,Uniqlo,175.85,4.1,CUST_1232
ITEM_19656,Fashion Product 9657,Outerwear,Puma,89.04,3.8,CUST_1039
ITEM_19657,Fashion Product 9658,Bottoms,Levi's,88.3,3.4,CUST_1165
ITEM_19658,Fashion Product 9659,Tops,Adidas,74.65,3.0,CUST_1099
ITEM_19659,Fashion Product 9660,Accessories,H&M,118.68,4.1,CUST_1129
ITEM_19660,Fashion Product 9661,Bottoms,Zara,195.27,2.7,CUST_1019
ITEM_19661,Fashion Product 9662,Footwear,Zara,210.55,4.9,CUST_1271
ITEM_19662,Fashion Product 9663,Accessories,Adidas,203.08,4.1,CUST_1473
ITEM_19663,Fashion Product 9664,Dresses,Puma,159.09,4.9,CUST_1001
ITEM_19664,Fashion Product 9665,Bottoms,Levi's,77.3,3.2,CUST_1287
ITEM_19665,Fashion Product 9666,Tops,Levi's,186.37,4.9,CUST_1485
ITEM_19666,Fashion Product 9667,Footwear,Gucci,19.45,4.0,CUST_1180
ITEM_19667,Fashion Product 9668,Outerwear,Zara,201.56,4.5,CUST_1427
ITEM_19668,Fashion Product 9669,Footwear,Adidas,197.25,2.9,CUST_1256
ITEM_19669,Fashion Product 9670,Accessories,Mango,170.8,3.8,CUST_1174
ITEM_19670,Fashion Product 9671,Dresses,Mango,33.5,3.9,CUST_1342
ITEM_19671,Fashion Product 9672,Footwear,Uniqlo,249.36,3.5,CUST_1050
ITEM_19672,Fashion Product 9673,Outerwear,Zara,191.54,3.1,CUST_1020
ITEM_19673,Fashion Product 9674,Tops,Nike,186.35,4.8,CUST_1105
ITEM_19674,Fashion Product 9675,Bottoms,Uniqlo,25.36,2.7,CUST_1190
ITEM_19675,Fashion Product 9676,Dresses,Uniqlo,105.69,2.9,CUST_1239
ITEM_19676,Fashion Product 9677,Outerwear,Uniqlo,30.68,3.3,CUST_1043
ITEM_19677,Fashion Product 9678,Accessories,Adidas,96.65,4.8,CUST_1005
ITEM_19678,Fashion Product 9679,Accessories,Levi's,146.92,3.9,CUST_1463
ITEM_19679,Fashion Product 9680,Accessories,Uniqlo,220.93,3.4,CUST_1248
ITEM_19680,Fashion Product 9681,Dresses,Levi's,77.91,3.5,CUST_1066
ITEM_19681,Fashion Product 9682,Footwear,Levi's,159.62,4.6,CUST_1396
ITEM_19682,Fashion Product 9683,Dresses,Zara,49.52,2.6,CUST_1251
ITEM_19683,Fashion Product 9684,Accessories,Adidas,94.95,2.5,CUST_1128
ITEM_19684,Fashion Product 9685,Outerwear,Levi's,237.34,2.6,CUST_1185
ITEM_19685,Fashion Product 9686,Bottoms,Uniqlo,189.43,3.7,CUST_1188
ITEM_19686,Fashion Product 9687,Bottoms,Adidas,140.99,4.0,CUST_1183
ITEM_19687,Fashion Product 9688,Dresses,Uniqlo,70.41,4.1,CUST_1071
ITEM_19688,Fashion Product 9689,Accessories,H&M,101.13,4.3,CUST_1066
ITEM_19689,Fashion Product 9690,Tops,H&M,47.61,3.0,CUST_1456
ITEM_19690,Fashion Product 9691,Dresses,H&M,94.83,3.2,CUST_1329
ITEM_19691,Fashion Product 9692,Accessories,Zara,46.15,3.1,CUST_1250
ITEM_19692,Fashion Product 9693,Footwear,Nike,200.87,2.9,CUST_1155
ITEM_19693,Fashion Product 9694,Bottoms,Zara,29.38,3.1,CUST_1412
ITEM_19694,Fashion Product 9695,Bottoms,Uniqlo,55.46,4.0,CUST_1421
ITEM_19695,Fashion Product 9696,Bottoms,Zara,175.88,3.4,CUST_1079
ITEM_19696,Fashion Product 9697,Tops,Uniqlo,226.6,4.4,CUST_1019
ITEM_19697,Fashion Product 9698,Accessories,Nike,241.5,3.8,CUST_1478
ITEM_19698,Fashion Product 9699,Accessories,Levi's,210.65,3.0,CUST_1435
ITEM_19699,Fashion Product 9700,Accessories,Zara,60.75,3.7,CUST_1269
ITEM_19700,Fashion Product 9701,Accessories,Gucci,78.57,4.0,CUST_1045
ITEM_19701,Fashion Product 9702,Tops,Levi's,218.98,4.7,CUST_1262
ITEM_19702,Fashion Product 9703,Outerwear,Puma,223.44,4.6,CUST_1222
ITEM_19703,Fashion Product 9704,Dresses,Zara,163.76,3.6,CUST_1129
ITEM_19704,Fashion Product 9705,Dresses,Uniqlo,85.27,4.1,CUST_1106
ITEM_19705,Fashion Product 9706,Accessories,Zara,63.77,3.2,CUST_1251
ITEM_19706,Fashion Product 9707,Footwear,Uniqlo,214.55,4.1,CUST_1121
ITEM_19707,Fashion Product 9708,Bottoms,Nike,59.26,4.8,CUST_1230
ITEM_19708,Fashion Product 9709,Tops,H&M,168.83,4.1,CUST_1281
ITEM_19709,Fashion Product 9710,Footwear,Zara,242.31,3.3,CUST_1227
ITEM_19710,Fashion Product 9711,Footwear,Mango,179.27,4.1,CUST_1410
ITEM_19711,Fashion Product 9712,Accessories,Puma,71.84,4.8,CUST_1397
ITEM_19712,Fashion Product 9713,Tops,Mango,77.8,2.8,CUST_1275
ITEM_19713,Fashion Product 9714,Dresses,Levi's,32.29,3.7,CUST_1138
ITEM_19714,Fashion Product 9715,Bottoms,Levi's,174.7,3.3,CUST_1173
ITEM_19715,Fashion Product 9716,Dresses,H&M,134.42,3.1,CUST_1327
ITEM_19716,Fashion Product 9717,Footwear,H&M,59.55,3.5,CUST_1271
ITEM_19717,Fashion Product 9718,Bottoms,Levi's,64.64,3.5,CUST_1215
ITEM_19718,Fashion Product 9719,Outerwear,Zara,12.17,3.0,CUST_1228
ITEM_19719,Fashion Product 9720,Footwear,Adidas,244.82,3.5,CUST_1107
ITEM_19720,Fashion Product 9721,Dresses,Zara,208.72,4.1,CUST_1159
ITEM_19721,Fashion Product 9722,Dresses,Puma,104.6,2.6,CUST_1382
ITEM_19722,Fashion Product 9723,Accessories,Levi's,237.06,5.0,CUST_1136
ITEM_19723,Fashion Product 9724,Dresses,Mango,172.51,3.2,CUST_1251
ITEM_19724,Fashion Product 9725,Tops,H&M,190.35,4.1,CUST_1030
ITEM_19725,Fashion Product 9726,Footwear,Mango,173.19,3.2,CUST_1098
ITEM_19726,Fashion Product 9727,Bottoms,Levi's,191.64,3.5,CUST_1097
ITEM_19727,Fashion Product 9728,Dresses,Nike,51.03,3.9,CUST_1257
ITEM_19728,Fashion Product 9729,Accessories,Levi's,144.98,4.0,CUST_1272
ITEM_19729,Fashion Product 9730,Accessories,Gucci,213.85,4.4,CUST_1370
ITEM_19730,Fashion Product 9731,Dresses,Puma,14.69,4.5,CUST_1011
ITEM_19731,Fashion Product 9732,Tops,Gucci,39.63,3.8,CUST_1411
ITEM_19732,Fashion Product 9733,Accessories,Mango,68.95,2.7,CUST_1342
ITEM_19733,Fashion Product 9734,Bottoms,Nike,80.73,3.9,CUST_1168
ITEM_19734,Fashion Product 9735,Footwear,Puma,53.85,3.7,CUST_1211
ITEM_19735,Fashion Product 9736,Outerwear,Uniqlo,159.84,3.0,CUST_1172
ITEM_19736,Fashion Product 9737,Tops,Adidas,80.56,2.5,CUST_1326
ITEM_19737,Fashion Product 9738,Accessories,Gucci,47.94,3.3,CUST_1120
ITEM_19738,Fashion Product 9739,Footwear,Puma,227.4,3.1,CUST_1185
ITEM_19739,Fashion Product 9740,Outerwear,Puma,176.81,3.7,CUST_1432
ITEM_19740,Fashion Product 9741,Dresses,Gucci,69.05,4.4,CUST_1424
ITEM_19741,Fashion Product 9742,Dresses,Nike,96.63,3.6,CUST_1039
ITEM_19742,Fashion Product 9743,Bottoms,Nike,187.79,4.9,CUST_1468
ITEM_19743,Fashion Product 9744,Outerwear,H&M,199.82,3.1,CUST_1387
ITEM_19744,Fashion Product 9745,Dresses,Zara,52.34,3.1,CUST_1439
ITEM_19745,Fashion Product 9746,Dresses,Mango,234.78,4.0,CUST_1257
ITEM_19746,Fashion Product 9747,Accessories,Mango,198.47,4.7,CUST_1279
ITEM_19747,Fashion Product 9748,Bottoms,Gucci,215.64,4.2,CUST_1230
ITEM_19748,Fashion Product 9749,Footwear,Mango,44.53,4.2,CUST_1451
ITEM_19749,Fashion Product 9750,Dresses,Mango,44.41,4.5,CUST_1446
ITEM_19750,Fashion Product 9751,Tops,Zara,83.29,4.2,CUST_1115
ITEM_19751,Fashion Product 9752,Tops,Puma,25.52,4.4,CUST_1418
ITEM_19752,Fashion Product 9753,Footwear,Puma,31.86,4.7,CUST_1401
ITEM_19753,Fashion Product 9754,Outerwear,Levi's,44.37,2.5,CUST_1304
ITEM_19754,Fashion Product 9755,Bottoms,Puma,180.98,4.7,CUST_1091
ITEM_19755,Fashion Product 9756,Accessories,Gucci,17.26,3.0,CUST_1309
ITEM_19756,Fashion Product 9757,Tops,Uniqlo,29.98,4.8,CUST_1061
ITEM_19757,Fashion Product 9758,Tops,Levi's,236.6,3.2,CUST_1103
ITEM_19758,Fashion Product 9759,Footwear,Zara,30.08,3.6,CUST_1215
ITEM_19759,Fashion Product 9760,Outerwear,Gucci,138.99,4.8,CUST_1102
ITEM_19760,Fashion Product 9761,Outerwear,Nike,164.22,2.8,CUST_1395
ITEM_19761,Fashion Product 9762,Footwear,Zara,240.06,4.4,CUST_1143
ITEM_19762,Fashion Product 9763,Tops,H&M,225.95,3.5,CUST_1090
ITEM_19763,Fashion Product 9764,Bottoms,Mango,115.76,2.6,CUST_1118
ITEM_19764,Fashion Product 9765,Tops,Adidas,236.12,4.8,CUST_1139
ITEM_19765,Fashion Product 9766,Outerwear,Nike,113.74,2.8,CUST_1391
ITEM_19766,Fashion Product 9767,Accessories,Levi's,170.78,4.4,CUST_1303
ITEM_19767,Fashion Product 9768,Tops,Gucci,72.31,3.5,CUST_1240
ITEM_19768,Fashion Product 9769,Bottoms,Nike,162.79,4.5,CUST_1136
ITEM_19769,Fashion Product 9770,Dresses,H&M,139.17,4.4,CUST_1005
ITEM_19770,Fashion Product 9771,Tops,Gucci,155.64,4.1,CUST_1209
ITEM_19771,Fashion Product 9772,Footwear,Adidas,173.84,4.8,CUST_1087
ITEM_19772,Fashion Product 9773,Dresses,Levi's,51.63,2.7,CUST_1450
ITEM_19773,Fashion Product 9774,Footwear,Zara,82.3,4.5,CUST_1347
ITEM_19774,Fashion Product 9775,Footwear,Nike,186.7,4.2,CUST_1319
ITEM_19775,Fashion Product 9776,Footwear,Adidas,49.32,3.3,CUST_1277
ITEM_19776,Fashion Product 9777,Tops,H&M,92.62,3.9,CUST_1455
ITEM_19777,Fashion Product 9778,Outerwear,Nike,169.95,4.1,CUST_1375
ITEM_19778,Fashion Product 9779,Dresses,Uniqlo,235.04,4.3,CUST_1121
ITEM_19779,Fashion Product 9780,Bottoms,Uniqlo,28.07,3.0,CUST_1245
ITEM_19780,Fashion Product 9781,Outerwear,Levi's,133.97,2.8,CUST_1358
ITEM_19781,Fashion Product 9782,Tops,Zara,29.66,2.8,CUST_1090
ITEM_19782,Fashion Product 9783,Footwear,Levi's,100.99,3.2,CUST_1478
ITEM_19783,Fashion Product 9784,Bottoms,Levi's,52.09,2.9,CUST_1140
ITEM_19784,Fashion Product 9785,Dresses,Mango,165.87,3.8,CUST_1112
ITEM_19785,Fashion Product 9786,Outerwear,Zara,191.88,3.6,CUST_1395
ITEM_19786,Fashion Product 9787,Accessories,Mango,69.36,4.7,CUST_1438
ITEM_19787,Fashion Product 9788,Outerwear,Gucci,181.09,4.3,CUST_1465
ITEM_19788,Fashion Product 9789,Bottoms,Adidas,117.24,3.0,CUST_1394
ITEM_19789,Fashion Product 9790,Tops,Adidas,78.06,2.6,CUST_1375
ITEM_19790,Fashion Product 9791,Dresses,Zara,135.62,4.3,CUST_1240
ITEM_19791,Fashion Product 9792,Bottoms,Zara,101.12,4.6,CUST_1272
ITEM_19792,Fashion Product 9793,Footwear,Gucci,65.2,4.3,CUST_1143
ITEM_19793,Fashion Product 9794,Dresses,Adidas,191.64,4.1,CUST_1442
ITEM_19794,Fashion Product 9795,Outerwear,Gucci,201.41,3.1,CUST_1207
ITEM_19795,Fashion Product 9796,Bottoms,H&M,202.07,3.7,CUST_1119
ITEM_19796,Fashion Product 9797,Outerwear,Uniqlo,101.71,4.3,CUST_1084
ITEM_19797,Fashion Product 9798,Outerwear,Levi's,50.69,3.0,CUST_1388
ITEM_19798,Fashion Product 9799,Outerwear,Nike,211.7,3.7,CUST_1480
ITEM_19799,Fashion Product 9800,Tops,Mango,89.02,2.8,CUST_1251
ITEM_19800,Fashion Product 9801,Outerwear,Puma,189.54,3.8,CUST_1278
ITEM_19801,Fashion Product 9802,Footwear,Nike,206.19,3.9,CUST_1163
ITEM_19802,Fashion Product 9803,Footwear,Zara,194.36,3.8,CUST_1142
ITEM_19803,Fashion Product 9804,Dresses,H&M,103.55,3.7,CUST_1350
ITEM_19804,Fashion Product 9805,Accessories,Puma,235.12,4.0,CUST_1031
ITEM_19805,Fashion Product 9806,Outerwear,Puma,168.44,5.0,CUST_1458
ITEM_19806,Fashion Product 9807,Outerwear,Zara,148.18,4.1,CUST_1326
ITEM_19807,Fashion Product 9808,Bottoms,Puma,177.5,4.4,CUST_1091
ITEM_19808,Fashion Product 9809,Tops,Mango,20.73,3.0,CUST_1128
ITEM_19809,Fashion Product 9810,Accessories,Mango,103.72,3.8,CUST_1267
ITEM_19810,Fashion Product 9811,Dresses,Puma,221.49,2.5,CUST_1036
ITEM_19811,Fashion Product 9812,Accessories,Puma,48.66,2.6,CUST_1458
ITEM_19812,Fashion Product 9813,Outerwear,Zara,109.46,3.3,CUST_1336
ITEM_19813,Fashion Product 9814,Bottoms,Adidas,107.26,3.7,CUST_1280
ITEM_19814,Fashion Product 9815,Tops,Gucci,95.45,3.9,CUST_1213
ITEM_19815,Fashion Product 9816,Dresses,Gucci,144.96,4.7,CUST_1424
ITEM_19816,Fashion Product 9817,Accessories,Nike,249.09,4.4,CUST_1233
ITEM_19817,Fashion Product 9818,Dresses,Nike,71.4,3.2,CUST_1228
ITEM_19818,Fashion Product 9819,Outerwear,Puma,179.19,4.4,CUST_1369
ITEM_19819,Fashion Product 9820,Dresses,Uniqlo,191.92,3.9,CUST_1298
ITEM_19820,Fashion Product 9821,Bottoms,Mango,150.28,4.4,CUST_1237
ITEM_19821,Fashion Product 9822,Dresses,Levi's,33.39,3.5,CUST_1471
ITEM_19822,Fashion Product 9823,Footwear,H&M,147.37,2.7,CUST_1021
ITEM_19823,Fashion Product 9824,Bottoms,H&M,238.83,4.0,CUST_1096
ITEM_19824,Fashion Product 9825,Accessories,Mango,92.09,3.9,CUST_1465
ITEM_19825,Fashion Product 9826,Tops,Nike,163.53,4.9,CUST_1051
ITEM_19826,Fashion Product 9827,Tops,Zara,240.26,2.9,CUST_1337
ITEM_19827,Fashion Product 9828,Outerwear,H&M,201.52,4.1,CUST_1311
ITEM_19828,Fashion Product 9829,Outerwear,Puma,175.19,3.7,CUST_1469
ITEM_19829,Fashion Product 9830,Footwear,Uniqlo,243.08,3.4,CUST_1380
ITEM_19830,Fashion Product 9831,Accessories,H&M,50.94,4.5,CUST_1388
ITEM_19831,Fashion Product 9832,Tops,Gucci,195.46,4.5,CUST_1062
ITEM_19832,Fashion Product 9833,Tops,Uniqlo,107.64,4.3,CUST_1343
ITEM_19833,Fashion Product 9834,Tops,Uniqlo,96.5,2.7,CUST_1153
ITEM_19834,Fashion Product 9835,Tops,H&M,134.96,3.4,CUST_1224
ITEM_19835,Fashion Product 9836,Dresses,Zara,18.1,2.6,CUST_1454
ITEM_19836,Fashion Product 9837,Accessories,Zara,85.01,3.4,CUST_1142
ITEM_19837,Fashion Product 9838,Bottoms,Nike,49.89,4.1,CUST_1041
ITEM_19838,Fashion Product 9839,Bottoms,Mango,43.29,3.8,CUST_1486
ITEM_19839,Fashion Product 9840,Footwear,Puma,90.96,4.3,CUST_1490
ITEM_19840,Fashion Product 9841,Dresses,Levi's,202.54,3.9,CUST_1441
ITEM_19841,Fashion Product 9842,Tops,Adidas,58.27,3.9,CUST_1166
ITEM_19842,Fashion Product 9843,Tops,Levi's,137.54,3.8,CUST_1190
ITEM_19843,Fashion Product 9844,Outerwear,Gucci,189.68,3.4,CUST_1297
ITEM_19844,Fashion Product 9845,Outerwear,Zara,67.83,3.6,CUST_1045
ITEM_19845,Fashion Product 9846,Footwear,Nike,231.81,2.8,CUST_1208
ITEM_19846,Fashion Product 9847,Tops,Gucci,217.96,4.6,CUST_1382
ITEM_19847,Fashion Product 9848,Footwear,Levi's,70.28,4.7,CUST_1096
ITEM_19848,Fashion Product 9849,Dresses,Uniqlo,247.51,4.4,CUST_1400
ITEM_19849,Fashion Product 9850,Bottoms,Mango,170.6,4.0,CUST_1275
ITEM_19850,Fashion Product 9851,Tops,Uniqlo,78.66,3.9,CUST_1293
ITEM_19851,Fashion Product 9852,Accessories,Levi's,173.45,3.7,CUST_1235
ITEM_19852,Fashion Product 9853,Dresses,H&M,169.9,3.1,CUST_1341
ITEM_19853,Fashion Product 9854,Tops,Mango,155.49,3.5,CUST_1207
ITEM_19854,Fashion Product 9855,Accessories,Nike,180.81,5.0,CUST_1445
ITEM_19855,Fashion Product 9856,Outerwear,Uniqlo,74.4,2.9,CUST_1026
ITEM_19856,Fashion Product 9857,Footwear,H&M,244.96,3.9,CUST_1350
ITEM_19857,Fashion Product 9858,Outerwear,Gucci,215.89,4.7,CUST_1360
ITEM_19858,Fashion Product 9859,Bottoms,Gucci,188.98,3.6,CUST_1207
ITEM_19859,Fashion Product 9860,Outerwear,Zara,16.31,4.0,CUST_1448
ITEM_19860,Fashion Product 9861,Tops,Mango,151.69,4.6,CUST_1491
ITEM_19861,Fashion Product 9862,Accessories,Zara,179.56,3.9,CUST_1381
ITEM_19862,Fashion Product 9863,Outerwear,Mango,214.98,4.3,CUST_1141
ITEM_19863,Fashion Product 9864,Tops,Puma,237.08,3.4,CUST_1347
ITEM_19864,Fashion Product 9865,Bottoms,H&M,229.8,4.3,CUST_1087
ITEM_19865,Fashion Product 9866,Accessories,Levi's,107.45,2.6,CUST_1418
ITEM_19866,Fashion Product 9867,Outerwear,Gucci,225.16,2.9,CUST_1379
ITEM_19867,Fashion Product 9868,Footwear,Levi's,10.18,4.1,CUST_1098
ITEM_19868,Fashion Product 9869,Footwear,Uniqlo,94.35,3.6,CUST_1023
ITEM_19869,Fashion Product 9870,Accessories,Uniqlo,37.33,4.6,CUST_1250
ITEM_19870,Fashion Product 9871,Footwear,Gucci,221.94,3.4,CUST_1364
ITEM_19871,Fashion Product 9872,Outerwear,Zara,232.72,4.4,CUST_1250
ITEM_19872,Fashion Product 9873,Outerwear,Gucci,71.44,2.8,CUST_1148
ITEM_19873,Fashion Product 9874,Accessories,Puma,98.15,4.8,CUST_1054
ITEM_19874,Fashion Product 9875,Outerwear,Puma,246.13,3.5,CUST_1457
ITEM_19875,Fashion Product 9876,Tops,Levi's,145.86,3.1,CUST_1442
ITEM_19876,Fashion Product 9877,Bottoms,Puma,129.29,4.5,CUST_1315
ITEM_19877,Fashion Product 9878,Footwear,H&M,130.1,4.9,CUST_1404
ITEM_19878,Fashion Product 9879,Tops,Zara,177.09,4.8,CUST_1495
ITEM_19879,Fashion Product 9880,Accessories,Zara,239.09,3.1,CUST_1039
ITEM_19880,Fashion Product 9881,Footwear,Puma,97.99,4.2,CUST_1334
ITEM_19881,Fashion Product 9882,Tops,Adidas,51.44,3.9,CUST_1497
ITEM_19882,Fashion Product 9883,Outerwear,Uniqlo,54.4,4.3,CUST_1218
ITEM_19883,Fashion Product 9884,Accessories,Adidas,14.89,3.7,CUST_1347
ITEM_19884,Fashion Product 9885,Accessories,Mango,143.3,3.7,CUST_1482
ITEM_19885,Fashion Product 9886,Footwear,Mango,232.99,4.7,CUST_1477
ITEM_19886,Fashion Product 9887,Outerwear,Zara,181.14,4.7,CUST_1416
ITEM_19887,Fashion Product 9888,Footwear,H&M,248.31,4.5,CUST_1425
ITEM_19888,Fashion Product 9889,Dresses,Nike,228.29,4.3,CUST_1237
ITEM_19889,Fashion Product 9890,Tops,Uniqlo,128.05,4.2,CUST_1325
ITEM_19890,Fashion Product 9891,Dresses,Mango,126.77,2.6,CUST_1324
ITEM_19891,Fashion Product 9892,Tops,Levi's,160.81,4.4,CUST_1343
ITEM_19892,Fashion Product 9893,Bottoms,H&M,36.62,4.1,CUST_1277
ITEM_19893,Fashion Product 9894,Accessories,Gucci,155.84,3.3,CUST_1225
ITEM_19894,Fashion Product 9895,Footwear,Levi's,121.38,4.6,CUST_1489
ITEM_19895,Fashion Product 9896,Bottoms,H&M,164.26,4.6,CUST_1408
ITEM_19896,Fashion Product 9897,Bottoms,Levi's,145.65,4.8,CUST_1144
ITEM_19897,Fashion Product 9898,Accessories,Puma,84.5,3.5,CUST_1288
ITEM_19898,Fashion Product 9899,Accessories,Levi's,155.86,3.9,CUST_1211
ITEM_19899,Fashion Product 9900,Tops,Mango,97.84,4.8,CUST_1154
ITEM_19900,Fashion Product 9901,Dresses,H&M,56.71,3.3,CUST_1259
ITEM_19901,Fashion Product 9902,Outerwear,Gucci,172.02,4.5,CUST_1227
ITEM_19902,Fashion Product 9903,Tops,Levi's,83.52,5.0,CUST_1487
ITEM_19903,Fashion Product 9904,Outerwear,Gucci,223.37,4.1,CUST_1082
ITEM_19904,Fashion Product 9905,Bottoms,H&M,57.84,5.0,CUST_1377
ITEM_19905,Fashion Product 9906,Outerwear,Gucci,154.03,3.8,CUST_1372
ITEM_19906,Fashion Product 9907,Dresses,Nike,147.17,2.9,CUST_1391
ITEM_19907,Fashion Product 9908,Tops,Nike,57.46,2.9,CUST_1480
ITEM_19908,Fashion Product 9909,Accessories,Levi's,115.57,4.3,CUST_1088
ITEM_19909,Fashion Product 9910,Dresses,Levi's,172.13,2.5,CUST_1400
ITEM_19910,Fashion Product 9911,Dresses,Levi's,86.45,4.2,CUST_1309
ITEM_19911,Fashion Product 9912,Tops,Uniqlo,37.32,2.9,CUST_1472
ITEM_19912,Fashion Product 9913,Accessories,Puma,157.66,5.0,CUST_1004
ITEM_19913,Fashion Product 9914,Dresses,Gucci,63.79,2.9,CUST_1173
ITEM_19914,Fashion Product 9915,Accessories,Adidas,173.55,3.9,CUST_1032
ITEM_19915,Fashion Product 9916,Footwear,Zara,211.47,4.2,CUST_1234
ITEM_19916,Fashion Product 9917,Footwear,Levi's,39.61,4.5,CUST_1226
ITEM_19917,Fashion Product 9918,Footwear,Mango,115.03,3.6,CUST_1339
ITEM_19918,Fashion Product 9919,Outerwear,Nike,116.78,4.8,CUST_1206
ITEM_19919,Fashion Product 9920,Dresses,Nike,161.81,3.7,CUST_1102
ITEM_19920,Fashion Product 9921,Tops,Zara,90.26,3.1,CUST_1058
ITEM_19921,Fashion Product 9922,Tops,Gucci,110.46,4.0,CUST_1269
ITEM_19922,Fashion Product 9923,Outerwear,H&M,12.88,4.1,CUST_1150
ITEM_19923,Fashion Product 9924,Tops,Zara,39.38,3.8,CUST_1252
ITEM_19924,Fashion Product 9925,Footwear,Puma,146.77,4.3,CUST_1479
ITEM_19925,Fashion Product 9926,Dresses,Levi's,61.81,3.6,CUST_1044
ITEM_19926,Fashion Product 9927,Tops,Mango,44.7,2.5,CUST_1428
ITEM_19927,Fashion Product 9928,Tops,Gucci,87.86,3.2,CUST_1030
ITEM_19928,Fashion Product 9929,Bottoms,Gucci,49.25,4.9,CUST_1407
ITEM_19929,Fashion Product 9930,Bottoms,Levi's,24.31,4.4,CUST_1012
ITEM_19930,Fashion Product 9931,Bottoms,Puma,78.13,3.0,CUST_1491
ITEM_19931,Fashion Product 9932,Dresses,Levi's,49.45,2.7,CUST_1014
ITEM_19932,Fashion Product 9933,Footwear,Levi's,201.85,3.4,CUST_1292
ITEM_19933,Fashion Product 9934,Accessories,Zara,25.04,4.6,CUST_1045
ITEM_19934,Fashion Product 9935,Footwear,Mango,189.39,2.8,CUST_1200
ITEM_19935,Fashion Product 9936,Footwear,Gucci,101.87,3.9,CUST_1024
ITEM_19936,Fashion Product 9937,Dresses,Levi's,172.08,3.2,CUST_1251
ITEM_19937,Fashion Product 9938,Dresses,Uniqlo,22.65,4.3,CUST_1119
ITEM_19938,Fashion Product 9939,Bottoms,H&M,230.97,2.5,CUST_1387
ITEM_19939,Fashion Product 9940,Tops,Levi's,194.17,3.2,CUST_1078
ITEM_19940,Fashion Product 9941,Outerwear,Levi's,43.63,4.2,CUST_1435
ITEM_19941,Fashion Product 9942,Outerwear,Gucci,62.51,3.9,CUST_1242
ITEM_19942,Fashion Product 9943,Accessories,Nike,164.56,4.4,CUST_1203
ITEM_19943,Fashion Product 9944,Tops,Adidas,231.18,2.9,CUST_1237
ITEM_19944,Fashion Product 9945,Accessories,H&M,117.0,3.8,CUST_1439
ITEM_19945,Fashion Product 9946,Bottoms,Nike,126.55,3.0,CUST_1294
ITEM_19946,Fashion Product 9947,Accessories,Zara,67.07,4.1,CUST_1348
ITEM_19947,Fashion Product 9948,Tops,Uniqlo,101.92,2.8,CUST_1087
ITEM_19948,Fashion Product 9949,Tops,Adidas,78.64,2.9,CUST_1210
ITEM_19949,Fashion Product 9950,Outerwear,H&M,94.14,3.3,CUST_1276
ITEM_19950,Fashion Product 9951,Bottoms,Nike,14.94,3.5,CUST_1097
ITEM_19951,Fashion Product 9952,Dresses,Mango,19.85,3.7,CUST_1002
ITEM_19952,Fashion Product 9953,Accessories,Mango,173.36,4.0,CUST_1487
ITEM_19953,Fashion Product 9954,Outerwear,Puma,173.63,3.7,CUST_1229
ITEM_19954,Fashion Product 9955,Accessories,Levi's,89.26,2.6,CUST_1410
ITEM_19955,Fashion Product 9956,Accessories,Uniqlo,222.51,3.4,CUST_1243
ITEM_19956,Fashion Product 9957,Dresses,Adidas,73.87,2.7,CUST_1258
ITEM_19957,Fashion Product 9958,Bottoms,H&M,104.99,2.8,CUST_1451
ITEM_19958,Fashion Product 9959,Tops,Mango,185.53,2.7,CUST_1468
ITEM_19959,Fashion Product 9960,Footwear,Uniqlo,188.46,2.9,CUST_1458
ITEM_19960,Fashion Product 9961,Accessories,Adidas,216.68,4.5,CUST_1042
ITEM_19961,Fashion Product 9962,Footwear,Puma,16.97,4.1,CUST_1213
ITEM_19962,Fashion Product 9963,Bottoms,Mango,54.1,3.8,CUST_1296
ITEM_19963,Fashion Product 9964,Footwear,Gucci,163.74,4.3,CUST_1393
ITEM_19964,Fashion Product 9965,Accessories,Mango,91.17,4.9,CUST_1386
ITEM_19965,Fashion Product 9966,Dresses,Gucci,20.45,3.5,CUST_1412
ITEM_19966,Fashion Product 9967,Footwear,Uniqlo,150.75,3.4,CUST_1003
ITEM_19967,Fashion Product 9968,Bottoms,Puma,104.34,4.9,CUST_1016
ITEM_19968,Fashion Product 9969,Bottoms,Nike,97.38,4.4,CUST_1388
ITEM_19969,Fashion Product 9970,Dresses,Zara,73.45,4.4,CUST_1279
ITEM_19970,Fashion Product 9971,Footwear,Levi's,11.44,4.0,CUST_1478
ITEM_19971,Fashion Product 9972,Footwear,Levi's,53.77,3.8,CUST_1102
ITEM_19972,Fashion Product 9973,Tops,Mango,123.82,3.9,CUST_1077
ITEM_19973,Fashion Product 9974,Outerwear,H&M,76.18,4.1,CUST_1390
ITEM_19974,Fashion Product 9975,Bottoms,Gucci,219.85,3.4,CUST_1202
ITEM_19975,Fashion Product 9976,Tops,Mango,44.32,4.5,CUST_1055
ITEM_19976,Fashion Product 9977,Bottoms,Puma,220.08,4.8,CUST_1209
ITEM_19977,Fashion Product 9978,Tops,Zara,107.16,3.9,CUST_1392
ITEM_19978,Fashion Product 9979,Outerwear,Nike,76.2,3.5,CUST_1329
ITEM_19979,Fashion Product 9980,Tops,Zara,83.03,4.2,CUST_1354
ITEM_19980,Fashion Product 9981,Bottoms,Zara,89.22,3.0,CUST_1081
ITEM_19981,Fashion Product 9982,Footwear,Zara,131.58,4.9,CUST_1244
ITEM_19982,Fashion Product 9983,Bottoms,Uniqlo,94.93,4.1,CUST_1235
ITEM_19983,Fashion Product 9984,Accessories,Puma,165.33,2.7,CUST_1114
ITEM_19984,Fashion Product 9985,Dresses,Puma,112.04,3.8,CUST_1470
ITEM_19985,Fashion Product 9986,Dresses,Adidas,171.19,4.4,CUST_1448
ITEM_19986,Fashion Product 9987,Accessories,Mango,155.06,3.2,CUST_1067
ITEM_19987,Fashion Product 9988,Dresses,H&M,68.67,2.6,CUST_1297
ITEM_19988,Fashion Product 9989,Dresses,Adidas,205.07,3.7,CUST_1040
ITEM_19989,Fashion Product 9990,Outerwear,Puma,201.76,4.6,CUST_1221
ITEM_19990,Fashion Product 9991,Footwear,Levi's,247.36,3.1,CUST_1103
ITEM_19991,Fashion Product 9992,Footwear,Mango,52.01,4.3,CUST_1411
ITEM_19992,Fashion Product 9993,Bottoms,Uniqlo,213.48,3.5,CUST_1295
ITEM_19993,Fashion Product 9994,Accessories,Nike,219.28,2.6,CUST_1053
ITEM_19994,Fashion Product 9995,Tops,Levi's,164.12,3.3,CUST_1296
ITEM_19995,Fashion Product 9996,Bottoms,Puma,131.53,3.3,CUST_1052
ITEM_19996,Fashion Product 9997,Bottoms,Mango,239.74,4.8,CUST_1037
ITEM_19997,Fashion Product 9998,Bottoms,Puma,243.45,5.0,CUST_1067
ITEM_19998,Fashion Product 9999,Bottoms,Gucci,164.01,3.0,CUST_1403
ITEM_19999,Fashion Product 10000,Footwear,Adidas,96.29,3.6,CUST_1162
