Product_ID,Category,Subcategory,Fit,Color,Pattern,Material,Price,Product_Name,Rating,Description,Image_URL
P00001,Dress,Casual,Regular Fit,Navy,Checked,Polyester,2480,Navy Regular Fit Dress,3.8,Casual Dress with Regular Fit design in Navy. Checked pattern made from Polyester. Suitable for everyday fashion and comfortable styling.,data/product_images/P00001.jpg
P00002,Jeans,Sports,Relaxed Fit,Grey,Printed,Blended,1140,Grey Relaxed Fit Jeans,3.9,Sports Jeans with Relaxed Fit design in Grey. Printed pattern made from Blended. Suitable for everyday fashion and comfortable styling.,data/product_images/P00002.jpg
P00003,Jeans,Casual,Regular Fit,Green,Striped,Blended,1280,Green Regular Fit Jeans,4.0,Casual Jeans with Regular Fit design in Green. Striped pattern made from Blended. Suitable for everyday fashion and comfortable styling.,data/product_images/P00003.jpg
P00004,Jacket,Sports,Regular Fit,Black,Floral,Cotton,2840,Black Regular Fit Jacket,4.0,Sports Jacket with Regular Fit design in Black. Floral pattern made from Cotton. Suitable for everyday fashion and comfortable styling.,data/product_images/P00004.jpg
P00005,Shirt,Sports,Relaxed Fit,Yellow,Solid,Rayon,2060,Yellow Relaxed Fit Shirt,4.0,Sports Shirt with Relaxed Fit design in Yellow. Solid pattern made from Rayon. Suitable for everyday fashion and comfortable styling.,data/product_images/P00005.jpg
P00006,Jeans,Casual,Relaxed Fit,Grey,Printed,Denim,2790,Grey Relaxed Fit Jeans,4.1,Casual Jeans with Relaxed Fit design in Grey. Printed pattern made from Denim. Suitable for everyday fashion and comfortable styling.,data/product_images/P00006.jpg
P00007,Kurta,Ethnic,Relaxed Fit,Grey,Plain,Silk,3190,Grey Relaxed Fit Kurta,4.1,Ethnic Kurta with Relaxed Fit design in Grey. Plain pattern made from Silk. Suitable for everyday fashion and comfortable styling.,data/product_images/P00007.jpg
P00008,Kurta,Casual,Regular Fit,Pink,Striped,Silk,2740,Pink Regular Fit Kurta,4.2,Casual Kurta with Regular Fit design in Pink. Striped pattern made from Silk. Suitable for everyday fashion and comfortable styling.,data/product_images/P00008.jpg
P00009,Dress,Casual,Regular Fit,Brown,Floral,Cotton,1700,Brown Regular Fit Dress,4.2,Casual Dress with Regular Fit design in Brown. Floral pattern made from Cotton. Suitable for everyday fashion and comfortable styling.,data/product_images/P00009.jpg
P00010,Skirt,Party,Relaxed Fit,Navy,Floral,Blended,1560,Navy Relaxed Fit Skirt,4.3,Party Skirt with Relaxed Fit design in Navy. Floral pattern made from Blended. Suitable for everyday fashion and comfortable styling.,data/product_images/P00010.jpg
P00011,Hoodie,Sports,Oversized,White,Solid,Polyester,2140,White Oversized Hoodie,4.4,Sports Hoodie with Oversized design in White. Solid pattern made from Polyester. Suitable for everyday fashion and comfortable styling.,data/product_images/P00011.jpg
P00012,Skirt,Party,Regular Fit,Grey,Floral,Polyester,1200,Grey Regular Fit Skirt,4.4,Party Skirt with Regular Fit design in Grey. Floral pattern made from Polyester. Suitable for everyday fashion and comfortable styling.,data/product_images/P00012.jpg
P00013,T-Shirt,Formal,Regular Fit,Red,Striped,Rayon,1000,Red Regular Fit T-Shirt,3.8,Formal T-Shirt with Regular Fit design in Red. Striped pattern made from Rayon. Suitable for everyday fashion and comfortable styling.,data/product_images/P00013.jpg
P00014,Kurta,Casual,Oversized,Black,Plain,Cotton,1160,Black Oversized Kurta,3.8,Casual Kurta with Oversized design in Black. Plain pattern made from Cotton. Suitable for everyday fashion and comfortable styling.,data/product_images/P00014.jpg
P00015,Skirt,Casual,Regular Fit,Yellow,Checked,Rayon,2170,Yellow Regular Fit Skirt,3.9,Casual Skirt with Regular Fit design in Yellow. Checked pattern made from Rayon. Suitable for everyday fashion and comfortable styling.,data/product_images/P00015.jpg
P00016,Jacket,Casual,Regular Fit,Pink,Plain,Blended,4260,Pink Regular Fit Jacket,4.0,Casual Jacket with Regular Fit design in Pink. Plain pattern made from Blended. Suitable for everyday fashion and comfortable styling.,data/product_images/P00016.jpg
P00017,Skirt,Casual,Relaxed Fit,White,Floral,Polyester,1790,White Relaxed Fit Skirt,4.0,Casual Skirt with Relaxed Fit design in White. Floral pattern made from Polyester. Suitable for everyday fashion and comfortable styling.,data/product_images/P00017.jpg
P00018,Skirt,Casual,Regular Fit,Green,Plain,Rayon,870,Green Regular Fit Skirt,4.0,Casual Skirt with Regular Fit design in Green. Plain pattern made from Rayon. Suitable for everyday fashion and comfortable styling.,data/product_images/P00018.jpg
P00019,Jeans,Casual,Regular Fit,Black,Floral,Denim,1180,Black Regular Fit Jeans,4.1,Casual Jeans with Regular Fit design in Black. Floral pattern made from Denim. Suitable for everyday fashion and comfortable styling.,data/product_images/P00019.jpg
P00020,Jeans,Casual,Slim Fit,Grey,Striped,Blended,1130,Grey Slim Fit Jeans,4.1,Casual Jeans with Slim Fit design in Grey. Striped pattern made from Blended. Suitable for everyday fashion and comfortable styling.,data/product_images/P00020.jpg
P00021,Dress,Casual,Relaxed Fit,Yellow,Printed,Rayon,3210,Yellow Relaxed Fit Dress,4.2,Casual Dress with Relaxed Fit design in Yellow. Printed pattern made from Rayon. Suitable for everyday fashion and comfortable styling.,data/product_images/P00021.jpg
P00022,T-Shirt,Casual,Oversized,Pink,Plain,Blended,1280,Pink Oversized T-Shirt,4.2,Casual T-Shirt with Oversized design in Pink. Plain pattern made from Blended. Suitable for everyday fashion and comfortable styling.,data/product_images/P00022.jpg
P00023,Trousers,Formal,Relaxed Fit,Yellow,Striped,Cotton,1270,Yellow Relaxed Fit Trousers,4.3,Formal Trousers with Relaxed Fit design in Yellow. Striped pattern made from Cotton. Suitable for everyday fashion and comfortable styling.,data/product_images/P00023.jpg
P00024,Shirt,Casual,Relaxed Fit,Black,Floral,Cotton,1730,Black Relaxed Fit Shirt,4.4,Casual Shirt with Relaxed Fit design in Black. Floral pattern made from Cotton. Suitable for everyday fashion and comfortable styling.,data/product_images/P00024.jpg
P00025,Kurta,Party,Regular Fit,Blue,Checked,Cotton,1820,Blue Regular Fit Kurta,4.4,Party Kurta with Regular Fit design in Blue. Checked pattern made from Cotton. Suitable for everyday fashion and comfortable styling.,data/product_images/P00025.jpg
P00026,Shirt,Formal,Relaxed Fit,Blue,Checked,Cotton,1110,Blue Relaxed Fit Shirt,3.8,Formal Shirt with Relaxed Fit design in Blue. Checked pattern made from Cotton. Suitable for everyday fashion and comfortable styling.,data/product_images/P00026.jpg
P00027,Shirt,Formal,Relaxed Fit,Pink,Solid,Polyester,860,Pink Relaxed Fit Shirt,3.8,Formal Shirt with Relaxed Fit design in Pink. Solid pattern made from Polyester. Suitable for everyday fashion and comfortable styling.,data/product_images/P00027.jpg
P00028,Shirt,Casual,Relaxed Fit,Brown,Plain,Linen,1440,Brown Relaxed Fit Shirt,3.9,Casual Shirt with Relaxed Fit design in Brown. Plain pattern made from Linen. Suitable for everyday fashion and comfortable styling.,data/product_images/P00028.jpg
P00029,Hoodie,Casual,Regular Fit,Grey,Plain,Wool,2640,Grey Regular Fit Hoodie,4.0,Casual Hoodie with Regular Fit design in Grey. Plain pattern made from Wool. Suitable for everyday fashion and comfortable styling.,data/product_images/P00029.jpg
P00030,Jacket,Sports,Regular Fit,Pink,Striped,Wool,5530,Pink Regular Fit Jacket,4.0,Sports Jacket with Regular Fit design in Pink. Striped pattern made from Wool. Suitable for everyday fashion and comfortable styling.,data/product_images/P00030.jpg
P00031,Shirt,Casual,Regular Fit,Green,Floral,Polyester,1550,Green Regular Fit Shirt,4.0,Casual Shirt with Regular Fit design in Green. Floral pattern made from Polyester. Suitable for everyday fashion and comfortable styling.,data/product_images/P00031.jpg
P00032,Shirt,Sports,Regular Fit,Beige,Printed,Polyester,1250,Beige Regular Fit Shirt,4.1,Sports Shirt with Regular Fit design in Beige. Printed pattern made from Polyester. Suitable for everyday fashion and comfortable styling.,data/product_images/P00032.jpg
P00033,Trousers,Formal,Relaxed Fit,Blue,Checked,Wool,2510,Blue Relaxed Fit Trousers,4.1,Formal Trousers with Relaxed Fit design in Blue. Checked pattern made from Wool. Suitable for everyday fashion and comfortable styling.,data/product_images/P00033.jpg
P00034,Trousers,Casual,Relaxed Fit,Beige,Solid,Cotton,1920,Beige Relaxed Fit Trousers,4.2,Casual Trousers with Relaxed Fit design in Beige. Solid pattern made from Cotton. Suitable for everyday fashion and comfortable styling.,data/product_images/P00034.jpg
P00035,Kurta,Ethnic,Oversized,Beige,Floral,Linen,1490,Beige Oversized Kurta,4.2,Ethnic Kurta with Oversized design in Beige. Floral pattern made from Linen. Suitable for everyday fashion and comfortable styling.,data/product_images/P00035.jpg
P00036,Kurta,Casual,Regular Fit,Navy,Plain,Silk,3170,Navy Regular Fit Kurta,4.3,Casual Kurta with Regular Fit design in Navy. Plain pattern made from Silk. Suitable for everyday fashion and comfortable styling.,data/product_images/P00036.jpg
P00037,Dress,Casual,Regular Fit,Beige,Checked,Rayon,3730,Beige Regular Fit Dress,4.4,Casual Dress with Regular Fit design in Beige. Checked pattern made from Rayon. Suitable for everyday fashion and comfortable styling.,data/product_images/P00037.jpg
P00038,Hoodie,Casual,Relaxed Fit,Brown,Plain,Blended,2030,Brown Relaxed Fit Hoodie,4.4,Casual Hoodie with Relaxed Fit design in Brown. Plain pattern made from Blended. Suitable for everyday fashion and comfortable styling.,data/product_images/P00038.jpg
P00039,Skirt,Party,Regular Fit,Navy,Floral,Cotton,1860,Navy Regular Fit Skirt,3.8,Party Skirt with Regular Fit design in Navy. Floral pattern made from Cotton. Suitable for everyday fashion and comfortable styling.,data/product_images/P00039.jpg
P00040,T-Shirt,Formal,Oversized,White,Checked,Blended,540,White Oversized T-Shirt,3.8,Formal T-Shirt with Oversized design in White. Checked pattern made from Blended. Suitable for everyday fashion and comfortable styling.,data/product_images/P00040.jpg
P00041,Shirt,Casual,Regular Fit,Navy,Printed,Rayon,1100,Navy Regular Fit Shirt,3.9,Casual Shirt with Regular Fit design in Navy. Printed pattern made from Rayon. Suitable for everyday fashion and comfortable styling.,data/product_images/P00041.jpg
P00042,Skirt,Casual,Regular Fit,Grey,Plain,Silk,2510,Grey Regular Fit Skirt,4.0,Casual Skirt with Regular Fit design in Grey. Plain pattern made from Silk. Suitable for everyday fashion and comfortable styling.,data/product_images/P00042.jpg
P00043,Hoodie,Sports,Oversized,Grey,Floral,Polyester,2220,Grey Oversized Hoodie,4.0,Sports Hoodie with Oversized design in Grey. Floral pattern made from Polyester. Suitable for everyday fashion and comfortable styling.,data/product_images/P00043.jpg
P00044,Jeans,Sports,Relaxed Fit,Green,Solid,Denim,2350,Green Relaxed Fit Jeans,4.0,Sports Jeans with Relaxed Fit design in Green. Solid pattern made from Denim. Suitable for everyday fashion and comfortable styling.,data/product_images/P00044.jpg
P00045,Shirt,Casual,Relaxed Fit,Red,Striped,Polyester,1490,Red Relaxed Fit Shirt,4.1,Casual Shirt with Relaxed Fit design in Red. Striped pattern made from Polyester. Suitable for everyday fashion and comfortable styling.,data/product_images/P00045.jpg
P00046,Shirt,Formal,Relaxed Fit,Red,Striped,Cotton,1930,Red Relaxed Fit Shirt,4.1,Formal Shirt with Relaxed Fit design in Red. Striped pattern made from Cotton. Suitable for everyday fashion and comfortable styling.,data/product_images/P00046.jpg
P00047,Shirt,Sports,Relaxed Fit,Red,Striped,Cotton,610,Red Relaxed Fit Shirt,4.2,Sports Shirt with Relaxed Fit design in Red. Striped pattern made from Cotton. Suitable for everyday fashion and comfortable styling.,data/product_images/P00047.jpg
P00048,Jacket,Casual,Relaxed Fit,Grey,Checked,Blended,2490,Grey Relaxed Fit Jacket,4.2,Casual Jacket with Relaxed Fit design in Grey. Checked pattern made from Blended. Suitable for everyday fashion and comfortable styling.,data/product_images/P00048.jpg
P00049,Hoodie,Casual,Oversized,Pink,Solid,Blended,1840,Pink Oversized Hoodie,4.3,Casual Hoodie with Oversized design in Pink. Solid pattern made from Blended. Suitable for everyday fashion and comfortable styling.,data/product_images/P00049.jpg
P00050,Dress,Casual,Regular Fit,White,Solid,Linen,2180,White Regular Fit Dress,4.4,Casual Dress with Regular Fit design in White. Solid pattern made from Linen. Suitable for everyday fashion and comfortable styling.,data/product_images/P00050.jpg
P00051,Skirt,Casual,Regular Fit,Black,Floral,Polyester,1050,Black Regular Fit Skirt,4.4,Casual Skirt with Regular Fit design in Black. Floral pattern made from Polyester. Suitable for everyday fashion and comfortable styling.,data/product_images/P00051.jpg
P00052,Jeans,Casual,Slim Fit,White,Striped,Blended,870,White Slim Fit Jeans,3.8,Casual Jeans with Slim Fit design in White. Striped pattern made from Blended. Suitable for everyday fashion and comfortable styling.,data/product_images/P00052.jpg
P00053,Trousers,Casual,Regular Fit,Navy,Floral,Wool,3100,Navy Regular Fit Trousers,3.8,Casual Trousers with Regular Fit design in Navy. Floral pattern made from Wool. Suitable for everyday fashion and comfortable styling.,data/product_images/P00053.jpg
P00054,T-Shirt,Sports,Relaxed Fit,White,Floral,Polyester,770,White Relaxed Fit T-Shirt,3.9,Sports T-Shirt with Relaxed Fit design in White. Floral pattern made from Polyester. Suitable for everyday fashion and comfortable styling.,data/product_images/P00054.jpg
P00055,Hoodie,Sports,Oversized,Pink,Plain,Blended,820,Pink Oversized Hoodie,4.0,Sports Hoodie with Oversized design in Pink. Plain pattern made from Blended. Suitable for everyday fashion and comfortable styling.,data/product_images/P00055.jpg
P00056,Hoodie,Sports,Regular Fit,Yellow,Plain,Blended,2000,Yellow Regular Fit Hoodie,4.0,Sports Hoodie with Regular Fit design in Yellow. Plain pattern made from Blended. Suitable for everyday fashion and comfortable styling.,data/product_images/P00056.jpg
P00057,Jacket,Sports,Regular Fit,Grey,Printed,Blended,3060,Grey Regular Fit Jacket,4.0,Sports Jacket with Regular Fit design in Grey. Printed pattern made from Blended. Suitable for everyday fashion and comfortable styling.,data/product_images/P00057.jpg
P00058,Jeans,Casual,Regular Fit,Grey,Striped,Blended,1500,Grey Regular Fit Jeans,4.1,Casual Jeans with Regular Fit design in Grey. Striped pattern made from Blended. Suitable for everyday fashion and comfortable styling.,data/product_images/P00058.jpg
P00059,Shirt,Sports,Relaxed Fit,Brown,Striped,Linen,710,Brown Relaxed Fit Shirt,4.1,Sports Shirt with Relaxed Fit design in Brown. Striped pattern made from Linen. Suitable for everyday fashion and comfortable styling.,data/product_images/P00059.jpg
P00060,Jacket,Casual,Regular Fit,Pink,Plain,Blended,2620,Pink Regular Fit Jacket,4.2,Casual Jacket with Regular Fit design in Pink. Plain pattern made from Blended. Suitable for everyday fashion and comfortable styling.,data/product_images/P00060.jpg
P00061,Shirt,Formal,Regular Fit,White,Plain,Blended,870,White Regular Fit Shirt,4.2,Formal Shirt with Regular Fit design in White. Plain pattern made from Blended. Suitable for everyday fashion and comfortable styling.,data/product_images/P00061.jpg
P00062,Dress,Party,Regular Fit,Red,Checked,Silk,4250,Red Regular Fit Dress,4.3,Party Dress with Regular Fit design in Red. Checked pattern made from Silk. Suitable for everyday fashion and comfortable styling.,data/product_images/P00062.jpg
P00063,Jeans,Formal,Slim Fit,Red,Printed,Blended,1040,Red Slim Fit Jeans,4.4,Formal Jeans with Slim Fit design in Red. Printed pattern made from Blended. Suitable for everyday fashion and comfortable styling.,data/product_images/P00063.jpg
P00064,Shirt,Casual,Regular Fit,Navy,Solid,Blended,1150,Navy Regular Fit Shirt,4.4,Casual Shirt with Regular Fit design in Navy. Solid pattern made from Blended. Suitable for everyday fashion and comfortable styling.,data/product_images/P00064.jpg
P00065,Shirt,Sports,Regular Fit,Red,Solid,Blended,1740,Red Regular Fit Shirt,3.8,Sports Shirt with Regular Fit design in Red. Solid pattern made from Blended. Suitable for everyday fashion and comfortable styling.,data/product_images/P00065.jpg
P00066,Trousers,Formal,Relaxed Fit,Pink,Solid,Cotton,1670,Pink Relaxed Fit Trousers,3.8,Formal Trousers with Relaxed Fit design in Pink. Solid pattern made from Cotton. Suitable for everyday fashion and comfortable styling.,data/product_images/P00066.jpg
P00067,Trousers,Sports,Regular Fit,Brown,Plain,Wool,2370,Brown Regular Fit Trousers,3.9,Sports Trousers with Regular Fit design in Brown. Plain pattern made from Wool. Suitable for everyday fashion and comfortable styling.,data/product_images/P00067.jpg
P00068,Trousers,Formal,Relaxed Fit,Brown,Striped,Cotton,1520,Brown Relaxed Fit Trousers,4.0,Formal Trousers with Relaxed Fit design in Brown. Striped pattern made from Cotton. Suitable for everyday fashion and comfortable styling.,data/product_images/P00068.jpg
P00069,Jeans,Casual,Relaxed Fit,Yellow,Plain,Denim,2720,Yellow Relaxed Fit Jeans,4.0,Casual Jeans with Relaxed Fit design in Yellow. Plain pattern made from Denim. Suitable for everyday fashion and comfortable styling.,data/product_images/P00069.jpg
P00070,T-Shirt,Formal,Relaxed Fit,Blue,Plain,Linen,790,Blue Relaxed Fit T-Shirt,4.0,Formal T-Shirt with Relaxed Fit design in Blue. Plain pattern made from Linen. Suitable for everyday fashion and comfortable styling.,data/product_images/P00070.jpg
P00071,T-Shirt,Casual,Relaxed Fit,Blue,Striped,Linen,1310,Blue Relaxed Fit T-Shirt,4.1,Casual T-Shirt with Relaxed Fit design in Blue. Striped pattern made from Linen. Suitable for everyday fashion and comfortable styling.,data/product_images/P00071.jpg
P00072,Skirt,Casual,Regular Fit,Navy,Printed,Cotton,1640,Navy Regular Fit Skirt,4.1,Casual Skirt with Regular Fit design in Navy. Printed pattern made from Cotton. Suitable for everyday fashion and comfortable styling.,data/product_images/P00072.jpg
P00073,Jacket,Sports,Relaxed Fit,Beige,Checked,Cotton,3980,Beige Relaxed Fit Jacket,4.2,Sports Jacket with Relaxed Fit design in Beige. Checked pattern made from Cotton. Suitable for everyday fashion and comfortable styling.,data/product_images/P00073.jpg
P00074,Trousers,Casual,Relaxed Fit,White,Floral,Blended,1070,White Relaxed Fit Trousers,4.2,Casual Trousers with Relaxed Fit design in White. Floral pattern made from Blended. Suitable for everyday fashion and comfortable styling.,data/product_images/P00074.jpg
P00075,Dress,Casual,Regular Fit,Grey,Plain,Blended,3510,Grey Regular Fit Dress,4.3,Casual Dress with Regular Fit design in Grey. Plain pattern made from Blended. Suitable for everyday fashion and comfortable styling.,data/product_images/P00075.jpg
P00076,Trousers,Formal,Slim Fit,Beige,Checked,Polyester,1260,Beige Slim Fit Trousers,4.4,Formal Trousers with Slim Fit design in Beige. Checked pattern made from Polyester. Suitable for everyday fashion and comfortable styling.,data/product_images/P00076.jpg
P00077,Kurta,Casual,Oversized,Blue,Striped,Silk,3230,Blue Oversized Kurta,4.4,Casual Kurta with Oversized design in Blue. Striped pattern made from Silk. Suitable for everyday fashion and comfortable styling.,data/product_images/P00077.jpg
P00078,Jacket,Casual,Relaxed Fit,Red,Plain,Blended,3570,Red Relaxed Fit Jacket,3.8,Casual Jacket with Relaxed Fit design in Red. Plain pattern made from Blended. Suitable for everyday fashion and comfortable styling.,data/product_images/P00078.jpg
P00079,Trousers,Sports,Slim Fit,Red,Printed,Blended,1510,Red Slim Fit Trousers,3.8,Sports Trousers with Slim Fit design in Red. Printed pattern made from Blended. Suitable for everyday fashion and comfortable styling.,data/product_images/P00079.jpg
P00080,Dress,Casual,Regular Fit,Pink,Printed,Rayon,3240,Pink Regular Fit Dress,3.9,Casual Dress with Regular Fit design in Pink. Printed pattern made from Rayon. Suitable for everyday fashion and comfortable styling.,data/product_images/P00080.jpg
P00081,Kurta,Ethnic,Relaxed Fit,Pink,Plain,Blended,2500,Pink Relaxed Fit Kurta,4.0,Ethnic Kurta with Relaxed Fit design in Pink. Plain pattern made from Blended. Suitable for everyday fashion and comfortable styling.,data/product_images/P00081.jpg
P00082,Skirt,Casual,Relaxed Fit,Pink,Checked,Linen,1010,Pink Relaxed Fit Skirt,4.0,Casual Skirt with Relaxed Fit design in Pink. Checked pattern made from Linen. Suitable for everyday fashion and comfortable styling.,data/product_images/P00082.jpg
P00083,Jacket,Casual,Relaxed Fit,Green,Printed,Cotton,4550,Green Relaxed Fit Jacket,4.0,Casual Jacket with Relaxed Fit design in Green. Printed pattern made from Cotton. Suitable for everyday fashion and comfortable styling.,data/product_images/P00083.jpg
P00084,Shirt,Casual,Slim Fit,Grey,Striped,Rayon,1120,Grey Slim Fit Shirt,4.1,Casual Shirt with Slim Fit design in Grey. Striped pattern made from Rayon. Suitable for everyday fashion and comfortable styling.,data/product_images/P00084.jpg
P00085,Jeans,Sports,Relaxed Fit,Green,Solid,Blended,1510,Green Relaxed Fit Jeans,4.1,Sports Jeans with Relaxed Fit design in Green. Solid pattern made from Blended. Suitable for everyday fashion and comfortable styling.,data/product_images/P00085.jpg
P00086,Jeans,Formal,Regular Fit,White,Striped,Blended,2390,White Regular Fit Jeans,4.2,Formal Jeans with Regular Fit design in White. Striped pattern made from Blended. Suitable for everyday fashion and comfortable styling.,data/product_images/P00086.jpg
P00087,Kurta,Casual,Oversized,Grey,Printed,Silk,4660,Grey Oversized Kurta,4.2,Casual Kurta with Oversized design in Grey. Printed pattern made from Silk. Suitable for everyday fashion and comfortable styling.,data/product_images/P00087.jpg
P00088,Shirt,Casual,Regular Fit,Beige,Printed,Linen,600,Beige Regular Fit Shirt,4.3,Casual Shirt with Regular Fit design in Beige. Printed pattern made from Linen. Suitable for everyday fashion and comfortable styling.,data/product_images/P00088.jpg
P00089,Jacket,Casual,Oversized,Green,Striped,Cotton,2160,Green Oversized Jacket,4.4,Casual Jacket with Oversized design in Green. Striped pattern made from Cotton. Suitable for everyday fashion and comfortable styling.,data/product_images/P00089.jpg
P00090,Jeans,Casual,Regular Fit,Navy,Plain,Denim,2830,Navy Regular Fit Jeans,4.4,Casual Jeans with Regular Fit design in Navy. Plain pattern made from Denim. Suitable for everyday fashion and comfortable styling.,data/product_images/P00090.jpg
P00091,Shirt,Formal,Regular Fit,Red,Checked,Cotton,1870,Red Regular Fit Shirt,3.8,Formal Shirt with Regular Fit design in Red. Checked pattern made from Cotton. Suitable for everyday fashion and comfortable styling.,data/product_images/P00091.jpg
P00092,Skirt,Party,Relaxed Fit,Green,Striped,Polyester,1010,Green Relaxed Fit Skirt,3.8,Party Skirt with Relaxed Fit design in Green. Striped pattern made from Polyester. Suitable for everyday fashion and comfortable styling.,data/product_images/P00092.jpg
P00093,Trousers,Formal,Regular Fit,Pink,Striped,Wool,1820,Pink Regular Fit Trousers,3.9,Formal Trousers with Regular Fit design in Pink. Striped pattern made from Wool. Suitable for everyday fashion and comfortable styling.,data/product_images/P00093.jpg
P00094,Trousers,Formal,Relaxed Fit,Yellow,Plain,Cotton,1260,Yellow Relaxed Fit Trousers,4.0,Formal Trousers with Relaxed Fit design in Yellow. Plain pattern made from Cotton. Suitable for everyday fashion and comfortable styling.,data/product_images/P00094.jpg
P00095,Trousers,Casual,Regular Fit,Blue,Solid,Polyester,1810,Blue Regular Fit Trousers,4.0,Casual Trousers with Regular Fit design in Blue. Solid pattern made from Polyester. Suitable for everyday fashion and comfortable styling.,data/product_images/P00095.jpg
P00096,Kurta,Ethnic,Relaxed Fit,White,Floral,Linen,2260,White Relaxed Fit Kurta,4.0,Ethnic Kurta with Relaxed Fit design in White. Floral pattern made from Linen. Suitable for everyday fashion and comfortable styling.,data/product_images/P00096.jpg
P00097,Jacket,Sports,Slim Fit,Grey,Floral,Cotton,3030,Grey Slim Fit Jacket,4.1,Sports Jacket with Slim Fit design in Grey. Floral pattern made from Cotton. Suitable for everyday fashion and comfortable styling.,data/product_images/P00097.jpg
P00098,Shirt,Casual,Regular Fit,Yellow,Plain,Polyester,1590,Yellow Regular Fit Shirt,4.1,Casual Shirt with Regular Fit design in Yellow. Plain pattern made from Polyester. Suitable for everyday fashion and comfortable styling.,data/product_images/P00098.jpg
P00099,Shirt,Casual,Relaxed Fit,White,Plain,Blended,560,White Relaxed Fit Shirt,4.2,Casual Shirt with Relaxed Fit design in White. Plain pattern made from Blended. Suitable for everyday fashion and comfortable styling.,data/product_images/P00099.jpg
P00100,Hoodie,Casual,Relaxed Fit,Black,Printed,Polyester,2120,Black Relaxed Fit Hoodie,4.2,Casual Hoodie with Relaxed Fit design in Black. Printed pattern made from Polyester. Suitable for everyday fashion and comfortable styling.,data/product_images/P00100.jpg
P00101,Dress,Casual,Regular Fit,Red,Solid,Linen,2380,Red Regular Fit Dress,4.3,Casual Dress with Regular Fit design in Red. Solid pattern made from Linen. Suitable for everyday fashion and comfortable styling.,data/product_images/P00101.jpg
P00102,Jacket,Sports,Slim Fit,Beige,Checked,Cotton,3500,Beige Slim Fit Jacket,4.4,Sports Jacket with Slim Fit design in Beige. Checked pattern made from Cotton. Suitable for everyday fashion and comfortable styling.,data/product_images/P00102.jpg
P00103,Shirt,Formal,Relaxed Fit,Black,Solid,Linen,1470,Black Relaxed Fit Shirt,4.4,Formal Shirt with Relaxed Fit design in Black. Solid pattern made from Linen. Suitable for everyday fashion and comfortable styling.,data/product_images/P00103.jpg
P00104,Hoodie,Casual,Oversized,Blue,Striped,Cotton,1740,Blue Oversized Hoodie,3.8,Casual Hoodie with Oversized design in Blue. Striped pattern made from Cotton. Suitable for everyday fashion and comfortable styling.,data/product_images/P00104.jpg
P00105,Jacket,Casual,Slim Fit,Yellow,Printed,Cotton,3630,Yellow Slim Fit Jacket,3.8,Casual Jacket with Slim Fit design in Yellow. Printed pattern made from Cotton. Suitable for everyday fashion and comfortable styling.,data/product_images/P00105.jpg
P00106,Jeans,Formal,Regular Fit,Grey,Floral,Blended,2030,Grey Regular Fit Jeans,3.9,Formal Jeans with Regular Fit design in Grey. Floral pattern made from Blended. Suitable for everyday fashion and comfortable styling.,data/product_images/P00106.jpg
P00107,Jeans,Casual,Regular Fit,White,Plain,Blended,2670,White Regular Fit Jeans,4.0,Casual Jeans with Regular Fit design in White. Plain pattern made from Blended. Suitable for everyday fashion and comfortable styling.,data/product_images/P00107.jpg
P00108,Dress,Casual,Regular Fit,Pink,Printed,Polyester,1220,Pink Regular Fit Dress,4.0,Casual Dress with Regular Fit design in Pink. Printed pattern made from Polyester. Suitable for everyday fashion and comfortable styling.,data/product_images/P00108.jpg
P00109,Skirt,Party,Regular Fit,Black,Striped,Silk,2360,Black Regular Fit Skirt,4.0,Party Skirt with Regular Fit design in Black. Striped pattern made from Silk. Suitable for everyday fashion and comfortable styling.,data/product_images/P00109.jpg
P00110,T-Shirt,Casual,Oversized,Green,Printed,Polyester,900,Green Oversized T-Shirt,4.1,Casual T-Shirt with Oversized design in Green. Printed pattern made from Polyester. Suitable for everyday fashion and comfortable styling.,data/product_images/P00110.jpg
P00111,Jeans,Sports,Relaxed Fit,Beige,Checked,Blended,2250,Beige Relaxed Fit Jeans,4.1,Sports Jeans with Relaxed Fit design in Beige. Checked pattern made from Blended. Suitable for everyday fashion and comfortable styling.,data/product_images/P00111.jpg
P00112,Trousers,Casual,Relaxed Fit,Brown,Checked,Polyester,1710,Brown Relaxed Fit Trousers,4.2,Casual Trousers with Relaxed Fit design in Brown. Checked pattern made from Polyester. Suitable for everyday fashion and comfortable styling.,data/product_images/P00112.jpg
P00113,T-Shirt,Sports,Relaxed Fit,Pink,Printed,Blended,680,Pink Relaxed Fit T-Shirt,4.2,Sports T-Shirt with Relaxed Fit design in Pink. Printed pattern made from Blended. Suitable for everyday fashion and comfortable styling.,data/product_images/P00113.jpg
P00114,Hoodie,Sports,Regular Fit,Red,Printed,Cotton,1410,Red Regular Fit Hoodie,4.3,Sports Hoodie with Regular Fit design in Red. Printed pattern made from Cotton. Suitable for everyday fashion and comfortable styling.,data/product_images/P00114.jpg
P00115,T-Shirt,Formal,Oversized,Black,Printed,Polyester,310,Black Oversized T-Shirt,4.4,Formal T-Shirt with Oversized design in Black. Printed pattern made from Polyester. Suitable for everyday fashion and comfortable styling.,data/product_images/P00115.jpg
P00116,Kurta,Ethnic,Oversized,Beige,Floral,Rayon,2960,Beige Oversized Kurta,4.4,Ethnic Kurta with Oversized design in Beige. Floral pattern made from Rayon. Suitable for everyday fashion and comfortable styling.,data/product_images/P00116.jpg
P00117,Shirt,Casual,Slim Fit,Pink,Checked,Blended,1880,Pink Slim Fit Shirt,3.8,Casual Shirt with Slim Fit design in Pink. Checked pattern made from Blended. Suitable for everyday fashion and comfortable styling.,data/product_images/P00117.jpg
P00118,Skirt,Party,Relaxed Fit,Green,Striped,Blended,1400,Green Relaxed Fit Skirt,3.8,Party Skirt with Relaxed Fit design in Green. Striped pattern made from Blended. Suitable for everyday fashion and comfortable styling.,data/product_images/P00118.jpg
P00119,Skirt,Casual,Regular Fit,Blue,Floral,Rayon,1690,Blue Regular Fit Skirt,3.9,Casual Skirt with Regular Fit design in Blue. Floral pattern made from Rayon. Suitable for everyday fashion and comfortable styling.,data/product_images/P00119.jpg
P00120,T-Shirt,Formal,Relaxed Fit,Pink,Checked,Cotton,1180,Pink Relaxed Fit T-Shirt,4.0,Formal T-Shirt with Relaxed Fit design in Pink. Checked pattern made from Cotton. Suitable for everyday fashion and comfortable styling.,data/product_images/P00120.jpg
P00121,Dress,Casual,Regular Fit,Beige,Floral,Linen,2940,Beige Regular Fit Dress,4.0,Casual Dress with Regular Fit design in Beige. Floral pattern made from Linen. Suitable for everyday fashion and comfortable styling.,data/product_images/P00121.jpg
P00122,Kurta,Casual,Relaxed Fit,Black,Plain,Silk,2430,Black Relaxed Fit Kurta,4.0,Casual Kurta with Relaxed Fit design in Black. Plain pattern made from Silk. Suitable for everyday fashion and comfortable styling.,data/product_images/P00122.jpg
P00123,Kurta,Party,Relaxed Fit,White,Floral,Linen,2280,White Relaxed Fit Kurta,4.1,Party Kurta with Relaxed Fit design in White. Floral pattern made from Linen. Suitable for everyday fashion and comfortable styling.,data/product_images/P00123.jpg
P00124,Skirt,Party,Regular Fit,Black,Solid,Cotton,1240,Black Regular Fit Skirt,4.1,Party Skirt with Regular Fit design in Black. Solid pattern made from Cotton. Suitable for everyday fashion and comfortable styling.,data/product_images/P00124.jpg
P00125,Trousers,Formal,Relaxed Fit,Pink,Checked,Blended,1230,Pink Relaxed Fit Trousers,4.2,Formal Trousers with Relaxed Fit design in Pink. Checked pattern made from Blended. Suitable for everyday fashion and comfortable styling.,data/product_images/P00125.jpg
P00126,Kurta,Casual,Regular Fit,Black,Printed,Silk,4250,Black Regular Fit Kurta,4.2,Casual Kurta with Regular Fit design in Black. Printed pattern made from Silk. Suitable for everyday fashion and comfortable styling.,data/product_images/P00126.jpg
P00127,Skirt,Casual,Regular Fit,Grey,Checked,Rayon,670,Grey Regular Fit Skirt,4.3,Casual Skirt with Regular Fit design in Grey. Checked pattern made from Rayon. Suitable for everyday fashion and comfortable styling.,data/product_images/P00127.jpg
P00128,Jacket,Sports,Oversized,Navy,Floral,Polyester,3050,Navy Oversized Jacket,4.4,Sports Jacket with Oversized design in Navy. Floral pattern made from Polyester. Suitable for everyday fashion and comfortable styling.,data/product_images/P00128.jpg
P00129,Trousers,Formal,Slim Fit,Green,Floral,Polyester,1960,Green Slim Fit Trousers,4.4,Formal Trousers with Slim Fit design in Green. Floral pattern made from Polyester. Suitable for everyday fashion and comfortable styling.,data/product_images/P00129.jpg
P00130,T-Shirt,Formal,Relaxed Fit,Yellow,Printed,Rayon,570,Yellow Relaxed Fit T-Shirt,3.8,Formal T-Shirt with Relaxed Fit design in Yellow. Printed pattern made from Rayon. Suitable for everyday fashion and comfortable styling.,data/product_images/P00130.jpg
P00131,Hoodie,Casual,Regular Fit,Navy,Striped,Cotton,1700,Navy Regular Fit Hoodie,3.8,Casual Hoodie with Regular Fit design in Navy. Striped pattern made from Cotton. Suitable for everyday fashion and comfortable styling.,data/product_images/P00131.jpg
P00132,Shirt,Formal,Regular Fit,Pink,Printed,Polyester,1710,Pink Regular Fit Shirt,3.9,Formal Shirt with Regular Fit design in Pink. Printed pattern made from Polyester. Suitable for everyday fashion and comfortable styling.,data/product_images/P00132.jpg
P00133,Jeans,Formal,Regular Fit,Black,Solid,Denim,1240,Black Regular Fit Jeans,4.0,Formal Jeans with Regular Fit design in Black. Solid pattern made from Denim. Suitable for everyday fashion and comfortable styling.,data/product_images/P00133.jpg
P00134,T-Shirt,Formal,Regular Fit,Brown,Printed,Cotton,1210,Brown Regular Fit T-Shirt,4.0,Formal T-Shirt with Regular Fit design in Brown. Printed pattern made from Cotton. Suitable for everyday fashion and comfortable styling.,data/product_images/P00134.jpg
P00135,Skirt,Casual,Regular Fit,Green,Floral,Cotton,2220,Green Regular Fit Skirt,4.0,Casual Skirt with Regular Fit design in Green. Floral pattern made from Cotton. Suitable for everyday fashion and comfortable styling.,data/product_images/P00135.jpg
P00136,T-Shirt,Sports,Regular Fit,Red,Solid,Rayon,790,Red Regular Fit T-Shirt,4.1,Sports T-Shirt with Regular Fit design in Red. Solid pattern made from Rayon. Suitable for everyday fashion and comfortable styling.,data/product_images/P00136.jpg
P00137,Shirt,Formal,Slim Fit,Brown,Checked,Cotton,1630,Brown Slim Fit Shirt,4.1,Formal Shirt with Slim Fit design in Brown. Checked pattern made from Cotton. Suitable for everyday fashion and comfortable styling.,data/product_images/P00137.jpg
P00138,Jeans,Casual,Slim Fit,Red,Checked,Denim,2680,Red Slim Fit Jeans,4.2,Casual Jeans with Slim Fit design in Red. Checked pattern made from Denim. Suitable for everyday fashion and comfortable styling.,data/product_images/P00138.jpg
P00139,Trousers,Casual,Regular Fit,Beige,Plain,Linen,2500,Beige Regular Fit Trousers,4.2,Casual Trousers with Regular Fit design in Beige. Plain pattern made from Linen. Suitable for everyday fashion and comfortable styling.,data/product_images/P00139.jpg
P00140,Dress,Party,Relaxed Fit,Brown,Checked,Polyester,1650,Brown Relaxed Fit Dress,4.3,Party Dress with Relaxed Fit design in Brown. Checked pattern made from Polyester. Suitable for everyday fashion and comfortable styling.,data/product_images/P00140.jpg
P00141,Dress,Casual,Regular Fit,Black,Plain,Linen,2970,Black Regular Fit Dress,4.4,Casual Dress with Regular Fit design in Black. Plain pattern made from Linen. Suitable for everyday fashion and comfortable styling.,data/product_images/P00141.jpg
P00142,Skirt,Casual,Regular Fit,Brown,Checked,Blended,2270,Brown Regular Fit Skirt,4.4,Casual Skirt with Regular Fit design in Brown. Checked pattern made from Blended. Suitable for everyday fashion and comfortable styling.,data/product_images/P00142.jpg
P00143,Dress,Party,Relaxed Fit,Blue,Striped,Polyester,2190,Blue Relaxed Fit Dress,3.8,Party Dress with Relaxed Fit design in Blue. Striped pattern made from Polyester. Suitable for everyday fashion and comfortable styling.,data/product_images/P00143.jpg
P00144,Dress,Party,Regular Fit,Yellow,Floral,Cotton,1870,Yellow Regular Fit Dress,3.8,Party Dress with Regular Fit design in Yellow. Floral pattern made from Cotton. Suitable for everyday fashion and comfortable styling.,data/product_images/P00144.jpg
P00145,Jacket,Casual,Slim Fit,Yellow,Floral,Blended,3200,Yellow Slim Fit Jacket,3.9,Casual Jacket with Slim Fit design in Yellow. Floral pattern made from Blended. Suitable for everyday fashion and comfortable styling.,data/product_images/P00145.jpg
P00146,Jacket,Sports,Slim Fit,Yellow,Floral,Polyester,2910,Yellow Slim Fit Jacket,4.0,Sports Jacket with Slim Fit design in Yellow. Floral pattern made from Polyester. Suitable for everyday fashion and comfortable styling.,data/product_images/P00146.jpg
P00147,Trousers,Sports,Slim Fit,Brown,Printed,Blended,1060,Brown Slim Fit Trousers,4.0,Sports Trousers with Slim Fit design in Brown. Printed pattern made from Blended. Suitable for everyday fashion and comfortable styling.,data/product_images/P00147.jpg
P00148,T-Shirt,Sports,Relaxed Fit,Yellow,Checked,Rayon,1000,Yellow Relaxed Fit T-Shirt,4.0,Sports T-Shirt with Relaxed Fit design in Yellow. Checked pattern made from Rayon. Suitable for everyday fashion and comfortable styling.,data/product_images/P00148.jpg
P00149,Jacket,Casual,Regular Fit,Navy,Solid,Blended,3250,Navy Regular Fit Jacket,4.1,Casual Jacket with Regular Fit design in Navy. Solid pattern made from Blended. Suitable for everyday fashion and comfortable styling.,data/product_images/P00149.jpg
P00150,Skirt,Casual,Relaxed Fit,Grey,Floral,Rayon,940,Grey Relaxed Fit Skirt,4.1,Casual Skirt with Relaxed Fit design in Grey. Floral pattern made from Rayon. Suitable for everyday fashion and comfortable styling.,data/product_images/P00150.jpg
P00151,Skirt,Casual,Regular Fit,White,Striped,Rayon,2490,White Regular Fit Skirt,4.2,Casual Skirt with Regular Fit design in White. Striped pattern made from Rayon. Suitable for everyday fashion and comfortable styling.,data/product_images/P00151.jpg
P00152,Trousers,Casual,Slim Fit,Navy,Solid,Cotton,1740,Navy Slim Fit Trousers,4.2,Casual Trousers with Slim Fit design in Navy. Solid pattern made from Cotton. Suitable for everyday fashion and comfortable styling.,data/product_images/P00152.jpg
P00153,Kurta,Party,Slim Fit,Green,Floral,Cotton,2830,Green Slim Fit Kurta,4.3,Party Kurta with Slim Fit design in Green. Floral pattern made from Cotton. Suitable for everyday fashion and comfortable styling.,data/product_images/P00153.jpg
P00154,Dress,Party,Regular Fit,Black,Printed,Linen,4030,Black Regular Fit Dress,4.4,Party Dress with Regular Fit design in Black. Printed pattern made from Linen. Suitable for everyday fashion and comfortable styling.,data/product_images/P00154.jpg
P00155,Hoodie,Casual,Regular Fit,Grey,Floral,Wool,1600,Grey Regular Fit Hoodie,4.4,Casual Hoodie with Regular Fit design in Grey. Floral pattern made from Wool. Suitable for everyday fashion and comfortable styling.,data/product_images/P00155.jpg
P00156,Jacket,Casual,Slim Fit,Beige,Solid,Blended,3980,Beige Slim Fit Jacket,3.8,Casual Jacket with Slim Fit design in Beige. Solid pattern made from Blended. Suitable for everyday fashion and comfortable styling.,data/product_images/P00156.jpg
P00157,Kurta,Party,Relaxed Fit,Blue,Plain,Linen,3240,Blue Relaxed Fit Kurta,3.8,Party Kurta with Relaxed Fit design in Blue. Plain pattern made from Linen. Suitable for everyday fashion and comfortable styling.,data/product_images/P00157.jpg
P00158,T-Shirt,Formal,Relaxed Fit,Grey,Solid,Polyester,760,Grey Relaxed Fit T-Shirt,3.9,Formal T-Shirt with Relaxed Fit design in Grey. Solid pattern made from Polyester. Suitable for everyday fashion and comfortable styling.,data/product_images/P00158.jpg
P00159,Jeans,Casual,Relaxed Fit,Green,Striped,Blended,920,Green Relaxed Fit Jeans,4.0,Casual Jeans with Relaxed Fit design in Green. Striped pattern made from Blended. Suitable for everyday fashion and comfortable styling.,data/product_images/P00159.jpg
P00160,Shirt,Casual,Relaxed Fit,Black,Checked,Linen,600,Black Relaxed Fit Shirt,4.0,Casual Shirt with Relaxed Fit design in Black. Checked pattern made from Linen. Suitable for everyday fashion and comfortable styling.,data/product_images/P00160.jpg
P00161,Jacket,Casual,Slim Fit,Black,Striped,Cotton,1760,Black Slim Fit Jacket,4.0,Casual Jacket with Slim Fit design in Black. Striped pattern made from Cotton. Suitable for everyday fashion and comfortable styling.,data/product_images/P00161.jpg
P00162,Hoodie,Sports,Relaxed Fit,Green,Printed,Blended,1570,Green Relaxed Fit Hoodie,4.1,Sports Hoodie with Relaxed Fit design in Green. Printed pattern made from Blended. Suitable for everyday fashion and comfortable styling.,data/product_images/P00162.jpg
P00163,Shirt,Sports,Relaxed Fit,Grey,Checked,Blended,1370,Grey Relaxed Fit Shirt,4.1,Sports Shirt with Relaxed Fit design in Grey. Checked pattern made from Blended. Suitable for everyday fashion and comfortable styling.,data/product_images/P00163.jpg
P00164,Skirt,Party,Regular Fit,Blue,Floral,Rayon,1530,Blue Regular Fit Skirt,4.2,Party Skirt with Regular Fit design in Blue. Floral pattern made from Rayon. Suitable for everyday fashion and comfortable styling.,data/product_images/P00164.jpg
P00165,T-Shirt,Casual,Oversized,Green,Floral,Polyester,440,Green Oversized T-Shirt,4.2,Casual T-Shirt with Oversized design in Green. Floral pattern made from Polyester. Suitable for everyday fashion and comfortable styling.,data/product_images/P00165.jpg
P00166,Shirt,Casual,Relaxed Fit,Brown,Checked,Linen,1040,Brown Relaxed Fit Shirt,4.3,Casual Shirt with Relaxed Fit design in Brown. Checked pattern made from Linen. Suitable for everyday fashion and comfortable styling.,data/product_images/P00166.jpg
P00167,T-Shirt,Sports,Relaxed Fit,Black,Striped,Linen,1540,Black Relaxed Fit T-Shirt,4.4,Sports T-Shirt with Relaxed Fit design in Black. Striped pattern made from Linen. Suitable for everyday fashion and comfortable styling.,data/product_images/P00167.jpg
P00168,Skirt,Casual,Regular Fit,Black,Checked,Rayon,1640,Black Regular Fit Skirt,4.4,Casual Skirt with Regular Fit design in Black. Checked pattern made from Rayon. Suitable for everyday fashion and comfortable styling.,data/product_images/P00168.jpg
P00169,Skirt,Casual,Regular Fit,Green,Printed,Rayon,2400,Green Regular Fit Skirt,3.8,Casual Skirt with Regular Fit design in Green. Printed pattern made from Rayon. Suitable for everyday fashion and comfortable styling.,data/product_images/P00169.jpg
P00170,Skirt,Casual,Relaxed Fit,White,Floral,Blended,2070,White Relaxed Fit Skirt,3.8,Casual Skirt with Relaxed Fit design in White. Floral pattern made from Blended. Suitable for everyday fashion and comfortable styling.,data/product_images/P00170.jpg
P00171,Trousers,Casual,Regular Fit,Navy,Printed,Linen,830,Navy Regular Fit Trousers,3.9,Casual Trousers with Regular Fit design in Navy. Printed pattern made from Linen. Suitable for everyday fashion and comfortable styling.,data/product_images/P00171.jpg
P00172,Dress,Casual,Regular Fit,Black,Checked,Polyester,3260,Black Regular Fit Dress,4.0,Casual Dress with Regular Fit design in Black. Checked pattern made from Polyester. Suitable for everyday fashion and comfortable styling.,data/product_images/P00172.jpg
P00173,T-Shirt,Casual,Relaxed Fit,White,Printed,Rayon,740,White Relaxed Fit T-Shirt,4.0,Casual T-Shirt with Relaxed Fit design in White. Printed pattern made from Rayon. Suitable for everyday fashion and comfortable styling.,data/product_images/P00173.jpg
P00174,T-Shirt,Sports,Relaxed Fit,Blue,Striped,Rayon,1100,Blue Relaxed Fit T-Shirt,4.0,Sports T-Shirt with Relaxed Fit design in Blue. Striped pattern made from Rayon. Suitable for everyday fashion and comfortable styling.,data/product_images/P00174.jpg
P00175,Hoodie,Sports,Regular Fit,Beige,Striped,Wool,3260,Beige Regular Fit Hoodie,4.1,Sports Hoodie with Regular Fit design in Beige. Striped pattern made from Wool. Suitable for everyday fashion and comfortable styling.,data/product_images/P00175.jpg
P00176,Hoodie,Casual,Oversized,Brown,Floral,Blended,2350,Brown Oversized Hoodie,4.1,Casual Hoodie with Oversized design in Brown. Floral pattern made from Blended. Suitable for everyday fashion and comfortable styling.,data/product_images/P00176.jpg
P00177,Dress,Party,Regular Fit,Black,Plain,Blended,3040,Black Regular Fit Dress,4.2,Party Dress with Regular Fit design in Black. Plain pattern made from Blended. Suitable for everyday fashion and comfortable styling.,data/product_images/P00177.jpg
P00178,T-Shirt,Sports,Regular Fit,Beige,Floral,Polyester,730,Beige Regular Fit T-Shirt,4.2,Sports T-Shirt with Regular Fit design in Beige. Floral pattern made from Polyester. Suitable for everyday fashion and comfortable styling.,data/product_images/P00178.jpg
P00179,T-Shirt,Casual,Relaxed Fit,Grey,Floral,Linen,1080,Grey Relaxed Fit T-Shirt,4.3,Casual T-Shirt with Relaxed Fit design in Grey. Floral pattern made from Linen. Suitable for everyday fashion and comfortable styling.,data/product_images/P00179.jpg
P00180,Trousers,Formal,Regular Fit,Beige,Plain,Blended,1780,Beige Regular Fit Trousers,4.4,Formal Trousers with Regular Fit design in Beige. Plain pattern made from Blended. Suitable for everyday fashion and comfortable styling.,data/product_images/P00180.jpg
P00181,Dress,Party,Relaxed Fit,Red,Printed,Rayon,3870,Red Relaxed Fit Dress,4.4,Party Dress with Relaxed Fit design in Red. Printed pattern made from Rayon. Suitable for everyday fashion and comfortable styling.,data/product_images/P00181.jpg
P00182,Hoodie,Sports,Oversized,Yellow,Striped,Cotton,1930,Yellow Oversized Hoodie,3.8,Sports Hoodie with Oversized design in Yellow. Striped pattern made from Cotton. Suitable for everyday fashion and comfortable styling.,data/product_images/P00182.jpg
P00183,Dress,Casual,Regular Fit,Pink,Solid,Polyester,1880,Pink Regular Fit Dress,3.8,Casual Dress with Regular Fit design in Pink. Solid pattern made from Polyester. Suitable for everyday fashion and comfortable styling.,data/product_images/P00183.jpg
P00184,T-Shirt,Sports,Regular Fit,Green,Checked,Blended,970,Green Regular Fit T-Shirt,3.9,Sports T-Shirt with Regular Fit design in Green. Checked pattern made from Blended. Suitable for everyday fashion and comfortable styling.,data/product_images/P00184.jpg
P00185,Jacket,Sports,Oversized,Yellow,Striped,Cotton,3940,Yellow Oversized Jacket,4.0,Sports Jacket with Oversized design in Yellow. Striped pattern made from Cotton. Suitable for everyday fashion and comfortable styling.,data/product_images/P00185.jpg
P00186,Skirt,Party,Relaxed Fit,Blue,Floral,Blended,1890,Blue Relaxed Fit Skirt,4.0,Party Skirt with Relaxed Fit design in Blue. Floral pattern made from Blended. Suitable for everyday fashion and comfortable styling.,data/product_images/P00186.jpg
P00187,Shirt,Sports,Relaxed Fit,Pink,Checked,Rayon,610,Pink Relaxed Fit Shirt,4.0,Sports Shirt with Relaxed Fit design in Pink. Checked pattern made from Rayon. Suitable for everyday fashion and comfortable styling.,data/product_images/P00187.jpg
P00188,T-Shirt,Formal,Oversized,Beige,Printed,Cotton,390,Beige Oversized T-Shirt,4.1,Formal T-Shirt with Oversized design in Beige. Printed pattern made from Cotton. Suitable for everyday fashion and comfortable styling.,data/product_images/P00188.jpg
P00189,Shirt,Casual,Slim Fit,Black,Checked,Linen,1370,Black Slim Fit Shirt,4.1,Casual Shirt with Slim Fit design in Black. Checked pattern made from Linen. Suitable for everyday fashion and comfortable styling.,data/product_images/P00189.jpg
P00190,Jeans,Formal,Slim Fit,Blue,Striped,Blended,2790,Blue Slim Fit Jeans,4.2,Formal Jeans with Slim Fit design in Blue. Striped pattern made from Blended. Suitable for everyday fashion and comfortable styling.,data/product_images/P00190.jpg
P00191,Hoodie,Sports,Relaxed Fit,White,Printed,Blended,2060,White Relaxed Fit Hoodie,4.2,Sports Hoodie with Relaxed Fit design in White. Printed pattern made from Blended. Suitable for everyday fashion and comfortable styling.,data/product_images/P00191.jpg
P00192,Shirt,Formal,Slim Fit,Black,Plain,Rayon,1380,Black Slim Fit Shirt,4.3,Formal Shirt with Slim Fit design in Black. Plain pattern made from Rayon. Suitable for everyday fashion and comfortable styling.,data/product_images/P00192.jpg
P00193,Skirt,Party,Regular Fit,Blue,Printed,Cotton,1850,Blue Regular Fit Skirt,4.4,Party Skirt with Regular Fit design in Blue. Printed pattern made from Cotton. Suitable for everyday fashion and comfortable styling.,data/product_images/P00193.jpg
P00194,Hoodie,Sports,Regular Fit,Green,Solid,Cotton,1900,Green Regular Fit Hoodie,4.4,Sports Hoodie with Regular Fit design in Green. Solid pattern made from Cotton. Suitable for everyday fashion and comfortable styling.,data/product_images/P00194.jpg
P00195,Kurta,Party,Relaxed Fit,Pink,Solid,Cotton,1120,Pink Relaxed Fit Kurta,3.8,Party Kurta with Relaxed Fit design in Pink. Solid pattern made from Cotton. Suitable for everyday fashion and comfortable styling.,data/product_images/P00195.jpg
P00196,Jacket,Sports,Oversized,Green,Floral,Wool,5200,Green Oversized Jacket,3.8,Sports Jacket with Oversized design in Green. Floral pattern made from Wool. Suitable for everyday fashion and comfortable styling.,data/product_images/P00196.jpg
P00197,Kurta,Ethnic,Oversized,Blue,Printed,Linen,2780,Blue Oversized Kurta,3.9,Ethnic Kurta with Oversized design in Blue. Printed pattern made from Linen. Suitable for everyday fashion and comfortable styling.,data/product_images/P00197.jpg
P00198,Trousers,Sports,Regular Fit,Grey,Checked,Linen,2140,Grey Regular Fit Trousers,4.0,Sports Trousers with Regular Fit design in Grey. Checked pattern made from Linen. Suitable for everyday fashion and comfortable styling.,data/product_images/P00198.jpg
P00199,Skirt,Party,Relaxed Fit,Blue,Printed,Linen,2620,Blue Relaxed Fit Skirt,4.0,Party Skirt with Relaxed Fit design in Blue. Printed pattern made from Linen. Suitable for everyday fashion and comfortable styling.,data/product_images/P00199.jpg
P00200,Skirt,Casual,Regular Fit,Pink,Striped,Cotton,1620,Pink Regular Fit Skirt,4.0,Casual Skirt with Regular Fit design in Pink. Striped pattern made from Cotton. Suitable for everyday fashion and comfortable styling.,data/product_images/P00200.jpg
P00201,Hoodie,Casual,Oversized,Beige,Plain,Blended,1450,Beige Oversized Hoodie,4.1,Casual Hoodie with Oversized design in Beige. Plain pattern made from Blended. Suitable for everyday fashion and comfortable styling.,data/product_images/P00201.jpg
P00202,T-Shirt,Sports,Oversized,Grey,Solid,Polyester,1210,Grey Oversized T-Shirt,4.1,Sports T-Shirt with Oversized design in Grey. Solid pattern made from Polyester. Suitable for everyday fashion and comfortable styling.,data/product_images/P00202.jpg
P00203,T-Shirt,Sports,Relaxed Fit,Blue,Floral,Rayon,380,Blue Relaxed Fit T-Shirt,4.2,Sports T-Shirt with Relaxed Fit design in Blue. Floral pattern made from Rayon. Suitable for everyday fashion and comfortable styling.,data/product_images/P00203.jpg
P00204,Shirt,Casual,Relaxed Fit,Red,Plain,Linen,730,Red Relaxed Fit Shirt,4.2,Casual Shirt with Relaxed Fit design in Red. Plain pattern made from Linen. Suitable for everyday fashion and comfortable styling.,data/product_images/P00204.jpg
P00205,Dress,Casual,Regular Fit,Navy,Floral,Cotton,1240,Navy Regular Fit Dress,4.3,Casual Dress with Regular Fit design in Navy. Floral pattern made from Cotton. Suitable for everyday fashion and comfortable styling.,data/product_images/P00205.jpg
P00206,Skirt,Party,Relaxed Fit,White,Floral,Polyester,610,White Relaxed Fit Skirt,4.4,Party Skirt with Relaxed Fit design in White. Floral pattern made from Polyester. Suitable for everyday fashion and comfortable styling.,data/product_images/P00206.jpg
P00207,Shirt,Formal,Relaxed Fit,Red,Plain,Cotton,1090,Red Relaxed Fit Shirt,4.4,Formal Shirt with Relaxed Fit design in Red. Plain pattern made from Cotton. Suitable for everyday fashion and comfortable styling.,data/product_images/P00207.jpg
P00208,Trousers,Formal,Slim Fit,Yellow,Printed,Blended,820,Yellow Slim Fit Trousers,3.8,Formal Trousers with Slim Fit design in Yellow. Printed pattern made from Blended. Suitable for everyday fashion and comfortable styling.,data/product_images/P00208.jpg
P00209,Hoodie,Sports,Relaxed Fit,Grey,Floral,Blended,1510,Grey Relaxed Fit Hoodie,3.8,Sports Hoodie with Relaxed Fit design in Grey. Floral pattern made from Blended. Suitable for everyday fashion and comfortable styling.,data/product_images/P00209.jpg
P00210,T-Shirt,Sports,Relaxed Fit,Beige,Striped,Blended,1030,Beige Relaxed Fit T-Shirt,3.9,Sports T-Shirt with Relaxed Fit design in Beige. Striped pattern made from Blended. Suitable for everyday fashion and comfortable styling.,data/product_images/P00210.jpg
P00211,Jacket,Casual,Regular Fit,Blue,Solid,Wool,2530,Blue Regular Fit Jacket,4.0,Casual Jacket with Regular Fit design in Blue. Solid pattern made from Wool. Suitable for everyday fashion and comfortable styling.,data/product_images/P00211.jpg
P00212,Kurta,Ethnic,Oversized,Black,Floral,Blended,790,Black Oversized Kurta,4.0,Ethnic Kurta with Oversized design in Black. Floral pattern made from Blended. Suitable for everyday fashion and comfortable styling.,data/product_images/P00212.jpg
P00213,Dress,Casual,Regular Fit,Black,Striped,Linen,2910,Black Regular Fit Dress,4.0,Casual Dress with Regular Fit design in Black. Striped pattern made from Linen. Suitable for everyday fashion and comfortable styling.,data/product_images/P00213.jpg
P00214,Jeans,Formal,Regular Fit,White,Plain,Blended,2650,White Regular Fit Jeans,4.1,Formal Jeans with Regular Fit design in White. Plain pattern made from Blended. Suitable for everyday fashion and comfortable styling.,data/product_images/P00214.jpg
P00215,Jeans,Casual,Slim Fit,Green,Plain,Denim,3340,Green Slim Fit Jeans,4.1,Casual Jeans with Slim Fit design in Green. Plain pattern made from Denim. Suitable for everyday fashion and comfortable styling.,data/product_images/P00215.jpg
P00216,Jacket,Casual,Slim Fit,White,Checked,Wool,2280,White Slim Fit Jacket,4.2,Casual Jacket with Slim Fit design in White. Checked pattern made from Wool. Suitable for everyday fashion and comfortable styling.,data/product_images/P00216.jpg
P00217,Kurta,Casual,Regular Fit,Blue,Striped,Linen,2950,Blue Regular Fit Kurta,4.2,Casual Kurta with Regular Fit design in Blue. Striped pattern made from Linen. Suitable for everyday fashion and comfortable styling.,data/product_images/P00217.jpg
P00218,Skirt,Casual,Regular Fit,Beige,Checked,Linen,1580,Beige Regular Fit Skirt,4.3,Casual Skirt with Regular Fit design in Beige. Checked pattern made from Linen. Suitable for everyday fashion and comfortable styling.,data/product_images/P00218.jpg
P00219,Hoodie,Casual,Regular Fit,Brown,Solid,Polyester,840,Brown Regular Fit Hoodie,4.4,Casual Hoodie with Regular Fit design in Brown. Solid pattern made from Polyester. Suitable for everyday fashion and comfortable styling.,data/product_images/P00219.jpg
P00220,Jacket,Sports,Relaxed Fit,Black,Printed,Blended,3000,Black Relaxed Fit Jacket,4.4,Sports Jacket with Relaxed Fit design in Black. Printed pattern made from Blended. Suitable for everyday fashion and comfortable styling.,data/product_images/P00220.jpg
P00221,Jeans,Sports,Regular Fit,Pink,Checked,Denim,1750,Pink Regular Fit Jeans,3.8,Sports Jeans with Regular Fit design in Pink. Checked pattern made from Denim. Suitable for everyday fashion and comfortable styling.,data/product_images/P00221.jpg
P00222,Hoodie,Casual,Regular Fit,Brown,Checked,Wool,1450,Brown Regular Fit Hoodie,3.8,Casual Hoodie with Regular Fit design in Brown. Checked pattern made from Wool. Suitable for everyday fashion and comfortable styling.,data/product_images/P00222.jpg
P00223,Kurta,Ethnic,Relaxed Fit,Red,Checked,Silk,1700,Red Relaxed Fit Kurta,3.9,Ethnic Kurta with Relaxed Fit design in Red. Checked pattern made from Silk. Suitable for everyday fashion and comfortable styling.,data/product_images/P00223.jpg
P00224,Kurta,Party,Oversized,Blue,Solid,Linen,2970,Blue Oversized Kurta,4.0,Party Kurta with Oversized design in Blue. Solid pattern made from Linen. Suitable for everyday fashion and comfortable styling.,data/product_images/P00224.jpg
P00225,Jacket,Casual,Regular Fit,Grey,Striped,Polyester,3930,Grey Regular Fit Jacket,4.0,Casual Jacket with Regular Fit design in Grey. Striped pattern made from Polyester. Suitable for everyday fashion and comfortable styling.,data/product_images/P00225.jpg
P00226,Dress,Party,Regular Fit,White,Floral,Rayon,4140,White Regular Fit Dress,4.0,Party Dress with Regular Fit design in White. Floral pattern made from Rayon. Suitable for everyday fashion and comfortable styling.,data/product_images/P00226.jpg
P00227,Shirt,Sports,Regular Fit,Brown,Striped,Blended,1590,Brown Regular Fit Shirt,4.1,Sports Shirt with Regular Fit design in Brown. Striped pattern made from Blended. Suitable for everyday fashion and comfortable styling.,data/product_images/P00227.jpg
P00228,Hoodie,Sports,Relaxed Fit,Blue,Solid,Cotton,2440,Blue Relaxed Fit Hoodie,4.1,Sports Hoodie with Relaxed Fit design in Blue. Solid pattern made from Cotton. Suitable for everyday fashion and comfortable styling.,data/product_images/P00228.jpg
P00229,Jacket,Sports,Relaxed Fit,Green,Striped,Polyester,4320,Green Relaxed Fit Jacket,4.2,Sports Jacket with Relaxed Fit design in Green. Striped pattern made from Polyester. Suitable for everyday fashion and comfortable styling.,data/product_images/P00229.jpg
P00230,Shirt,Casual,Regular Fit,Green,Floral,Cotton,590,Green Regular Fit Shirt,4.2,Casual Shirt with Regular Fit design in Green. Floral pattern made from Cotton. Suitable for everyday fashion and comfortable styling.,data/product_images/P00230.jpg
P00231,Skirt,Party,Relaxed Fit,Yellow,Floral,Polyester,1300,Yellow Relaxed Fit Skirt,4.3,Party Skirt with Relaxed Fit design in Yellow. Floral pattern made from Polyester. Suitable for everyday fashion and comfortable styling.,data/product_images/P00231.jpg
P00232,Jeans,Casual,Relaxed Fit,Navy,Printed,Denim,3150,Navy Relaxed Fit Jeans,4.4,Casual Jeans with Relaxed Fit design in Navy. Printed pattern made from Denim. Suitable for everyday fashion and comfortable styling.,data/product_images/P00232.jpg
P00233,Jeans,Formal,Relaxed Fit,Yellow,Solid,Blended,1400,Yellow Relaxed Fit Jeans,4.4,Formal Jeans with Relaxed Fit design in Yellow. Solid pattern made from Blended. Suitable for everyday fashion and comfortable styling.,data/product_images/P00233.jpg
P00234,Trousers,Sports,Slim Fit,Black,Plain,Blended,1850,Black Slim Fit Trousers,3.8,Sports Trousers with Slim Fit design in Black. Plain pattern made from Blended. Suitable for everyday fashion and comfortable styling.,data/product_images/P00234.jpg
P00235,Trousers,Sports,Regular Fit,White,Striped,Polyester,1070,White Regular Fit Trousers,3.8,Sports Trousers with Regular Fit design in White. Striped pattern made from Polyester. Suitable for everyday fashion and comfortable styling.,data/product_images/P00235.jpg
P00236,Shirt,Casual,Slim Fit,Brown,Printed,Polyester,1750,Brown Slim Fit Shirt,3.9,Casual Shirt with Slim Fit design in Brown. Printed pattern made from Polyester. Suitable for everyday fashion and comfortable styling.,data/product_images/P00236.jpg
P00237,Jeans,Casual,Relaxed Fit,Beige,Checked,Denim,1890,Beige Relaxed Fit Jeans,4.0,Casual Jeans with Relaxed Fit design in Beige. Checked pattern made from Denim. Suitable for everyday fashion and comfortable styling.,data/product_images/P00237.jpg
P00238,Hoodie,Casual,Relaxed Fit,White,Plain,Cotton,2020,White Relaxed Fit Hoodie,4.0,Casual Hoodie with Relaxed Fit design in White. Plain pattern made from Cotton. Suitable for everyday fashion and comfortable styling.,data/product_images/P00238.jpg
P00239,T-Shirt,Formal,Regular Fit,Yellow,Plain,Blended,1170,Yellow Regular Fit T-Shirt,4.0,Formal T-Shirt with Regular Fit design in Yellow. Plain pattern made from Blended. Suitable for everyday fashion and comfortable styling.,data/product_images/P00239.jpg
P00240,T-Shirt,Sports,Relaxed Fit,Navy,Printed,Rayon,360,Navy Relaxed Fit T-Shirt,4.1,Sports T-Shirt with Relaxed Fit design in Navy. Printed pattern made from Rayon. Suitable for everyday fashion and comfortable styling.,data/product_images/P00240.jpg
P00241,Jeans,Formal,Relaxed Fit,Navy,Plain,Blended,1090,Navy Relaxed Fit Jeans,4.1,Formal Jeans with Relaxed Fit design in Navy. Plain pattern made from Blended. Suitable for everyday fashion and comfortable styling.,data/product_images/P00241.jpg
P00242,Shirt,Casual,Regular Fit,Navy,Plain,Rayon,630,Navy Regular Fit Shirt,4.2,Casual Shirt with Regular Fit design in Navy. Plain pattern made from Rayon. Suitable for everyday fashion and comfortable styling.,data/product_images/P00242.jpg
P00243,Hoodie,Casual,Oversized,Red,Checked,Blended,1500,Red Oversized Hoodie,4.2,Casual Hoodie with Oversized design in Red. Checked pattern made from Blended. Suitable for everyday fashion and comfortable styling.,data/product_images/P00243.jpg
P00244,Skirt,Party,Relaxed Fit,Red,Solid,Blended,2330,Red Relaxed Fit Skirt,4.3,Party Skirt with Relaxed Fit design in Red. Solid pattern made from Blended. Suitable for everyday fashion and comfortable styling.,data/product_images/P00244.jpg
P00245,Hoodie,Casual,Regular Fit,Yellow,Plain,Blended,2020,Yellow Regular Fit Hoodie,4.4,Casual Hoodie with Regular Fit design in Yellow. Plain pattern made from Blended. Suitable for everyday fashion and comfortable styling.,data/product_images/P00245.jpg
P00246,Skirt,Party,Regular Fit,Yellow,Plain,Cotton,800,Yellow Regular Fit Skirt,4.4,Party Skirt with Regular Fit design in Yellow. Plain pattern made from Cotton. Suitable for everyday fashion and comfortable styling.,data/product_images/P00246.jpg
P00247,Hoodie,Sports,Regular Fit,Green,Solid,Blended,780,Green Regular Fit Hoodie,3.8,Sports Hoodie with Regular Fit design in Green. Solid pattern made from Blended. Suitable for everyday fashion and comfortable styling.,data/product_images/P00247.jpg
P00248,Shirt,Casual,Slim Fit,White,Plain,Blended,590,White Slim Fit Shirt,3.8,Casual Shirt with Slim Fit design in White. Plain pattern made from Blended. Suitable for everyday fashion and comfortable styling.,data/product_images/P00248.jpg
P00249,Trousers,Formal,Relaxed Fit,Pink,Solid,Linen,2230,Pink Relaxed Fit Trousers,3.9,Formal Trousers with Relaxed Fit design in Pink. Solid pattern made from Linen. Suitable for everyday fashion and comfortable styling.,data/product_images/P00249.jpg
P00250,T-Shirt,Formal,Relaxed Fit,White,Striped,Cotton,1440,White Relaxed Fit T-Shirt,4.0,Formal T-Shirt with Relaxed Fit design in White. Striped pattern made from Cotton. Suitable for everyday fashion and comfortable styling.,data/product_images/P00250.jpg
P00251,Jeans,Formal,Slim Fit,Yellow,Floral,Denim,1210,Yellow Slim Fit Jeans,4.0,Formal Jeans with Slim Fit design in Yellow. Floral pattern made from Denim. Suitable for everyday fashion and comfortable styling.,data/product_images/P00251.jpg
P00252,Kurta,Ethnic,Relaxed Fit,White,Floral,Silk,2370,White Relaxed Fit Kurta,4.0,Ethnic Kurta with Relaxed Fit design in White. Floral pattern made from Silk. Suitable for everyday fashion and comfortable styling.,data/product_images/P00252.jpg
P00253,Dress,Party,Relaxed Fit,Yellow,Striped,Blended,3260,Yellow Relaxed Fit Dress,4.1,Party Dress with Relaxed Fit design in Yellow. Striped pattern made from Blended. Suitable for everyday fashion and comfortable styling.,data/product_images/P00253.jpg
P00254,Jeans,Formal,Regular Fit,Beige,Checked,Blended,980,Beige Regular Fit Jeans,4.1,Formal Jeans with Regular Fit design in Beige. Checked pattern made from Blended. Suitable for everyday fashion and comfortable styling.,data/product_images/P00254.jpg
P00255,Dress,Casual,Regular Fit,Beige,Solid,Rayon,4120,Beige Regular Fit Dress,4.2,Casual Dress with Regular Fit design in Beige. Solid pattern made from Rayon. Suitable for everyday fashion and comfortable styling.,data/product_images/P00255.jpg
P00256,Trousers,Casual,Relaxed Fit,Brown,Printed,Polyester,890,Brown Relaxed Fit Trousers,4.2,Casual Trousers with Relaxed Fit design in Brown. Printed pattern made from Polyester. Suitable for everyday fashion and comfortable styling.,data/product_images/P00256.jpg
P00257,Hoodie,Casual,Oversized,White,Printed,Blended,1640,White Oversized Hoodie,4.3,Casual Hoodie with Oversized design in White. Printed pattern made from Blended. Suitable for everyday fashion and comfortable styling.,data/product_images/P00257.jpg
P00258,Jeans,Sports,Relaxed Fit,Pink,Printed,Denim,2130,Pink Relaxed Fit Jeans,4.4,Sports Jeans with Relaxed Fit design in Pink. Printed pattern made from Denim. Suitable for everyday fashion and comfortable styling.,data/product_images/P00258.jpg
P00259,Shirt,Casual,Regular Fit,Grey,Printed,Linen,1860,Grey Regular Fit Shirt,4.4,Casual Shirt with Regular Fit design in Grey. Printed pattern made from Linen. Suitable for everyday fashion and comfortable styling.,data/product_images/P00259.jpg
P00260,Trousers,Formal,Regular Fit,Red,Plain,Polyester,1570,Red Regular Fit Trousers,3.8,Formal Trousers with Regular Fit design in Red. Plain pattern made from Polyester. Suitable for everyday fashion and comfortable styling.,data/product_images/P00260.jpg
P00261,Trousers,Casual,Regular Fit,Pink,Striped,Linen,2040,Pink Regular Fit Trousers,3.8,Casual Trousers with Regular Fit design in Pink. Striped pattern made from Linen. Suitable for everyday fashion and comfortable styling.,data/product_images/P00261.jpg
P00262,Trousers,Sports,Regular Fit,Green,Checked,Polyester,1090,Green Regular Fit Trousers,3.9,Sports Trousers with Regular Fit design in Green. Checked pattern made from Polyester. Suitable for everyday fashion and comfortable styling.,data/product_images/P00262.jpg
P00263,Jeans,Casual,Relaxed Fit,White,Plain,Denim,3040,White Relaxed Fit Jeans,4.0,Casual Jeans with Relaxed Fit design in White. Plain pattern made from Denim. Suitable for everyday fashion and comfortable styling.,data/product_images/P00263.jpg
P00264,Trousers,Formal,Regular Fit,Grey,Floral,Linen,1180,Grey Regular Fit Trousers,4.0,Formal Trousers with Regular Fit design in Grey. Floral pattern made from Linen. Suitable for everyday fashion and comfortable styling.,data/product_images/P00264.jpg
P00265,Jacket,Casual,Slim Fit,Green,Floral,Polyester,4060,Green Slim Fit Jacket,4.0,Casual Jacket with Slim Fit design in Green. Floral pattern made from Polyester. Suitable for everyday fashion and comfortable styling.,data/product_images/P00265.jpg
P00266,Skirt,Casual,Relaxed Fit,Grey,Solid,Blended,1750,Grey Relaxed Fit Skirt,4.1,Casual Skirt with Relaxed Fit design in Grey. Solid pattern made from Blended. Suitable for everyday fashion and comfortable styling.,data/product_images/P00266.jpg
P00267,Kurta,Ethnic,Oversized,Beige,Printed,Blended,1380,Beige Oversized Kurta,4.1,Ethnic Kurta with Oversized design in Beige. Printed pattern made from Blended. Suitable for everyday fashion and comfortable styling.,data/product_images/P00267.jpg
P00268,Skirt,Party,Regular Fit,Brown,Checked,Linen,850,Brown Regular Fit Skirt,4.2,Party Skirt with Regular Fit design in Brown. Checked pattern made from Linen. Suitable for everyday fashion and comfortable styling.,data/product_images/P00268.jpg
P00269,Kurta,Casual,Relaxed Fit,Black,Checked,Silk,3720,Black Relaxed Fit Kurta,4.2,Casual Kurta with Relaxed Fit design in Black. Checked pattern made from Silk. Suitable for everyday fashion and comfortable styling.,data/product_images/P00269.jpg
P00270,Hoodie,Sports,Regular Fit,Navy,Checked,Cotton,1410,Navy Regular Fit Hoodie,4.3,Sports Hoodie with Regular Fit design in Navy. Checked pattern made from Cotton. Suitable for everyday fashion and comfortable styling.,data/product_images/P00270.jpg
P00271,Jacket,Casual,Relaxed Fit,Black,Striped,Blended,3250,Black Relaxed Fit Jacket,4.4,Casual Jacket with Relaxed Fit design in Black. Striped pattern made from Blended. Suitable for everyday fashion and comfortable styling.,data/product_images/P00271.jpg
P00272,Hoodie,Casual,Oversized,Yellow,Floral,Polyester,910,Yellow Oversized Hoodie,4.4,Casual Hoodie with Oversized design in Yellow. Floral pattern made from Polyester. Suitable for everyday fashion and comfortable styling.,data/product_images/P00272.jpg
P00273,Jacket,Sports,Slim Fit,Navy,Plain,Wool,2770,Navy Slim Fit Jacket,3.8,Sports Jacket with Slim Fit design in Navy. Plain pattern made from Wool. Suitable for everyday fashion and comfortable styling.,data/product_images/P00273.jpg
P00274,Jacket,Casual,Slim Fit,Red,Plain,Cotton,3420,Red Slim Fit Jacket,3.8,Casual Jacket with Slim Fit design in Red. Plain pattern made from Cotton. Suitable for everyday fashion and comfortable styling.,data/product_images/P00274.jpg
P00275,Trousers,Formal,Relaxed Fit,Red,Checked,Linen,1470,Red Relaxed Fit Trousers,3.9,Formal Trousers with Relaxed Fit design in Red. Checked pattern made from Linen. Suitable for everyday fashion and comfortable styling.,data/product_images/P00275.jpg
P00276,Kurta,Party,Relaxed Fit,Grey,Checked,Linen,1710,Grey Relaxed Fit Kurta,4.0,Party Kurta with Relaxed Fit design in Grey. Checked pattern made from Linen. Suitable for everyday fashion and comfortable styling.,data/product_images/P00276.jpg
P00277,Hoodie,Casual,Oversized,Navy,Printed,Blended,1900,Navy Oversized Hoodie,4.0,Casual Hoodie with Oversized design in Navy. Printed pattern made from Blended. Suitable for everyday fashion and comfortable styling.,data/product_images/P00277.jpg
P00278,Dress,Party,Regular Fit,Brown,Plain,Polyester,2050,Brown Regular Fit Dress,4.0,Party Dress with Regular Fit design in Brown. Plain pattern made from Polyester. Suitable for everyday fashion and comfortable styling.,data/product_images/P00278.jpg
P00279,Jacket,Casual,Regular Fit,Green,Plain,Wool,6640,Green Regular Fit Jacket,4.1,Casual Jacket with Regular Fit design in Green. Plain pattern made from Wool. Suitable for everyday fashion and comfortable styling.,data/product_images/P00279.jpg
P00280,T-Shirt,Casual,Oversized,White,Plain,Rayon,460,White Oversized T-Shirt,4.1,Casual T-Shirt with Oversized design in White. Plain pattern made from Rayon. Suitable for everyday fashion and comfortable styling.,data/product_images/P00280.jpg
P00281,Kurta,Casual,Slim Fit,Navy,Checked,Blended,2120,Navy Slim Fit Kurta,4.2,Casual Kurta with Slim Fit design in Navy. Checked pattern made from Blended. Suitable for everyday fashion and comfortable styling.,data/product_images/P00281.jpg
P00282,Kurta,Ethnic,Relaxed Fit,Pink,Solid,Linen,2410,Pink Relaxed Fit Kurta,4.2,Ethnic Kurta with Relaxed Fit design in Pink. Solid pattern made from Linen. Suitable for everyday fashion and comfortable styling.,data/product_images/P00282.jpg
P00283,Kurta,Casual,Slim Fit,Black,Printed,Cotton,910,Black Slim Fit Kurta,4.3,Casual Kurta with Slim Fit design in Black. Printed pattern made from Cotton. Suitable for everyday fashion and comfortable styling.,data/product_images/P00283.jpg
P00284,Kurta,Ethnic,Slim Fit,Yellow,Floral,Silk,3580,Yellow Slim Fit Kurta,4.4,Ethnic Kurta with Slim Fit design in Yellow. Floral pattern made from Silk. Suitable for everyday fashion and comfortable styling.,data/product_images/P00284.jpg
P00285,Hoodie,Sports,Regular Fit,White,Plain,Wool,2080,White Regular Fit Hoodie,4.4,Sports Hoodie with Regular Fit design in White. Plain pattern made from Wool. Suitable for everyday fashion and comfortable styling.,data/product_images/P00285.jpg
P00286,Shirt,Formal,Regular Fit,Brown,Plain,Blended,940,Brown Regular Fit Shirt,3.8,Formal Shirt with Regular Fit design in Brown. Plain pattern made from Blended. Suitable for everyday fashion and comfortable styling.,data/product_images/P00286.jpg
P00287,Dress,Casual,Relaxed Fit,Red,Printed,Cotton,2750,Red Relaxed Fit Dress,3.8,Casual Dress with Relaxed Fit design in Red. Printed pattern made from Cotton. Suitable for everyday fashion and comfortable styling.,data/product_images/P00287.jpg
P00288,Shirt,Formal,Regular Fit,Blue,Checked,Polyester,680,Blue Regular Fit Shirt,3.9,Formal Shirt with Regular Fit design in Blue. Checked pattern made from Polyester. Suitable for everyday fashion and comfortable styling.,data/product_images/P00288.jpg
P00289,T-Shirt,Sports,Regular Fit,Beige,Solid,Linen,1010,Beige Regular Fit T-Shirt,4.0,Sports T-Shirt with Regular Fit design in Beige. Solid pattern made from Linen. Suitable for everyday fashion and comfortable styling.,data/product_images/P00289.jpg
P00290,Jacket,Casual,Relaxed Fit,Pink,Printed,Polyester,2880,Pink Relaxed Fit Jacket,4.0,Casual Jacket with Relaxed Fit design in Pink. Printed pattern made from Polyester. Suitable for everyday fashion and comfortable styling.,data/product_images/P00290.jpg
P00291,Trousers,Sports,Regular Fit,Yellow,Floral,Linen,2290,Yellow Regular Fit Trousers,4.0,Sports Trousers with Regular Fit design in Yellow. Floral pattern made from Linen. Suitable for everyday fashion and comfortable styling.,data/product_images/P00291.jpg
P00292,Jacket,Casual,Oversized,Grey,Printed,Blended,4590,Grey Oversized Jacket,4.1,Casual Jacket with Oversized design in Grey. Printed pattern made from Blended. Suitable for everyday fashion and comfortable styling.,data/product_images/P00292.jpg
P00293,Trousers,Sports,Relaxed Fit,Yellow,Striped,Blended,1480,Yellow Relaxed Fit Trousers,4.1,Sports Trousers with Relaxed Fit design in Yellow. Striped pattern made from Blended. Suitable for everyday fashion and comfortable styling.,data/product_images/P00293.jpg
P00294,Jeans,Formal,Slim Fit,White,Striped,Blended,1900,White Slim Fit Jeans,4.2,Formal Jeans with Slim Fit design in White. Striped pattern made from Blended. Suitable for everyday fashion and comfortable styling.,data/product_images/P00294.jpg
P00295,Jeans,Formal,Regular Fit,Brown,Solid,Blended,1400,Brown Regular Fit Jeans,4.2,Formal Jeans with Regular Fit design in Brown. Solid pattern made from Blended. Suitable for everyday fashion and comfortable styling.,data/product_images/P00295.jpg
P00296,Trousers,Casual,Regular Fit,Pink,Checked,Wool,1390,Pink Regular Fit Trousers,4.3,Casual Trousers with Regular Fit design in Pink. Checked pattern made from Wool. Suitable for everyday fashion and comfortable styling.,data/product_images/P00296.jpg
P00297,Dress,Casual,Relaxed Fit,Brown,Printed,Linen,4310,Brown Relaxed Fit Dress,4.4,Casual Dress with Relaxed Fit design in Brown. Printed pattern made from Linen. Suitable for everyday fashion and comfortable styling.,data/product_images/P00297.jpg
P00298,Trousers,Formal,Relaxed Fit,Navy,Floral,Cotton,1370,Navy Relaxed Fit Trousers,4.4,Formal Trousers with Relaxed Fit design in Navy. Floral pattern made from Cotton. Suitable for everyday fashion and comfortable styling.,data/product_images/P00298.jpg
P00299,Dress,Party,Regular Fit,Green,Floral,Silk,2570,Green Regular Fit Dress,3.8,Party Dress with Regular Fit design in Green. Floral pattern made from Silk. Suitable for everyday fashion and comfortable styling.,data/product_images/P00299.jpg
P00300,Kurta,Ethnic,Slim Fit,Pink,Printed,Linen,3190,Pink Slim Fit Kurta,3.8,Ethnic Kurta with Slim Fit design in Pink. Printed pattern made from Linen. Suitable for everyday fashion and comfortable styling.,data/product_images/P00300.jpg
P00301,Shirt,Sports,Slim Fit,Pink,Striped,Linen,1840,Pink Slim Fit Shirt,3.9,Sports Shirt with Slim Fit design in Pink. Striped pattern made from Linen. Suitable for everyday fashion and comfortable styling.,data/product_images/P00301.jpg
P00302,Trousers,Formal,Slim Fit,Grey,Solid,Polyester,1640,Grey Slim Fit Trousers,4.0,Formal Trousers with Slim Fit design in Grey. Solid pattern made from Polyester. Suitable for everyday fashion and comfortable styling.,data/product_images/P00302.jpg
P00303,Shirt,Formal,Slim Fit,Grey,Plain,Polyester,1620,Grey Slim Fit Shirt,4.0,Formal Shirt with Slim Fit design in Grey. Plain pattern made from Polyester. Suitable for everyday fashion and comfortable styling.,data/product_images/P00303.jpg
P00304,Shirt,Casual,Slim Fit,Grey,Floral,Blended,1390,Grey Slim Fit Shirt,4.0,Casual Shirt with Slim Fit design in Grey. Floral pattern made from Blended. Suitable for everyday fashion and comfortable styling.,data/product_images/P00304.jpg
P00305,Dress,Party,Regular Fit,Yellow,Floral,Polyester,2470,Yellow Regular Fit Dress,4.1,Party Dress with Regular Fit design in Yellow. Floral pattern made from Polyester. Suitable for everyday fashion and comfortable styling.,data/product_images/P00305.jpg
P00306,Kurta,Party,Oversized,White,Printed,Linen,1870,White Oversized Kurta,4.1,Party Kurta with Oversized design in White. Printed pattern made from Linen. Suitable for everyday fashion and comfortable styling.,data/product_images/P00306.jpg
P00307,Hoodie,Casual,Regular Fit,Grey,Checked,Wool,1860,Grey Regular Fit Hoodie,4.2,Casual Hoodie with Regular Fit design in Grey. Checked pattern made from Wool. Suitable for everyday fashion and comfortable styling.,data/product_images/P00307.jpg
P00308,Jeans,Formal,Regular Fit,Navy,Solid,Blended,1400,Navy Regular Fit Jeans,4.2,Formal Jeans with Regular Fit design in Navy. Solid pattern made from Blended. Suitable for everyday fashion and comfortable styling.,data/product_images/P00308.jpg
P00309,Trousers,Casual,Slim Fit,Brown,Striped,Polyester,1280,Brown Slim Fit Trousers,4.3,Casual Trousers with Slim Fit design in Brown. Striped pattern made from Polyester. Suitable for everyday fashion and comfortable styling.,data/product_images/P00309.jpg
P00310,Shirt,Formal,Slim Fit,Yellow,Striped,Blended,1210,Yellow Slim Fit Shirt,4.4,Formal Shirt with Slim Fit design in Yellow. Striped pattern made from Blended. Suitable for everyday fashion and comfortable styling.,data/product_images/P00310.jpg
P00311,T-Shirt,Sports,Regular Fit,Red,Floral,Linen,1280,Red Regular Fit T-Shirt,4.4,Sports T-Shirt with Regular Fit design in Red. Floral pattern made from Linen. Suitable for everyday fashion and comfortable styling.,data/product_images/P00311.jpg
P00312,Jeans,Formal,Regular Fit,Green,Striped,Blended,1580,Green Regular Fit Jeans,3.8,Formal Jeans with Regular Fit design in Green. Striped pattern made from Blended. Suitable for everyday fashion and comfortable styling.,data/product_images/P00312.jpg
P00313,Jeans,Sports,Regular Fit,White,Striped,Blended,2010,White Regular Fit Jeans,3.8,Sports Jeans with Regular Fit design in White. Striped pattern made from Blended. Suitable for everyday fashion and comfortable styling.,data/product_images/P00313.jpg
P00314,Trousers,Casual,Slim Fit,Red,Plain,Linen,1010,Red Slim Fit Trousers,3.9,Casual Trousers with Slim Fit design in Red. Plain pattern made from Linen. Suitable for everyday fashion and comfortable styling.,data/product_images/P00314.jpg
P00315,Kurta,Casual,Relaxed Fit,Grey,Striped,Silk,2870,Grey Relaxed Fit Kurta,4.0,Casual Kurta with Relaxed Fit design in Grey. Striped pattern made from Silk. Suitable for everyday fashion and comfortable styling.,data/product_images/P00315.jpg
P00316,Dress,Party,Relaxed Fit,Blue,Printed,Silk,6040,Blue Relaxed Fit Dress,4.0,Party Dress with Relaxed Fit design in Blue. Printed pattern made from Silk. Suitable for everyday fashion and comfortable styling.,data/product_images/P00316.jpg
P00317,Shirt,Formal,Slim Fit,Beige,Striped,Linen,1930,Beige Slim Fit Shirt,4.0,Formal Shirt with Slim Fit design in Beige. Striped pattern made from Linen. Suitable for everyday fashion and comfortable styling.,data/product_images/P00317.jpg
P00318,Shirt,Formal,Regular Fit,Red,Printed,Rayon,1000,Red Regular Fit Shirt,4.1,Formal Shirt with Regular Fit design in Red. Printed pattern made from Rayon. Suitable for everyday fashion and comfortable styling.,data/product_images/P00318.jpg
P00319,T-Shirt,Casual,Regular Fit,White,Solid,Polyester,530,White Regular Fit T-Shirt,4.1,Casual T-Shirt with Regular Fit design in White. Solid pattern made from Polyester. Suitable for everyday fashion and comfortable styling.,data/product_images/P00319.jpg
P00320,Shirt,Sports,Regular Fit,Yellow,Solid,Rayon,1900,Yellow Regular Fit Shirt,4.2,Sports Shirt with Regular Fit design in Yellow. Solid pattern made from Rayon. Suitable for everyday fashion and comfortable styling.,data/product_images/P00320.jpg
P00321,Hoodie,Sports,Relaxed Fit,Blue,Floral,Blended,2140,Blue Relaxed Fit Hoodie,4.2,Sports Hoodie with Relaxed Fit design in Blue. Floral pattern made from Blended. Suitable for everyday fashion and comfortable styling.,data/product_images/P00321.jpg
P00322,Shirt,Formal,Regular Fit,Pink,Printed,Polyester,1360,Pink Regular Fit Shirt,4.3,Formal Shirt with Regular Fit design in Pink. Printed pattern made from Polyester. Suitable for everyday fashion and comfortable styling.,data/product_images/P00322.jpg
P00323,Hoodie,Sports,Relaxed Fit,Blue,Striped,Polyester,840,Blue Relaxed Fit Hoodie,4.4,Sports Hoodie with Relaxed Fit design in Blue. Striped pattern made from Polyester. Suitable for everyday fashion and comfortable styling.,data/product_images/P00323.jpg
P00324,Jacket,Sports,Oversized,Blue,Solid,Wool,3400,Blue Oversized Jacket,4.4,Sports Jacket with Oversized design in Blue. Solid pattern made from Wool. Suitable for everyday fashion and comfortable styling.,data/product_images/P00324.jpg
P00325,Trousers,Formal,Slim Fit,White,Solid,Cotton,1560,White Slim Fit Trousers,3.8,Formal Trousers with Slim Fit design in White. Solid pattern made from Cotton. Suitable for everyday fashion and comfortable styling.,data/product_images/P00325.jpg
P00326,Shirt,Sports,Regular Fit,Navy,Plain,Blended,930,Navy Regular Fit Shirt,3.8,Sports Shirt with Regular Fit design in Navy. Plain pattern made from Blended. Suitable for everyday fashion and comfortable styling.,data/product_images/P00326.jpg
P00327,Jeans,Formal,Slim Fit,Beige,Printed,Denim,1390,Beige Slim Fit Jeans,3.9,Formal Jeans with Slim Fit design in Beige. Printed pattern made from Denim. Suitable for everyday fashion and comfortable styling.,data/product_images/P00327.jpg
P00328,Jacket,Sports,Slim Fit,White,Striped,Cotton,3290,White Slim Fit Jacket,4.0,Sports Jacket with Slim Fit design in White. Striped pattern made from Cotton. Suitable for everyday fashion and comfortable styling.,data/product_images/P00328.jpg
P00329,Trousers,Casual,Relaxed Fit,White,Floral,Blended,700,White Relaxed Fit Trousers,4.0,Casual Trousers with Relaxed Fit design in White. Floral pattern made from Blended. Suitable for everyday fashion and comfortable styling.,data/product_images/P00329.jpg
P00330,T-Shirt,Sports,Relaxed Fit,Grey,Checked,Blended,1180,Grey Relaxed Fit T-Shirt,4.0,Sports T-Shirt with Relaxed Fit design in Grey. Checked pattern made from Blended. Suitable for everyday fashion and comfortable styling.,data/product_images/P00330.jpg
P00331,Kurta,Ethnic,Oversized,White,Solid,Blended,2020,White Oversized Kurta,4.1,Ethnic Kurta with Oversized design in White. Solid pattern made from Blended. Suitable for everyday fashion and comfortable styling.,data/product_images/P00331.jpg
P00332,Kurta,Party,Slim Fit,Grey,Checked,Blended,930,Grey Slim Fit Kurta,4.1,Party Kurta with Slim Fit design in Grey. Checked pattern made from Blended. Suitable for everyday fashion and comfortable styling.,data/product_images/P00332.jpg
P00333,Jeans,Casual,Relaxed Fit,Grey,Plain,Denim,2630,Grey Relaxed Fit Jeans,4.2,Casual Jeans with Relaxed Fit design in Grey. Plain pattern made from Denim. Suitable for everyday fashion and comfortable styling.,data/product_images/P00333.jpg
P00334,Trousers,Formal,Relaxed Fit,Navy,Solid,Blended,2180,Navy Relaxed Fit Trousers,4.2,Formal Trousers with Relaxed Fit design in Navy. Solid pattern made from Blended. Suitable for everyday fashion and comfortable styling.,data/product_images/P00334.jpg
P00335,Jeans,Sports,Regular Fit,Grey,Floral,Denim,2930,Grey Regular Fit Jeans,4.3,Sports Jeans with Regular Fit design in Grey. Floral pattern made from Denim. Suitable for everyday fashion and comfortable styling.,data/product_images/P00335.jpg
P00336,Hoodie,Sports,Relaxed Fit,Red,Solid,Polyester,1460,Red Relaxed Fit Hoodie,4.4,Sports Hoodie with Relaxed Fit design in Red. Solid pattern made from Polyester. Suitable for everyday fashion and comfortable styling.,data/product_images/P00336.jpg
P00337,Hoodie,Casual,Regular Fit,Green,Solid,Wool,1390,Green Regular Fit Hoodie,4.4,Casual Hoodie with Regular Fit design in Green. Solid pattern made from Wool. Suitable for everyday fashion and comfortable styling.,data/product_images/P00337.jpg
P00338,Dress,Casual,Regular Fit,Red,Printed,Linen,1890,Red Regular Fit Dress,3.8,Casual Dress with Regular Fit design in Red. Printed pattern made from Linen. Suitable for everyday fashion and comfortable styling.,data/product_images/P00338.jpg
P00339,Jacket,Sports,Slim Fit,Red,Printed,Blended,2900,Red Slim Fit Jacket,3.8,Sports Jacket with Slim Fit design in Red. Printed pattern made from Blended. Suitable for everyday fashion and comfortable styling.,data/product_images/P00339.jpg
P00340,Jeans,Sports,Relaxed Fit,Black,Printed,Blended,1390,Black Relaxed Fit Jeans,3.9,Sports Jeans with Relaxed Fit design in Black. Printed pattern made from Blended. Suitable for everyday fashion and comfortable styling.,data/product_images/P00340.jpg
P00341,Jacket,Sports,Relaxed Fit,Pink,Solid,Blended,2020,Pink Relaxed Fit Jacket,4.0,Sports Jacket with Relaxed Fit design in Pink. Solid pattern made from Blended. Suitable for everyday fashion and comfortable styling.,data/product_images/P00341.jpg
P00342,T-Shirt,Sports,Regular Fit,Brown,Printed,Rayon,1400,Brown Regular Fit T-Shirt,4.0,Sports T-Shirt with Regular Fit design in Brown. Printed pattern made from Rayon. Suitable for everyday fashion and comfortable styling.,data/product_images/P00342.jpg
P00343,Jacket,Casual,Slim Fit,Pink,Plain,Blended,3980,Pink Slim Fit Jacket,4.0,Casual Jacket with Slim Fit design in Pink. Plain pattern made from Blended. Suitable for everyday fashion and comfortable styling.,data/product_images/P00343.jpg
P00344,Kurta,Casual,Regular Fit,Beige,Striped,Blended,1280,Beige Regular Fit Kurta,4.1,Casual Kurta with Regular Fit design in Beige. Striped pattern made from Blended. Suitable for everyday fashion and comfortable styling.,data/product_images/P00344.jpg
P00345,T-Shirt,Casual,Relaxed Fit,Pink,Solid,Polyester,760,Pink Relaxed Fit T-Shirt,4.1,Casual T-Shirt with Relaxed Fit design in Pink. Solid pattern made from Polyester. Suitable for everyday fashion and comfortable styling.,data/product_images/P00345.jpg
P00346,Shirt,Sports,Slim Fit,Black,Checked,Blended,1530,Black Slim Fit Shirt,4.2,Sports Shirt with Slim Fit design in Black. Checked pattern made from Blended. Suitable for everyday fashion and comfortable styling.,data/product_images/P00346.jpg
P00347,Shirt,Casual,Slim Fit,Grey,Plain,Polyester,1340,Grey Slim Fit Shirt,4.2,Casual Shirt with Slim Fit design in Grey. Plain pattern made from Polyester. Suitable for everyday fashion and comfortable styling.,data/product_images/P00347.jpg
P00348,Jeans,Sports,Slim Fit,Brown,Printed,Blended,2330,Brown Slim Fit Jeans,4.3,Sports Jeans with Slim Fit design in Brown. Printed pattern made from Blended. Suitable for everyday fashion and comfortable styling.,data/product_images/P00348.jpg
P00349,Trousers,Sports,Relaxed Fit,Yellow,Checked,Wool,1810,Yellow Relaxed Fit Trousers,4.4,Sports Trousers with Relaxed Fit design in Yellow. Checked pattern made from Wool. Suitable for everyday fashion and comfortable styling.,data/product_images/P00349.jpg
P00350,Jacket,Sports,Regular Fit,Red,Solid,Polyester,1360,Red Regular Fit Jacket,4.4,Sports Jacket with Regular Fit design in Red. Solid pattern made from Polyester. Suitable for everyday fashion and comfortable styling.,data/product_images/P00350.jpg
P00351,Shirt,Casual,Slim Fit,Brown,Solid,Linen,590,Brown Slim Fit Shirt,3.8,Casual Shirt with Slim Fit design in Brown. Solid pattern made from Linen. Suitable for everyday fashion and comfortable styling.,data/product_images/P00351.jpg
P00352,Trousers,Formal,Slim Fit,Navy,Plain,Cotton,1650,Navy Slim Fit Trousers,3.8,Formal Trousers with Slim Fit design in Navy. Plain pattern made from Cotton. Suitable for everyday fashion and comfortable styling.,data/product_images/P00352.jpg
P00353,T-Shirt,Casual,Relaxed Fit,Pink,Solid,Blended,950,Pink Relaxed Fit T-Shirt,3.9,Casual T-Shirt with Relaxed Fit design in Pink. Solid pattern made from Blended. Suitable for everyday fashion and comfortable styling.,data/product_images/P00353.jpg
P00354,T-Shirt,Formal,Relaxed Fit,Yellow,Plain,Linen,650,Yellow Relaxed Fit T-Shirt,4.0,Formal T-Shirt with Relaxed Fit design in Yellow. Plain pattern made from Linen. Suitable for everyday fashion and comfortable styling.,data/product_images/P00354.jpg
P00355,Kurta,Party,Regular Fit,Brown,Striped,Linen,2430,Brown Regular Fit Kurta,4.0,Party Kurta with Regular Fit design in Brown. Striped pattern made from Linen. Suitable for everyday fashion and comfortable styling.,data/product_images/P00355.jpg
P00356,Hoodie,Sports,Regular Fit,Navy,Striped,Blended,1560,Navy Regular Fit Hoodie,4.0,Sports Hoodie with Regular Fit design in Navy. Striped pattern made from Blended. Suitable for everyday fashion and comfortable styling.,data/product_images/P00356.jpg
P00357,Shirt,Casual,Relaxed Fit,Brown,Solid,Cotton,890,Brown Relaxed Fit Shirt,4.1,Casual Shirt with Relaxed Fit design in Brown. Solid pattern made from Cotton. Suitable for everyday fashion and comfortable styling.,data/product_images/P00357.jpg
P00358,T-Shirt,Casual,Oversized,Red,Printed,Rayon,380,Red Oversized T-Shirt,4.1,Casual T-Shirt with Oversized design in Red. Printed pattern made from Rayon. Suitable for everyday fashion and comfortable styling.,data/product_images/P00358.jpg
P00359,Hoodie,Casual,Regular Fit,Green,Floral,Blended,830,Green Regular Fit Hoodie,4.2,Casual Hoodie with Regular Fit design in Green. Floral pattern made from Blended. Suitable for everyday fashion and comfortable styling.,data/product_images/P00359.jpg
P00360,T-Shirt,Casual,Regular Fit,White,Striped,Polyester,1310,White Regular Fit T-Shirt,4.2,Casual T-Shirt with Regular Fit design in White. Striped pattern made from Polyester. Suitable for everyday fashion and comfortable styling.,data/product_images/P00360.jpg
P00361,Jeans,Casual,Regular Fit,Grey,Checked,Denim,2570,Grey Regular Fit Jeans,4.3,Casual Jeans with Regular Fit design in Grey. Checked pattern made from Denim. Suitable for everyday fashion and comfortable styling.,data/product_images/P00361.jpg
P00362,Skirt,Casual,Relaxed Fit,Blue,Checked,Polyester,700,Blue Relaxed Fit Skirt,4.4,Casual Skirt with Relaxed Fit design in Blue. Checked pattern made from Polyester. Suitable for everyday fashion and comfortable styling.,data/product_images/P00362.jpg
P00363,Kurta,Party,Relaxed Fit,Red,Solid,Linen,830,Red Relaxed Fit Kurta,4.4,Party Kurta with Relaxed Fit design in Red. Solid pattern made from Linen. Suitable for everyday fashion and comfortable styling.,data/product_images/P00363.jpg
P00364,Shirt,Sports,Slim Fit,Red,Striped,Polyester,990,Red Slim Fit Shirt,3.8,Sports Shirt with Slim Fit design in Red. Striped pattern made from Polyester. Suitable for everyday fashion and comfortable styling.,data/product_images/P00364.jpg
P00365,T-Shirt,Casual,Oversized,Yellow,Printed,Polyester,470,Yellow Oversized T-Shirt,3.8,Casual T-Shirt with Oversized design in Yellow. Printed pattern made from Polyester. Suitable for everyday fashion and comfortable styling.,data/product_images/P00365.jpg
P00366,Kurta,Ethnic,Regular Fit,Beige,Solid,Linen,900,Beige Regular Fit Kurta,3.9,Ethnic Kurta with Regular Fit design in Beige. Solid pattern made from Linen. Suitable for everyday fashion and comfortable styling.,data/product_images/P00366.jpg
P00367,Shirt,Formal,Slim Fit,Beige,Plain,Rayon,1040,Beige Slim Fit Shirt,4.0,Formal Shirt with Slim Fit design in Beige. Plain pattern made from Rayon. Suitable for everyday fashion and comfortable styling.,data/product_images/P00367.jpg
P00368,Jeans,Formal,Relaxed Fit,Grey,Printed,Blended,1590,Grey Relaxed Fit Jeans,4.0,Formal Jeans with Relaxed Fit design in Grey. Printed pattern made from Blended. Suitable for everyday fashion and comfortable styling.,data/product_images/P00368.jpg
P00369,Trousers,Formal,Regular Fit,Navy,Checked,Linen,1620,Navy Regular Fit Trousers,4.0,Formal Trousers with Regular Fit design in Navy. Checked pattern made from Linen. Suitable for everyday fashion and comfortable styling.,data/product_images/P00369.jpg
P00370,Jacket,Sports,Oversized,Green,Printed,Polyester,3200,Green Oversized Jacket,4.1,Sports Jacket with Oversized design in Green. Printed pattern made from Polyester. Suitable for everyday fashion and comfortable styling.,data/product_images/P00370.jpg
P00371,Trousers,Casual,Slim Fit,Beige,Striped,Blended,1760,Beige Slim Fit Trousers,4.1,Casual Trousers with Slim Fit design in Beige. Striped pattern made from Blended. Suitable for everyday fashion and comfortable styling.,data/product_images/P00371.jpg
P00372,Skirt,Party,Relaxed Fit,Red,Striped,Silk,1120,Red Relaxed Fit Skirt,4.2,Party Skirt with Relaxed Fit design in Red. Striped pattern made from Silk. Suitable for everyday fashion and comfortable styling.,data/product_images/P00372.jpg
P00373,Skirt,Party,Relaxed Fit,White,Checked,Silk,3470,White Relaxed Fit Skirt,4.2,Party Skirt with Relaxed Fit design in White. Checked pattern made from Silk. Suitable for everyday fashion and comfortable styling.,data/product_images/P00373.jpg
P00374,Shirt,Formal,Slim Fit,Blue,Striped,Linen,1800,Blue Slim Fit Shirt,4.3,Formal Shirt with Slim Fit design in Blue. Striped pattern made from Linen. Suitable for everyday fashion and comfortable styling.,data/product_images/P00374.jpg
P00375,Trousers,Casual,Regular Fit,Blue,Plain,Cotton,860,Blue Regular Fit Trousers,4.4,Casual Trousers with Regular Fit design in Blue. Plain pattern made from Cotton. Suitable for everyday fashion and comfortable styling.,data/product_images/P00375.jpg
P00376,Trousers,Sports,Relaxed Fit,Black,Checked,Cotton,2380,Black Relaxed Fit Trousers,4.4,Sports Trousers with Relaxed Fit design in Black. Checked pattern made from Cotton. Suitable for everyday fashion and comfortable styling.,data/product_images/P00376.jpg
P00377,Shirt,Formal,Relaxed Fit,Black,Checked,Rayon,1130,Black Relaxed Fit Shirt,3.8,Formal Shirt with Relaxed Fit design in Black. Checked pattern made from Rayon. Suitable for everyday fashion and comfortable styling.,data/product_images/P00377.jpg
P00378,Kurta,Casual,Slim Fit,Pink,Striped,Blended,2810,Pink Slim Fit Kurta,3.8,Casual Kurta with Slim Fit design in Pink. Striped pattern made from Blended. Suitable for everyday fashion and comfortable styling.,data/product_images/P00378.jpg
P00379,Jeans,Casual,Regular Fit,Yellow,Floral,Blended,1400,Yellow Regular Fit Jeans,3.9,Casual Jeans with Regular Fit design in Yellow. Floral pattern made from Blended. Suitable for everyday fashion and comfortable styling.,data/product_images/P00379.jpg
P00380,Shirt,Casual,Relaxed Fit,Yellow,Printed,Polyester,800,Yellow Relaxed Fit Shirt,4.0,Casual Shirt with Relaxed Fit design in Yellow. Printed pattern made from Polyester. Suitable for everyday fashion and comfortable styling.,data/product_images/P00380.jpg
P00381,Jeans,Casual,Slim Fit,Red,Striped,Denim,2180,Red Slim Fit Jeans,4.0,Casual Jeans with Slim Fit design in Red. Striped pattern made from Denim. Suitable for everyday fashion and comfortable styling.,data/product_images/P00381.jpg
P00382,Jacket,Sports,Regular Fit,Navy,Striped,Polyester,3570,Navy Regular Fit Jacket,4.0,Sports Jacket with Regular Fit design in Navy. Striped pattern made from Polyester. Suitable for everyday fashion and comfortable styling.,data/product_images/P00382.jpg
P00383,T-Shirt,Casual,Regular Fit,Blue,Striped,Cotton,490,Blue Regular Fit T-Shirt,4.1,Casual T-Shirt with Regular Fit design in Blue. Striped pattern made from Cotton. Suitable for everyday fashion and comfortable styling.,data/product_images/P00383.jpg
P00384,Kurta,Casual,Relaxed Fit,Navy,Printed,Silk,1280,Navy Relaxed Fit Kurta,4.1,Casual Kurta with Relaxed Fit design in Navy. Printed pattern made from Silk. Suitable for everyday fashion and comfortable styling.,data/product_images/P00384.jpg
P00385,Hoodie,Casual,Relaxed Fit,Grey,Striped,Polyester,1100,Grey Relaxed Fit Hoodie,4.2,Casual Hoodie with Relaxed Fit design in Grey. Striped pattern made from Polyester. Suitable for everyday fashion and comfortable styling.,data/product_images/P00385.jpg
P00386,Hoodie,Casual,Regular Fit,Pink,Floral,Blended,1010,Pink Regular Fit Hoodie,4.2,Casual Hoodie with Regular Fit design in Pink. Floral pattern made from Blended. Suitable for everyday fashion and comfortable styling.,data/product_images/P00386.jpg
P00387,Trousers,Sports,Regular Fit,Brown,Solid,Polyester,860,Brown Regular Fit Trousers,4.3,Sports Trousers with Regular Fit design in Brown. Solid pattern made from Polyester. Suitable for everyday fashion and comfortable styling.,data/product_images/P00387.jpg
P00388,Trousers,Casual,Relaxed Fit,White,Floral,Linen,2320,White Relaxed Fit Trousers,4.4,Casual Trousers with Relaxed Fit design in White. Floral pattern made from Linen. Suitable for everyday fashion and comfortable styling.,data/product_images/P00388.jpg
P00389,Trousers,Sports,Relaxed Fit,Brown,Printed,Linen,2520,Brown Relaxed Fit Trousers,4.4,Sports Trousers with Relaxed Fit design in Brown. Printed pattern made from Linen. Suitable for everyday fashion and comfortable styling.,data/product_images/P00389.jpg
P00390,Skirt,Casual,Relaxed Fit,Beige,Printed,Linen,1010,Beige Relaxed Fit Skirt,3.8,Casual Skirt with Relaxed Fit design in Beige. Printed pattern made from Linen. Suitable for everyday fashion and comfortable styling.,data/product_images/P00390.jpg
P00391,Dress,Casual,Relaxed Fit,Pink,Plain,Rayon,1950,Pink Relaxed Fit Dress,3.8,Casual Dress with Relaxed Fit design in Pink. Plain pattern made from Rayon. Suitable for everyday fashion and comfortable styling.,data/product_images/P00391.jpg
P00392,Jacket,Casual,Slim Fit,Beige,Plain,Polyester,3540,Beige Slim Fit Jacket,3.9,Casual Jacket with Slim Fit design in Beige. Plain pattern made from Polyester. Suitable for everyday fashion and comfortable styling.,data/product_images/P00392.jpg
P00393,Kurta,Ethnic,Oversized,Grey,Plain,Cotton,2960,Grey Oversized Kurta,4.0,Ethnic Kurta with Oversized design in Grey. Plain pattern made from Cotton. Suitable for everyday fashion and comfortable styling.,data/product_images/P00393.jpg
P00394,T-Shirt,Sports,Regular Fit,Pink,Floral,Cotton,950,Pink Regular Fit T-Shirt,4.0,Sports T-Shirt with Regular Fit design in Pink. Floral pattern made from Cotton. Suitable for everyday fashion and comfortable styling.,data/product_images/P00394.jpg
P00395,Hoodie,Sports,Regular Fit,Green,Solid,Cotton,1040,Green Regular Fit Hoodie,4.0,Sports Hoodie with Regular Fit design in Green. Solid pattern made from Cotton. Suitable for everyday fashion and comfortable styling.,data/product_images/P00395.jpg
P00396,Hoodie,Sports,Oversized,Beige,Solid,Blended,1430,Beige Oversized Hoodie,4.1,Sports Hoodie with Oversized design in Beige. Solid pattern made from Blended. Suitable for everyday fashion and comfortable styling.,data/product_images/P00396.jpg
P00397,Dress,Party,Relaxed Fit,Green,Floral,Silk,3210,Green Relaxed Fit Dress,4.1,Party Dress with Relaxed Fit design in Green. Floral pattern made from Silk. Suitable for everyday fashion and comfortable styling.,data/product_images/P00397.jpg
P00398,Jeans,Sports,Slim Fit,Blue,Printed,Blended,1940,Blue Slim Fit Jeans,4.2,Sports Jeans with Slim Fit design in Blue. Printed pattern made from Blended. Suitable for everyday fashion and comfortable styling.,data/product_images/P00398.jpg
P00399,Trousers,Formal,Relaxed Fit,Navy,Printed,Wool,3060,Navy Relaxed Fit Trousers,4.2,Formal Trousers with Relaxed Fit design in Navy. Printed pattern made from Wool. Suitable for everyday fashion and comfortable styling.,data/product_images/P00399.jpg
P00400,Kurta,Ethnic,Relaxed Fit,Brown,Solid,Cotton,760,Brown Relaxed Fit Kurta,4.3,Ethnic Kurta with Relaxed Fit design in Brown. Solid pattern made from Cotton. Suitable for everyday fashion and comfortable styling.,data/product_images/P00400.jpg
P00401,Kurta,Ethnic,Oversized,Brown,Striped,Cotton,1600,Brown Oversized Kurta,4.4,Ethnic Kurta with Oversized design in Brown. Striped pattern made from Cotton. Suitable for everyday fashion and comfortable styling.,data/product_images/P00401.jpg
P00402,Jeans,Sports,Relaxed Fit,Green,Plain,Denim,2040,Green Relaxed Fit Jeans,4.4,Sports Jeans with Relaxed Fit design in Green. Plain pattern made from Denim. Suitable for everyday fashion and comfortable styling.,data/product_images/P00402.jpg
P00403,Jeans,Sports,Relaxed Fit,Red,Striped,Blended,1040,Red Relaxed Fit Jeans,3.8,Sports Jeans with Relaxed Fit design in Red. Striped pattern made from Blended. Suitable for everyday fashion and comfortable styling.,data/product_images/P00403.jpg
P00404,Kurta,Casual,Slim Fit,Navy,Plain,Linen,1220,Navy Slim Fit Kurta,3.8,Casual Kurta with Slim Fit design in Navy. Plain pattern made from Linen. Suitable for everyday fashion and comfortable styling.,data/product_images/P00404.jpg
P00405,Trousers,Formal,Relaxed Fit,Green,Checked,Blended,2210,Green Relaxed Fit Trousers,3.9,Formal Trousers with Relaxed Fit design in Green. Checked pattern made from Blended. Suitable for everyday fashion and comfortable styling.,data/product_images/P00405.jpg
P00406,T-Shirt,Formal,Regular Fit,Yellow,Striped,Cotton,340,Yellow Regular Fit T-Shirt,4.0,Formal T-Shirt with Regular Fit design in Yellow. Striped pattern made from Cotton. Suitable for everyday fashion and comfortable styling.,data/product_images/P00406.jpg
P00407,Skirt,Party,Relaxed Fit,Red,Checked,Polyester,1290,Red Relaxed Fit Skirt,4.0,Party Skirt with Relaxed Fit design in Red. Checked pattern made from Polyester. Suitable for everyday fashion and comfortable styling.,data/product_images/P00407.jpg
P00408,Hoodie,Casual,Regular Fit,Green,Striped,Wool,2240,Green Regular Fit Hoodie,4.0,Casual Hoodie with Regular Fit design in Green. Striped pattern made from Wool. Suitable for everyday fashion and comfortable styling.,data/product_images/P00408.jpg
P00409,Shirt,Casual,Slim Fit,Grey,Floral,Blended,940,Grey Slim Fit Shirt,4.1,Casual Shirt with Slim Fit design in Grey. Floral pattern made from Blended. Suitable for everyday fashion and comfortable styling.,data/product_images/P00409.jpg
P00410,Hoodie,Casual,Relaxed Fit,Pink,Checked,Cotton,1750,Pink Relaxed Fit Hoodie,4.1,Casual Hoodie with Relaxed Fit design in Pink. Checked pattern made from Cotton. Suitable for everyday fashion and comfortable styling.,data/product_images/P00410.jpg
P00411,Shirt,Casual,Regular Fit,Navy,Solid,Blended,1860,Navy Regular Fit Shirt,4.2,Casual Shirt with Regular Fit design in Navy. Solid pattern made from Blended. Suitable for everyday fashion and comfortable styling.,data/product_images/P00411.jpg
P00412,Kurta,Ethnic,Regular Fit,Navy,Floral,Rayon,2570,Navy Regular Fit Kurta,4.2,Ethnic Kurta with Regular Fit design in Navy. Floral pattern made from Rayon. Suitable for everyday fashion and comfortable styling.,data/product_images/P00412.jpg
P00413,Kurta,Ethnic,Oversized,Yellow,Striped,Silk,2280,Yellow Oversized Kurta,4.3,Ethnic Kurta with Oversized design in Yellow. Striped pattern made from Silk. Suitable for everyday fashion and comfortable styling.,data/product_images/P00413.jpg
P00414,Skirt,Party,Regular Fit,White,Striped,Silk,2560,White Regular Fit Skirt,4.4,Party Skirt with Regular Fit design in White. Striped pattern made from Silk. Suitable for everyday fashion and comfortable styling.,data/product_images/P00414.jpg
P00415,Jacket,Sports,Regular Fit,Brown,Plain,Cotton,2800,Brown Regular Fit Jacket,4.4,Sports Jacket with Regular Fit design in Brown. Plain pattern made from Cotton. Suitable for everyday fashion and comfortable styling.,data/product_images/P00415.jpg
P00416,T-Shirt,Sports,Relaxed Fit,Beige,Solid,Linen,1190,Beige Relaxed Fit T-Shirt,3.8,Sports T-Shirt with Relaxed Fit design in Beige. Solid pattern made from Linen. Suitable for everyday fashion and comfortable styling.,data/product_images/P00416.jpg
P00417,Dress,Casual,Regular Fit,Green,Striped,Rayon,3690,Green Regular Fit Dress,3.8,Casual Dress with Regular Fit design in Green. Striped pattern made from Rayon. Suitable for everyday fashion and comfortable styling.,data/product_images/P00417.jpg
P00418,Jeans,Casual,Regular Fit,Black,Solid,Denim,2810,Black Regular Fit Jeans,3.9,Casual Jeans with Regular Fit design in Black. Solid pattern made from Denim. Suitable for everyday fashion and comfortable styling.,data/product_images/P00418.jpg
P00419,Dress,Casual,Relaxed Fit,Green,Striped,Cotton,3490,Green Relaxed Fit Dress,4.0,Casual Dress with Relaxed Fit design in Green. Striped pattern made from Cotton. Suitable for everyday fashion and comfortable styling.,data/product_images/P00419.jpg
P00420,Dress,Party,Relaxed Fit,Blue,Plain,Blended,1920,Blue Relaxed Fit Dress,4.0,Party Dress with Relaxed Fit design in Blue. Plain pattern made from Blended. Suitable for everyday fashion and comfortable styling.,data/product_images/P00420.jpg
P00421,Jacket,Casual,Slim Fit,Blue,Printed,Polyester,3680,Blue Slim Fit Jacket,4.0,Casual Jacket with Slim Fit design in Blue. Printed pattern made from Polyester. Suitable for everyday fashion and comfortable styling.,data/product_images/P00421.jpg
P00422,Trousers,Sports,Slim Fit,Black,Checked,Wool,2560,Black Slim Fit Trousers,4.1,Sports Trousers with Slim Fit design in Black. Checked pattern made from Wool. Suitable for everyday fashion and comfortable styling.,data/product_images/P00422.jpg
P00423,T-Shirt,Casual,Oversized,Blue,Checked,Polyester,880,Blue Oversized T-Shirt,4.1,Casual T-Shirt with Oversized design in Blue. Checked pattern made from Polyester. Suitable for everyday fashion and comfortable styling.,data/product_images/P00423.jpg
P00424,T-Shirt,Formal,Oversized,Brown,Floral,Rayon,800,Brown Oversized T-Shirt,4.2,Formal T-Shirt with Oversized design in Brown. Floral pattern made from Rayon. Suitable for everyday fashion and comfortable styling.,data/product_images/P00424.jpg
P00425,Jeans,Formal,Relaxed Fit,Blue,Floral,Denim,2140,Blue Relaxed Fit Jeans,4.2,Formal Jeans with Relaxed Fit design in Blue. Floral pattern made from Denim. Suitable for everyday fashion and comfortable styling.,data/product_images/P00425.jpg
P00426,Kurta,Ethnic,Regular Fit,Brown,Floral,Cotton,1370,Brown Regular Fit Kurta,4.3,Ethnic Kurta with Regular Fit design in Brown. Floral pattern made from Cotton. Suitable for everyday fashion and comfortable styling.,data/product_images/P00426.jpg
P00427,Jeans,Formal,Relaxed Fit,Blue,Plain,Blended,890,Blue Relaxed Fit Jeans,4.4,Formal Jeans with Relaxed Fit design in Blue. Plain pattern made from Blended. Suitable for everyday fashion and comfortable styling.,data/product_images/P00427.jpg
P00428,Dress,Casual,Relaxed Fit,Beige,Plain,Silk,4590,Beige Relaxed Fit Dress,4.4,Casual Dress with Relaxed Fit design in Beige. Plain pattern made from Silk. Suitable for everyday fashion and comfortable styling.,data/product_images/P00428.jpg
P00429,Trousers,Formal,Slim Fit,Brown,Printed,Wool,1180,Brown Slim Fit Trousers,3.8,Formal Trousers with Slim Fit design in Brown. Printed pattern made from Wool. Suitable for everyday fashion and comfortable styling.,data/product_images/P00429.jpg
P00430,Kurta,Casual,Regular Fit,Black,Checked,Blended,1310,Black Regular Fit Kurta,3.8,Casual Kurta with Regular Fit design in Black. Checked pattern made from Blended. Suitable for everyday fashion and comfortable styling.,data/product_images/P00430.jpg
P00431,Kurta,Party,Relaxed Fit,Navy,Striped,Linen,2570,Navy Relaxed Fit Kurta,3.9,Party Kurta with Relaxed Fit design in Navy. Striped pattern made from Linen. Suitable for everyday fashion and comfortable styling.,data/product_images/P00431.jpg
P00432,Hoodie,Sports,Relaxed Fit,Beige,Printed,Polyester,1940,Beige Relaxed Fit Hoodie,4.0,Sports Hoodie with Relaxed Fit design in Beige. Printed pattern made from Polyester. Suitable for everyday fashion and comfortable styling.,data/product_images/P00432.jpg
P00433,Jeans,Formal,Regular Fit,Yellow,Printed,Denim,2740,Yellow Regular Fit Jeans,4.0,Formal Jeans with Regular Fit design in Yellow. Printed pattern made from Denim. Suitable for everyday fashion and comfortable styling.,data/product_images/P00433.jpg
P00434,Trousers,Sports,Slim Fit,Red,Printed,Blended,1560,Red Slim Fit Trousers,4.0,Sports Trousers with Slim Fit design in Red. Printed pattern made from Blended. Suitable for everyday fashion and comfortable styling.,data/product_images/P00434.jpg
P00435,Kurta,Party,Slim Fit,Navy,Solid,Cotton,760,Navy Slim Fit Kurta,4.1,Party Kurta with Slim Fit design in Navy. Solid pattern made from Cotton. Suitable for everyday fashion and comfortable styling.,data/product_images/P00435.jpg
P00436,Dress,Party,Relaxed Fit,Brown,Striped,Blended,3130,Brown Relaxed Fit Dress,4.1,Party Dress with Relaxed Fit design in Brown. Striped pattern made from Blended. Suitable for everyday fashion and comfortable styling.,data/product_images/P00436.jpg
P00437,Kurta,Ethnic,Relaxed Fit,Blue,Printed,Blended,2040,Blue Relaxed Fit Kurta,4.2,Ethnic Kurta with Relaxed Fit design in Blue. Printed pattern made from Blended. Suitable for everyday fashion and comfortable styling.,data/product_images/P00437.jpg
P00438,Trousers,Casual,Relaxed Fit,Beige,Striped,Wool,1200,Beige Relaxed Fit Trousers,4.2,Casual Trousers with Relaxed Fit design in Beige. Striped pattern made from Wool. Suitable for everyday fashion and comfortable styling.,data/product_images/P00438.jpg
P00439,Hoodie,Sports,Oversized,Blue,Solid,Wool,2790,Blue Oversized Hoodie,4.3,Sports Hoodie with Oversized design in Blue. Solid pattern made from Wool. Suitable for everyday fashion and comfortable styling.,data/product_images/P00439.jpg
P00440,Shirt,Sports,Regular Fit,Brown,Floral,Cotton,500,Brown Regular Fit Shirt,4.4,Sports Shirt with Regular Fit design in Brown. Floral pattern made from Cotton. Suitable for everyday fashion and comfortable styling.,data/product_images/P00440.jpg
P00441,Hoodie,Casual,Relaxed Fit,Pink,Striped,Polyester,2210,Pink Relaxed Fit Hoodie,4.4,Casual Hoodie with Relaxed Fit design in Pink. Striped pattern made from Polyester. Suitable for everyday fashion and comfortable styling.,data/product_images/P00441.jpg
P00442,Shirt,Formal,Relaxed Fit,Blue,Printed,Rayon,850,Blue Relaxed Fit Shirt,3.8,Formal Shirt with Relaxed Fit design in Blue. Printed pattern made from Rayon. Suitable for everyday fashion and comfortable styling.,data/product_images/P00442.jpg
P00443,Hoodie,Sports,Regular Fit,Black,Floral,Blended,820,Black Regular Fit Hoodie,3.8,Sports Hoodie with Regular Fit design in Black. Floral pattern made from Blended. Suitable for everyday fashion and comfortable styling.,data/product_images/P00443.jpg
P00444,Shirt,Sports,Slim Fit,Pink,Printed,Cotton,830,Pink Slim Fit Shirt,3.9,Sports Shirt with Slim Fit design in Pink. Printed pattern made from Cotton. Suitable for everyday fashion and comfortable styling.,data/product_images/P00444.jpg
P00445,Hoodie,Casual,Regular Fit,Beige,Plain,Cotton,2190,Beige Regular Fit Hoodie,4.0,Casual Hoodie with Regular Fit design in Beige. Plain pattern made from Cotton. Suitable for everyday fashion and comfortable styling.,data/product_images/P00445.jpg
P00446,Jacket,Casual,Oversized,Blue,Plain,Wool,4150,Blue Oversized Jacket,4.0,Casual Jacket with Oversized design in Blue. Plain pattern made from Wool. Suitable for everyday fashion and comfortable styling.,data/product_images/P00446.jpg
P00447,Jeans,Casual,Relaxed Fit,Yellow,Floral,Denim,2070,Yellow Relaxed Fit Jeans,4.0,Casual Jeans with Relaxed Fit design in Yellow. Floral pattern made from Denim. Suitable for everyday fashion and comfortable styling.,data/product_images/P00447.jpg
P00448,Jeans,Casual,Slim Fit,Brown,Printed,Blended,2200,Brown Slim Fit Jeans,4.1,Casual Jeans with Slim Fit design in Brown. Printed pattern made from Blended. Suitable for everyday fashion and comfortable styling.,data/product_images/P00448.jpg
P00449,Shirt,Sports,Regular Fit,Pink,Printed,Cotton,1450,Pink Regular Fit Shirt,4.1,Sports Shirt with Regular Fit design in Pink. Printed pattern made from Cotton. Suitable for everyday fashion and comfortable styling.,data/product_images/P00449.jpg
P00450,Dress,Casual,Regular Fit,Grey,Striped,Linen,1950,Grey Regular Fit Dress,4.2,Casual Dress with Regular Fit design in Grey. Striped pattern made from Linen. Suitable for everyday fashion and comfortable styling.,data/product_images/P00450.jpg
P00451,Trousers,Sports,Regular Fit,Black,Printed,Polyester,1600,Black Regular Fit Trousers,4.2,Sports Trousers with Regular Fit design in Black. Printed pattern made from Polyester. Suitable for everyday fashion and comfortable styling.,data/product_images/P00451.jpg
P00452,Skirt,Casual,Regular Fit,Navy,Striped,Linen,1390,Navy Regular Fit Skirt,4.3,Casual Skirt with Regular Fit design in Navy. Striped pattern made from Linen. Suitable for everyday fashion and comfortable styling.,data/product_images/P00452.jpg
P00453,Kurta,Ethnic,Oversized,Grey,Printed,Cotton,2190,Grey Oversized Kurta,4.4,Ethnic Kurta with Oversized design in Grey. Printed pattern made from Cotton. Suitable for everyday fashion and comfortable styling.,data/product_images/P00453.jpg
P00454,Jeans,Casual,Regular Fit,Yellow,Floral,Blended,1130,Yellow Regular Fit Jeans,4.4,Casual Jeans with Regular Fit design in Yellow. Floral pattern made from Blended. Suitable for everyday fashion and comfortable styling.,data/product_images/P00454.jpg
P00455,Kurta,Party,Relaxed Fit,Beige,Checked,Silk,3470,Beige Relaxed Fit Kurta,3.8,Party Kurta with Relaxed Fit design in Beige. Checked pattern made from Silk. Suitable for everyday fashion and comfortable styling.,data/product_images/P00455.jpg
P00456,Jacket,Casual,Regular Fit,White,Checked,Blended,4720,White Regular Fit Jacket,3.8,Casual Jacket with Regular Fit design in White. Checked pattern made from Blended. Suitable for everyday fashion and comfortable styling.,data/product_images/P00456.jpg
P00457,T-Shirt,Casual,Oversized,Black,Striped,Polyester,750,Black Oversized T-Shirt,3.9,Casual T-Shirt with Oversized design in Black. Striped pattern made from Polyester. Suitable for everyday fashion and comfortable styling.,data/product_images/P00457.jpg
P00458,Dress,Casual,Regular Fit,Pink,Floral,Cotton,1570,Pink Regular Fit Dress,4.0,Casual Dress with Regular Fit design in Pink. Floral pattern made from Cotton. Suitable for everyday fashion and comfortable styling.,data/product_images/P00458.jpg
P00459,Kurta,Casual,Regular Fit,Grey,Striped,Blended,2180,Grey Regular Fit Kurta,4.0,Casual Kurta with Regular Fit design in Grey. Striped pattern made from Blended. Suitable for everyday fashion and comfortable styling.,data/product_images/P00459.jpg
P00460,T-Shirt,Sports,Regular Fit,Navy,Plain,Blended,1270,Navy Regular Fit T-Shirt,4.0,Sports T-Shirt with Regular Fit design in Navy. Plain pattern made from Blended. Suitable for everyday fashion and comfortable styling.,data/product_images/P00460.jpg
P00461,T-Shirt,Sports,Relaxed Fit,Blue,Plain,Polyester,900,Blue Relaxed Fit T-Shirt,4.1,Sports T-Shirt with Relaxed Fit design in Blue. Plain pattern made from Polyester. Suitable for everyday fashion and comfortable styling.,data/product_images/P00461.jpg
P00462,Kurta,Casual,Relaxed Fit,Green,Solid,Silk,2700,Green Relaxed Fit Kurta,4.1,Casual Kurta with Relaxed Fit design in Green. Solid pattern made from Silk. Suitable for everyday fashion and comfortable styling.,data/product_images/P00462.jpg
P00463,Trousers,Casual,Slim Fit,Red,Striped,Polyester,670,Red Slim Fit Trousers,4.2,Casual Trousers with Slim Fit design in Red. Striped pattern made from Polyester. Suitable for everyday fashion and comfortable styling.,data/product_images/P00463.jpg
P00464,T-Shirt,Sports,Relaxed Fit,Blue,Checked,Polyester,610,Blue Relaxed Fit T-Shirt,4.2,Sports T-Shirt with Relaxed Fit design in Blue. Checked pattern made from Polyester. Suitable for everyday fashion and comfortable styling.,data/product_images/P00464.jpg
P00465,Hoodie,Sports,Oversized,Red,Striped,Blended,2360,Red Oversized Hoodie,4.3,Sports Hoodie with Oversized design in Red. Striped pattern made from Blended. Suitable for everyday fashion and comfortable styling.,data/product_images/P00465.jpg
P00466,Shirt,Casual,Slim Fit,Navy,Solid,Blended,800,Navy Slim Fit Shirt,4.4,Casual Shirt with Slim Fit design in Navy. Solid pattern made from Blended. Suitable for everyday fashion and comfortable styling.,data/product_images/P00466.jpg
P00467,Skirt,Casual,Regular Fit,Yellow,Printed,Silk,1260,Yellow Regular Fit Skirt,4.4,Casual Skirt with Regular Fit design in Yellow. Printed pattern made from Silk. Suitable for everyday fashion and comfortable styling.,data/product_images/P00467.jpg
P00468,Hoodie,Sports,Relaxed Fit,Yellow,Solid,Wool,1130,Yellow Relaxed Fit Hoodie,3.8,Sports Hoodie with Relaxed Fit design in Yellow. Solid pattern made from Wool. Suitable for everyday fashion and comfortable styling.,data/product_images/P00468.jpg
P00469,Jacket,Casual,Regular Fit,Pink,Printed,Cotton,4830,Pink Regular Fit Jacket,3.8,Casual Jacket with Regular Fit design in Pink. Printed pattern made from Cotton. Suitable for everyday fashion and comfortable styling.,data/product_images/P00469.jpg
P00470,Jacket,Casual,Regular Fit,Blue,Striped,Polyester,3910,Blue Regular Fit Jacket,3.9,Casual Jacket with Regular Fit design in Blue. Striped pattern made from Polyester. Suitable for everyday fashion and comfortable styling.,data/product_images/P00470.jpg
P00471,Shirt,Sports,Regular Fit,Yellow,Striped,Cotton,1080,Yellow Regular Fit Shirt,4.0,Sports Shirt with Regular Fit design in Yellow. Striped pattern made from Cotton. Suitable for everyday fashion and comfortable styling.,data/product_images/P00471.jpg
P00472,Hoodie,Casual,Regular Fit,Navy,Plain,Cotton,1700,Navy Regular Fit Hoodie,4.0,Casual Hoodie with Regular Fit design in Navy. Plain pattern made from Cotton. Suitable for everyday fashion and comfortable styling.,data/product_images/P00472.jpg
P00473,Hoodie,Casual,Relaxed Fit,Red,Checked,Wool,1770,Red Relaxed Fit Hoodie,4.0,Casual Hoodie with Relaxed Fit design in Red. Checked pattern made from Wool. Suitable for everyday fashion and comfortable styling.,data/product_images/P00473.jpg
P00474,Jeans,Casual,Slim Fit,Pink,Floral,Denim,1760,Pink Slim Fit Jeans,4.1,Casual Jeans with Slim Fit design in Pink. Floral pattern made from Denim. Suitable for everyday fashion and comfortable styling.,data/product_images/P00474.jpg
P00475,Dress,Casual,Regular Fit,Navy,Striped,Polyester,2050,Navy Regular Fit Dress,4.1,Casual Dress with Regular Fit design in Navy. Striped pattern made from Polyester. Suitable for everyday fashion and comfortable styling.,data/product_images/P00475.jpg
P00476,T-Shirt,Sports,Regular Fit,Yellow,Plain,Polyester,1220,Yellow Regular Fit T-Shirt,4.2,Sports T-Shirt with Regular Fit design in Yellow. Plain pattern made from Polyester. Suitable for everyday fashion and comfortable styling.,data/product_images/P00476.jpg
P00477,Skirt,Casual,Relaxed Fit,Green,Solid,Rayon,1030,Green Relaxed Fit Skirt,4.2,Casual Skirt with Relaxed Fit design in Green. Solid pattern made from Rayon. Suitable for everyday fashion and comfortable styling.,data/product_images/P00477.jpg
P00478,Jacket,Sports,Slim Fit,Brown,Plain,Cotton,3260,Brown Slim Fit Jacket,4.3,Sports Jacket with Slim Fit design in Brown. Plain pattern made from Cotton. Suitable for everyday fashion and comfortable styling.,data/product_images/P00478.jpg
P00479,Jeans,Casual,Regular Fit,Yellow,Checked,Blended,1920,Yellow Regular Fit Jeans,4.4,Casual Jeans with Regular Fit design in Yellow. Checked pattern made from Blended. Suitable for everyday fashion and comfortable styling.,data/product_images/P00479.jpg
P00480,Hoodie,Sports,Relaxed Fit,Red,Striped,Cotton,2150,Red Relaxed Fit Hoodie,4.4,Sports Hoodie with Relaxed Fit design in Red. Striped pattern made from Cotton. Suitable for everyday fashion and comfortable styling.,data/product_images/P00480.jpg
P00481,Trousers,Formal,Regular Fit,Beige,Striped,Cotton,2410,Beige Regular Fit Trousers,3.8,Formal Trousers with Regular Fit design in Beige. Striped pattern made from Cotton. Suitable for everyday fashion and comfortable styling.,data/product_images/P00481.jpg
P00482,Trousers,Sports,Relaxed Fit,Green,Solid,Wool,1640,Green Relaxed Fit Trousers,3.8,Sports Trousers with Relaxed Fit design in Green. Solid pattern made from Wool. Suitable for everyday fashion and comfortable styling.,data/product_images/P00482.jpg
P00483,Shirt,Sports,Relaxed Fit,Brown,Checked,Polyester,1690,Brown Relaxed Fit Shirt,3.9,Sports Shirt with Relaxed Fit design in Brown. Checked pattern made from Polyester. Suitable for everyday fashion and comfortable styling.,data/product_images/P00483.jpg
P00484,Jeans,Casual,Relaxed Fit,White,Printed,Blended,1760,White Relaxed Fit Jeans,4.0,Casual Jeans with Relaxed Fit design in White. Printed pattern made from Blended. Suitable for everyday fashion and comfortable styling.,data/product_images/P00484.jpg
P00485,Jeans,Sports,Slim Fit,Navy,Checked,Blended,2840,Navy Slim Fit Jeans,4.0,Sports Jeans with Slim Fit design in Navy. Checked pattern made from Blended. Suitable for everyday fashion and comfortable styling.,data/product_images/P00485.jpg
P00486,Skirt,Casual,Regular Fit,Navy,Plain,Cotton,1170,Navy Regular Fit Skirt,4.0,Casual Skirt with Regular Fit design in Navy. Plain pattern made from Cotton. Suitable for everyday fashion and comfortable styling.,data/product_images/P00486.jpg
P00487,Skirt,Casual,Relaxed Fit,Blue,Checked,Rayon,690,Blue Relaxed Fit Skirt,4.1,Casual Skirt with Relaxed Fit design in Blue. Checked pattern made from Rayon. Suitable for everyday fashion and comfortable styling.,data/product_images/P00487.jpg
P00488,Dress,Party,Relaxed Fit,White,Printed,Blended,2980,White Relaxed Fit Dress,4.1,Party Dress with Relaxed Fit design in White. Printed pattern made from Blended. Suitable for everyday fashion and comfortable styling.,data/product_images/P00488.jpg
P00489,Hoodie,Sports,Oversized,Pink,Printed,Blended,2080,Pink Oversized Hoodie,4.2,Sports Hoodie with Oversized design in Pink. Printed pattern made from Blended. Suitable for everyday fashion and comfortable styling.,data/product_images/P00489.jpg
P00490,Kurta,Party,Relaxed Fit,Brown,Floral,Cotton,2520,Brown Relaxed Fit Kurta,4.2,Party Kurta with Relaxed Fit design in Brown. Floral pattern made from Cotton. Suitable for everyday fashion and comfortable styling.,data/product_images/P00490.jpg
P00491,Jeans,Formal,Regular Fit,Blue,Plain,Blended,1440,Blue Regular Fit Jeans,4.3,Formal Jeans with Regular Fit design in Blue. Plain pattern made from Blended. Suitable for everyday fashion and comfortable styling.,data/product_images/P00491.jpg
P00492,Dress,Casual,Relaxed Fit,Blue,Plain,Polyester,2880,Blue Relaxed Fit Dress,4.4,Casual Dress with Relaxed Fit design in Blue. Plain pattern made from Polyester. Suitable for everyday fashion and comfortable styling.,data/product_images/P00492.jpg
P00493,Jacket,Sports,Slim Fit,Brown,Striped,Blended,4060,Brown Slim Fit Jacket,4.4,Sports Jacket with Slim Fit design in Brown. Striped pattern made from Blended. Suitable for everyday fashion and comfortable styling.,data/product_images/P00493.jpg
P00494,Shirt,Sports,Regular Fit,Navy,Plain,Linen,710,Navy Regular Fit Shirt,3.8,Sports Shirt with Regular Fit design in Navy. Plain pattern made from Linen. Suitable for everyday fashion and comfortable styling.,data/product_images/P00494.jpg
P00495,Trousers,Sports,Relaxed Fit,Green,Checked,Wool,2350,Green Relaxed Fit Trousers,3.8,Sports Trousers with Relaxed Fit design in Green. Checked pattern made from Wool. Suitable for everyday fashion and comfortable styling.,data/product_images/P00495.jpg
P00496,T-Shirt,Sports,Oversized,Blue,Solid,Cotton,900,Blue Oversized T-Shirt,3.9,Sports T-Shirt with Oversized design in Blue. Solid pattern made from Cotton. Suitable for everyday fashion and comfortable styling.,data/product_images/P00496.jpg
P00497,Hoodie,Sports,Oversized,White,Printed,Blended,1240,White Oversized Hoodie,4.0,Sports Hoodie with Oversized design in White. Printed pattern made from Blended. Suitable for everyday fashion and comfortable styling.,data/product_images/P00497.jpg
P00498,T-Shirt,Sports,Relaxed Fit,Grey,Floral,Polyester,290,Grey Relaxed Fit T-Shirt,4.0,Sports T-Shirt with Relaxed Fit design in Grey. Floral pattern made from Polyester. Suitable for everyday fashion and comfortable styling.,data/product_images/P00498.jpg
P00499,Dress,Casual,Regular Fit,Red,Plain,Cotton,1580,Red Regular Fit Dress,4.0,Casual Dress with Regular Fit design in Red. Plain pattern made from Cotton. Suitable for everyday fashion and comfortable styling.,data/product_images/P00499.jpg
P00500,Jacket,Casual,Oversized,Blue,Plain,Cotton,1670,Blue Oversized Jacket,4.1,Casual Jacket with Oversized design in Blue. Plain pattern made from Cotton. Suitable for everyday fashion and comfortable styling.,data/product_images/P00500.jpg
P00501,Shirt,Sports,Regular Fit,Grey,Solid,Linen,1990,Grey Regular Fit Shirt,4.1,Sports Shirt with Regular Fit design in Grey. Solid pattern made from Linen. Suitable for everyday fashion and comfortable styling.,data/product_images/P00501.jpg
P00502,Hoodie,Sports,Oversized,Navy,Floral,Polyester,1810,Navy Oversized Hoodie,4.2,Sports Hoodie with Oversized design in Navy. Floral pattern made from Polyester. Suitable for everyday fashion and comfortable styling.,data/product_images/P00502.jpg
P00503,Trousers,Sports,Regular Fit,Red,Floral,Wool,1290,Red Regular Fit Trousers,4.2,Sports Trousers with Regular Fit design in Red. Floral pattern made from Wool. Suitable for everyday fashion and comfortable styling.,data/product_images/P00503.jpg
P00504,Dress,Party,Relaxed Fit,Brown,Floral,Linen,1510,Brown Relaxed Fit Dress,4.3,Party Dress with Relaxed Fit design in Brown. Floral pattern made from Linen. Suitable for everyday fashion and comfortable styling.,data/product_images/P00504.jpg
P00505,T-Shirt,Casual,Regular Fit,Yellow,Plain,Cotton,910,Yellow Regular Fit T-Shirt,4.4,Casual T-Shirt with Regular Fit design in Yellow. Plain pattern made from Cotton. Suitable for everyday fashion and comfortable styling.,data/product_images/P00505.jpg
P00506,T-Shirt,Formal,Regular Fit,Green,Solid,Cotton,710,Green Regular Fit T-Shirt,4.4,Formal T-Shirt with Regular Fit design in Green. Solid pattern made from Cotton. Suitable for everyday fashion and comfortable styling.,data/product_images/P00506.jpg
P00507,Kurta,Casual,Slim Fit,Yellow,Checked,Rayon,2100,Yellow Slim Fit Kurta,3.8,Casual Kurta with Slim Fit design in Yellow. Checked pattern made from Rayon. Suitable for everyday fashion and comfortable styling.,data/product_images/P00507.jpg
P00508,T-Shirt,Formal,Relaxed Fit,Navy,Checked,Blended,770,Navy Relaxed Fit T-Shirt,3.8,Formal T-Shirt with Relaxed Fit design in Navy. Checked pattern made from Blended. Suitable for everyday fashion and comfortable styling.,data/product_images/P00508.jpg
P00509,Hoodie,Sports,Relaxed Fit,Brown,Printed,Cotton,1970,Brown Relaxed Fit Hoodie,3.9,Sports Hoodie with Relaxed Fit design in Brown. Printed pattern made from Cotton. Suitable for everyday fashion and comfortable styling.,data/product_images/P00509.jpg
P00510,Shirt,Casual,Relaxed Fit,Yellow,Solid,Blended,1490,Yellow Relaxed Fit Shirt,4.0,Casual Shirt with Relaxed Fit design in Yellow. Solid pattern made from Blended. Suitable for everyday fashion and comfortable styling.,data/product_images/P00510.jpg
P00511,Jacket,Sports,Relaxed Fit,Black,Checked,Cotton,3770,Black Relaxed Fit Jacket,4.0,Sports Jacket with Relaxed Fit design in Black. Checked pattern made from Cotton. Suitable for everyday fashion and comfortable styling.,data/product_images/P00511.jpg
P00512,Kurta,Casual,Relaxed Fit,Beige,Checked,Rayon,2290,Beige Relaxed Fit Kurta,4.0,Casual Kurta with Relaxed Fit design in Beige. Checked pattern made from Rayon. Suitable for everyday fashion and comfortable styling.,data/product_images/P00512.jpg
P00513,Shirt,Formal,Relaxed Fit,Red,Striped,Cotton,1210,Red Relaxed Fit Shirt,4.1,Formal Shirt with Relaxed Fit design in Red. Striped pattern made from Cotton. Suitable for everyday fashion and comfortable styling.,data/product_images/P00513.jpg
P00514,T-Shirt,Casual,Relaxed Fit,Blue,Plain,Blended,760,Blue Relaxed Fit T-Shirt,4.1,Casual T-Shirt with Relaxed Fit design in Blue. Plain pattern made from Blended. Suitable for everyday fashion and comfortable styling.,data/product_images/P00514.jpg
P00515,Trousers,Casual,Slim Fit,White,Floral,Polyester,1810,White Slim Fit Trousers,4.2,Casual Trousers with Slim Fit design in White. Floral pattern made from Polyester. Suitable for everyday fashion and comfortable styling.,data/product_images/P00515.jpg
P00516,Hoodie,Sports,Regular Fit,Black,Printed,Cotton,1300,Black Regular Fit Hoodie,4.2,Sports Hoodie with Regular Fit design in Black. Printed pattern made from Cotton. Suitable for everyday fashion and comfortable styling.,data/product_images/P00516.jpg
P00517,Skirt,Casual,Relaxed Fit,Brown,Solid,Rayon,1260,Brown Relaxed Fit Skirt,4.3,Casual Skirt with Relaxed Fit design in Brown. Solid pattern made from Rayon. Suitable for everyday fashion and comfortable styling.,data/product_images/P00517.jpg
P00518,Jacket,Sports,Regular Fit,Brown,Plain,Blended,1450,Brown Regular Fit Jacket,4.4,Sports Jacket with Regular Fit design in Brown. Plain pattern made from Blended. Suitable for everyday fashion and comfortable styling.,data/product_images/P00518.jpg
P00519,Jeans,Casual,Regular Fit,Beige,Floral,Blended,1940,Beige Regular Fit Jeans,4.4,Casual Jeans with Regular Fit design in Beige. Floral pattern made from Blended. Suitable for everyday fashion and comfortable styling.,data/product_images/P00519.jpg
P00520,Jacket,Sports,Slim Fit,Pink,Printed,Polyester,2230,Pink Slim Fit Jacket,3.8,Sports Jacket with Slim Fit design in Pink. Printed pattern made from Polyester. Suitable for everyday fashion and comfortable styling.,data/product_images/P00520.jpg
P00521,Hoodie,Sports,Oversized,Black,Solid,Wool,2210,Black Oversized Hoodie,3.8,Sports Hoodie with Oversized design in Black. Solid pattern made from Wool. Suitable for everyday fashion and comfortable styling.,data/product_images/P00521.jpg
P00522,Hoodie,Sports,Oversized,Black,Striped,Blended,1930,Black Oversized Hoodie,3.9,Sports Hoodie with Oversized design in Black. Striped pattern made from Blended. Suitable for everyday fashion and comfortable styling.,data/product_images/P00522.jpg
P00523,Kurta,Ethnic,Relaxed Fit,Navy,Solid,Cotton,1420,Navy Relaxed Fit Kurta,4.0,Ethnic Kurta with Relaxed Fit design in Navy. Solid pattern made from Cotton. Suitable for everyday fashion and comfortable styling.,data/product_images/P00523.jpg
P00524,Shirt,Formal,Relaxed Fit,Brown,Floral,Blended,580,Brown Relaxed Fit Shirt,4.0,Formal Shirt with Relaxed Fit design in Brown. Floral pattern made from Blended. Suitable for everyday fashion and comfortable styling.,data/product_images/P00524.jpg
P00525,Kurta,Casual,Regular Fit,White,Printed,Cotton,2480,White Regular Fit Kurta,4.0,Casual Kurta with Regular Fit design in White. Printed pattern made from Cotton. Suitable for everyday fashion and comfortable styling.,data/product_images/P00525.jpg
P00526,Dress,Casual,Relaxed Fit,Navy,Striped,Rayon,3100,Navy Relaxed Fit Dress,4.1,Casual Dress with Relaxed Fit design in Navy. Striped pattern made from Rayon. Suitable for everyday fashion and comfortable styling.,data/product_images/P00526.jpg
P00527,Dress,Casual,Regular Fit,Navy,Plain,Rayon,3650,Navy Regular Fit Dress,4.1,Casual Dress with Regular Fit design in Navy. Plain pattern made from Rayon. Suitable for everyday fashion and comfortable styling.,data/product_images/P00527.jpg
P00528,Dress,Party,Relaxed Fit,Beige,Printed,Blended,1300,Beige Relaxed Fit Dress,4.2,Party Dress with Relaxed Fit design in Beige. Printed pattern made from Blended. Suitable for everyday fashion and comfortable styling.,data/product_images/P00528.jpg
P00529,Skirt,Casual,Regular Fit,Blue,Printed,Linen,2010,Blue Regular Fit Skirt,4.2,Casual Skirt with Regular Fit design in Blue. Printed pattern made from Linen. Suitable for everyday fashion and comfortable styling.,data/product_images/P00529.jpg
P00530,Dress,Party,Relaxed Fit,Pink,Plain,Polyester,2290,Pink Relaxed Fit Dress,4.3,Party Dress with Relaxed Fit design in Pink. Plain pattern made from Polyester. Suitable for everyday fashion and comfortable styling.,data/product_images/P00530.jpg
P00531,Trousers,Sports,Relaxed Fit,White,Striped,Cotton,1070,White Relaxed Fit Trousers,4.4,Sports Trousers with Relaxed Fit design in White. Striped pattern made from Cotton. Suitable for everyday fashion and comfortable styling.,data/product_images/P00531.jpg
P00532,Dress,Casual,Relaxed Fit,Pink,Plain,Linen,2160,Pink Relaxed Fit Dress,4.4,Casual Dress with Relaxed Fit design in Pink. Plain pattern made from Linen. Suitable for everyday fashion and comfortable styling.,data/product_images/P00532.jpg
P00533,Jeans,Casual,Slim Fit,Yellow,Striped,Denim,1490,Yellow Slim Fit Jeans,3.8,Casual Jeans with Slim Fit design in Yellow. Striped pattern made from Denim. Suitable for everyday fashion and comfortable styling.,data/product_images/P00533.jpg
P00534,Shirt,Sports,Regular Fit,Black,Floral,Rayon,1370,Black Regular Fit Shirt,3.8,Sports Shirt with Regular Fit design in Black. Floral pattern made from Rayon. Suitable for everyday fashion and comfortable styling.,data/product_images/P00534.jpg
P00535,Kurta,Ethnic,Slim Fit,White,Solid,Blended,1750,White Slim Fit Kurta,3.9,Ethnic Kurta with Slim Fit design in White. Solid pattern made from Blended. Suitable for everyday fashion and comfortable styling.,data/product_images/P00535.jpg
P00536,Kurta,Ethnic,Slim Fit,Yellow,Solid,Rayon,2570,Yellow Slim Fit Kurta,4.0,Ethnic Kurta with Slim Fit design in Yellow. Solid pattern made from Rayon. Suitable for everyday fashion and comfortable styling.,data/product_images/P00536.jpg
P00537,Jacket,Sports,Regular Fit,Red,Floral,Polyester,3680,Red Regular Fit Jacket,4.0,Sports Jacket with Regular Fit design in Red. Floral pattern made from Polyester. Suitable for everyday fashion and comfortable styling.,data/product_images/P00537.jpg
P00538,Jeans,Casual,Slim Fit,Green,Checked,Blended,2540,Green Slim Fit Jeans,4.0,Casual Jeans with Slim Fit design in Green. Checked pattern made from Blended. Suitable for everyday fashion and comfortable styling.,data/product_images/P00538.jpg
P00539,T-Shirt,Sports,Oversized,Yellow,Plain,Rayon,1510,Yellow Oversized T-Shirt,4.1,Sports T-Shirt with Oversized design in Yellow. Plain pattern made from Rayon. Suitable for everyday fashion and comfortable styling.,data/product_images/P00539.jpg
P00540,Skirt,Party,Relaxed Fit,Yellow,Plain,Silk,1750,Yellow Relaxed Fit Skirt,4.1,Party Skirt with Relaxed Fit design in Yellow. Plain pattern made from Silk. Suitable for everyday fashion and comfortable styling.,data/product_images/P00540.jpg
P00541,Kurta,Party,Oversized,White,Floral,Linen,3400,White Oversized Kurta,4.2,Party Kurta with Oversized design in White. Floral pattern made from Linen. Suitable for everyday fashion and comfortable styling.,data/product_images/P00541.jpg
P00542,Trousers,Casual,Relaxed Fit,Blue,Printed,Linen,2250,Blue Relaxed Fit Trousers,4.2,Casual Trousers with Relaxed Fit design in Blue. Printed pattern made from Linen. Suitable for everyday fashion and comfortable styling.,data/product_images/P00542.jpg
P00543,Jacket,Sports,Oversized,White,Printed,Polyester,2710,White Oversized Jacket,4.3,Sports Jacket with Oversized design in White. Printed pattern made from Polyester. Suitable for everyday fashion and comfortable styling.,data/product_images/P00543.jpg
P00544,Trousers,Sports,Relaxed Fit,Black,Plain,Polyester,2190,Black Relaxed Fit Trousers,4.4,Sports Trousers with Relaxed Fit design in Black. Plain pattern made from Polyester. Suitable for everyday fashion and comfortable styling.,data/product_images/P00544.jpg
P00545,T-Shirt,Casual,Oversized,Green,Striped,Cotton,1300,Green Oversized T-Shirt,4.4,Casual T-Shirt with Oversized design in Green. Striped pattern made from Cotton. Suitable for everyday fashion and comfortable styling.,data/product_images/P00545.jpg
P00546,Trousers,Formal,Relaxed Fit,Red,Checked,Blended,1040,Red Relaxed Fit Trousers,3.8,Formal Trousers with Relaxed Fit design in Red. Checked pattern made from Blended. Suitable for everyday fashion and comfortable styling.,data/product_images/P00546.jpg
P00547,Skirt,Casual,Relaxed Fit,White,Checked,Blended,1340,White Relaxed Fit Skirt,3.8,Casual Skirt with Relaxed Fit design in White. Checked pattern made from Blended. Suitable for everyday fashion and comfortable styling.,data/product_images/P00547.jpg
P00548,Kurta,Casual,Slim Fit,Blue,Solid,Silk,2180,Blue Slim Fit Kurta,3.9,Casual Kurta with Slim Fit design in Blue. Solid pattern made from Silk. Suitable for everyday fashion and comfortable styling.,data/product_images/P00548.jpg
P00549,Skirt,Casual,Relaxed Fit,Grey,Checked,Cotton,690,Grey Relaxed Fit Skirt,4.0,Casual Skirt with Relaxed Fit design in Grey. Checked pattern made from Cotton. Suitable for everyday fashion and comfortable styling.,data/product_images/P00549.jpg
P00550,Dress,Casual,Relaxed Fit,Black,Striped,Polyester,900,Black Relaxed Fit Dress,4.0,Casual Dress with Relaxed Fit design in Black. Striped pattern made from Polyester. Suitable for everyday fashion and comfortable styling.,data/product_images/P00550.jpg
P00551,Jeans,Sports,Relaxed Fit,Black,Solid,Blended,2100,Black Relaxed Fit Jeans,4.0,Sports Jeans with Relaxed Fit design in Black. Solid pattern made from Blended. Suitable for everyday fashion and comfortable styling.,data/product_images/P00551.jpg
P00552,Trousers,Casual,Relaxed Fit,Navy,Solid,Wool,3000,Navy Relaxed Fit Trousers,4.1,Casual Trousers with Relaxed Fit design in Navy. Solid pattern made from Wool. Suitable for everyday fashion and comfortable styling.,data/product_images/P00552.jpg
P00553,Shirt,Formal,Slim Fit,Pink,Striped,Rayon,570,Pink Slim Fit Shirt,4.1,Formal Shirt with Slim Fit design in Pink. Striped pattern made from Rayon. Suitable for everyday fashion and comfortable styling.,data/product_images/P00553.jpg
P00554,Kurta,Casual,Regular Fit,Beige,Plain,Cotton,1040,Beige Regular Fit Kurta,4.2,Casual Kurta with Regular Fit design in Beige. Plain pattern made from Cotton. Suitable for everyday fashion and comfortable styling.,data/product_images/P00554.jpg
P00555,Skirt,Casual,Relaxed Fit,Beige,Printed,Rayon,1750,Beige Relaxed Fit Skirt,4.2,Casual Skirt with Relaxed Fit design in Beige. Printed pattern made from Rayon. Suitable for everyday fashion and comfortable styling.,data/product_images/P00555.jpg
P00556,Jacket,Sports,Regular Fit,Blue,Checked,Wool,2360,Blue Regular Fit Jacket,4.3,Sports Jacket with Regular Fit design in Blue. Checked pattern made from Wool. Suitable for everyday fashion and comfortable styling.,data/product_images/P00556.jpg
P00557,Dress,Casual,Relaxed Fit,Grey,Printed,Polyester,2940,Grey Relaxed Fit Dress,4.4,Casual Dress with Relaxed Fit design in Grey. Printed pattern made from Polyester. Suitable for everyday fashion and comfortable styling.,data/product_images/P00557.jpg
P00558,Dress,Party,Regular Fit,Pink,Solid,Silk,2450,Pink Regular Fit Dress,4.4,Party Dress with Regular Fit design in Pink. Solid pattern made from Silk. Suitable for everyday fashion and comfortable styling.,data/product_images/P00558.jpg
P00559,Skirt,Party,Regular Fit,Beige,Floral,Silk,2890,Beige Regular Fit Skirt,3.8,Party Skirt with Regular Fit design in Beige. Floral pattern made from Silk. Suitable for everyday fashion and comfortable styling.,data/product_images/P00559.jpg
P00560,Trousers,Sports,Relaxed Fit,Pink,Printed,Cotton,1440,Pink Relaxed Fit Trousers,3.8,Sports Trousers with Relaxed Fit design in Pink. Printed pattern made from Cotton. Suitable for everyday fashion and comfortable styling.,data/product_images/P00560.jpg
P00561,Skirt,Party,Regular Fit,Yellow,Printed,Silk,3070,Yellow Regular Fit Skirt,3.9,Party Skirt with Regular Fit design in Yellow. Printed pattern made from Silk. Suitable for everyday fashion and comfortable styling.,data/product_images/P00561.jpg
P00562,Skirt,Party,Relaxed Fit,Brown,Checked,Linen,2600,Brown Relaxed Fit Skirt,4.0,Party Skirt with Relaxed Fit design in Brown. Checked pattern made from Linen. Suitable for everyday fashion and comfortable styling.,data/product_images/P00562.jpg
P00563,Dress,Party,Relaxed Fit,Red,Printed,Polyester,1900,Red Relaxed Fit Dress,4.0,Party Dress with Relaxed Fit design in Red. Printed pattern made from Polyester. Suitable for everyday fashion and comfortable styling.,data/product_images/P00563.jpg
P00564,Jacket,Casual,Slim Fit,Beige,Plain,Blended,3030,Beige Slim Fit Jacket,4.0,Casual Jacket with Slim Fit design in Beige. Plain pattern made from Blended. Suitable for everyday fashion and comfortable styling.,data/product_images/P00564.jpg
P00565,Jacket,Sports,Relaxed Fit,Beige,Floral,Cotton,2350,Beige Relaxed Fit Jacket,4.1,Sports Jacket with Relaxed Fit design in Beige. Floral pattern made from Cotton. Suitable for everyday fashion and comfortable styling.,data/product_images/P00565.jpg
P00566,Jeans,Formal,Relaxed Fit,Blue,Striped,Blended,1470,Blue Relaxed Fit Jeans,4.1,Formal Jeans with Relaxed Fit design in Blue. Striped pattern made from Blended. Suitable for everyday fashion and comfortable styling.,data/product_images/P00566.jpg
P00567,Jeans,Sports,Slim Fit,Navy,Printed,Denim,2150,Navy Slim Fit Jeans,4.2,Sports Jeans with Slim Fit design in Navy. Printed pattern made from Denim. Suitable for everyday fashion and comfortable styling.,data/product_images/P00567.jpg
P00568,T-Shirt,Casual,Relaxed Fit,Red,Checked,Cotton,750,Red Relaxed Fit T-Shirt,4.2,Casual T-Shirt with Relaxed Fit design in Red. Checked pattern made from Cotton. Suitable for everyday fashion and comfortable styling.,data/product_images/P00568.jpg
P00569,Hoodie,Casual,Oversized,Navy,Printed,Polyester,1620,Navy Oversized Hoodie,4.3,Casual Hoodie with Oversized design in Navy. Printed pattern made from Polyester. Suitable for everyday fashion and comfortable styling.,data/product_images/P00569.jpg
P00570,Shirt,Sports,Relaxed Fit,Yellow,Solid,Linen,610,Yellow Relaxed Fit Shirt,4.4,Sports Shirt with Relaxed Fit design in Yellow. Solid pattern made from Linen. Suitable for everyday fashion and comfortable styling.,data/product_images/P00570.jpg
P00571,T-Shirt,Casual,Relaxed Fit,Beige,Solid,Cotton,730,Beige Relaxed Fit T-Shirt,4.4,Casual T-Shirt with Relaxed Fit design in Beige. Solid pattern made from Cotton. Suitable for everyday fashion and comfortable styling.,data/product_images/P00571.jpg
P00572,Trousers,Sports,Slim Fit,Beige,Printed,Cotton,1620,Beige Slim Fit Trousers,3.8,Sports Trousers with Slim Fit design in Beige. Printed pattern made from Cotton. Suitable for everyday fashion and comfortable styling.,data/product_images/P00572.jpg
P00573,Kurta,Casual,Slim Fit,Blue,Solid,Rayon,2680,Blue Slim Fit Kurta,3.8,Casual Kurta with Slim Fit design in Blue. Solid pattern made from Rayon. Suitable for everyday fashion and comfortable styling.,data/product_images/P00573.jpg
P00574,Dress,Casual,Regular Fit,Pink,Floral,Cotton,1750,Pink Regular Fit Dress,3.9,Casual Dress with Regular Fit design in Pink. Floral pattern made from Cotton. Suitable for everyday fashion and comfortable styling.,data/product_images/P00574.jpg
P00575,Kurta,Casual,Regular Fit,Beige,Floral,Silk,4720,Beige Regular Fit Kurta,4.0,Casual Kurta with Regular Fit design in Beige. Floral pattern made from Silk. Suitable for everyday fashion and comfortable styling.,data/product_images/P00575.jpg
P00576,Jeans,Sports,Slim Fit,Black,Striped,Blended,1980,Black Slim Fit Jeans,4.0,Sports Jeans with Slim Fit design in Black. Striped pattern made from Blended. Suitable for everyday fashion and comfortable styling.,data/product_images/P00576.jpg
P00577,Dress,Casual,Regular Fit,Black,Solid,Silk,5340,Black Regular Fit Dress,4.0,Casual Dress with Regular Fit design in Black. Solid pattern made from Silk. Suitable for everyday fashion and comfortable styling.,data/product_images/P00577.jpg
P00578,Trousers,Casual,Relaxed Fit,White,Checked,Wool,1250,White Relaxed Fit Trousers,4.1,Casual Trousers with Relaxed Fit design in White. Checked pattern made from Wool. Suitable for everyday fashion and comfortable styling.,data/product_images/P00578.jpg
P00579,Shirt,Casual,Relaxed Fit,White,Striped,Polyester,1130,White Relaxed Fit Shirt,4.1,Casual Shirt with Relaxed Fit design in White. Striped pattern made from Polyester. Suitable for everyday fashion and comfortable styling.,data/product_images/P00579.jpg
P00580,Hoodie,Casual,Regular Fit,Beige,Checked,Cotton,1660,Beige Regular Fit Hoodie,4.2,Casual Hoodie with Regular Fit design in Beige. Checked pattern made from Cotton. Suitable for everyday fashion and comfortable styling.,data/product_images/P00580.jpg
P00581,Hoodie,Casual,Oversized,Brown,Checked,Wool,1990,Brown Oversized Hoodie,4.2,Casual Hoodie with Oversized design in Brown. Checked pattern made from Wool. Suitable for everyday fashion and comfortable styling.,data/product_images/P00581.jpg
P00582,Kurta,Party,Relaxed Fit,Navy,Striped,Linen,3110,Navy Relaxed Fit Kurta,4.3,Party Kurta with Relaxed Fit design in Navy. Striped pattern made from Linen. Suitable for everyday fashion and comfortable styling.,data/product_images/P00582.jpg
P00583,Jeans,Casual,Relaxed Fit,Beige,Floral,Blended,2720,Beige Relaxed Fit Jeans,4.4,Casual Jeans with Relaxed Fit design in Beige. Floral pattern made from Blended. Suitable for everyday fashion and comfortable styling.,data/product_images/P00583.jpg
P00584,T-Shirt,Sports,Relaxed Fit,Grey,Solid,Rayon,1160,Grey Relaxed Fit T-Shirt,4.4,Sports T-Shirt with Relaxed Fit design in Grey. Solid pattern made from Rayon. Suitable for everyday fashion and comfortable styling.,data/product_images/P00584.jpg
P00585,Shirt,Formal,Slim Fit,Black,Checked,Blended,980,Black Slim Fit Shirt,3.8,Formal Shirt with Slim Fit design in Black. Checked pattern made from Blended. Suitable for everyday fashion and comfortable styling.,data/product_images/P00585.jpg
P00586,Shirt,Casual,Slim Fit,Green,Plain,Rayon,1160,Green Slim Fit Shirt,3.8,Casual Shirt with Slim Fit design in Green. Plain pattern made from Rayon. Suitable for everyday fashion and comfortable styling.,data/product_images/P00586.jpg
P00587,Hoodie,Casual,Regular Fit,Brown,Floral,Polyester,1380,Brown Regular Fit Hoodie,3.9,Casual Hoodie with Regular Fit design in Brown. Floral pattern made from Polyester. Suitable for everyday fashion and comfortable styling.,data/product_images/P00587.jpg
P00588,Jeans,Casual,Relaxed Fit,Green,Solid,Blended,1600,Green Relaxed Fit Jeans,4.0,Casual Jeans with Relaxed Fit design in Green. Solid pattern made from Blended. Suitable for everyday fashion and comfortable styling.,data/product_images/P00588.jpg
P00589,Trousers,Casual,Regular Fit,Black,Floral,Polyester,1900,Black Regular Fit Trousers,4.0,Casual Trousers with Regular Fit design in Black. Floral pattern made from Polyester. Suitable for everyday fashion and comfortable styling.,data/product_images/P00589.jpg
P00590,Skirt,Casual,Relaxed Fit,Navy,Solid,Linen,2690,Navy Relaxed Fit Skirt,4.0,Casual Skirt with Relaxed Fit design in Navy. Solid pattern made from Linen. Suitable for everyday fashion and comfortable styling.,data/product_images/P00590.jpg
P00591,Skirt,Party,Regular Fit,Pink,Solid,Cotton,800,Pink Regular Fit Skirt,4.1,Party Skirt with Regular Fit design in Pink. Solid pattern made from Cotton. Suitable for everyday fashion and comfortable styling.,data/product_images/P00591.jpg
P00592,Jacket,Casual,Regular Fit,Beige,Solid,Blended,2670,Beige Regular Fit Jacket,4.1,Casual Jacket with Regular Fit design in Beige. Solid pattern made from Blended. Suitable for everyday fashion and comfortable styling.,data/product_images/P00592.jpg
P00593,Shirt,Sports,Relaxed Fit,Grey,Solid,Linen,1410,Grey Relaxed Fit Shirt,4.2,Sports Shirt with Relaxed Fit design in Grey. Solid pattern made from Linen. Suitable for everyday fashion and comfortable styling.,data/product_images/P00593.jpg
P00594,T-Shirt,Formal,Oversized,Brown,Floral,Linen,1180,Brown Oversized T-Shirt,4.2,Formal T-Shirt with Oversized design in Brown. Floral pattern made from Linen. Suitable for everyday fashion and comfortable styling.,data/product_images/P00594.jpg
P00595,Dress,Casual,Regular Fit,Yellow,Floral,Silk,2910,Yellow Regular Fit Dress,4.3,Casual Dress with Regular Fit design in Yellow. Floral pattern made from Silk. Suitable for everyday fashion and comfortable styling.,data/product_images/P00595.jpg
P00596,Hoodie,Sports,Relaxed Fit,Navy,Striped,Wool,2570,Navy Relaxed Fit Hoodie,4.4,Sports Hoodie with Relaxed Fit design in Navy. Striped pattern made from Wool. Suitable for everyday fashion and comfortable styling.,data/product_images/P00596.jpg
P00597,Jacket,Sports,Oversized,White,Floral,Wool,4510,White Oversized Jacket,4.4,Sports Jacket with Oversized design in White. Floral pattern made from Wool. Suitable for everyday fashion and comfortable styling.,data/product_images/P00597.jpg
P00598,Kurta,Ethnic,Slim Fit,Black,Checked,Silk,2040,Black Slim Fit Kurta,3.8,Ethnic Kurta with Slim Fit design in Black. Checked pattern made from Silk. Suitable for everyday fashion and comfortable styling.,data/product_images/P00598.jpg
P00599,T-Shirt,Casual,Relaxed Fit,Navy,Solid,Cotton,490,Navy Relaxed Fit T-Shirt,3.8,Casual T-Shirt with Relaxed Fit design in Navy. Solid pattern made from Cotton. Suitable for everyday fashion and comfortable styling.,data/product_images/P00599.jpg
P00600,Hoodie,Sports,Regular Fit,Blue,Checked,Blended,1710,Blue Regular Fit Hoodie,3.9,Sports Hoodie with Regular Fit design in Blue. Checked pattern made from Blended. Suitable for everyday fashion and comfortable styling.,data/product_images/P00600.jpg
P00601,T-Shirt,Casual,Regular Fit,Beige,Plain,Blended,950,Beige Regular Fit T-Shirt,4.0,Casual T-Shirt with Regular Fit design in Beige. Plain pattern made from Blended. Suitable for everyday fashion and comfortable styling.,data/product_images/P00601.jpg
P00602,Shirt,Sports,Slim Fit,Beige,Solid,Rayon,1670,Beige Slim Fit Shirt,4.0,Sports Shirt with Slim Fit design in Beige. Solid pattern made from Rayon. Suitable for everyday fashion and comfortable styling.,data/product_images/P00602.jpg
P00603,Hoodie,Casual,Oversized,Green,Solid,Wool,2080,Green Oversized Hoodie,4.0,Casual Hoodie with Oversized design in Green. Solid pattern made from Wool. Suitable for everyday fashion and comfortable styling.,data/product_images/P00603.jpg
P00604,Jeans,Sports,Slim Fit,Navy,Plain,Blended,2570,Navy Slim Fit Jeans,4.1,Sports Jeans with Slim Fit design in Navy. Plain pattern made from Blended. Suitable for everyday fashion and comfortable styling.,data/product_images/P00604.jpg
P00605,Trousers,Casual,Relaxed Fit,Yellow,Solid,Polyester,1580,Yellow Relaxed Fit Trousers,4.1,Casual Trousers with Relaxed Fit design in Yellow. Solid pattern made from Polyester. Suitable for everyday fashion and comfortable styling.,data/product_images/P00605.jpg
P00606,Shirt,Casual,Slim Fit,Yellow,Solid,Linen,1810,Yellow Slim Fit Shirt,4.2,Casual Shirt with Slim Fit design in Yellow. Solid pattern made from Linen. Suitable for everyday fashion and comfortable styling.,data/product_images/P00606.jpg
P00607,Skirt,Casual,Regular Fit,Grey,Striped,Cotton,1010,Grey Regular Fit Skirt,4.2,Casual Skirt with Regular Fit design in Grey. Striped pattern made from Cotton. Suitable for everyday fashion and comfortable styling.,data/product_images/P00607.jpg
P00608,Jacket,Sports,Regular Fit,Yellow,Checked,Cotton,2810,Yellow Regular Fit Jacket,4.3,Sports Jacket with Regular Fit design in Yellow. Checked pattern made from Cotton. Suitable for everyday fashion and comfortable styling.,data/product_images/P00608.jpg
P00609,Shirt,Formal,Regular Fit,Yellow,Solid,Linen,1960,Yellow Regular Fit Shirt,4.4,Formal Shirt with Regular Fit design in Yellow. Solid pattern made from Linen. Suitable for everyday fashion and comfortable styling.,data/product_images/P00609.jpg
P00610,Jeans,Sports,Relaxed Fit,Navy,Printed,Blended,1250,Navy Relaxed Fit Jeans,4.4,Sports Jeans with Relaxed Fit design in Navy. Printed pattern made from Blended. Suitable for everyday fashion and comfortable styling.,data/product_images/P00610.jpg
P00611,Hoodie,Casual,Relaxed Fit,Black,Floral,Blended,870,Black Relaxed Fit Hoodie,3.8,Casual Hoodie with Relaxed Fit design in Black. Floral pattern made from Blended. Suitable for everyday fashion and comfortable styling.,data/product_images/P00611.jpg
P00612,Shirt,Casual,Regular Fit,Beige,Checked,Cotton,1000,Beige Regular Fit Shirt,3.8,Casual Shirt with Regular Fit design in Beige. Checked pattern made from Cotton. Suitable for everyday fashion and comfortable styling.,data/product_images/P00612.jpg
P00613,Shirt,Casual,Slim Fit,Green,Solid,Polyester,1060,Green Slim Fit Shirt,3.9,Casual Shirt with Slim Fit design in Green. Solid pattern made from Polyester. Suitable for everyday fashion and comfortable styling.,data/product_images/P00613.jpg
P00614,Hoodie,Sports,Oversized,Pink,Striped,Wool,3230,Pink Oversized Hoodie,4.0,Sports Hoodie with Oversized design in Pink. Striped pattern made from Wool. Suitable for everyday fashion and comfortable styling.,data/product_images/P00614.jpg
P00615,T-Shirt,Sports,Oversized,White,Checked,Linen,380,White Oversized T-Shirt,4.0,Sports T-Shirt with Oversized design in White. Checked pattern made from Linen. Suitable for everyday fashion and comfortable styling.,data/product_images/P00615.jpg
P00616,Trousers,Sports,Slim Fit,Green,Checked,Wool,1460,Green Slim Fit Trousers,4.0,Sports Trousers with Slim Fit design in Green. Checked pattern made from Wool. Suitable for everyday fashion and comfortable styling.,data/product_images/P00616.jpg
P00617,Shirt,Sports,Regular Fit,Grey,Floral,Linen,1280,Grey Regular Fit Shirt,4.1,Sports Shirt with Regular Fit design in Grey. Floral pattern made from Linen. Suitable for everyday fashion and comfortable styling.,data/product_images/P00617.jpg
P00618,Hoodie,Casual,Regular Fit,Green,Printed,Cotton,1120,Green Regular Fit Hoodie,4.1,Casual Hoodie with Regular Fit design in Green. Printed pattern made from Cotton. Suitable for everyday fashion and comfortable styling.,data/product_images/P00618.jpg
P00619,Jacket,Casual,Oversized,White,Printed,Wool,5130,White Oversized Jacket,4.2,Casual Jacket with Oversized design in White. Printed pattern made from Wool. Suitable for everyday fashion and comfortable styling.,data/product_images/P00619.jpg
P00620,Jeans,Casual,Slim Fit,Navy,Striped,Blended,1350,Navy Slim Fit Jeans,4.2,Casual Jeans with Slim Fit design in Navy. Striped pattern made from Blended. Suitable for everyday fashion and comfortable styling.,data/product_images/P00620.jpg
P00621,Skirt,Casual,Regular Fit,Pink,Printed,Polyester,1140,Pink Regular Fit Skirt,4.3,Casual Skirt with Regular Fit design in Pink. Printed pattern made from Polyester. Suitable for everyday fashion and comfortable styling.,data/product_images/P00621.jpg
P00622,Trousers,Casual,Slim Fit,Brown,Floral,Blended,1220,Brown Slim Fit Trousers,4.4,Casual Trousers with Slim Fit design in Brown. Floral pattern made from Blended. Suitable for everyday fashion and comfortable styling.,data/product_images/P00622.jpg
P00623,Shirt,Formal,Relaxed Fit,Pink,Plain,Cotton,650,Pink Relaxed Fit Shirt,4.4,Formal Shirt with Relaxed Fit design in Pink. Plain pattern made from Cotton. Suitable for everyday fashion and comfortable styling.,data/product_images/P00623.jpg
P00624,Kurta,Party,Slim Fit,Green,Checked,Cotton,2680,Green Slim Fit Kurta,3.8,Party Kurta with Slim Fit design in Green. Checked pattern made from Cotton. Suitable for everyday fashion and comfortable styling.,data/product_images/P00624.jpg
P00625,Dress,Party,Regular Fit,Black,Checked,Blended,2150,Black Regular Fit Dress,3.8,Party Dress with Regular Fit design in Black. Checked pattern made from Blended. Suitable for everyday fashion and comfortable styling.,data/product_images/P00625.jpg
P00626,Hoodie,Casual,Relaxed Fit,Beige,Printed,Wool,1490,Beige Relaxed Fit Hoodie,3.9,Casual Hoodie with Relaxed Fit design in Beige. Printed pattern made from Wool. Suitable for everyday fashion and comfortable styling.,data/product_images/P00626.jpg
P00627,Trousers,Casual,Slim Fit,Grey,Printed,Linen,1910,Grey Slim Fit Trousers,4.0,Casual Trousers with Slim Fit design in Grey. Printed pattern made from Linen. Suitable for everyday fashion and comfortable styling.,data/product_images/P00627.jpg
P00628,T-Shirt,Formal,Regular Fit,Green,Floral,Cotton,800,Green Regular Fit T-Shirt,4.0,Formal T-Shirt with Regular Fit design in Green. Floral pattern made from Cotton. Suitable for everyday fashion and comfortable styling.,data/product_images/P00628.jpg
P00629,Jeans,Formal,Relaxed Fit,Pink,Striped,Denim,1640,Pink Relaxed Fit Jeans,4.0,Formal Jeans with Relaxed Fit design in Pink. Striped pattern made from Denim. Suitable for everyday fashion and comfortable styling.,data/product_images/P00629.jpg
P00630,Kurta,Party,Regular Fit,Pink,Floral,Rayon,1550,Pink Regular Fit Kurta,4.1,Party Kurta with Regular Fit design in Pink. Floral pattern made from Rayon. Suitable for everyday fashion and comfortable styling.,data/product_images/P00630.jpg
P00631,Skirt,Casual,Regular Fit,Brown,Plain,Cotton,1410,Brown Regular Fit Skirt,4.1,Casual Skirt with Regular Fit design in Brown. Plain pattern made from Cotton. Suitable for everyday fashion and comfortable styling.,data/product_images/P00631.jpg
P00632,Jeans,Formal,Relaxed Fit,Blue,Solid,Denim,1590,Blue Relaxed Fit Jeans,4.2,Formal Jeans with Relaxed Fit design in Blue. Solid pattern made from Denim. Suitable for everyday fashion and comfortable styling.,data/product_images/P00632.jpg
P00633,T-Shirt,Casual,Oversized,Blue,Plain,Linen,380,Blue Oversized T-Shirt,4.2,Casual T-Shirt with Oversized design in Blue. Plain pattern made from Linen. Suitable for everyday fashion and comfortable styling.,data/product_images/P00633.jpg
P00634,Shirt,Casual,Slim Fit,Red,Solid,Cotton,810,Red Slim Fit Shirt,4.3,Casual Shirt with Slim Fit design in Red. Solid pattern made from Cotton. Suitable for everyday fashion and comfortable styling.,data/product_images/P00634.jpg
P00635,Jacket,Casual,Oversized,Pink,Solid,Cotton,4820,Pink Oversized Jacket,4.4,Casual Jacket with Oversized design in Pink. Solid pattern made from Cotton. Suitable for everyday fashion and comfortable styling.,data/product_images/P00635.jpg
P00636,Shirt,Formal,Slim Fit,Black,Checked,Cotton,1510,Black Slim Fit Shirt,4.4,Formal Shirt with Slim Fit design in Black. Checked pattern made from Cotton. Suitable for everyday fashion and comfortable styling.,data/product_images/P00636.jpg
P00637,Jeans,Sports,Regular Fit,Red,Striped,Blended,870,Red Regular Fit Jeans,3.8,Sports Jeans with Regular Fit design in Red. Striped pattern made from Blended. Suitable for everyday fashion and comfortable styling.,data/product_images/P00637.jpg
P00638,Kurta,Casual,Slim Fit,Brown,Plain,Cotton,1820,Brown Slim Fit Kurta,3.8,Casual Kurta with Slim Fit design in Brown. Plain pattern made from Cotton. Suitable for everyday fashion and comfortable styling.,data/product_images/P00638.jpg
P00639,Jeans,Casual,Relaxed Fit,Green,Floral,Denim,1540,Green Relaxed Fit Jeans,3.9,Casual Jeans with Relaxed Fit design in Green. Floral pattern made from Denim. Suitable for everyday fashion and comfortable styling.,data/product_images/P00639.jpg
P00640,T-Shirt,Casual,Relaxed Fit,Beige,Checked,Polyester,350,Beige Relaxed Fit T-Shirt,4.0,Casual T-Shirt with Relaxed Fit design in Beige. Checked pattern made from Polyester. Suitable for everyday fashion and comfortable styling.,data/product_images/P00640.jpg
P00641,Kurta,Ethnic,Oversized,Brown,Solid,Silk,1790,Brown Oversized Kurta,4.0,Ethnic Kurta with Oversized design in Brown. Solid pattern made from Silk. Suitable for everyday fashion and comfortable styling.,data/product_images/P00641.jpg
P00642,Skirt,Casual,Relaxed Fit,Navy,Striped,Cotton,2470,Navy Relaxed Fit Skirt,4.0,Casual Skirt with Relaxed Fit design in Navy. Striped pattern made from Cotton. Suitable for everyday fashion and comfortable styling.,data/product_images/P00642.jpg
P00643,T-Shirt,Casual,Regular Fit,White,Floral,Rayon,1570,White Regular Fit T-Shirt,4.1,Casual T-Shirt with Regular Fit design in White. Floral pattern made from Rayon. Suitable for everyday fashion and comfortable styling.,data/product_images/P00643.jpg
P00644,Jeans,Sports,Regular Fit,Blue,Floral,Blended,2070,Blue Regular Fit Jeans,4.1,Sports Jeans with Regular Fit design in Blue. Floral pattern made from Blended. Suitable for everyday fashion and comfortable styling.,data/product_images/P00644.jpg
P00645,Dress,Casual,Relaxed Fit,Navy,Striped,Rayon,3080,Navy Relaxed Fit Dress,4.2,Casual Dress with Relaxed Fit design in Navy. Striped pattern made from Rayon. Suitable for everyday fashion and comfortable styling.,data/product_images/P00645.jpg
P00646,T-Shirt,Casual,Relaxed Fit,Black,Striped,Linen,1410,Black Relaxed Fit T-Shirt,4.2,Casual T-Shirt with Relaxed Fit design in Black. Striped pattern made from Linen. Suitable for everyday fashion and comfortable styling.,data/product_images/P00646.jpg
P00647,Kurta,Casual,Regular Fit,Navy,Solid,Blended,1800,Navy Regular Fit Kurta,4.3,Casual Kurta with Regular Fit design in Navy. Solid pattern made from Blended. Suitable for everyday fashion and comfortable styling.,data/product_images/P00647.jpg
P00648,Dress,Party,Regular Fit,Pink,Checked,Polyester,1390,Pink Regular Fit Dress,4.4,Party Dress with Regular Fit design in Pink. Checked pattern made from Polyester. Suitable for everyday fashion and comfortable styling.,data/product_images/P00648.jpg
P00649,Dress,Casual,Relaxed Fit,Beige,Floral,Polyester,1250,Beige Relaxed Fit Dress,4.4,Casual Dress with Relaxed Fit design in Beige. Floral pattern made from Polyester. Suitable for everyday fashion and comfortable styling.,data/product_images/P00649.jpg
P00650,Dress,Casual,Relaxed Fit,Blue,Solid,Silk,5670,Blue Relaxed Fit Dress,3.8,Casual Dress with Relaxed Fit design in Blue. Solid pattern made from Silk. Suitable for everyday fashion and comfortable styling.,data/product_images/P00650.jpg
P00651,Jacket,Sports,Regular Fit,Green,Striped,Polyester,2500,Green Regular Fit Jacket,3.8,Sports Jacket with Regular Fit design in Green. Striped pattern made from Polyester. Suitable for everyday fashion and comfortable styling.,data/product_images/P00651.jpg
P00652,Hoodie,Sports,Relaxed Fit,Brown,Plain,Blended,1730,Brown Relaxed Fit Hoodie,3.9,Sports Hoodie with Relaxed Fit design in Brown. Plain pattern made from Blended. Suitable for everyday fashion and comfortable styling.,data/product_images/P00652.jpg
P00653,T-Shirt,Sports,Relaxed Fit,Pink,Plain,Linen,1310,Pink Relaxed Fit T-Shirt,4.0,Sports T-Shirt with Relaxed Fit design in Pink. Plain pattern made from Linen. Suitable for everyday fashion and comfortable styling.,data/product_images/P00653.jpg
P00654,Jeans,Sports,Regular Fit,Pink,Floral,Blended,1720,Pink Regular Fit Jeans,4.0,Sports Jeans with Regular Fit design in Pink. Floral pattern made from Blended. Suitable for everyday fashion and comfortable styling.,data/product_images/P00654.jpg
P00655,Hoodie,Casual,Relaxed Fit,Beige,Floral,Wool,2540,Beige Relaxed Fit Hoodie,4.0,Casual Hoodie with Relaxed Fit design in Beige. Floral pattern made from Wool. Suitable for everyday fashion and comfortable styling.,data/product_images/P00655.jpg
P00656,Shirt,Formal,Regular Fit,Red,Printed,Polyester,1250,Red Regular Fit Shirt,4.1,Formal Shirt with Regular Fit design in Red. Printed pattern made from Polyester. Suitable for everyday fashion and comfortable styling.,data/product_images/P00656.jpg
P00657,Hoodie,Casual,Regular Fit,Pink,Striped,Blended,1990,Pink Regular Fit Hoodie,4.1,Casual Hoodie with Regular Fit design in Pink. Striped pattern made from Blended. Suitable for everyday fashion and comfortable styling.,data/product_images/P00657.jpg
P00658,Hoodie,Sports,Oversized,Brown,Printed,Blended,1350,Brown Oversized Hoodie,4.2,Sports Hoodie with Oversized design in Brown. Printed pattern made from Blended. Suitable for everyday fashion and comfortable styling.,data/product_images/P00658.jpg
P00659,Skirt,Casual,Regular Fit,Black,Floral,Blended,1320,Black Regular Fit Skirt,4.2,Casual Skirt with Regular Fit design in Black. Floral pattern made from Blended. Suitable for everyday fashion and comfortable styling.,data/product_images/P00659.jpg
P00660,Jeans,Formal,Regular Fit,Red,Floral,Denim,3340,Red Regular Fit Jeans,4.3,Formal Jeans with Regular Fit design in Red. Floral pattern made from Denim. Suitable for everyday fashion and comfortable styling.,data/product_images/P00660.jpg
P00661,Skirt,Casual,Regular Fit,Brown,Printed,Blended,740,Brown Regular Fit Skirt,4.4,Casual Skirt with Regular Fit design in Brown. Printed pattern made from Blended. Suitable for everyday fashion and comfortable styling.,data/product_images/P00661.jpg
P00662,Skirt,Casual,Relaxed Fit,Yellow,Printed,Blended,740,Yellow Relaxed Fit Skirt,4.4,Casual Skirt with Relaxed Fit design in Yellow. Printed pattern made from Blended. Suitable for everyday fashion and comfortable styling.,data/product_images/P00662.jpg
P00663,Trousers,Casual,Relaxed Fit,Yellow,Checked,Blended,2130,Yellow Relaxed Fit Trousers,3.8,Casual Trousers with Relaxed Fit design in Yellow. Checked pattern made from Blended. Suitable for everyday fashion and comfortable styling.,data/product_images/P00663.jpg
P00664,Jeans,Sports,Relaxed Fit,Black,Checked,Denim,3060,Black Relaxed Fit Jeans,3.8,Sports Jeans with Relaxed Fit design in Black. Checked pattern made from Denim. Suitable for everyday fashion and comfortable styling.,data/product_images/P00664.jpg
P00665,Jacket,Sports,Regular Fit,Blue,Floral,Blended,3390,Blue Regular Fit Jacket,3.9,Sports Jacket with Regular Fit design in Blue. Floral pattern made from Blended. Suitable for everyday fashion and comfortable styling.,data/product_images/P00665.jpg
P00666,Trousers,Sports,Relaxed Fit,Grey,Solid,Polyester,2150,Grey Relaxed Fit Trousers,4.0,Sports Trousers with Relaxed Fit design in Grey. Solid pattern made from Polyester. Suitable for everyday fashion and comfortable styling.,data/product_images/P00666.jpg
P00667,Jacket,Casual,Regular Fit,Red,Checked,Cotton,1460,Red Regular Fit Jacket,4.0,Casual Jacket with Regular Fit design in Red. Checked pattern made from Cotton. Suitable for everyday fashion and comfortable styling.,data/product_images/P00667.jpg
P00668,Jeans,Formal,Regular Fit,Yellow,Printed,Denim,2540,Yellow Regular Fit Jeans,4.0,Formal Jeans with Regular Fit design in Yellow. Printed pattern made from Denim. Suitable for everyday fashion and comfortable styling.,data/product_images/P00668.jpg
P00669,Jeans,Sports,Regular Fit,Grey,Solid,Denim,2640,Grey Regular Fit Jeans,4.1,Sports Jeans with Regular Fit design in Grey. Solid pattern made from Denim. Suitable for everyday fashion and comfortable styling.,data/product_images/P00669.jpg
P00670,Jacket,Casual,Relaxed Fit,Blue,Solid,Blended,4250,Blue Relaxed Fit Jacket,4.1,Casual Jacket with Relaxed Fit design in Blue. Solid pattern made from Blended. Suitable for everyday fashion and comfortable styling.,data/product_images/P00670.jpg
P00671,Trousers,Casual,Regular Fit,Green,Checked,Polyester,1980,Green Regular Fit Trousers,4.2,Casual Trousers with Regular Fit design in Green. Checked pattern made from Polyester. Suitable for everyday fashion and comfortable styling.,data/product_images/P00671.jpg
P00672,Dress,Party,Relaxed Fit,Green,Checked,Polyester,2570,Green Relaxed Fit Dress,4.2,Party Dress with Relaxed Fit design in Green. Checked pattern made from Polyester. Suitable for everyday fashion and comfortable styling.,data/product_images/P00672.jpg
P00673,Dress,Casual,Regular Fit,Beige,Plain,Cotton,1120,Beige Regular Fit Dress,4.3,Casual Dress with Regular Fit design in Beige. Plain pattern made from Cotton. Suitable for everyday fashion and comfortable styling.,data/product_images/P00673.jpg
P00674,Hoodie,Casual,Relaxed Fit,Blue,Striped,Cotton,1100,Blue Relaxed Fit Hoodie,4.4,Casual Hoodie with Relaxed Fit design in Blue. Striped pattern made from Cotton. Suitable for everyday fashion and comfortable styling.,data/product_images/P00674.jpg
P00675,Hoodie,Sports,Relaxed Fit,Green,Plain,Cotton,2410,Green Relaxed Fit Hoodie,4.4,Sports Hoodie with Relaxed Fit design in Green. Plain pattern made from Cotton. Suitable for everyday fashion and comfortable styling.,data/product_images/P00675.jpg
P00676,T-Shirt,Formal,Regular Fit,Navy,Checked,Polyester,760,Navy Regular Fit T-Shirt,3.8,Formal T-Shirt with Regular Fit design in Navy. Checked pattern made from Polyester. Suitable for everyday fashion and comfortable styling.,data/product_images/P00676.jpg
P00677,Skirt,Party,Relaxed Fit,Green,Floral,Rayon,1900,Green Relaxed Fit Skirt,3.8,Party Skirt with Relaxed Fit design in Green. Floral pattern made from Rayon. Suitable for everyday fashion and comfortable styling.,data/product_images/P00677.jpg
P00678,T-Shirt,Casual,Oversized,Red,Solid,Rayon,410,Red Oversized T-Shirt,3.9,Casual T-Shirt with Oversized design in Red. Solid pattern made from Rayon. Suitable for everyday fashion and comfortable styling.,data/product_images/P00678.jpg
P00679,Skirt,Casual,Relaxed Fit,Brown,Striped,Polyester,1260,Brown Relaxed Fit Skirt,4.0,Casual Skirt with Relaxed Fit design in Brown. Striped pattern made from Polyester. Suitable for everyday fashion and comfortable styling.,data/product_images/P00679.jpg
P00680,Shirt,Sports,Regular Fit,Navy,Floral,Polyester,740,Navy Regular Fit Shirt,4.0,Sports Shirt with Regular Fit design in Navy. Floral pattern made from Polyester. Suitable for everyday fashion and comfortable styling.,data/product_images/P00680.jpg
P00681,Skirt,Casual,Regular Fit,Yellow,Plain,Rayon,1030,Yellow Regular Fit Skirt,4.0,Casual Skirt with Regular Fit design in Yellow. Plain pattern made from Rayon. Suitable for everyday fashion and comfortable styling.,data/product_images/P00681.jpg
P00682,Jacket,Casual,Oversized,Pink,Plain,Blended,4540,Pink Oversized Jacket,4.1,Casual Jacket with Oversized design in Pink. Plain pattern made from Blended. Suitable for everyday fashion and comfortable styling.,data/product_images/P00682.jpg
P00683,Jacket,Sports,Oversized,Navy,Printed,Wool,3650,Navy Oversized Jacket,4.1,Sports Jacket with Oversized design in Navy. Printed pattern made from Wool. Suitable for everyday fashion and comfortable styling.,data/product_images/P00683.jpg
P00684,Shirt,Formal,Slim Fit,Pink,Checked,Polyester,1520,Pink Slim Fit Shirt,4.2,Formal Shirt with Slim Fit design in Pink. Checked pattern made from Polyester. Suitable for everyday fashion and comfortable styling.,data/product_images/P00684.jpg
P00685,Dress,Party,Regular Fit,Pink,Striped,Linen,1990,Pink Regular Fit Dress,4.2,Party Dress with Regular Fit design in Pink. Striped pattern made from Linen. Suitable for everyday fashion and comfortable styling.,data/product_images/P00685.jpg
P00686,Trousers,Sports,Slim Fit,Red,Floral,Cotton,2440,Red Slim Fit Trousers,4.3,Sports Trousers with Slim Fit design in Red. Floral pattern made from Cotton. Suitable for everyday fashion and comfortable styling.,data/product_images/P00686.jpg
P00687,Skirt,Casual,Relaxed Fit,Brown,Checked,Blended,1710,Brown Relaxed Fit Skirt,4.4,Casual Skirt with Relaxed Fit design in Brown. Checked pattern made from Blended. Suitable for everyday fashion and comfortable styling.,data/product_images/P00687.jpg
P00688,Skirt,Casual,Relaxed Fit,Pink,Plain,Silk,3010,Pink Relaxed Fit Skirt,4.4,Casual Skirt with Relaxed Fit design in Pink. Plain pattern made from Silk. Suitable for everyday fashion and comfortable styling.,data/product_images/P00688.jpg
P00689,Trousers,Formal,Regular Fit,Red,Striped,Linen,1510,Red Regular Fit Trousers,3.8,Formal Trousers with Regular Fit design in Red. Striped pattern made from Linen. Suitable for everyday fashion and comfortable styling.,data/product_images/P00689.jpg
P00690,Skirt,Casual,Relaxed Fit,Brown,Solid,Rayon,1750,Brown Relaxed Fit Skirt,3.8,Casual Skirt with Relaxed Fit design in Brown. Solid pattern made from Rayon. Suitable for everyday fashion and comfortable styling.,data/product_images/P00690.jpg
P00691,Jacket,Sports,Relaxed Fit,Green,Floral,Blended,3390,Green Relaxed Fit Jacket,3.9,Sports Jacket with Relaxed Fit design in Green. Floral pattern made from Blended. Suitable for everyday fashion and comfortable styling.,data/product_images/P00691.jpg
P00692,Dress,Casual,Regular Fit,Black,Solid,Cotton,3120,Black Regular Fit Dress,4.0,Casual Dress with Regular Fit design in Black. Solid pattern made from Cotton. Suitable for everyday fashion and comfortable styling.,data/product_images/P00692.jpg
P00693,Jacket,Sports,Slim Fit,Brown,Floral,Cotton,2520,Brown Slim Fit Jacket,4.0,Sports Jacket with Slim Fit design in Brown. Floral pattern made from Cotton. Suitable for everyday fashion and comfortable styling.,data/product_images/P00693.jpg
P00694,T-Shirt,Casual,Relaxed Fit,Blue,Solid,Blended,1410,Blue Relaxed Fit T-Shirt,4.0,Casual T-Shirt with Relaxed Fit design in Blue. Solid pattern made from Blended. Suitable for everyday fashion and comfortable styling.,data/product_images/P00694.jpg
P00695,Kurta,Ethnic,Oversized,Brown,Printed,Linen,2050,Brown Oversized Kurta,4.1,Ethnic Kurta with Oversized design in Brown. Printed pattern made from Linen. Suitable for everyday fashion and comfortable styling.,data/product_images/P00695.jpg
P00696,Kurta,Party,Relaxed Fit,Green,Plain,Rayon,2670,Green Relaxed Fit Kurta,4.1,Party Kurta with Relaxed Fit design in Green. Plain pattern made from Rayon. Suitable for everyday fashion and comfortable styling.,data/product_images/P00696.jpg
P00697,Dress,Party,Regular Fit,Grey,Plain,Blended,3520,Grey Regular Fit Dress,4.2,Party Dress with Regular Fit design in Grey. Plain pattern made from Blended. Suitable for everyday fashion and comfortable styling.,data/product_images/P00697.jpg
P00698,Shirt,Casual,Regular Fit,Black,Checked,Blended,1300,Black Regular Fit Shirt,4.2,Casual Shirt with Regular Fit design in Black. Checked pattern made from Blended. Suitable for everyday fashion and comfortable styling.,data/product_images/P00698.jpg
P00699,Hoodie,Sports,Relaxed Fit,Navy,Plain,Cotton,1920,Navy Relaxed Fit Hoodie,4.3,Sports Hoodie with Relaxed Fit design in Navy. Plain pattern made from Cotton. Suitable for everyday fashion and comfortable styling.,data/product_images/P00699.jpg
P00700,Hoodie,Sports,Regular Fit,Green,Floral,Wool,1580,Green Regular Fit Hoodie,4.4,Sports Hoodie with Regular Fit design in Green. Floral pattern made from Wool. Suitable for everyday fashion and comfortable styling.,data/product_images/P00700.jpg
P00701,Hoodie,Sports,Oversized,White,Printed,Polyester,2200,White Oversized Hoodie,4.4,Sports Hoodie with Oversized design in White. Printed pattern made from Polyester. Suitable for everyday fashion and comfortable styling.,data/product_images/P00701.jpg
P00702,Skirt,Party,Relaxed Fit,Beige,Checked,Linen,1490,Beige Relaxed Fit Skirt,3.8,Party Skirt with Relaxed Fit design in Beige. Checked pattern made from Linen. Suitable for everyday fashion and comfortable styling.,data/product_images/P00702.jpg
P00703,Shirt,Sports,Slim Fit,Yellow,Printed,Rayon,1580,Yellow Slim Fit Shirt,3.8,Sports Shirt with Slim Fit design in Yellow. Printed pattern made from Rayon. Suitable for everyday fashion and comfortable styling.,data/product_images/P00703.jpg
P00704,Kurta,Ethnic,Relaxed Fit,Red,Floral,Silk,1120,Red Relaxed Fit Kurta,3.9,Ethnic Kurta with Relaxed Fit design in Red. Floral pattern made from Silk. Suitable for everyday fashion and comfortable styling.,data/product_images/P00704.jpg
P00705,T-Shirt,Casual,Regular Fit,Black,Floral,Rayon,890,Black Regular Fit T-Shirt,4.0,Casual T-Shirt with Regular Fit design in Black. Floral pattern made from Rayon. Suitable for everyday fashion and comfortable styling.,data/product_images/P00705.jpg
P00706,Shirt,Formal,Regular Fit,Brown,Checked,Blended,1820,Brown Regular Fit Shirt,4.0,Formal Shirt with Regular Fit design in Brown. Checked pattern made from Blended. Suitable for everyday fashion and comfortable styling.,data/product_images/P00706.jpg
P00707,Skirt,Casual,Relaxed Fit,Brown,Checked,Polyester,1340,Brown Relaxed Fit Skirt,4.0,Casual Skirt with Relaxed Fit design in Brown. Checked pattern made from Polyester. Suitable for everyday fashion and comfortable styling.,data/product_images/P00707.jpg
P00708,Shirt,Casual,Relaxed Fit,Beige,Solid,Linen,1460,Beige Relaxed Fit Shirt,4.1,Casual Shirt with Relaxed Fit design in Beige. Solid pattern made from Linen. Suitable for everyday fashion and comfortable styling.,data/product_images/P00708.jpg
P00709,Dress,Casual,Relaxed Fit,White,Floral,Linen,1640,White Relaxed Fit Dress,4.1,Casual Dress with Relaxed Fit design in White. Floral pattern made from Linen. Suitable for everyday fashion and comfortable styling.,data/product_images/P00709.jpg
P00710,Jacket,Sports,Oversized,Red,Plain,Blended,1960,Red Oversized Jacket,4.2,Sports Jacket with Oversized design in Red. Plain pattern made from Blended. Suitable for everyday fashion and comfortable styling.,data/product_images/P00710.jpg
P00711,Kurta,Ethnic,Relaxed Fit,Navy,Printed,Silk,2140,Navy Relaxed Fit Kurta,4.2,Ethnic Kurta with Relaxed Fit design in Navy. Printed pattern made from Silk. Suitable for everyday fashion and comfortable styling.,data/product_images/P00711.jpg
P00712,Kurta,Casual,Regular Fit,Navy,Plain,Silk,1210,Navy Regular Fit Kurta,4.3,Casual Kurta with Regular Fit design in Navy. Plain pattern made from Silk. Suitable for everyday fashion and comfortable styling.,data/product_images/P00712.jpg
P00713,T-Shirt,Sports,Regular Fit,Beige,Printed,Cotton,1030,Beige Regular Fit T-Shirt,4.4,Sports T-Shirt with Regular Fit design in Beige. Printed pattern made from Cotton. Suitable for everyday fashion and comfortable styling.,data/product_images/P00713.jpg
P00714,Skirt,Party,Relaxed Fit,Yellow,Plain,Rayon,2230,Yellow Relaxed Fit Skirt,4.4,Party Skirt with Relaxed Fit design in Yellow. Plain pattern made from Rayon. Suitable for everyday fashion and comfortable styling.,data/product_images/P00714.jpg
P00715,Jeans,Sports,Relaxed Fit,Yellow,Plain,Denim,1680,Yellow Relaxed Fit Jeans,3.8,Sports Jeans with Relaxed Fit design in Yellow. Plain pattern made from Denim. Suitable for everyday fashion and comfortable styling.,data/product_images/P00715.jpg
P00716,Jacket,Sports,Oversized,Red,Floral,Polyester,1310,Red Oversized Jacket,3.8,Sports Jacket with Oversized design in Red. Floral pattern made from Polyester. Suitable for everyday fashion and comfortable styling.,data/product_images/P00716.jpg
P00717,Jacket,Sports,Relaxed Fit,Blue,Plain,Cotton,2090,Blue Relaxed Fit Jacket,3.9,Sports Jacket with Relaxed Fit design in Blue. Plain pattern made from Cotton. Suitable for everyday fashion and comfortable styling.,data/product_images/P00717.jpg
P00718,Skirt,Casual,Regular Fit,Black,Solid,Rayon,1900,Black Regular Fit Skirt,4.0,Casual Skirt with Regular Fit design in Black. Solid pattern made from Rayon. Suitable for everyday fashion and comfortable styling.,data/product_images/P00718.jpg
P00719,Shirt,Sports,Regular Fit,Green,Striped,Linen,1640,Green Regular Fit Shirt,4.0,Sports Shirt with Regular Fit design in Green. Striped pattern made from Linen. Suitable for everyday fashion and comfortable styling.,data/product_images/P00719.jpg
P00720,Jacket,Sports,Relaxed Fit,Blue,Floral,Polyester,4200,Blue Relaxed Fit Jacket,4.0,Sports Jacket with Relaxed Fit design in Blue. Floral pattern made from Polyester. Suitable for everyday fashion and comfortable styling.,data/product_images/P00720.jpg
P00721,Trousers,Casual,Regular Fit,Pink,Plain,Cotton,1320,Pink Regular Fit Trousers,4.1,Casual Trousers with Regular Fit design in Pink. Plain pattern made from Cotton. Suitable for everyday fashion and comfortable styling.,data/product_images/P00721.jpg
P00722,Jeans,Sports,Regular Fit,Pink,Checked,Blended,1380,Pink Regular Fit Jeans,4.1,Sports Jeans with Regular Fit design in Pink. Checked pattern made from Blended. Suitable for everyday fashion and comfortable styling.,data/product_images/P00722.jpg
P00723,T-Shirt,Casual,Relaxed Fit,Brown,Striped,Linen,1630,Brown Relaxed Fit T-Shirt,4.2,Casual T-Shirt with Relaxed Fit design in Brown. Striped pattern made from Linen. Suitable for everyday fashion and comfortable styling.,data/product_images/P00723.jpg
P00724,Kurta,Party,Relaxed Fit,Brown,Floral,Blended,1640,Brown Relaxed Fit Kurta,4.2,Party Kurta with Relaxed Fit design in Brown. Floral pattern made from Blended. Suitable for everyday fashion and comfortable styling.,data/product_images/P00724.jpg
P00725,T-Shirt,Formal,Oversized,Blue,Floral,Linen,1590,Blue Oversized T-Shirt,4.3,Formal T-Shirt with Oversized design in Blue. Floral pattern made from Linen. Suitable for everyday fashion and comfortable styling.,data/product_images/P00725.jpg
P00726,Trousers,Formal,Relaxed Fit,Brown,Checked,Blended,860,Brown Relaxed Fit Trousers,4.4,Formal Trousers with Relaxed Fit design in Brown. Checked pattern made from Blended. Suitable for everyday fashion and comfortable styling.,data/product_images/P00726.jpg
P00727,Shirt,Casual,Slim Fit,Blue,Striped,Linen,1810,Blue Slim Fit Shirt,4.4,Casual Shirt with Slim Fit design in Blue. Striped pattern made from Linen. Suitable for everyday fashion and comfortable styling.,data/product_images/P00727.jpg
P00728,Dress,Party,Relaxed Fit,White,Striped,Cotton,2260,White Relaxed Fit Dress,3.8,Party Dress with Relaxed Fit design in White. Striped pattern made from Cotton. Suitable for everyday fashion and comfortable styling.,data/product_images/P00728.jpg
P00729,T-Shirt,Formal,Regular Fit,Blue,Plain,Rayon,1360,Blue Regular Fit T-Shirt,3.8,Formal T-Shirt with Regular Fit design in Blue. Plain pattern made from Rayon. Suitable for everyday fashion and comfortable styling.,data/product_images/P00729.jpg
P00730,Hoodie,Sports,Regular Fit,Red,Plain,Blended,1230,Red Regular Fit Hoodie,3.9,Sports Hoodie with Regular Fit design in Red. Plain pattern made from Blended. Suitable for everyday fashion and comfortable styling.,data/product_images/P00730.jpg
P00731,Trousers,Casual,Slim Fit,Beige,Solid,Blended,1270,Beige Slim Fit Trousers,4.0,Casual Trousers with Slim Fit design in Beige. Solid pattern made from Blended. Suitable for everyday fashion and comfortable styling.,data/product_images/P00731.jpg
P00732,Dress,Casual,Relaxed Fit,Navy,Printed,Silk,5770,Navy Relaxed Fit Dress,4.0,Casual Dress with Relaxed Fit design in Navy. Printed pattern made from Silk. Suitable for everyday fashion and comfortable styling.,data/product_images/P00732.jpg
P00733,Skirt,Party,Regular Fit,Grey,Solid,Linen,1400,Grey Regular Fit Skirt,4.0,Party Skirt with Regular Fit design in Grey. Solid pattern made from Linen. Suitable for everyday fashion and comfortable styling.,data/product_images/P00733.jpg
P00734,Shirt,Sports,Relaxed Fit,Brown,Printed,Blended,620,Brown Relaxed Fit Shirt,4.1,Sports Shirt with Relaxed Fit design in Brown. Printed pattern made from Blended. Suitable for everyday fashion and comfortable styling.,data/product_images/P00734.jpg
P00735,Jacket,Casual,Relaxed Fit,Grey,Checked,Cotton,3420,Grey Relaxed Fit Jacket,4.1,Casual Jacket with Relaxed Fit design in Grey. Checked pattern made from Cotton. Suitable for everyday fashion and comfortable styling.,data/product_images/P00735.jpg
P00736,Jacket,Casual,Relaxed Fit,Beige,Solid,Cotton,3860,Beige Relaxed Fit Jacket,4.2,Casual Jacket with Relaxed Fit design in Beige. Solid pattern made from Cotton. Suitable for everyday fashion and comfortable styling.,data/product_images/P00736.jpg
P00737,Jeans,Sports,Regular Fit,Yellow,Printed,Denim,2970,Yellow Regular Fit Jeans,4.2,Sports Jeans with Regular Fit design in Yellow. Printed pattern made from Denim. Suitable for everyday fashion and comfortable styling.,data/product_images/P00737.jpg
P00738,Hoodie,Sports,Regular Fit,Pink,Solid,Cotton,1210,Pink Regular Fit Hoodie,4.3,Sports Hoodie with Regular Fit design in Pink. Solid pattern made from Cotton. Suitable for everyday fashion and comfortable styling.,data/product_images/P00738.jpg
P00739,T-Shirt,Sports,Regular Fit,Grey,Striped,Cotton,850,Grey Regular Fit T-Shirt,4.4,Sports T-Shirt with Regular Fit design in Grey. Striped pattern made from Cotton. Suitable for everyday fashion and comfortable styling.,data/product_images/P00739.jpg
P00740,Skirt,Casual,Regular Fit,Red,Plain,Cotton,1700,Red Regular Fit Skirt,4.4,Casual Skirt with Regular Fit design in Red. Plain pattern made from Cotton. Suitable for everyday fashion and comfortable styling.,data/product_images/P00740.jpg
P00741,Hoodie,Casual,Relaxed Fit,Pink,Plain,Polyester,1450,Pink Relaxed Fit Hoodie,3.8,Casual Hoodie with Relaxed Fit design in Pink. Plain pattern made from Polyester. Suitable for everyday fashion and comfortable styling.,data/product_images/P00741.jpg
P00742,Skirt,Casual,Relaxed Fit,Black,Solid,Polyester,680,Black Relaxed Fit Skirt,3.8,Casual Skirt with Relaxed Fit design in Black. Solid pattern made from Polyester. Suitable for everyday fashion and comfortable styling.,data/product_images/P00742.jpg
P00743,Shirt,Sports,Regular Fit,Green,Floral,Blended,1300,Green Regular Fit Shirt,3.9,Sports Shirt with Regular Fit design in Green. Floral pattern made from Blended. Suitable for everyday fashion and comfortable styling.,data/product_images/P00743.jpg
P00744,Shirt,Sports,Regular Fit,Red,Printed,Linen,1750,Red Regular Fit Shirt,4.0,Sports Shirt with Regular Fit design in Red. Printed pattern made from Linen. Suitable for everyday fashion and comfortable styling.,data/product_images/P00744.jpg
P00745,Kurta,Ethnic,Oversized,White,Printed,Linen,1880,White Oversized Kurta,4.0,Ethnic Kurta with Oversized design in White. Printed pattern made from Linen. Suitable for everyday fashion and comfortable styling.,data/product_images/P00745.jpg
P00746,Hoodie,Sports,Oversized,Yellow,Solid,Blended,1670,Yellow Oversized Hoodie,4.0,Sports Hoodie with Oversized design in Yellow. Solid pattern made from Blended. Suitable for everyday fashion and comfortable styling.,data/product_images/P00746.jpg
P00747,Dress,Casual,Regular Fit,Grey,Checked,Silk,4880,Grey Regular Fit Dress,4.1,Casual Dress with Regular Fit design in Grey. Checked pattern made from Silk. Suitable for everyday fashion and comfortable styling.,data/product_images/P00747.jpg
P00748,Jeans,Sports,Regular Fit,Blue,Striped,Blended,1490,Blue Regular Fit Jeans,4.1,Sports Jeans with Regular Fit design in Blue. Striped pattern made from Blended. Suitable for everyday fashion and comfortable styling.,data/product_images/P00748.jpg
P00749,Shirt,Sports,Regular Fit,Grey,Plain,Polyester,930,Grey Regular Fit Shirt,4.2,Sports Shirt with Regular Fit design in Grey. Plain pattern made from Polyester. Suitable for everyday fashion and comfortable styling.,data/product_images/P00749.jpg
P00750,Hoodie,Sports,Oversized,Pink,Printed,Blended,1110,Pink Oversized Hoodie,4.2,Sports Hoodie with Oversized design in Pink. Printed pattern made from Blended. Suitable for everyday fashion and comfortable styling.,data/product_images/P00750.jpg
